type,seq,mac,rssi,rate,noise_floor,fft_gain,agc_gain,channel,local_timestamp,sig_len,rx_state,len,first_word,data
CSI_DATA,350005,1a:00:00:00:00:00,-60,11,-95,4,46,6,350005,47,0,128,0,"[0,0,0,0,0,0,0,0,15,16,14,16,15,18,14,18,14,20,15,22,14,23,12,20,12,23,9,22,11,23,10,22,12,22,13,21,14,22,15,21,12,20,17,20,16,17,15,18,16,18,18,19,18,18,18,18,20,18,22,17,22,17,20,15,0,0,24,17,22,15,21,14,24,14,21,13,24,12,23,12,20,11,21,10,23,6,23,5,22,5,24,4,21,4,23,3,21,2,23,2,22,3,23,2,21,3,22,2,21,5,21,4,20,3,19,5,18,6,15,7,16,6,0,0,0,0,0,0]"
CSI_DATA,501756,1a:00:00:00:00:00,-60,11,-95,4,47,6,501756,47,0,128,0,"[0,0,0,0,0,0,0,0,-7,-23,-3,-22,-4,-25,-1,-26,-1,-27,1,-28,4,-28,5,-26,7,-29,10,-25,10,-28,10,-24,10,-27,10,-25,10,-25,9,-26,10,-24,9,-29,9,-24,9,-25,8,-25,10,-25,10,-25,11,-25,12,-27,10,-26,11,-27,13,-27,0,0,12,-27,13,-28,12,-26,13,-28,12,-24,13,-25,13,-23,13,-22,14,-22,14,-26,11,-26,10,-23,9,-24,9,-21,11,-23,11,-23,9,-24,12,-22,13,-23,14,-20,14,-21,14,-18,16,-18,16,-18,16,-15,18,-13,16,-10,16,-9,0,0,0,0,0,0]"
CSI_DATA,502824,1a:00:00:00:00:00,-60,11,-95,4,46,6,502824,47,0,128,0,"[0,0,0,0,0,0,0,0,1,-22,1,-21,1,-22,3,-23,4,-24,4,-25,6,-25,7,-23,7,-25,7,-23,7,-24,6,-24,5,-24,5,-24,2,-23,3,-24,2,-23,-1,-26,0,-22,0,-23,-2,-24,-3,-26,-4,-24,-4,-24,-6,-25,-9,-25,-9,-27,-9,-24,0,0,-11,-25,-10,-25,-11,-24,-12,-24,-12,-22,-13,-22,-13,-20,-13,-19,-13,-18,-17,-17,-17,-16,-16,-14,-19,-15,-16,-12,-18,-13,-19,-12,-20,-12,-19,-11,-19,-11,-18,-10,-19,-11,-18,-11,-18,-12,-18,-12,-16,-12,-15,-12,-13,-12,-12,-11,0,0,0,0,0,0]"
CSI_DATA,504819,1a:00:00:00:00:00,-60,11,-95,4,47,6,504819,47,0,128,0,"[0,0,0,0,0,0,0,0,14,-19,16,-16,18,-18,19,-18,19,-16,23,-19,22,-15,23,-15,24,-17,23,-13,25,-16,23,-13,24,-14,25,-14,24,-15,22,-16,22,-16,22,-18,21,-17,21,-15,21,-18,19,-20,19,-19,20,-19,20,-21,20,-20,21,-21,20,-20,0,0,20,-25,19,-20,21,-22,18,-22,17,-21,16,-23,16,-22,14,-21,14,-22,12,-22,13,-24,11,-21,12,-23,9,-23,10,-22,10,-24,9,-23,9,-23,9,-23,11,-21,10,-24,10,-21,11,-21,12,-19,13,-19,14,-18,12,-12,13,-13,0,0,0,0,0,0]"
CSI_DATA,506819,1a:00:00:00:00:00,-60,11,-95,4,47,6,506819,47,0,128,0,"[0,0,0,0,0,0,0,0,23,-4,23,-2,25,-2,27,-1,25,4,30,4,25,5,27,7,26,7,25,10,26,9,22,11,26,12,25,13,24,13,24,11,25,10,27,10,25,10,23,10,27,10,26,10,26,9,26,9,25,10,26,11,28,13,28,12,0,0,30,11,27,13,29,14,26,11,26,11,27,10,25,11,25,10,23,10,24,9,25,10,22,9,24,10,23,8,22,8,24,9,23,8,24,9,24,9,22,11,24,11,20,12,18,12,18,14,16,15,15,16,11,15,11,17,0,0,0,0,0,0]"
CSI_DATA,508819,1a:00:00:00:00:00,-60,11,-95,4,47,6,508819,47,0,128,0,"[0,0,0,0,0,0,0,0,-8,22,-9,22,-11,23,-12,25,-12,24,-14,27,-14,24,-15,23,-14,25,-15,21,-14,23,-16,21,-16,22,-16,22,-14,24,-12,24,-11,24,-8,26,-9,25,-8,23,-7,27,-5,27,-5,28,-4,27,-4,29,-3,29,-3,31,-3,28,0,0,2,31,1,29,1,29,2,29,1,27,3,28,3,26,5,25,4,25,6,26,8,25,9,24,10,23,11,23,12,22,12,22,13,21,12,22,15,21,12,21,13,21,11,21,13,21,11,22,8,22,8,21,5,18,5,20,0,0,0,0,0,0]"
CSI_DATA,510819,1a:00:00:00:00:00,-60,11,-95,4,47,6,510819,47,0,128,0,"[0,0,0,0,0,0,0,0,-22,9,-22,7,-23,6,-26,7,-25,4,-30,4,-26,1,-28,1,-28,2,-27,-1,-28,1,-26,-3,-28,-2,-28,-3,-25,-1,-26,-1,-26,-1,-28,3,-27,2,-26,0,-28,3,-26,3,-26,5,-28,5,-28,4,-28,3,-30,3,-29,4,0,0,-30,8,-29,5,-29,6,-28,6,-27,6,-28,7,-25,6,-24,7,-25,8,-26,10,-26,9,-23,7,-23,7,-22,11,-22,10,-22,10,-22,10,-24,11,-23,13,-21,11,-23,11,-21,8,-22,7,-22,5,-22,3,-21,3,-19,1,-19,1,0,0,0,0,0,0]"
CSI_DATA,512819,1a:00:00:00:00:00,-60,11,-95,4,47,6,512819,47,0,128,0,"[0,0,0,0,0,0,0,0,-22,-7,-20,-10,-21,-10,-22,-13,-21,-15,-24,-19,-20,-19,-19,-18,-19,-20,-17,-20,-18,-20,-15,-23,-14,-24,-15,-24,-14,-23,-15,-23,-15,-23,-16,-23,-15,-21,-13,-21,-16,-23,-17,-22,-16,-21,-16,-22,-16,-24,-15,-25,-16,-26,-14,-26,0,0,-16,-26,-13,-27,-15,-26,-14,-26,-12,-25,-13,-25,-13,-24,-12,-23,-12,-24,-14,-22,-13,-23,-11,-22,-12,-23,-12,-21,-11,-21,-12,-22,-13,-20,-10,-22,-12,-22,-9,-22,-10,-23,-7,-23,-5,-23,-4,-22,-2,-22,-1,-22,2,-19,2,-19,0,0,0,0,0,0]"
CSI_DATA,514819,1a:00:00:00:00:00,-60,11,-95,4,47,6,514819,47,0,128,0,"[0,0,0,0,0,0,0,0,18,-14,20,-10,22,-12,23,-13,22,-12,26,-14,25,-10,26,-10,26,-10,25,-7,27,-9,24,-8,27,-9,27,-9,25,-10,25,-11,23,-13,25,-14,24,-14,22,-13,22,-15,22,-16,22,-17,20,-18,22,-18,21,-19,22,-20,22,-20,0,0,22,-23,20,-21,20,-23,20,-22,16,-21,16,-23,16,-21,16,-20,14,-21,12,-23,13,-23,11,-22,10,-23,8,-23,9,-23,7,-23,6,-23,7,-25,7,-24,8,-23,7,-25,8,-22,9,-22,9,-22,11,-20,11,-20,10,-15,10,-15,0,0,0,0,0,0]"
CSI_DATA,517740,1a:00:00:00:00:00,-60,11,-95,4,47,6,517740,47,0,128,0,"[0,0,0,0,0,0,0,0,9,21,7,22,7,25,5,26,4,27,2,29,0,27,-2,27,-3,28,-5,27,-6,27,-6,27,-7,26,-6,27,-6,27,-4,28,-5,26,-4,28,-5,26,-6,25,-5,26,-5,28,-4,27,-4,27,-4,28,-3,29,-4,30,-5,28,0,0,-6,31,-6,29,-6,28,-7,30,-5,27,-6,28,-6,26,-7,25,-6,24,-3,25,-4,26,-3,24,-2,25,-2,24,-3,24,-3,25,-2,26,-3,25,-4,25,-6,23,-7,24,-7,21,-8,23,-8,22,-11,21,-12,18,-12,14,-12,15,0,0,0,0,0,0]"
CSI_DATA,518819,1a:00:00:00:00:00,-60,11,-95,4,47,6,518819,47,0,128,0,"[0,0,0,0,0,0,0,0,15,18,13,19,13,22,12,24,12,24,10,27,8,27,5,27,4,28,-1,26,1,29,-2,27,-2,28,-2,27,-2,27,-1,28,-2,26,0,27,-2,26,-2,25,-1,27,-2,27,-1,28,-2,28,-4,29,-2,30,-2,29,-5,30,0,0,-3,33,-6,30,-6,28,-6,29,-7,26,-7,28,-7,25,-8,24,-8,25,-8,27,-6,26,-6,23,-6,26,-6,25,-5,24,-7,24,-6,25,-8,24,-10,23,-11,21,-11,23,-12,20,-12,21,-12,19,-15,17,-15,16,-14,12,-16,11,0,0,0,0,0,0]"
CSI_DATA,520819,1a:00:00:00:00:00,-60,11,-95,4,47,6,520819,47,0,128,0,"[0,0,0,0,0,0,0,0,-24,2,-24,0,-25,0,-26,-2,-26,-3,-27,-4,-26,-6,-26,-6,-27,-6,-26,-8,-27,-7,-25,-9,-26,-7,-26,-9,-25,-5,-27,-6,-26,-5,-29,-4,-26,-2,-25,-2,-26,-3,-27,-1,-27,-1,-28,0,-30,1,-28,2,-30,2,-29,2,0,0,-32,6,-29,2,-29,4,-29,4,-27,4,-27,5,-26,4,-24,6,-26,7,-26,9,-24,11,-24,10,-24,9,-22,10,-21,11,-22,12,-22,12,-22,13,-22,13,-21,11,-22,12,-22,11,-22,9,-20,9,-21,8,-22,6,-18,3,-18,3,0,0,0,0,0,0]"
CSI_DATA,522819,1a:00:00:00:00:00,-60,11,-95,4,47,6,522819,47,0,128,0,"[0,0,0,0,0,0,0,0,-18,-16,-16,-16,-16,-19,-16,-22,-15,-22,-16,-24,-12,-24,-11,-24,-11,-26,-8,-25,-9,-25,-7,-25,-8,-26,-6,-27,-7,-25,-9,-26,-9,-26,-10,-26,-10,-26,-8,-23,-10,-26,-10,-26,-11,-25,-11,-26,-9,-27,-11,-27,-10,-29,-9,-27,0,0,-12,-27,-10,-28,-12,-29,-10,-27,-9,-28,-11,-26,-9,-25,-8,-24,-11,-23,-12,-23,-11,-24,-11,-23,-12,-23,-12,-21,-11,-20,-12,-20,-12,-22,-10,-22,-11,-23,-8,-21,-10,-24,-8,-24,-6,-23,-6,-23,-2,-22,-1,-21,1,-19,2,-19,0,0,0,0,0,0]"
CSI_DATA,526819,1a:00:00:00:00:00,-60,11,-95,4,46,6,526819,47,0,128,0,"[0,0,0,0,0,0,0,0,19,9,18,10,18,11,19,13,18,14,21,15,19,17,18,17,19,18,15,18,18,18,15,18,17,19,16,18,16,18,17,18,18,16,20,16,19,15,17,14,20,15,20,14,19,14,22,15,20,14,23,15,23,15,23,14,0,0,26,14,23,14,23,13,23,12,23,13,24,12,21,10,21,11,21,9,22,9,24,7,22,7,22,7,21,5,21,4,23,3,21,4,23,4,22,3,21,5,22,5,20,6,19,7,19,7,18,9,18,8,13,9,15,10,0,0,0,0,0,0]"
CSI_DATA,532819,1a:00:00:00:00:00,-60,11,-95,4,47,6,532819,47,0,128,0,"[0,0,0,0,0,0,0,0,-13,-20,-12,-20,-12,-21,-11,-24,-10,-25,-11,-26,-9,-27,-7,-25,-5,-26,-3,-25,-5,-27,-2,-26,-5,-26,-3,-28,-4,-26,-6,-27,-5,-27,-8,-26,-8,-25,-7,-25,-7,-25,-8,-26,-8,-26,-10,-27,-9,-27,-11,-27,-11,-28,-9,-27,0,0,-10,-27,-11,-29,-13,-28,-12,-26,-11,-26,-11,-27,-11,-25,-9,-23,-11,-23,-14,-22,-14,-22,-13,-21,-15,-21,-14,-20,-15,-19,-15,-18,-16,-19,-15,-20,-14,-21,-12,-21,-13,-22,-11,-21,-11,-21,-11,-21,-8,-21,-7,-21,-4,-17,-4,-19,0,0,0,0,0,0]"
CSI_DATA,538819,1a:00:00:00:00:00,-60,11,-95,4,47,6,538819,47,0,128,0,"[0,0,0,0,0,0,0,0,4,24,2,23,0,26,-2,25,-2,27,-3,27,-4,27,-7,26,-8,28,-11,24,-10,27,-10,24,-10,26,-10,25,-9,25,-8,27,-8,24,-6,27,-7,26,-8,25,-7,25,-7,28,-7,27,-5,27,-7,28,-5,29,-7,30,-8,27,0,0,-7,32,-6,29,-6,29,-6,29,-5,27,-7,28,-6,25,-6,25,-6,26,-4,27,-3,27,-2,26,-1,26,-1,24,0,25,0,24,0,24,-2,25,-2,26,-4,23,-3,25,-5,22,-5,23,-5,23,-8,22,-9,20,-8,16,-9,17,0,0,0,0,0,0]"
CSI_DATA,542819,1a:00:00:00:00:00,-60,11,-95,4,47,6,542819,47,0,128,0,"[0,0,0,0,0,0,0,0,-8,-21,-7,-22,-6,-24,-5,-26,-4,-26,-4,-29,-4,-28,-1,-27,-1,-28,3,-26,0,-28,1,-26,0,-28,1,-27,0,-27,-3,-28,-1,-27,-5,-28,-4,-24,-4,-24,-5,-26,-7,-27,-7,-26,-8,-27,-8,-28,-10,-27,-10,-29,-9,-27,0,0,-13,-28,-12,-29,-12,-26,-13,-27,-11,-24,-13,-26,-12,-24,-11,-23,-12,-22,-15,-21,-15,-20,-16,-19,-16,-20,-15,-17,-18,-19,-17,-16,-18,-18,-16,-19,-17,-18,-15,-18,-16,-19,-15,-18,-15,-19,-14,-18,-13,-19,-12,-19,-9,-17,-7,-16,0,0,0,0,0,0]"
CSI_DATA,544819,1a:00:00:00:00:00,-60,11,-95,4,47,6,544819,47,0,128,0,"[0,0,0,0,0,0,0,0,7,-24,7,-22,9,-23,11,-24,12,-23,14,-25,14,-23,17,-21,18,-22,20,-18,21,-20,20,-17,22,-20,21,-19,19,-18,19,-20,19,-17,20,-21,17,-19,18,-19,19,-19,19,-21,19,-19,18,-21,20,-21,19,-22,19,-22,20,-22,0,0,21,-24,21,-22,20,-22,20,-22,18,-19,20,-21,18,-18,19,-18,17,-18,17,-20,16,-21,15,-19,15,-20,14,-20,14,-21,13,-20,14,-22,15,-20,16,-21,17,-18,16,-19,17,-16,17,-15,18,-15,19,-13,19,-11,16,-8,16,-7,0,0,0,0,0,0]"
CSI_DATA,552561,1a:00:00:00:00:00,-60,11,-95,4,47,6,552561,47,0,128,0,"[0,0,0,0,0,0,0,0,15,-18,16,-16,18,-17,19,-18,21,-17,23,-18,22,-17,22,-15,23,-17,23,-14,23,-15,22,-16,23,-16,22,-17,20,-18,18,-18,18,-19,20,-21,18,-20,18,-20,15,-22,16,-22,15,-23,13,-23,15,-25,11,-27,14,-28,13,-27,0,0,11,-29,11,-30,9,-28,10,-28,8,-26,7,-28,6,-26,6,-24,4,-26,1,-28,1,-28,-1,-24,-2,-26,-2,-22,-2,-25,-4,-24,-6,-25,-5,-24,-6,-25,-5,-23,-5,-25,-4,-23,-4,-24,-4,-23,-1,-22,0,-21,0,-19,1,-18,0,0,0,0,0,0]"
CSI_DATA,552701,1a:00:00:00:00:00,-60,11,-95,4,47,6,552701,47,0,128,0,"[0,0,0,0,0,0,0,0,-19,12,-20,12,-21,14,-22,12,-23,13,-23,15,-25,13,-24,11,-27,11,-26,7,-27,11,-24,9,-26,10,-26,11,-24,11,-24,14,-21,13,-23,17,-20,15,-21,15,-20,17,-19,18,-20,18,-18,19,-21,20,-18,22,-20,22,-18,22,0,0,-19,24,-17,24,-14,24,-15,25,-13,23,-14,24,-13,23,-10,23,-9,25,-8,26,-6,25,-6,24,-4,24,-4,23,-2,25,-3,24,0,25,-2,25,-2,25,-4,24,-3,24,-2,23,-4,24,-2,21,-4,22,-5,21,-6,19,-5,17,0,0,0,0,0,0]"
CSI_DATA,558819,1a:00:00:00:00:00,-60,11,-95,4,47,6,558819,47,0,128,0,"[0,0,0,0,0,0,0,0,-3,24,-4,23,-6,24,-7,26,-8,26,-9,27,-10,27,-12,23,-12,26,-14,23,-12,25,-12,22,-12,25,-12,25,-11,26,-8,26,-8,24,-7,27,-6,25,-7,26,-5,27,-5,27,-5,27,-3,28,-4,29,-1,30,-1,31,-3,31,0,0,-1,31,2,29,1,29,3,29,2,27,3,29,2,26,3,25,5,27,8,27,8,25,8,23,10,24,10,22,10,23,11,21,13,22,11,22,11,22,10,21,11,23,9,21,9,22,9,22,6,22,6,21,4,19,3,18,0,0,0,0,0,0]"
CSI_DATA,560819,1a:00:00:00:00:00,-60,11,-95,4,47,6,560819,47,0,128,0,"[0,0,0,0,0,0,0,0,-23,12,-21,9,-23,10,-23,8,-27,6,-27,7,-29,5,-26,1,-28,3,-26,-1,-27,0,-27,-2,-29,-1,-28,-1,-25,0,-27,1,-24,0,-30,2,-25,2,-26,1,-26,2,-27,2,-27,3,-27,3,-29,4,-29,4,-30,3,-27,4,0,0,-30,4,-30,3,-28,3,-29,4,-26,2,-28,3,-26,3,-24,3,-26,5,-27,8,-26,6,-24,6,-23,7,-22,7,-25,8,-23,8,-25,8,-23,6,-25,7,-24,6,-24,5,-23,3,-23,3,-24,1,-21,1,-21,-2,-19,-4,-18,-2,0,0,0,0,0,0]"
CSI_DATA,562819,1a:00:00:00:00:00,-60,11,-95,4,46,6,562819,47,0,128,0,"[0,0,0,0,0,0,0,0,-21,-6,-19,-7,-21,-9,-19,-11,-21,-13,-21,-15,-19,-17,-17,-17,-18,-19,-13,-20,-13,-20,-13,-20,-13,-20,-12,-20,-12,-21,-13,-21,-12,-18,-13,-21,-12,-19,-11,-21,-12,-21,-11,-22,-11,-22,-12,-23,-11,-22,-12,-23,-13,-23,-10,-24,0,0,-9,-24,-10,-26,-9,-26,-8,-25,-7,-23,-9,-25,-7,-23,-5,-22,-7,-22,-9,-22,-8,-22,-8,-21,-7,-22,-7,-19,-7,-20,-8,-20,-6,-22,-6,-21,-4,-21,-3,-21,-2,-21,-1,-21,0,-21,1,-22,4,-19,4,-18,5,-15,7,-16,0,0,0,0,0,0]"
CSI_DATA,568820,1a:00:00:00:00:00,-60,11,-95,4,46,6,568820,47,0,128,0,"[0,0,0,0,0,0,0,0,-10,19,-9,18,-10,19,-12,21,-14,20,-16,22,-15,23,-13,21,-19,18,-19,16,-15,19,-15,18,-16,27,-15,21,-12,21,-6,22,-10,20,-11,23,-7,20,-9,20,-7,21,-7,23,-8,23,-5,24,-5,27,-2,27,0,28,-2,27,0,0,-1,28,0,29,0,28,1,26,1,23,3,25,1,25,3,21,4,24,8,23,8,21,9,20,9,21,10,17,10,20,10,19,14,18,12,18,11,20,10,19,11,20,10,18,11,19,12,16,9,18,9,17,7,16,7,16,0,0,0,0,0,0]"
CSI_DATA,574820,1a:00:00:00:00:00,-60,11,-95,4,47,6,574820,47,0,128,0,"[0,0,0,0,0,0,0,0,21,-13,19,-11,22,-12,24,-12,25,-11,25,-11,27,-9,27,-9,28,-9,26,-6,27,-8,25,-8,26,-9,26,-10,25,-11,24,-12,24,-11,25,-15,22,-13,23,-13,21,-14,23,-15,21,-16,22,-17,22,-19,20,-19,21,-20,22,-19,0,0,20,-22,21,-22,18,-23,19,-23,16,-22,17,-23,16,-21,14,-21,14,-22,13,-24,10,-25,9,-24,7,-25,4,-23,7,-24,6,-24,4,-25,5,-23,5,-25,7,-23,6,-24,6,-23,6,-22,5,-22,7,-21,8,-19,8,-17,9,-17,0,0,0,0,0,0]"
CSI_DATA,578820,1a:00:00:00:00:00,-55,11,-95,4,42,6,578820,47,0,128,0,"[0,0,0,0,0,0,0,0,35,27,-56,25,32,48,5,9,5,30,4,40,-7,10,-8,16,-5,19,-8,24,-6,16,-4,21,-1,20,-2,19,-1,19,-1,20,-2,18,3,20,0,18,3,23,3,20,3,19,4,18,5,19,7,21,9,17,8,19,9,19,0,0,10,19,13,20,13,15,12,17,13,16,14,17,14,13,11,14,13,11,19,12,17,11,16,7,16,8,16,6,18,7,17,8,17,6,17,6,17,5,17,5,16,4,16,5,16,5,16,6,16,6,14,7,10,7,13,6,0,0,0,0,0,0]"
CSI_DATA,584820,1a:00:00:00:00:00,-60,11,-95,4,47,6,584820,47,0,128,0,"[0,0,0,0,0,0,0,0,23,-8,21,-8,24,-8,24,-8,26,-7,27,-8,27,-7,27,-5,28,-6,27,-3,27,-5,27,-5,27,-6,27,-7,26,-8,25,-10,24,-10,26,-13,24,-11,22,-13,22,-14,22,-16,20,-17,21,-17,22,-20,21,-21,20,-22,21,-21,0,0,19,-25,18,-24,16,-24,16,-25,13,-22,13,-25,12,-23,10,-22,11,-24,9,-27,7,-26,5,-25,4,-26,2,-23,3,-25,1,-24,0,-24,0,-24,-1,-25,1,-25,-1,-25,0,-23,0,-23,0,-22,1,-22,2,-22,3,-19,2,-19,0,0,0,0,0,0]"
CSI_DATA,590820,1a:00:00:00:00:00,-60,11,-95,4,47,6,590820,47,0,128,0,"[0,0,0,0,0,0,0,0,-24,-1,-23,-3,-26,-3,-26,-4,-25,-6,-28,-6,-26,-8,-25,-7,-28,-9,-24,-10,-26,-8,-25,-8,-26,-6,-26,-6,-25,-5,-27,-4,-25,-4,-28,-1,-26,-1,-25,-1,-26,0,-27,1,-27,3,-27,2,-29,7,-28,7,-29,7,-28,9,0,0,-31,10,-28,9,-26,11,-27,11,-24,10,-26,12,-24,11,-21,10,-21,14,-19,17,-19,18,-18,16,-17,19,-16,17,-16,20,-15,19,-15,21,-14,20,-15,20,-16,20,-16,19,-16,18,-14,18,-15,18,-13,17,-15,16,-14,12,-14,12,0,0,0,0,0,0]"
CSI_DATA,594820,1a:00:00:00:00:00,-60,11,-95,4,47,6,594820,47,0,128,0,"[0,0,0,0,0,0,0,0,-3,-22,-1,-21,-1,-26,3,-27,4,-26,5,-26,10,-26,10,-23,13,-26,15,-21,13,-26,12,-21,13,-24,13,-26,13,-24,15,-24,14,-21,13,-26,14,-23,12,-23,13,-22,13,-25,12,-23,14,-23,15,-24,15,-27,16,-27,18,-26,0,0,15,-24,15,-24,14,-25,17,-24,14,-22,17,-24,17,-20,14,-22,14,-20,14,-24,13,-24,11,-21,11,-21,10,-20,12,-23,13,-21,13,-22,14,-21,15,-22,15,-20,15,-19,16,-18,16,-16,16,-15,19,-13,18,-13,17,-8,17,-8,0,0,0,0,0,0]"
CSI_DATA,600820,1a:00:00:00:00:00,-60,11,-95,4,47,6,600820,47,0,128,0,"[0,0,0,0,0,0,0,0,-7,24,-9,21,-11,22,-12,22,-16,22,-16,22,-20,20,-19,18,-21,19,-21,16,-22,16,-23,14,-23,14,-23,15,-22,13,-22,15,-21,13,-24,16,-21,13,-23,13,-22,12,-22,15,-23,14,-24,13,-25,16,-25,14,-26,16,-25,14,0,0,-26,15,-28,13,-26,11,-27,13,-24,11,-25,11,-24,10,-22,9,-22,9,-23,13,-24,12,-21,11,-22,10,-21,11,-23,10,-21,10,-22,10,-22,9,-24,10,-23,7,-25,7,-22,4,-23,5,-22,2,-22,1,-21,-1,-19,-4,-18,-4,0,0,0,0,0,0]"
CSI_DATA,610820,1a:00:00:00:00:00,-60,11,-95,4,47,6,610820,47,0,128,0,"[0,0,0,0,0,0,0,0,-17,15,-18,15,-19,14,-22,14,-23,12,-26,12,-26,8,-27,8,-27,7,-26,4,-27,5,-26,3,-27,5,-28,4,-25,4,-26,6,-26,4,-29,5,-25,5,-25,4,-26,5,-26,5,-27,5,-26,6,-28,6,-28,7,-29,8,-28,6,0,0,-29,7,-30,4,-28,4,-29,5,-25,4,-28,5,-26,3,-24,4,-24,4,-24,7,-26,7,-24,7,-24,6,-22,6,-24,8,-23,7,-24,8,-24,6,-24,7,-23,4,-26,4,-24,2,-24,1,-23,0,-22,-1,-20,-3,-18,-5,-17,-6,0,0,0,0,0,0]"
CSI_DATA,614820,1a:00:00:00:00:00,-60,11,-95,4,47,6,614820,47,0,128,0,"[0,0,0,0,0,0,0,0,10,-21,11,-19,13,-20,15,-21,17,-20,19,-21,20,-19,21,-19,21,-17,20,-16,22,-18,21,-17,22,-17,22,-18,20,-17,19,-18,18,-18,21,-19,19,-18,18,-16,19,-19,18,-21,18,-21,17,-21,18,-23,16,-23,17,-25,16,-23,0,0,17,-25,17,-24,17,-24,17,-24,15,-21,15,-25,14,-22,13,-20,13,-23,11,-26,11,-24,7,-23,9,-24,7,-23,9,-23,8,-24,7,-23,8,-24,8,-25,8,-22,9,-23,10,-21,10,-20,11,-20,11,-20,12,-17,12,-13,12,-14,0,0,0,0,0,0]"
CSI_DATA,620225,1a:00:00:00:00:00,-60,11,-95,4,47,6,620225,47,0,128,0,"[0,0,0,0,0,0,0,0,13,-21,14,-17,16,-18,18,-19,17,-18,20,-21,21,-18,21,-17,22,-18,22,-14,23,-16,21,-15,23,-15,23,-15,20,-14,21,-16,20,-16,21,-19,20,-17,19,-16,19,-19,18,-20,18,-19,18,-22,20,-21,17,-21,20,-22,21,-20,0,0,21,-25,19,-22,19,-23,19,-23,16,-21,16,-23,14,-21,14,-20,14,-21,14,-23,13,-24,10,-21,10,-23,9,-22,10,-23,9,-23,8,-23,10,-23,8,-25,9,-22,10,-23,10,-21,11,-20,11,-19,13,-18,14,-17,12,-13,13,-13,0,0,0,0,0,0]"
CSI_DATA,624820,1a:00:00:00:00:00,-60,11,-95,4,47,6,624820,47,0,128,0,"[0,0,0,0,0,0,0,0,16,-18,16,-16,18,-16,20,-16,21,-16,23,-17,23,-14,23,-13,24,-14,24,-12,24,-13,23,-12,24,-14,24,-14,21,-15,20,-16,21,-15,23,-19,21,-16,20,-15,20,-17,18,-19,19,-19,19,-20,19,-22,17,-23,19,-24,17,-22,0,0,18,-27,18,-23,16,-24,16,-24,14,-21,14,-24,15,-22,12,-21,12,-23,10,-26,9,-25,7,-22,6,-24,5,-23,6,-24,7,-23,5,-23,4,-24,4,-24,6,-24,5,-24,6,-22,5,-22,7,-22,9,-20,8,-19,9,-16,9,-16,0,0,0,0,0,0]"
CSI_DATA,630820,1a:00:00:00:00:00,-55,11,-95,4,41,6,630820,47,0,128,0,"[0,0,0,0,0,0,0,0,-15,5,-15,2,-16,3,-16,4,-17,1,-18,1,-18,0,-18,-1,-19,-1,-17,-2,-18,-2,-17,-2,-19,-2,-19,-2,-17,0,-17,0,-16,-1,-19,1,-17,1,-16,1,-16,1,-17,2,-17,3,-17,3,-20,4,-17,5,-17,5,-17,6,0,0,-18,7,-21,4,-18,3,-18,4,-15,4,-18,6,-16,3,-15,5,-17,6,-17,7,-16,7,-16,7,-14,8,-13,9,-13,8,-13,9,-13,10,-11,9,-14,10,-12,7,-14,10,-14,7,-11,8,-12,6,-13,4,-13,4,-12,4,-11,3,0,0,0,0,0,0]"
CSI_DATA,634820,1a:00:00:00:00:00,-60,11,-95,4,47,6,634820,47,0,128,0,"[0,0,0,0,0,0,0,0,19,-11,19,-10,22,-11,24,-12,24,-11,26,-12,25,-9,26,-10,26,-11,26,-8,25,-10,23,-8,27,-8,26,-10,24,-10,24,-12,22,-13,23,-14,22,-15,20,-13,20,-17,20,-17,20,-19,19,-20,19,-19,19,-21,19,-21,19,-22,0,0,19,-24,18,-25,16,-25,15,-25,15,-24,12,-25,11,-23,9,-22,9,-23,7,-27,8,-26,6,-24,5,-24,3,-23,3,-25,2,-25,0,-24,1,-25,-1,-26,0,-23,1,-25,0,-24,2,-23,2,-23,4,-22,4,-21,5,-17,5,-18,0,0,0,0,0,0]"
CSI_DATA,640820,1a:00:00:00:00:00,-60,11,-95,4,47,6,640820,47,0,128,0,"[0,0,0,0,0,0,0,0,-23,3,-22,1,-24,1,-26,0,-26,-1,-28,-2,-26,-3,-27,-2,-27,-3,-26,-4,-26,-4,-25,-4,-27,-5,-28,-3,-24,-2,-26,-1,-25,0,-28,1,-27,2,-25,2,-26,3,-25,5,-26,5,-26,6,-27,8,-27,8,-29,8,-27,8,0,0,-29,13,-28,11,-27,12,-26,12,-24,11,-24,14,-22,11,-21,13,-22,14,-22,16,-21,17,-18,15,-18,17,-16,17,-17,17,-16,19,-15,19,-16,19,-15,19,-15,18,-15,20,-16,17,-16,16,-16,16,-17,15,-16,14,-15,10,-15,10,0,0,0,0,0,0]"
CSI_DATA,644820,1a:00:00:00:00:00,-60,11,-95,4,47,6,644820,47,0,128,0,"[0,0,0,0,0,0,0,0,-3,-23,-1,-22,0,-24,2,-27,4,-25,4,-27,7,-26,11,-26,10,-27,13,-22,13,-26,14,-21,15,-22,16,-22,15,-22,14,-22,15,-22,14,-24,14,-22,13,-21,13,-23,14,-22,12,-23,14,-24,15,-23,17,-23,16,-23,19,-23,0,0,18,-24,18,-23,19,-24,19,-21,17,-20,18,-21,18,-19,17,-17,17,-18,16,-22,17,-20,15,-18,16,-19,16,-19,16,-19,16,-20,15,-18,18,-17,18,-19,18,-15,20,-16,18,-14,19,-11,19,-11,20,-9,21,-8,16,-4,18,-3,0,0,0,0,0,0]"
CSI_DATA,650820,1a:00:00:00:00:00,-60,11,-95,4,47,6,650820,47,0,128,0,"[0,0,0,0,0,0,0,0,-23,-3,-20,-4,-24,-5,-26,-5,-24,-6,-29,-6,-25,-6,-26,-8,-28,-7,-25,-8,-27,-7,-24,-8,-27,-8,-26,-7,-24,-5,-25,-4,-26,-2,-29,-1,-28,0,-24,0,-26,1,-26,4,-26,5,-25,6,-26,7,-27,7,-28,9,-26,9,0,0,-29,13,-27,11,-27,12,-24,14,-24,13,-24,15,-21,14,-20,15,-19,16,-20,18,-18,19,-17,17,-16,19,-13,19,-12,21,-13,21,-12,20,-13,23,-11,23,-11,20,-11,22,-11,19,-11,18,-12,19,-13,18,-13,18,-11,14,-12,15,0,0,0,0,0,0]"
CSI_DATA,652820,1a:00:00:00:00:00,-60,11,-95,4,47,6,652820,47,0,128,0,"[0,0,0,0,0,0,0,0,-16,-16,-15,-17,-15,-19,-15,-20,-14,-20,-16,-23,-12,-22,-13,-23,-11,-24,-9,-23,-12,-24,-7,-23,-11,-24,-12,-25,-10,-24,-12,-24,-13,-24,-15,-22,-15,-22,-12,-20,-16,-23,-16,-22,-15,-21,-17,-21,-17,-21,-19,-21,-20,-22,-19,-22,0,0,-22,-22,-19,-21,-21,-22,-20,-19,-21,-19,-21,-19,-19,-17,-19,-16,-20,-16,-21,-15,-21,-14,-21,-13,-21,-13,-20,-12,-21,-11,-23,-10,-22,-10,-22,-12,-21,-10,-20,-11,-21,-11,-20,-11,-19,-12,-19,-13,-18,-13,-16,-15,-12,-13,-13,-14,0,0,0,0,0,0]"
CSI_DATA,656820,1a:00:00:00:00:00,-60,11,-95,4,47,6,656820,47,0,128,0,"[0,0,0,0,0,0,0,0,20,11,18,11,21,13,21,14,21,15,22,17,21,18,20,18,21,17,18,19,22,19,17,18,21,17,21,18,21,16,22,16,22,15,27,13,24,11,23,11,23,10,25,10,24,9,25,8,27,9,27,7,29,8,28,6,0,0,30,5,29,4,28,2,31,1,26,2,27,0,25,1,24,1,25,-3,26,-5,24,-6,23,-5,24,-8,22,-8,23,-11,21,-11,23,-11,22,-10,21,-11,22,-10,21,-10,21,-9,22,-8,21,-7,21,-7,21,-6,19,-3,18,-3,0,0,0,0,0,0]"
CSI_DATA,660820,1a:00:00:00:00:00,-61,11,-95,4,47,6,660820,47,0,128,0,"[0,0,0,0,0,0,0,0,-12,20,-11,18,-14,19,-16,21,-18,18,-19,20,-20,17,-22,16,-24,16,-23,12,-24,14,-23,9,-25,12,-25,11,-23,10,-24,11,-23,10,-25,14,-23,12,-22,11,-23,12,-24,12,-23,11,-23,12,-26,11,-25,13,-27,11,-27,9,0,0,-27,12,-27,12,-26,11,-27,11,-24,8,-26,10,-24,7,-24,8,-22,8,-25,9,-24,10,-23,9,-23,10,-21,10,-22,10,-21,11,-22,11,-22,9,-23,10,-23,6,-24,7,-22,6,-22,3,-22,3,-22,1,-21,-1,-18,-2,-18,-3,0,0,0,0,0,0]"
CSI_DATA,670820,1a:00:00:00:00:00,-60,11,-95,4,47,6,670820,47,0,128,0,"[0,0,0,0,0,0,0,0,-13,18,-14,17,-16,19,-18,19,-19,17,-21,18,-20,16,-23,15,-23,14,-23,12,-24,13,-24,9,-24,11,-25,11,-24,11,-24,11,-22,12,-24,15,-21,14,-21,12,-22,14,-22,14,-22,12,-23,15,-24,15,-23,14,-24,15,-25,13,0,0,-25,16,-26,14,-24,15,-24,15,-22,13,-23,15,-23,13,-20,13,-22,13,-23,16,-21,16,-19,15,-19,15,-18,14,-18,16,-18,16,-17,16,-20,16,-19,16,-19,12,-21,14,-19,12,-21,11,-19,9,-21,8,-19,7,-18,4,-16,4,0,0,0,0,0,0]"
CSI_DATA,676820,1a:00:00:00:00:00,-60,11,-95,4,47,6,676820,47,0,128,0,"[0,0,0,0,0,0,0,0,19,-13,20,-11,22,-12,23,-12,24,-9,26,-9,25,-6,26,-6,27,-4,26,-1,27,-3,25,1,27,-2,28,-1,25,-1,26,-2,26,0,27,-4,24,-3,25,-3,26,-2,26,-2,27,-1,26,-2,28,0,27,-3,28,-2,28,-2,0,0,31,-3,29,-2,28,-3,27,-3,25,0,28,0,25,-1,25,1,25,-2,25,-2,25,-4,24,-3,24,-3,23,-3,24,-5,23,-6,23,-5,23,-2,24,-3,24,0,24,0,23,2,23,3,21,3,22,4,20,5,17,6,17,6,0,0,0,0,0,0]"
CSI_DATA,692820,1a:00:00:00:00:00,-60,11,-95,4,47,6,692820,47,0,128,0,"[0,0,0,0,0,0,0,0,-22,-1,-22,-3,-25,-3,-24,-5,-25,-7,-26,-8,-25,-10,-23,-11,-24,-12,-21,-14,-24,-14,-20,-16,-21,-14,-23,-16,-20,-14,-23,-14,-22,-13,-24,-13,-23,-12,-20,-11,-23,-13,-23,-12,-22,-13,-24,-12,-24,-12,-25,-12,-27,-13,-25,-12,0,0,-28,-15,-25,-14,-27,-14,-25,-13,-23,-13,-24,-12,-22,-12,-22,-13,-23,-11,-21,-9,-22,-9,-22,-10,-22,-9,-22,-9,-21,-7,-22,-7,-23,-7,-22,-8,-23,-9,-20,-9,-21,-10,-20,-10,-19,-12,-18,-11,-17,-12,-15,-14,-11,-13,-11,-15,0,0,0,0,0,0]"
CSI_DATA,696820,1a:00:00:00:00:00,-61,11,-95,4,47,6,696820,47,0,128,0,"[0,0,0,0,0,0,0,0,21,-9,21,-7,23,-7,24,-6,25,-4,26,-4,26,-2,27,-1,28,-2,26,2,27,0,26,1,28,-1,27,0,26,-1,25,-2,25,-2,28,-4,24,-3,25,-3,26,-4,26,-6,24,-5,25,-6,27,-8,26,-8,28,-8,27,-7,0,0,27,-10,26,-8,27,-9,26,-10,25,-9,26,-10,24,-9,23,-8,22,-11,22,-12,22,-13,19,-12,20,-14,18,-13,18,-15,19,-15,17,-15,19,-15,20,-16,19,-13,19,-15,20,-12,19,-11,20,-11,18,-10,19,-9,18,-5,18,-5,0,0,0,0,0,0]"
CSI_DATA,702820,1a:00:00:00:00:00,-61,11,-95,4,47,6,702820,47,0,128,0,"[0,0,0,0,0,0,0,0,-23,1,-22,-1,-23,-1,-24,-2,-25,-5,-27,-7,-26,-7,-24,-7,-26,-9,-22,-10,-25,-10,-23,-11,-24,-10,-24,-10,-23,-10,-25,-9,-23,-9,-27,-7,-24,-6,-24,-7,-24,-7,-25,-7,-26,-5,-25,-6,-27,-5,-26,-4,-28,-4,-27,-5,0,0,-29,-3,-28,-5,-28,-4,-28,-5,-25,-5,-26,-2,-25,-4,-23,-3,-24,-1,-26,2,-25,2,-23,2,-25,2,-22,3,-23,3,-22,4,-24,5,-23,3,-25,3,-23,1,-23,2,-22,-1,-23,-1,-22,0,-21,-2,-19,-4,-17,-5,-18,-6,0,0,0,0,0,0]"
CSI_DATA,708820,1a:00:00:00:00:00,-61,11,-95,4,47,6,708820,47,0,128,0,"[0,0,0,0,0,0,0,0,21,9,20,10,22,12,19,14,19,17,21,18,19,21,17,19,17,21,15,21,15,21,14,22,15,21,16,22,16,20,17,20,15,20,18,20,17,20,15,18,17,19,17,20,17,19,18,20,18,20,20,20,22,21,20,19,0,0,20,21,21,22,19,20,20,20,18,18,21,19,17,18,18,19,17,17,21,16,21,15,19,14,21,13,18,12,20,12,19,13,21,13,18,13,19,14,17,14,19,14,18,15,17,15,15,15,13,16,12,16,9,15,8,16,0,0,0,0,0,0]"
CSI_DATA,712820,1a:00:00:00:00:00,-61,11,-95,4,47,6,712820,47,0,128,0,"[0,0,0,0,0,0,0,0,-23,-1,-21,-3,-23,-3,-24,-5,-23,-9,-25,-9,-24,-10,-23,-10,-25,-11,-22,-12,-23,-11,-23,-12,-25,-10,-23,-11,-24,-9,-24,-8,-23,-9,-26,-6,-24,-6,-23,-8,-25,-6,-24,-5,-25,-4,-25,-3,-27,-3,-27,-1,-28,0,-27,-1,0,0,-30,0,-28,-3,-28,-2,-28,1,-25,0,-27,1,-26,1,-24,0,-25,3,-26,8,-24,6,-22,6,-23,7,-20,7,-23,8,-21,8,-23,9,-21,9,-22,8,-21,8,-22,8,-21,6,-21,6,-21,6,-20,5,-20,2,-18,0,-18,0,0,0,0,0,0,0]"
CSI_DATA,714820,1a:00:00:00:00:00,-61,11,-95,4,47,6,714820,47,0,128,0,"[0,0,0,0,0,0,0,0,-15,-16,-13,-19,-12,-19,-12,-20,-11,-22,-11,-24,-9,-25,-8,-25,-6,-26,-4,-26,-5,-25,-4,-25,-3,-26,-4,-25,-4,-26,-5,-26,-4,-24,-5,-26,-4,-24,-3,-25,-6,-26,-6,-25,-5,-25,-6,-24,-8,-26,-9,-27,-9,-27,-6,-26,0,0,-8,-29,-6,-29,-5,-28,-6,-27,-6,-25,-7,-27,-7,-25,-5,-24,-7,-23,-9,-23,-9,-23,-8,-22,-9,-23,-9,-22,-8,-21,-7,-20,-9,-22,-8,-22,-8,-23,-6,-21,-6,-22,-5,-21,-5,-22,-4,-22,-2,-21,1,-19,3,-17,2,-17,0,0,0,0,0,0]"
CSI_DATA,722826,1a:00:00:00:00:00,-61,11,-95,4,47,6,722826,47,0,128,0,"[0,0,0,0,0,0,0,0,-16,-16,-15,-16,-16,-16,-15,-18,-14,-20,-17,-21,-15,-22,-13,-21,-15,-22,-11,-21,-13,-21,-12,-22,-15,-21,-14,-21,-15,-20,-15,-20,-15,-19,-20,-19,-17,-16,-17,-16,-17,-16,-20,-16,-20,-16,-20,-15,-24,-14,-23,-14,-24,-14,-23,-13,0,0,-25,-11,-25,-13,-24,-11,-26,-11,-24,-10,-24,-10,-25,-8,-23,-8,-23,-6,-24,-3,-24,-2,-22,-1,-24,-1,-21,0,-24,2,-21,1,-24,3,-22,3,-24,3,-23,2,-22,2,-23,1,-22,2,-22,2,-21,0,-20,-1,-19,-2,-18,-3,0,0,0,0,0,0]"
CSI_DATA,724820,1a:00:00:00:00:00,-61,11,-95,4,47,6,724820,47,0,128,0,"[0,0,0,0,0,0,0,0,-12,-20,-9,-19,-9,-21,-8,-24,-6,-25,-6,-26,-4,-28,-2,-25,-3,-26,0,-25,0,-25,-1,-25,0,-26,-2,-25,-3,-25,-4,-25,-3,-23,-4,-26,-3,-23,-2,-24,-5,-26,-5,-25,-6,-24,-6,-25,-6,-26,-8,-26,-10,-26,-7,-24,0,0,-9,-28,-7,-28,-7,-27,-7,-26,-7,-23,-9,-26,-8,-25,-8,-22,-8,-22,-11,-22,-10,-21,-12,-21,-12,-22,-11,-18,-11,-19,-11,-20,-13,-19,-12,-19,-12,-21,-10,-19,-10,-20,-9,-19,-10,-21,-8,-19,-7,-19,-3,-19,-1,-18,-1,-18,0,0,0,0,0,0]"
CSI_DATA,726820,1a:00:00:00:00:00,-61,11,-95,4,47,6,726820,47,0,128,0,"[0,0,0,0,0,0,0,0,6,-22,8,-20,10,-22,12,-22,14,-21,16,-21,17,-19,20,-18,20,-20,20,-13,20,-16,20,-13,22,-15,21,-15,21,-15,21,-15,22,-13,21,-16,20,-14,21,-13,20,-14,21,-14,21,-15,21,-15,22,-16,22,-15,23,-15,24,-16,0,0,24,-17,24,-13,24,-13,24,-14,22,-12,24,-12,22,-11,21,-10,21,-10,22,-13,22,-13,20,-13,20,-13,19,-11,20,-13,19,-12,19,-12,21,-12,22,-11,21,-9,22,-10,21,-7,21,-7,21,-4,21,-2,21,-1,17,1,18,2,0,0,0,0,0,0]"
CSI_DATA,728820,1a:00:00:00:00:00,-61,11,-95,4,47,6,728820,47,0,128,0,"[0,0,0,0,0,0,0,0,16,15,15,15,15,17,15,18,15,21,16,22,13,22,14,20,13,24,11,22,12,21,11,23,13,21,13,22,14,22,15,21,14,19,17,20,16,18,16,18,18,19,18,18,18,17,20,18,21,17,22,17,23,16,23,16,0,0,26,14,25,17,22,16,25,15,22,13,24,13,23,12,21,10,21,10,26,7,24,7,23,5,23,6,22,4,24,5,21,3,24,2,22,2,24,2,22,3,23,3,22,4,23,3,22,3,20,6,18,6,16,8,16,7,0,0,0,0,0,0]"
CSI_DATA,740820,1a:00:00:00:00:00,-61,11,-95,4,47,6,740820,47,0,128,0,"[0,0,0,0,0,0,0,0,-3,23,-4,21,-7,23,-8,22,-10,23,-11,24,-12,23,-12,22,-14,21,-15,20,-16,21,-13,22,-14,22,-14,22,-12,21,-11,23,-11,21,-13,24,-11,21,-11,21,-9,21,-10,23,-9,24,-9,22,-8,26,-6,26,-6,27,-8,25,0,0,-6,28,-9,27,-8,27,-7,26,-6,24,-5,26,-6,24,-5,23,-5,23,0,26,-1,25,0,22,0,24,1,22,1,22,1,22,2,24,0,23,1,24,0,23,0,23,-1,21,0,22,-1,21,-3,21,-5,20,-5,16,-5,17,0,0,0,0,0,0]"
CSI_DATA,744820,1a:00:00:00:00:00,-61,11,-95,4,47,6,744820,47,0,128,0,"[0,0,0,0,0,0,0,0,-1,-22,0,-21,1,-22,1,-23,3,-25,3,-26,4,-26,5,-25,6,-25,6,-22,5,-24,6,-23,4,-25,4,-25,2,-26,1,-25,1,-25,0,-26,0,-24,0,-24,-2,-24,-3,-25,-6,-24,-4,-25,-6,-25,-7,-25,-10,-27,-7,-24,0,0,-10,-26,-10,-27,-11,-25,-11,-25,-11,-22,-12,-23,-11,-22,-12,-21,-12,-20,-14,-20,-15,-17,-16,-17,-17,-18,-17,-14,-16,-15,-16,-14,-18,-14,-19,-13,-19,-14,-16,-14,-19,-14,-16,-14,-18,-13,-16,-14,-14,-14,-13,-14,-11,-13,-11,-13,0,0,0,0,0,0]"
CSI_DATA,750820,1a:00:00:00:00:00,-61,11,-95,4,47,6,750820,47,0,128,0,"[0,0,0,0,0,0,0,0,-11,20,-11,18,-12,18,-14,19,-15,19,-16,22,-16,18,-17,17,-19,19,-19,17,-18,17,-16,17,-18,19,-19,18,-16,18,-14,19,-14,19,-16,21,-14,19,-14,19,-12,21,-12,22,-11,24,-9,23,-11,25,-8,25,-8,26,-7,24,0,0,-9,28,-9,26,-8,27,-9,26,-6,23,-5,26,-5,23,-4,23,-2,24,0,24,0,24,1,23,2,23,2,20,3,24,2,21,4,21,4,22,5,22,2,23,4,22,2,22,2,22,1,22,-1,21,0,19,-2,17,-2,18,0,0,0,0,0,0]"
CSI_DATA,754820,1a:00:00:00:00:00,-61,11,-95,4,47,6,754820,47,0,128,0,"[0,0,0,0,0,0,0,0,-21,-10,-18,-11,-18,-12,-18,-14,-17,-17,-18,-18,-16,-21,-14,-21,-15,-20,-12,-20,-11,-22,-10,-23,-8,-23,-9,-23,-8,-23,-11,-23,-9,-23,-10,-24,-9,-22,-8,-23,-8,-23,-9,-23,-10,-24,-9,-24,-9,-25,-8,-25,-9,-28,-8,-23,0,0,-9,-27,-7,-27,-5,-27,-5,-25,-5,-24,-5,-25,-4,-24,-5,-22,-4,-22,-4,-24,-5,-25,-4,-23,-4,-23,-5,-21,-4,-22,-4,-22,-4,-23,-2,-22,-3,-23,-2,-21,-1,-23,1,-21,3,-22,4,-21,7,-19,7,-18,9,-15,9,-14,0,0,0,0,0,0]"
CSI_DATA,756820,1a:00:00:00:00:00,-61,11,-95,4,47,6,756820,47,0,128,0,"[0,0,0,0,0,0,0,0,18,-13,17,-11,19,-12,19,-12,22,-10,22,-12,24,-10,23,-9,24,-9,24,-6,24,-8,24,-7,24,-9,25,-8,23,-9,23,-9,22,-9,24,-12,21,-11,21,-10,21,-12,21,-13,20,-14,21,-15,22,-16,21,-17,22,-16,21,-15,0,0,21,-20,22,-18,21,-17,22,-19,17,-17,19,-19,17,-16,15,-17,15,-18,16,-21,14,-21,12,-18,13,-20,9,-18,12,-20,10,-20,9,-21,10,-19,10,-21,10,-20,10,-20,11,-17,11,-19,11,-17,13,-16,13,-14,12,-12,12,-12,0,0,0,0,0,0]"
CSI_DATA,760820,1a:00:00:00:00:00,-61,11,-95,4,47,6,760820,47,0,128,0,"[0,0,0,0,0,0,0,0,-13,17,-14,15,-16,16,-17,17,-17,16,-19,19,-18,16,-18,16,-20,16,-19,13,-19,16,-19,14,-20,15,-19,16,-17,16,-17,19,-14,19,-15,21,-13,19,-14,19,-12,21,-11,21,-10,22,-10,24,-10,24,-9,25,-8,25,-8,25,0,0,-5,27,-7,27,-6,26,-5,26,-4,24,-3,26,-2,23,-1,24,1,25,3,26,4,23,5,23,5,22,6,21,7,22,8,21,8,21,8,21,9,21,8,20,9,21,7,20,7,19,8,19,6,19,4,19,3,17,4,16,0,0,0,0,0,0]"
CSI_DATA,770820,1a:00:00:00:00:00,-61,11,-95,4,48,6,770820,47,0,128,0,"[0,0,0,0,0,0,0,0,12,21,9,20,8,24,9,26,5,27,4,30,2,27,1,27,-2,28,-3,27,-3,27,-4,26,-5,28,-5,28,-5,26,-4,28,-4,27,-4,28,-5,26,-6,24,-5,27,-3,26,-3,27,-3,28,-5,28,-4,28,-7,29,-6,29,0,0,-7,30,-8,28,-7,29,-9,28,-7,27,-8,27,-8,25,-6,24,-8,24,-6,25,-7,25,-6,24,-6,25,-5,24,-6,22,-7,24,-6,23,-8,25,-8,23,-8,22,-9,23,-10,21,-11,20,-13,18,-15,17,-15,16,-14,13,-16,13,0,0,0,0,0,0]"
CSI_DATA,776847,1a:00:00:00:00:00,-61,11,-95,4,48,6,776847,47,0,128,0,"[0,0,0,0,0,0,0,0,23,5,21,8,22,10,24,13,21,13,25,16,22,17,20,19,21,20,16,21,17,21,14,21,14,23,15,24,15,24,16,23,15,22,16,22,15,22,13,20,14,24,16,23,15,23,15,24,14,25,15,25,14,27,14,25,0,0,16,28,12,27,13,27,11,26,10,25,12,27,10,25,9,23,10,24,11,22,10,24,9,23,9,24,11,22,9,21,10,22,10,23,8,24,7,25,6,23,6,24,2,24,1,24,0,22,-2,22,-5,21,-5,18,-7,18,0,0,0,0,0,0]"
CSI_DATA,780820,1a:00:00:00:00:00,-61,11,-95,4,48,6,780820,47,0,128,0,"[0,0,0,0,0,0,0,0,7,23,4,22,5,24,3,26,1,26,1,29,-1,27,-3,27,-4,28,-6,25,-5,27,-6,25,-7,27,-9,27,-7,26,-6,27,-5,26,-5,27,-6,27,-6,25,-4,28,-5,26,-3,26,-4,27,-4,26,-4,28,-4,31,-7,27,0,0,-6,30,-6,30,-5,30,-6,28,-5,26,-4,28,-4,26,-5,25,-3,24,-3,24,-3,26,-3,25,-3,26,-1,24,-1,23,-2,25,0,24,-2,24,-2,26,-5,23,-3,24,-4,22,-6,22,-7,23,-10,21,-11,20,-10,14,-12,15,0,0,0,0,0,0]"
CSI_DATA,786820,1a:00:00:00:00:00,-61,11,-95,4,48,6,786820,47,0,128,0,"[0,0,0,0,0,0,0,0,-1,-23,1,-22,3,-24,5,-26,5,-25,7,-26,9,-25,11,-25,12,-26,15,-21,14,-24,16,-20,16,-22,17,-21,15,-21,14,-22,15,-22,13,-24,13,-22,14,-22,14,-22,14,-23,15,-23,14,-25,16,-23,14,-24,16,-25,17,-24,0,0,18,-26,16,-23,14,-24,17,-23,16,-21,16,-23,15,-20,15,-19,16,-21,16,-23,13,-23,14,-20,12,-22,12,-20,11,-22,13,-22,12,-22,14,-20,14,-20,17,-19,16,-19,16,-17,16,-15,17,-15,18,-13,19,-11,16,-8,18,-8,0,0,0,0,0,0]"
CSI_DATA,790821,1a:00:00:00:00:00,-61,11,-95,4,48,6,790821,47,0,128,0,"[0,0,0,0,0,0,0,0,4,22,3,22,2,24,1,26,0,26,-1,28,-3,27,-5,26,-5,27,-7,24,-7,26,-7,24,-7,25,-8,26,-7,27,-5,27,-5,26,-4,27,-3,25,-4,24,-3,27,-3,27,-1,27,-1,27,-4,28,0,30,-1,29,-3,28,0,0,-1,31,-2,29,-1,29,0,28,-2,27,0,28,1,25,0,25,1,24,2,24,3,24,3,24,4,24,5,23,5,23,6,23,7,23,5,24,4,25,2,23,4,24,2,22,0,23,0,22,-3,23,-4,20,-3,17,-5,18,0,0,0,0,0,0]"
CSI_DATA,796821,1a:00:00:00:00:00,-61,11,-95,4,48,6,796821,47,0,128,0,"[0,0,0,0,0,0,0,0,2,-24,5,-21,7,-24,7,-23,9,-24,9,-25,11,-24,13,-21,16,-23,16,-20,16,-22,17,-21,17,-21,17,-20,16,-21,15,-23,14,-21,13,-24,13,-22,14,-20,12,-22,12,-23,14,-22,13,-23,15,-25,13,-25,14,-25,13,-24,0,0,13,-26,14,-25,12,-25,15,-25,13,-22,13,-23,14,-22,12,-22,12,-23,10,-26,9,-24,8,-22,8,-24,8,-20,8,-22,7,-23,6,-24,9,-22,7,-23,9,-20,11,-23,10,-20,11,-19,10,-19,14,-18,13,-16,13,-13,13,-14,0,0,0,0,0,0]"
CSI_DATA,802821,1a:00:00:00:00:00,-62,11,-95,4,48,6,802821,47,0,128,0,"[0,0,0,0,0,0,0,0,-15,16,-16,14,-18,15,-21,15,-21,14,-23,14,-22,11,-25,9,-25,10,-26,7,-26,7,-25,6,-25,7,-26,6,-25,6,-25,6,-24,6,-25,8,-24,9,-24,7,-24,8,-24,7,-25,8,-26,10,-27,8,-25,10,-27,9,-26,8,0,0,-29,9,-27,7,-28,8,-26,10,-24,7,-26,9,-24,8,-24,6,-24,7,-26,8,-24,9,-22,7,-23,9,-21,10,-21,11,-21,9,-21,11,-22,9,-23,9,-22,7,-23,7,-22,5,-22,4,-21,3,-22,1,-21,1,-18,-2,-17,-3,0,0,0,0,0,0]"
CSI_DATA,808841,1a:00:00:00:00:00,-62,11,-95,4,48,6,808841,47,0,128,0,"[0,0,0,0,0,0,0,0,11,20,8,19,8,23,7,24,5,25,5,28,3,25,0,26,0,27,-3,24,-3,26,-4,24,-4,26,-6,25,-5,26,-4,27,-4,25,-2,27,-4,26,-4,24,-3,26,-2,27,-3,25,-2,26,-5,27,-4,28,-4,29,-6,27,0,0,-6,30,-6,28,-5,28,-5,27,-6,24,-4,27,-5,24,-5,24,-5,24,-5,26,-5,24,-5,24,-3,24,-3,23,-2,23,-3,22,-2,23,-4,24,-4,23,-5,23,-6,24,-8,21,-8,20,-10,20,-12,18,-13,17,-12,13,-12,14,0,0,0,0,0,0]"
CSI_DATA,812821,1a:00:00:00:00:00,-62,11,-95,4,48,6,812821,47,0,128,0,"[0,0,0,0,0,0,0,0,-14,17,-16,16,-17,17,-20,16,-19,14,-23,15,-24,13,-23,12,-24,12,-24,9,-24,10,-22,8,-24,10,-24,10,-22,9,-23,12,-22,10,-25,13,-22,11,-22,11,-22,12,-23,13,-23,12,-24,14,-24,13,-22,15,-23,16,-22,15,0,0,-25,17,-23,14,-23,16,-24,17,-21,14,-23,15,-21,13,-21,13,-20,14,-20,16,-18,18,-16,16,-17,16,-14,16,-16,17,-15,18,-14,18,-15,17,-17,18,-17,15,-18,16,-17,13,-18,13,-17,14,-19,12,-17,10,-17,7,-17,7,0,0,0,0,0,0]"
CSI_DATA,814821,1a:00:00:00:00:00,-62,11,-95,4,48,6,814821,47,0,128,0,"[0,0,0,0,0,0,0,0,-23,-1,-23,-4,-23,-5,-22,-6,-24,-8,-24,-10,-23,-11,-22,-12,-23,-13,-20,-16,-20,-15,-18,-17,-19,-17,-19,-19,-17,-18,-20,-17,-19,-17,-21,-16,-18,-16,-17,-16,-18,-16,-19,-17,-18,-17,-20,-18,-19,-19,-20,-18,-20,-20,-17,-21,0,0,-20,-20,-19,-20,-18,-20,-19,-21,-16,-19,-18,-20,-17,-20,-14,-19,-17,-19,-19,-19,-15,-18,-16,-19,-16,-18,-15,-18,-16,-16,-16,-16,-16,-17,-13,-18,-14,-18,-12,-18,-12,-19,-11,-19,-9,-20,-8,-20,-5,-21,-4,-20,-2,-19,-2,-18,0,0,0,0,0,0]"
CSI_DATA,816821,1a:00:00:00:00:00,-56,11,-95,4,43,6,816821,47,0,128,0,"[0,0,0,0,0,0,0,0,8,-14,9,-13,11,-15,11,-14,14,-14,13,-14,14,-13,15,-11,15,-13,15,-11,15,-11,14,-11,15,-12,15,-12,13,-12,13,-13,12,-13,11,-15,11,-14,11,-13,9,-14,12,-14,10,-15,10,-17,10,-17,9,-16,10,-18,11,-19,0,0,9,-19,8,-18,8,-19,8,-19,6,-17,7,-18,7,-18,4,-16,5,-17,3,-18,2,-18,2,-16,0,-16,0,-16,1,-17,0,-15,-1,-18,0,-17,0,-17,1,-17,0,-17,0,-16,1,-16,1,-17,4,-16,4,-13,5,-13,4,-12,0,0,0,0,0,0]"
CSI_DATA,820821,1a:00:00:00:00:00,-62,11,-95,4,48,6,820821,47,0,128,0,"[0,0,0,0,0,0,0,0,-2,22,-3,21,-4,22,-5,23,-5,24,-5,26,-7,26,-8,25,-8,26,-9,22,-8,25,-8,24,-7,24,-7,24,-5,26,-3,26,-3,24,-1,27,0,23,-1,24,2,24,5,27,4,25,6,26,5,26,8,25,11,27,7,27,0,0,9,27,12,27,11,24,13,24,13,21,15,23,13,21,13,20,13,18,17,18,18,16,18,15,18,14,18,13,20,12,19,12,21,11,20,11,20,11,20,12,20,11,20,11,20,10,19,10,18,12,16,12,14,11,14,11,0,0,0,0,0,0]"
CSI_DATA,826821,1a:00:00:00:00:00,-62,11,-95,4,48,6,826821,47,0,128,0,"[0,0,0,0,0,0,0,0,15,-16,15,-14,17,-17,18,-18,19,-17,21,-18,20,-16,20,-15,21,-14,20,-13,22,-15,21,-13,20,-14,22,-15,18,-15,18,-18,18,-18,17,-20,15,-18,15,-18,14,-20,14,-20,13,-21,13,-23,13,-24,11,-23,11,-27,13,-24,0,0,9,-28,9,-27,6,-26,7,-25,5,-23,5,-25,4,-24,4,-24,2,-24,1,-23,-1,-24,-2,-22,-3,-24,-4,-22,-5,-22,-6,-22,-6,-21,-6,-23,-6,-22,-4,-22,-7,-23,-6,-23,-4,-21,-4,-21,-4,-20,-2,-21,-2,-16,-3,-17,0,0,0,0,0,0]"
CSI_DATA,830821,1a:00:00:00:00:00,-56,11,-95,4,43,6,830821,47,0,128,0,"[0,0,0,0,0,0,0,0,13,9,12,10,12,13,11,13,10,16,10,16,9,16,8,17,9,18,4,18,5,17,5,17,5,17,4,17,4,17,6,19,5,17,5,18,5,17,4,17,5,18,5,18,6,18,5,19,6,18,7,20,6,19,4,18,0,0,3,20,4,20,4,19,3,20,4,17,4,19,4,17,3,18,2,17,3,16,4,16,5,16,4,18,5,15,4,14,4,14,5,18,4,15,3,17,3,16,4,17,1,17,0,16,0,15,-2,15,-2,14,-5,12,-4,11,0,0,0,0,0,0]"
CSI_DATA,836821,1a:00:00:00:00:00,-56,11,-95,4,43,6,836821,47,0,128,0,"[0,0,0,0,0,0,0,0,-5,-17,-3,-15,-2,-16,-1,-18,1,-19,2,-19,2,-19,4,-18,6,-19,7,-18,7,-17,7,-17,7,-17,9,-17,6,-17,7,-18,7,-16,8,-18,7,-16,7,-15,7,-16,7,-17,7,-16,9,-16,8,-18,7,-20,10,-16,7,-16,0,0,8,-18,12,-17,9,-17,12,-17,10,-15,10,-16,9,-15,9,-14,9,-14,8,-15,8,-15,7,-14,8,-14,7,-14,9,-14,8,-13,8,-15,10,-14,9,-13,11,-13,11,-13,11,-11,12,-11,10,-10,12,-8,13,-6,13,-4,11,-5,0,0,0,0,0,0]"
CSI_DATA,840821,1a:00:00:00:00:00,-57,11,-95,4,43,6,840821,47,0,128,0,"[0,0,0,0,0,0,0,0,11,12,9,13,9,14,9,15,8,17,8,18,7,18,4,17,5,18,2,16,3,18,2,18,2,18,2,19,4,18,5,18,3,17,5,18,4,17,4,15,3,18,6,17,5,18,5,17,6,19,6,18,8,20,7,17,0,0,4,19,4,20,6,19,6,19,6,17,5,18,5,17,5,16,4,18,7,17,7,16,8,15,8,16,7,14,8,14,8,14,8,15,6,16,7,15,5,15,5,15,4,16,5,15,4,15,2,14,1,14,-1,12,-1,13,0,0,0,0,0,0]"
CSI_DATA,846821,1a:00:00:00:00:00,-57,11,-95,4,43,6,846821,47,0,128,0,"[0,0,0,0,0,0,0,0,-3,-16,-2,-15,-1,-16,0,-16,2,-18,2,-18,4,-18,3,-17,6,-17,8,-16,7,-17,8,-17,7,-17,7,-18,7,-17,6,-17,7,-16,7,-18,5,-16,7,-17,6,-17,5,-16,5,-18,7,-18,6,-19,6,-17,7,-18,7,-18,0,0,7,-16,6,-18,7,-18,8,-18,8,-16,6,-18,7,-16,6,-14,7,-16,4,-16,5,-16,4,-16,4,-15,4,-14,5,-15,5,-15,4,-16,4,-14,6,-16,6,-15,7,-14,6,-14,7,-15,8,-13,8,-12,9,-10,9,-10,9,-7,0,0,0,0,0,0]"
CSI_DATA,848821,1a:00:00:00:00:00,-57,11,-95,4,43,6,848821,47,0,128,0,"[0,0,0,0,0,0,0,0,15,5,15,6,16,6,15,7,15,7,17,8,16,9,16,9,17,9,16,9,15,11,15,9,17,8,17,7,16,6,17,6,16,5,19,4,16,5,16,4,17,3,17,3,17,3,19,2,21,1,18,-1,19,0,20,-1,0,0,19,-2,20,-2,17,-2,19,-3,16,-2,18,-5,17,-4,16,-4,16,-4,15,-8,15,-7,15,-7,13,-8,12,-8,14,-9,12,-9,13,-11,11,-11,11,-11,13,-9,14,-10,13,-9,11,-10,11,-10,12,-9,12,-7,11,-6,11,-5,0,0,0,0,0,0]"
CSI_DATA,850821,1a:00:00:00:00:00,-57,11,-95,4,43,6,850821,47,0,128,0,"[0,0,0,0,0,0,0,0,7,14,7,12,8,13,7,15,6,17,6,19,5,17,5,18,3,18,3,18,3,17,3,17,2,18,3,17,4,18,5,18,4,17,4,18,6,15,4,16,5,17,6,18,7,17,6,17,8,17,9,18,9,19,9,17,0,0,9,19,8,17,8,18,9,18,7,16,9,18,8,15,10,14,7,14,9,14,10,14,9,13,10,12,11,11,10,11,10,12,11,11,11,13,11,13,9,12,9,12,7,13,7,12,9,12,7,12,6,13,4,11,4,12,0,0,0,0,0,0]"
CSI_DATA,856821,1a:00:00:00:00:00,-57,11,-95,4,43,6,856821,47,0,128,0,"[0,0,0,0,0,0,0,0,1,-16,1,-15,4,-16,5,-17,6,-17,6,-17,7,-17,8,-15,9,-16,10,-15,10,-16,8,-15,9,-16,10,-15,8,-16,8,-16,8,-15,9,-17,8,-14,8,-13,6,-16,7,-17,6,-16,7,-17,8,-18,6,-17,6,-18,9,-17,0,0,6,-21,6,-18,5,-17,6,-18,6,-15,5,-18,4,-16,5,-15,4,-16,4,-16,4,-17,2,-15,2,-16,2,-16,4,-15,3,-14,2,-16,2,-15,2,-17,4,-15,3,-16,4,-14,4,-15,4,-14,5,-14,6,-12,6,-10,8,-10,0,0,0,0,0,0]"
CSI_DATA,862821,1a:00:00:00:00:00,-57,11,-95,4,43,6,862821,47,0,128,0,"[0,0,0,0,0,0,0,0,-7,15,-7,14,-8,13,-9,14,-12,14,-12,13,-13,14,-13,13,-14,12,-14,10,-15,10,-14,10,-15,10,-15,10,-14,12,-13,11,-12,10,-15,12,-13,10,-13,9,-13,10,-13,11,-13,11,-12,11,-14,14,-13,13,-13,13,-15,14,0,0,-14,15,-15,13,-13,12,-14,12,-13,12,-13,12,-13,11,-11,10,-12,12,-12,14,-11,14,-10,12,-10,12,-9,12,-10,14,-8,12,-10,13,-10,13,-11,13,-11,12,-11,12,-11,10,-10,10,-12,9,-12,9,-12,6,-11,5,-11,3,0,0,0,0,0,0]"
CSI_DATA,866821,1a:00:00:00:00:00,-57,11,-95,4,43,6,866821,47,0,128,0,"[0,0,0,0,0,0,0,0,4,-15,5,-15,7,-15,6,-15,8,-15,8,-16,10,-16,10,-14,11,-16,10,-13,10,-15,10,-14,11,-14,10,-14,9,-15,8,-16,9,-14,9,-15,8,-14,8,-14,7,-16,7,-17,6,-16,6,-16,7,-18,6,-18,5,-19,3,-17,0,0,7,-19,5,-18,5,-17,6,-17,5,-16,4,-17,4,-16,2,-16,2,-16,0,-16,1,-16,0,-15,0,-16,-1,-16,-1,-16,-1,-15,-2,-17,-2,-15,0,-17,-1,-15,-1,-17,1,-15,0,-16,1,-14,3,-14,3,-14,4,-12,4,-12,0,0,0,0,0,0]"
CSI_DATA,872821,1a:00:00:00:00:00,-57,11,-95,4,43,6,872821,47,0,128,0,"[0,0,0,0,0,0,0,0,-8,13,-8,12,-10,12,-12,12,-13,11,-14,12,-14,12,-14,10,-17,11,-15,9,-15,8,-14,9,-16,10,-15,10,-13,10,-13,9,-14,10,-15,10,-14,9,-14,8,-13,11,-14,12,-13,12,-13,12,-13,12,-13,14,-14,15,-14,13,0,0,-12,13,-12,14,-14,13,-13,11,-12,12,-11,12,-11,11,-10,13,-11,13,-10,14,-9,14,-7,13,-8,14,-5,13,-8,13,-8,14,-7,13,-8,14,-8,14,-9,13,-8,14,-8,13,-7,11,-9,11,-10,10,-9,10,-9,7,-9,7,0,0,0,0,0,0]"
CSI_DATA,882821,1a:00:00:00:00:00,-57,11,-95,4,44,6,882821,47,0,128,0,"[0,0,0,0,0,0,0,0,-12,13,-14,10,-15,11,-16,11,-16,10,-18,9,-17,9,-16,9,-18,9,-18,7,-17,8,-17,8,-18,7,-18,9,-16,9,-17,8,-16,10,-16,11,-16,10,-15,9,-14,10,-13,11,-14,12,-13,13,-14,15,-14,14,-15,15,-15,14,0,0,-14,16,-16,16,-14,16,-15,15,-12,15,-11,16,-12,15,-10,14,-10,17,-8,18,-8,17,-7,15,-6,17,-5,15,-7,16,-6,16,-4,17,-4,17,-6,17,-6,15,-6,17,-6,15,-6,15,-6,15,-7,14,-8,14,-8,11,-7,11,0,0,0,0,0,0]"
CSI_DATA,886821,1a:00:00:00:00:00,-57,11,-95,4,44,6,886821,47,0,128,0,"[0,0,0,0,0,0,0,0,9,-15,10,-13,11,-13,11,-14,12,-14,13,-16,13,-16,12,-13,14,-14,14,-13,13,-14,12,-14,13,-13,13,-15,12,-15,11,-16,10,-15,10,-18,10,-16,8,-15,7,-18,8,-18,6,-19,4,-18,5,-20,5,-21,4,-22,3,-20,0,0,4,-21,3,-22,1,-19,2,-20,-1,-19,0,-19,-2,-18,-2,-18,-3,-18,-4,-17,-4,-17,-5,-17,-6,-17,-8,-14,-7,-15,-7,-14,-10,-15,-9,-15,-9,-15,-8,-13,-9,-14,-8,-13,-10,-15,-9,-13,-8,-13,-6,-14,-5,-13,-6,-12,0,0,0,0,0,0]"
CSI_DATA,890821,1a:00:00:00:00:00,-57,11,-95,4,43,6,890821,47,0,128,0,"[0,0,0,0,0,0,0,0,14,7,12,8,13,8,13,9,13,11,13,13,13,13,10,12,11,13,9,14,9,14,10,15,8,14,8,14,9,14,9,12,9,14,10,14,9,14,10,12,9,13,10,15,11,13,11,15,10,17,11,14,12,16,13,15,0,0,10,16,7,16,9,16,9,16,9,13,9,15,8,13,9,14,9,14,12,13,11,13,10,13,10,13,10,10,9,12,10,12,10,11,9,12,10,12,8,12,8,12,7,13,7,14,5,14,5,13,4,13,1,11,1,12,0,0,0,0,0,0]"
CSI_DATA,894821,1a:00:00:00:00:00,-57,11,-95,4,44,6,894821,47,0,128,0,"[0,0,0,0,0,0,0,0,-18,0,-16,-2,-17,-2,-17,-3,-19,-5,-19,-4,-18,-7,-18,-6,-18,-6,-17,-8,-17,-7,-17,-8,-17,-8,-18,-7,-18,-7,-18,-7,-16,-7,-19,-6,-18,-7,-18,-6,-17,-4,-19,-5,-18,-6,-18,-5,-20,-4,-21,-3,-18,-1,-18,-3,0,0,-22,-4,-19,-4,-20,-5,-20,-4,-17,-4,-20,-3,-18,-2,-18,-2,-17,0,-17,1,-16,1,-16,0,-17,2,-16,2,-16,1,-16,1,-17,2,-16,2,-19,1,-16,1,-17,1,-16,0,-16,1,-15,-2,-15,-2,-14,-3,-13,-5,-13,-4,0,0,0,0,0,0]"
CSI_DATA,900821,1a:00:00:00:00:00,-57,11,-95,4,44,6,900821,47,0,128,0,"[0,0,0,0,0,0,0,0,14,9,14,10,14,10,14,13,13,14,14,15,12,16,11,15,11,16,9,15,10,16,7,17,9,17,9,18,9,16,10,16,9,15,12,15,11,15,10,14,10,16,11,14,12,15,13,16,14,17,13,16,13,15,10,15,0,0,14,14,12,15,10,15,14,14,12,14,13,15,13,14,12,14,12,14,13,13,14,12,11,11,13,11,12,10,14,10,13,10,14,11,12,10,14,11,13,10,12,11,11,13,11,12,11,11,8,13,10,13,6,12,6,12,0,0,0,0,0,0]"
CSI_DATA,904821,1a:00:00:00:00:00,-57,11,-95,4,44,6,904821,47,0,128,0,"[0,0,0,0,0,0,0,0,-15,-6,-15,-8,-16,-8,-15,-8,-16,-9,-17,-10,-15,-11,-17,-11,-17,-12,-14,-11,-15,-11,-13,-12,-16,-12,-16,-11,-14,-11,-15,-11,-15,-10,-18,-9,-17,-8,-14,-9,-16,-10,-16,-8,-17,-7,-18,-6,-18,-6,-18,-7,-20,-7,-19,-6,0,0,-21,-4,-21,-5,-19,-6,-19,-5,-17,-4,-19,-3,-19,-3,-18,-2,-16,-1,-16,-1,-18,-1,-15,0,-18,0,-16,1,-17,3,-17,3,-17,4,-17,3,-18,4,-14,4,-17,4,-17,1,-16,1,-16,1,-15,-1,-14,-3,-12,-2,-12,-2,0,0,0,0,0,0]"
CSI_DATA,911055,1a:00:00:00:00:00,-57,11,-95,4,44,6,911055,47,0,128,0,"[0,0,0,0,0,0,0,0,-5,-15,-3,-16,-2,-17,-2,-18,-1,-19,-1,-20,2,-19,2,-18,1,-19,2,-18,3,-19,2,-19,3,-19,4,-19,2,-19,2,-19,1,-18,1,-20,1,-18,1,-17,-1,-20,-2,-19,-2,-19,-2,-19,-2,-20,-3,-20,-3,-21,0,-18,0,0,-6,-20,-2,-22,-4,-21,-3,-18,-3,-18,-4,-19,-4,-18,-4,-17,-4,-17,-5,-17,-5,-19,-6,-15,-7,-17,-7,-15,-7,-15,-7,-15,-9,-15,-8,-15,-7,-15,-6,-15,-8,-15,-6,-14,-6,-15,-5,-14,-3,-14,-3,-14,-1,-12,-1,-14,0,0,0,0,0,0]"
CSI_DATA,914821,1a:00:00:00:00:00,-57,11,-95,4,44,6,914821,47,0,128,0,"[0,0,0,0,0,0,0,0,-14,-8,-13,-10,-14,-10,-14,-10,-13,-11,-15,-12,-13,-12,-14,-13,-14,-13,-13,-13,-14,-13,-11,-13,-14,-13,-15,-14,-14,-12,-13,-11,-15,-12,-18,-10,-16,-7,-14,-7,-16,-7,-17,-7,-16,-7,-17,-6,-18,-5,-17,-7,-20,-5,-20,-5,0,0,-20,-4,-19,-4,-19,-2,-22,-3,-19,-2,-18,0,-17,-1,-17,-1,-16,1,-16,1,-18,2,-17,3,-17,3,-15,5,-15,5,-16,5,-15,8,-16,6,-16,7,-15,6,-16,6,-15,6,-16,5,-14,4,-15,4,-15,4,-12,2,-13,2,0,0,0,0,0,0]"
CSI_DATA,920821,1a:00:00:00:00:00,-57,11,-95,4,44,6,920821,47,0,128,0,"[0,0,0,0,0,0,0,0,10,13,9,13,10,13,10,14,9,15,10,19,9,17,8,16,8,18,6,17,8,17,6,17,8,18,6,16,7,17,7,16,10,16,11,16,10,16,12,13,12,15,12,15,12,15,13,14,15,14,14,13,16,14,14,14,0,0,19,13,17,14,17,11,17,12,15,12,16,10,14,10,16,10,17,9,18,7,16,6,15,5,17,4,14,5,16,4,16,2,16,3,17,2,17,3,15,3,16,4,15,4,15,5,15,4,15,4,13,6,11,6,11,7,0,0,0,0,0,0]"
CSI_DATA,924821,1a:00:00:00:00:00,-57,11,-95,4,44,6,924821,47,0,128,0,"[0,0,0,0,0,0,0,0,-14,10,-13,8,-15,9,-16,8,-17,6,-18,6,-18,4,-19,3,-19,2,-18,-1,-19,1,-18,-1,-19,1,-20,-2,-17,-2,-18,-1,-17,-2,-20,0,-17,0,-18,0,-18,-2,-18,-2,-18,-2,-18,-3,-18,-2,-18,-2,-19,-3,-20,-3,0,0,-21,-5,-21,-4,-20,-5,-20,-5,-18,-5,-18,-5,-16,-5,-15,-6,-17,-4,-17,-3,-16,-4,-16,-4,-17,-4,-15,-2,-16,-3,-16,-3,-17,-4,-16,-4,-16,-5,-15,-6,-16,-6,-14,-9,-14,-9,-13,-8,-13,-10,-12,-10,-7,-10,-7,-10,0,0,0,0,0,0]"
CSI_DATA,930821,1a:00:00:00:00:00,-57,11,-95,4,44,6,930821,47,0,128,0,"[0,0,0,0,0,0,0,0,6,15,3,16,6,16,6,18,5,19,4,19,5,20,3,17,4,19,1,18,4,19,1,18,4,17,5,18,4,17,6,17,6,17,8,18,10,15,9,15,8,16,10,16,10,16,12,16,13,15,14,16,13,16,14,13,0,0,17,15,14,15,16,12,15,12,14,11,16,11,15,10,14,9,16,8,18,6,17,4,16,5,16,6,15,5,16,2,17,1,17,1,17,2,16,0,16,1,16,1,16,2,16,3,15,3,14,3,15,4,11,5,12,5,0,0,0,0,0,0]"
CSI_DATA,934821,1a:00:00:00:00:00,-57,11,-95,4,44,6,934821,47,0,128,0,"[0,0,0,0,0,0,0,0,-13,11,-13,8,-14,9,-16,7,-17,6,-17,6,-18,5,-18,5,-19,4,-18,1,-18,2,-18,0,-19,2,-20,1,-18,0,-18,1,-17,2,-21,3,-17,1,-18,2,-18,2,-18,2,-18,2,-18,3,-19,3,-18,3,-19,3,-17,1,0,0,-21,5,-20,2,-18,2,-20,1,-17,1,-18,2,-17,0,-17,-3,-15,2,-17,3,-17,2,-16,2,-17,2,-14,2,-18,3,-16,4,-17,2,-16,2,-17,2,-17,0,-17,1,-16,-1,-16,-1,-15,-1,-15,-3,-14,-5,-10,-4,-12,-6,0,0,0,0,0,0]"
CSI_DATA,940821,1a:00:00:00:00:00,-58,11,-95,4,44,6,940821,47,0,128,0,"[0,0,0,0,0,0,0,0,16,-3,16,-1,18,-2,18,0,19,2,19,4,19,4,17,5,19,6,16,7,16,8,16,9,17,8,16,10,15,9,15,9,15,8,16,9,15,8,15,7,16,7,17,9,17,9,17,10,16,10,17,10,19,11,18,12,0,0,17,7,18,11,18,10,17,10,16,11,17,11,15,12,13,10,15,9,16,8,15,8,14,9,15,7,13,7,15,8,15,8,14,8,13,8,15,9,13,11,13,12,12,12,10,12,10,11,8,11,8,13,4,12,4,12,0,0,0,0,0,0]"
CSI_DATA,944821,1a:00:00:00:00:00,-58,11,-95,4,44,6,944821,47,0,128,0,"[0,0,0,0,0,0,0,0,-15,6,-15,5,-17,5,-18,4,-18,2,-18,3,-19,1,-18,0,-20,0,-19,-3,-19,-1,-17,-3,-19,-2,-20,-3,-18,-3,-19,-2,-16,-1,-20,0,-19,1,-16,0,-18,-1,-17,-1,-18,0,-19,0,-20,1,-19,0,-18,0,-19,-1,0,0,-19,2,-20,0,-18,2,-19,0,-16,-1,-19,1,-19,0,-17,1,-16,2,-17,3,-18,4,-16,3,-16,4,-15,4,-17,4,-15,4,-15,5,-17,4,-15,5,-16,3,-16,3,-16,1,-15,1,-14,2,-15,-1,-14,-1,-11,-2,-12,-3,0,0,0,0,0,0]"
CSI_DATA,950821,1a:00:00:00:00:00,-57,11,-95,4,44,6,950821,47,0,128,0,"[0,0,0,0,0,0,0,0,15,3,16,3,18,3,18,5,18,8,17,8,17,10,16,8,16,11,14,11,15,11,14,13,14,13,16,13,14,12,16,11,14,11,16,10,16,9,14,10,14,9,16,11,15,12,16,12,17,11,17,11,15,11,16,11,0,0,19,11,19,11,15,11,17,12,15,11,15,12,15,10,13,11,15,9,17,7,15,7,15,7,15,8,15,6,16,6,15,5,15,6,14,8,14,7,14,8,13,8,13,10,13,9,11,10,10,10,9,11,8,12,8,12,0,0,0,0,0,0]"
CSI_DATA,954821,1a:00:00:00:00:00,-58,11,-95,4,44,6,954821,47,0,128,0,"[0,0,0,0,0,0,0,0,-17,3,-15,2,-18,2,-18,2,-18,0,-20,0,-18,-1,-18,-2,-21,-4,-17,-4,-18,-3,-16,-5,-19,-3,-18,-4,-18,-3,-19,-4,-16,-3,-19,-2,-17,0,-18,0,-18,0,-18,0,-18,0,-19,2,-20,2,-19,1,-20,2,-19,1,0,0,-22,2,-19,2,-18,2,-18,3,-17,2,-19,2,-17,2,-17,3,-16,4,-17,5,-16,6,-15,5,-16,8,-15,6,-15,8,-13,8,-15,8,-15,8,-16,7,-15,6,-15,7,-15,5,-15,5,-14,5,-14,3,-13,2,-12,1,-12,2,0,0,0,0,0,0]"
CSI_DATA,960821,1a:00:00:00:00:00,-57,11,-95,4,44,6,960821,47,0,128,0,"[0,0,0,0,0,0,0,0,15,5,14,7,16,7,16,7,16,11,16,11,16,11,14,11,14,14,12,12,15,13,12,14,13,14,14,13,13,13,15,12,13,12,16,11,15,11,13,11,14,12,14,11,15,11,16,11,16,13,17,10,16,9,16,9,0,0,19,13,16,11,17,11,17,11,16,9,18,9,16,9,14,9,16,8,16,8,18,7,15,5,16,5,16,5,17,3,16,4,17,5,16,4,15,5,15,7,16,6,15,6,14,8,15,7,13,7,13,7,10,9,10,8,0,0,0,0,0,0]"
CSI_DATA,964821,1a:00:00:00:00:00,-58,11,-95,4,44,6,964821,47,0,128,0,"[0,0,0,0,0,0,0,0,-15,-3,-14,-3,-17,-4,-17,-5,-17,-5,-17,-5,-16,-7,-16,-8,-18,-8,-17,-7,-17,-9,-15,-9,-17,-8,-17,-8,-16,-7,-17,-6,-16,-6,-19,-5,-17,-3,-17,-4,-17,-3,-17,-3,-17,-3,-18,-3,-19,0,-19,0,-20,-1,-19,-1,0,0,-20,1,-21,1,-20,1,-19,2,-18,2,-19,2,-18,2,-18,2,-18,3,-18,4,-16,6,-16,7,-15,6,-12,7,-16,8,-14,7,-14,9,-14,9,-16,8,-15,7,-15,7,-14,7,-14,6,-13,6,-15,6,-13,4,-13,2,-12,3,0,0,0,0,0,0]"
CSI_DATA,966821,1a:00:00:00:00:00,-57,11,-95,4,44,6,966821,47,0,128,0,"[0,0,0,0,0,0,0,0,-13,-12,-10,-12,-12,-14,-10,-14,-10,-16,-9,-17,-8,-17,-7,-16,-6,-19,-4,-17,-5,-18,-4,-18,-5,-17,-4,-18,-6,-18,-6,-18,-4,-16,-8,-17,-5,-16,-6,-16,-8,-18,-7,-18,-6,-18,-8,-17,-7,-17,-9,-17,-9,-18,-7,-17,0,0,-9,-18,-8,-19,-8,-18,-8,-18,-7,-16,-10,-18,-8,-16,-6,-17,-8,-17,-11,-16,-11,-15,-9,-14,-10,-15,-9,-13,-9,-12,-9,-13,-11,-14,-9,-13,-10,-15,-7,-14,-7,-15,-7,-14,-7,-15,-6,-13,-5,-14,-3,-14,-3,-13,-2,-13,0,0,0,0,0,0]"
CSI_DATA,974821,1a:00:00:00:00:00,-58,11,-95,4,44,6,974821,47,0,128,0,"[0,0,0,0,0,0,0,0,-16,-6,-14,-5,-17,-6,-16,-5,-16,-8,-18,-7,-17,-9,-16,-8,-17,-9,-16,-9,-15,-9,-16,-9,-16,-9,-17,-9,-16,-7,-17,-7,-16,-5,-20,-5,-17,-5,-16,-3,-16,-2,-18,-3,-17,0,-17,-2,-20,1,-20,0,-21,3,-17,2,0,0,-21,2,-20,2,-19,5,-20,4,-17,4,-19,5,-17,5,-15,6,-16,6,-17,10,-15,10,-13,9,-13,10,-12,9,-13,11,-11,11,-12,12,-10,12,-13,12,-12,11,-12,12,-12,9,-11,11,-11,11,-12,10,-12,8,-10,7,-12,6,0,0,0,0,0,0]"
CSI_DATA,980821,1a:00:00:00:00:00,-58,11,-95,4,44,6,980821,47,0,128,0,"[0,0,0,0,0,0,0,0,10,12,10,12,12,13,10,15,9,15,10,17,9,17,8,15,9,16,6,16,9,17,7,15,10,14,9,15,10,15,10,14,9,14,12,15,12,12,12,13,12,12,12,14,13,12,13,11,14,12,16,12,18,11,14,11,0,0,18,11,16,11,16,10,19,8,14,8,18,9,15,8,16,7,15,6,16,3,17,3,16,1,16,3,16,1,17,0,16,-1,16,0,16,1,17,-1,16,1,18,0,16,1,17,1,15,1,15,1,14,2,12,4,12,4,0,0,0,0,0,0]"
CSI_DATA,984821,1a:00:00:00:00:00,-58,11,-95,4,44,6,984821,47,0,128,0,"[0,0,0,0,0,0,0,0,-11,13,-10,11,-12,11,-13,10,-15,10,-16,10,-15,7,-16,9,-18,7,-18,5,-17,5,-18,3,-18,4,-18,5,-16,4,-18,5,-17,5,-18,5,-17,5,-16,4,-17,4,-18,3,-17,3,-18,4,-18,4,-18,4,-21,5,-20,5,0,0,-19,2,-20,4,-19,4,-21,2,-18,2,-18,2,-18,1,-15,1,-18,1,-19,4,-17,4,-16,2,-17,4,-14,4,-17,4,-14,4,-16,3,-16,1,-17,1,-16,0,-18,0,-15,-2,-16,-2,-14,-3,-15,-3,-14,-5,-12,-5,-12,-6,0,0,0,0,0,0]"
CSI_DATA,988821,1a:00:00:00:00:00,-58,11,-95,4,44,6,988821,47,0,128,0,"[0,0,0,0,0,0,0,0,8,-14,8,-12,10,-15,10,-14,12,-13,12,-14,14,-13,15,-11,16,-12,15,-10,16,-9,14,-10,16,-9,15,-11,15,-10,13,-11,14,-11,15,-12,13,-10,13,-10,14,-11,14,-12,13,-11,14,-12,15,-13,15,-15,14,-13,15,-13,0,0,15,-13,15,-12,15,-12,16,-12,14,-12,14,-13,12,-12,12,-11,13,-13,10,-15,11,-14,8,-14,10,-15,9,-13,10,-12,10,-13,9,-14,10,-13,10,-13,11,-11,11,-12,11,-11,11,-11,11,-10,11,-10,12,-8,12,-5,12,-5,0,0,0,0,0,0]"
CSI_DATA,992821,1a:00:00:00:00:00,-58,11,-95,4,44,6,992821,47,0,128,0,"[0,0,0,0,0,0,0,0,-2,16,-4,15,-4,17,-6,16,-6,18,-6,19,-8,17,-9,16,-8,16,-10,16,-9,15,-9,16,-8,15,-9,17,-8,16,-8,16,-6,16,-6,18,-7,16,-7,16,-4,17,-5,17,-4,17,-6,17,-3,20,-2,19,-3,21,-2,17,0,0,-2,22,-3,21,-3,19,-2,19,-1,18,-1,19,-1,18,1,18,0,17,0,16,2,18,4,16,3,17,3,14,2,16,4,16,5,16,4,17,4,17,3,16,4,16,3,15,5,16,3,16,1,15,0,13,0,12,-1,12,0,0,0,0,0,0]"
CSI_DATA,998821,1a:00:00:00:00:00,-58,11,-95,4,44,6,998821,47,0,128,0,"[0,0,0,0,0,0,0,0,9,-12,10,-10,12,-11,13,-12,14,-11,15,-11,15,-11,16,-10,17,-10,16,-8,17,-9,16,-9,17,-9,17,-10,16,-9,15,-10,14,-9,17,-10,15,-9,16,-10,15,-12,15,-11,13,-12,14,-12,14,-15,14,-13,14,-15,14,-13,0,0,16,-13,13,-15,14,-14,15,-14,12,-13,13,-15,11,-14,11,-13,11,-13,9,-15,9,-15,7,-14,8,-14,7,-14,8,-14,8,-15,7,-15,7,-14,7,-16,8,-13,7,-14,8,-13,7,-13,9,-12,9,-11,9,-10,10,-8,10,-8,0,0,0,0,0,0]"
CSI_DATA,1002821,1a:00:00:00:00:00,-63,11,-95,4,46,6,1002821,47,0,128,0,"[0,0,0,0,0,0,0,0,-6,14,-7,13,-9,13,-9,14,-10,14,-11,15,-12,14,-12,13,-11,15,-12,12,-11,13,-12,13,-12,13,-12,13,-12,14,-9,14,-8,13,-9,16,-8,15,-8,14,-7,16,-7,17,-6,17,-5,16,-6,17,-5,18,-4,18,-5,18,0,0,-3,18,-5,20,-4,19,-3,19,-2,17,-1,19,-2,17,0,15,2,17,2,16,3,17,5,16,4,15,6,14,5,15,5,15,6,15,6,15,6,16,4,14,6,15,5,14,5,15,4,14,3,14,2,14,1,12,2,12,0,0,0,0,0,0]"
CSI_DATA,1008821,1a:00:00:00:00:00,-63,11,-95,4,46,6,1008821,47,0,128,0,"[0,0,0,0,0,0,0,0,10,-10,12,-7,14,-8,14,-10,15,-9,16,-9,16,-8,16,-7,17,-7,16,-5,17,-7,16,-7,18,-6,16,-7,15,-7,16,-8,14,-9,15,-10,15,-9,14,-8,13,-10,12,-11,12,-11,13,-12,13,-13,13,-12,15,-15,14,-12,0,0,15,-15,12,-14,12,-15,12,-14,10,-13,9,-15,8,-15,8,-14,8,-16,6,-16,6,-15,6,-14,5,-16,5,-14,4,-16,4,-15,2,-16,4,-15,4,-16,4,-15,4,-15,5,-14,5,-15,6,-14,6,-13,7,-12,6,-10,7,-10,0,0,0,0,0,0]"
CSI_DATA,1013449,1a:00:00:00:00:00,-63,11,-95,4,46,6,1013449,47,0,128,0,"[0,0,0,0,0,0,0,0,0,14,-1,14,-1,16,-3,17,-3,18,-2,18,-3,17,-4,16,-4,17,-6,15,-4,18,-6,17,-5,17,-5,17,-3,18,-2,18,-1,16,1,19,1,16,1,15,3,17,2,17,2,18,3,18,4,18,6,20,6,20,6,19,0,0,6,19,7,18,7,17,8,17,8,15,8,15,8,15,8,15,11,13,11,12,11,12,11,11,11,11,12,10,14,10,13,8,14,8,12,9,12,9,13,9,12,10,11,9,12,10,12,10,12,10,10,9,8,9,9,9,0,0,0,0,0,0]"
CSI_DATA,1015917,1a:00:00:00:00:00,-63,11,-95,4,46,6,1015917,47,0,128,0,"[0,0,0,0,0,0,0,0,-14,-5,-14,-5,-14,-8,-15,-9,-14,-10,-16,-11,-14,-11,-14,-12,-13,-11,-12,-12,-12,-11,-11,-12,-12,-14,-12,-13,-12,-13,-12,-12,-13,-12,-14,-12,-12,-10,-12,-10,-14,-11,-15,-11,-13,-11,-13,-11,-15,-11,-14,-12,-15,-12,-16,-10,0,0,-18,-12,-16,-11,-15,-11,-16,-10,-13,-10,-16,-10,-15,-9,-14,-8,-15,-8,-16,-7,-16,-8,-15,-7,-14,-6,-13,-6,-14,-5,-15,-4,-14,-6,-15,-5,-16,-5,-14,-6,-15,-7,-14,-7,-13,-7,-11,-8,-11,-9,-11,-9,-8,-8,-7,-9,0,0,0,0,0,0]"
CSI_DATA,1018822,1a:00:00:00:00:00,-63,11,-95,4,46,6,1018822,47,0,128,0,"[0,0,0,0,0,0,0,0,13,-9,12,-8,14,-8,14,-7,16,-7,16,-8,17,-7,16,-6,17,-6,15,-6,17,-7,16,-7,16,-7,17,-8,16,-8,14,-9,13,-9,16,-10,14,-9,13,-9,13,-11,13,-11,12,-14,12,-12,11,-14,12,-14,11,-16,12,-15,0,0,10,-16,11,-17,10,-16,10,-16,9,-15,6,-16,6,-16,6,-15,6,-15,3,-15,4,-17,2,-16,1,-16,0,-15,0,-16,0,-14,-1,-16,0,-15,-1,-16,-1,-15,-1,-15,-2,-14,-1,-15,0,-14,1,-14,2,-13,2,-12,2,-11,0,0,0,0,0,0]"
CSI_DATA,1024822,1a:00:00:00:00:00,-63,11,-95,4,46,6,1024822,47,0,128,0,"[0,0,0,0,0,0,0,0,-15,3,-15,2,-16,2,-17,3,-15,2,-17,2,-17,0,-17,1,-18,1,-17,-1,-18,0,-16,-2,-17,0,-17,-1,-17,0,-17,1,-17,2,-17,4,-16,3,-16,4,-16,5,-16,6,-16,5,-15,7,-18,7,-16,8,-17,9,-17,8,0,0,-17,10,-17,8,-15,11,-15,10,-13,9,-14,11,-13,10,-13,11,-13,11,-12,13,-11,13,-9,12,-10,13,-8,13,-7,13,-8,13,-7,15,-8,13,-7,14,-7,13,-7,14,-7,13,-8,12,-8,13,-9,11,-9,12,-7,8,-8,9,0,0,0,0,0,0]"
CSI_DATA,1029794,1a:00:00:00:00:00,-63,11,-95,4,46,6,1029794,47,0,128,0,"[0,0,0,0,0,0,0,0,-5,-14,-4,-14,-4,-14,-5,-15,-3,-16,-3,-17,-2,-18,-2,-17,-1,-18,-1,-16,-2,-17,-1,-17,-3,-17,-3,-17,-3,-16,-5,-16,-4,-16,-7,-16,-6,-15,-5,-14,-7,-16,-8,-15,-9,-15,-8,-16,-10,-14,-10,-15,-11,-14,-11,-14,0,0,-14,-14,-14,-15,-12,-14,-12,-12,-14,-12,-14,-12,-13,-11,-12,-10,-12,-8,-13,-6,-14,-6,-15,-7,-16,-5,-14,-6,-14,-4,-15,-4,-15,-3,-15,-3,-16,-3,-15,-3,-15,-2,-15,-4,-15,-3,-14,-4,-12,-4,-12,-5,-10,-6,-12,-5,0,0,0,0,0,0]"
CSI_DATA,1034822,1a:00:00:00:00:00,-63,11,-95,4,46,6,1034822,47,0,128,0,"[0,0,0,0,0,0,0,0,-7,14,-8,14,-8,13,-9,14,-11,12,-12,13,-12,11,-14,12,-14,10,-15,10,-16,9,-15,8,-16,8,-16,8,-15,7,-16,7,-15,7,-16,8,-16,8,-16,7,-16,7,-15,8,-15,8,-15,5,-18,8,-17,8,-17,7,-17,6,0,0,-18,9,-18,6,-18,4,-16,4,-17,4,-17,5,-16,4,-15,4,-16,5,-16,5,-17,5,-15,4,-15,4,-15,4,-15,4,-15,3,-15,4,-17,3,-16,3,-15,1,-16,1,-15,0,-14,-1,-14,-2,-13,-3,-12,-5,-11,-5,-11,-5,0,0,0,0,0,0]"
CSI_DATA,1038822,1a:00:00:00:00:00,-63,11,-95,4,46,6,1038822,47,0,128,0,"[0,0,0,0,0,0,0,0,2,-15,3,-14,5,-15,5,-16,4,-15,7,-15,8,-14,10,-15,11,-14,11,-12,11,-13,11,-11,12,-12,12,-12,11,-14,11,-13,12,-13,11,-15,11,-12,10,-11,10,-15,9,-14,10,-15,10,-15,10,-14,10,-14,11,-16,12,-15,0,0,12,-16,11,-15,10,-15,11,-14,11,-14,11,-13,10,-13,10,-12,9,-14,9,-13,9,-14,8,-13,9,-14,8,-13,9,-14,8,-14,7,-14,9,-13,9,-13,9,-12,10,-12,9,-12,10,-10,11,-10,12,-9,12,-7,10,-5,11,-5,0,0,0,0,0,0]"
CSI_DATA,1044822,1a:00:00:00:00:00,-63,11,-95,4,46,6,1044822,47,0,128,0,"[0,0,0,0,0,0,0,0,-6,13,-8,12,-9,13,-11,13,-11,12,-12,13,-13,11,-14,10,-14,11,-15,9,-15,9,-15,7,-16,7,-17,8,-15,7,-16,7,-15,8,-15,9,-15,9,-14,8,-15,9,-15,9,-14,8,-16,9,-17,9,-16,9,-16,9,-15,8,0,0,-17,10,-18,8,-17,9,-17,8,-15,6,-17,7,-17,7,-14,7,-15,7,-16,9,-15,8,-13,7,-13,7,-12,8,-13,8,-13,8,-13,8,-14,7,-14,8,-14,5,-14,6,-14,5,-14,4,-12,4,-14,1,-14,0,-11,-1,-12,-1,0,0,0,0,0,0]"
CSI_DATA,1048822,1a:00:00:00:00:00,-63,11,-95,4,46,6,1048822,47,0,128,0,"[0,0,0,0,0,0,0,0,5,-14,5,-14,7,-14,8,-15,9,-13,9,-14,10,-14,11,-12,12,-13,13,-11,12,-12,12,-10,12,-10,13,-12,13,-12,12,-13,11,-13,11,-14,11,-12,11,-12,10,-13,10,-14,10,-14,10,-14,11,-15,9,-14,12,-16,11,-14,0,0,11,-16,11,-15,10,-14,10,-15,9,-14,9,-15,8,-14,9,-13,7,-14,8,-14,6,-15,6,-15,7,-15,6,-14,6,-14,5,-14,5,-14,6,-14,6,-15,7,-14,7,-14,6,-14,8,-12,7,-12,10,-11,10,-11,8,-8,9,-8,0,0,0,0,0,0]"
CSI_DATA,1052822,1a:00:00:00:00:00,-63,11,-95,4,46,6,1052822,47,0,128,0,"[0,0,0,0,0,0,0,0,-2,15,-2,15,-4,16,-5,15,-4,16,-5,17,-7,17,-6,15,-8,16,-8,14,-7,15,-8,15,-9,15,-9,16,-7,16,-5,17,-6,15,-5,16,-5,16,-4,15,-3,17,-3,18,-1,16,-2,18,-2,18,-1,18,-3,20,-2,18,0,0,-1,19,0,20,1,18,1,19,0,17,1,17,2,18,3,17,3,17,4,17,5,16,5,16,6,16,6,14,6,14,8,14,8,14,6,14,8,13,6,14,6,14,6,14,5,13,6,14,4,13,4,13,1,11,3,11,0,0,0,0,0,0]"
CSI_DATA,1058882,1a:00:00:00:00:00,-63,11,-95,4,46,6,1058882,47,0,128,0,"[0,0,0,0,0,0,0,0,-15,-2,-13,-2,-16,-3,-16,-4,-15,-4,-16,-5,-17,-6,-16,-6,-15,-7,-15,-8,-16,-7,-14,-8,-15,-8,-15,-8,-15,-7,-15,-7,-14,-7,-18,-4,-16,-4,-15,-4,-16,-4,-17,-4,-17,-4,-17,-4,-18,-2,-18,-2,-19,-2,-18,-3,0,0,-19,-1,-18,-1,-19,-1,-18,-1,-17,-1,-17,0,-16,-1,-15,0,-15,1,-16,3,-17,3,-15,2,-16,3,-15,3,-15,5,-14,6,-15,5,-15,3,-15,4,-15,3,-15,3,-15,3,-14,2,-14,3,-14,1,-14,0,-12,-2,-11,-1,0,0,0,0,0,0]"
CSI_DATA,1062912,1a:00:00:00:00:00,-63,11,-95,4,46,6,1062912,47,0,128,0,"[0,0,0,0,0,0,0,0,-1,15,-2,15,-3,16,-3,16,-5,17,-5,17,-5,18,-5,17,-6,17,-7,16,-6,15,-6,15,-6,16,-6,17,-5,17,-3,17,-3,16,-2,17,-2,16,-1,16,0,16,0,17,2,18,1,17,1,17,3,18,4,19,3,17,0,0,5,18,5,18,5,18,6,17,6,16,6,18,7,15,6,15,6,14,8,13,9,14,10,12,10,13,11,11,10,11,10,11,13,11,11,10,11,11,11,10,11,10,11,10,11,10,11,10,9,11,9,10,7,9,7,10,0,0,0,0,0,0]"
CSI_DATA,1068822,1a:00:00:00:00:00,-63,11,-95,4,46,6,1068822,47,0,128,0,"[0,0,0,0,0,0,0,0,11,-11,11,-9,13,-10,14,-10,12,-10,14,-11,15,-10,14,-9,16,-8,15,-7,16,-9,15,-7,15,-7,15,-9,14,-9,14,-10,12,-9,14,-12,11,-10,12,-11,11,-11,11,-13,10,-13,11,-13,12,-13,11,-15,11,-16,11,-15,0,0,11,-17,9,-16,8,-16,8,-17,7,-14,7,-17,5,-16,5,-16,6,-16,6,-16,4,-16,2,-16,3,-16,0,-15,1,-16,0,-15,0,-15,0,-15,0,-15,0,-16,0,-16,-1,-15,1,-15,2,-16,3,-14,3,-13,3,-11,4,-11,0,0,0,0,0,0]"
CSI_DATA,1078822,1a:00:00:00:00:00,-63,11,-95,4,46,6,1078822,47,0,128,0,"[0,0,0,0,0,0,0,0,12,-6,14,-5,14,-6,16,-6,15,-6,17,-6,16,-5,16,-4,17,-3,17,-2,17,-4,16,-5,16,-5,17,-6,15,-5,16,-8,14,-7,16,-9,14,-9,13,-8,14,-10,13,-10,12,-10,12,-12,13,-12,12,-13,12,-14,12,-14,0,0,11,-16,10,-16,9,-16,8,-16,8,-15,8,-16,6,-15,7,-14,7,-15,6,-16,3,-17,1,-15,1,-15,0,-15,0,-15,1,-15,-1,-16,-1,-15,-1,-15,0,-15,-1,-15,-2,-15,0,-15,-1,-15,0,-14,1,-13,1,-12,1,-11,0,0,0,0,0,0]"
CSI_DATA,1084822,1a:00:00:00:00:00,-63,11,-95,4,46,6,1084822,47,0,128,0,"[0,0,0,0,0,0,0,0,-15,2,-15,0,-16,0,-16,1,-16,0,-17,0,-15,0,-17,-1,-17,-1,-17,-3,-18,-2,-16,-2,-17,-1,-18,0,-16,0,-17,1,-16,1,-18,3,-17,3,-16,3,-15,4,-16,6,-16,4,-17,6,-17,6,-17,8,-16,8,-16,6,0,0,-16,9,-16,9,-15,10,-15,11,-13,9,-14,11,-13,10,-13,10,-12,11,-10,13,-10,14,-9,11,-9,13,-7,13,-7,14,-6,14,-6,15,-7,15,-7,14,-8,14,-7,14,-7,13,-8,13,-7,12,-8,12,-7,11,-7,10,-7,10,0,0,0,0,0,0]"
CSI_DATA,1088822,1a:00:00:00:00:00,-63,11,-95,4,46,6,1088822,47,0,128,0,"[0,0,0,0,0,0,0,0,1,-14,0,-13,1,-15,4,-16,4,-16,5,-17,6,-16,9,-14,9,-15,10,-13,10,-15,10,-12,11,-14,11,-13,10,-14,10,-14,10,-13,10,-15,10,-13,10,-13,10,-13,10,-13,10,-13,11,-14,11,-13,10,-15,11,-15,12,-14,0,0,12,-15,13,-15,10,-14,12,-15,11,-13,12,-13,11,-12,10,-12,12,-13,13,-14,10,-13,9,-12,9,-14,9,-12,9,-13,9,-13,9,-14,10,-12,10,-12,12,-10,12,-10,12,-10,11,-9,12,-9,13,-7,13,-6,12,-4,11,-4,0,0,0,0,0,0]"
CSI_DATA,1094822,1a:00:00:00:00:00,-63,11,-95,4,46,6,1094822,47,0,128,0,"[0,0,0,0,0,0,0,0,-5,14,-6,13,-8,14,-9,13,-11,12,-12,13,-14,11,-14,10,-14,10,-15,9,-15,11,-14,7,-15,8,-15,8,-15,8,-15,8,-14,7,-16,8,-14,8,-15,7,-14,7,-15,8,-15,7,-15,8,-16,9,-16,9,-17,8,-16,8,0,0,-19,9,-17,7,-17,6,-17,5,-15,5,-16,6,-15,5,-16,4,-15,5,-15,6,-15,6,-14,5,-15,5,-13,5,-15,6,-15,6,-13,6,-15,5,-15,4,-15,2,-15,3,-14,2,-14,2,-14,0,-14,-1,-14,-2,-11,-3,-11,-4,0,0,0,0,0,0]"
CSI_DATA,1138822,1a:00:00:00:00:00,-63,11,-95,4,46,6,1138822,47,0,128,0,"[0,0,0,0,0,0,0,0,-1,-15,1,-14,1,-16,2,-15,3,-16,5,-17,6,-16,8,-15,7,-16,8,-14,9,-15,9,-14,10,-14,11,-14,9,-13,10,-14,9,-12,11,-15,10,-13,12,-13,9,-13,9,-13,9,-14,11,-13,12,-15,10,-14,11,-14,12,-13,0,0,12,-15,11,-13,12,-12,13,-13,12,-12,12,-12,12,-12,11,-10,12,-12,12,-13,11,-13,9,-12,11,-12,10,-11,11,-11,11,-11,10,-11,11,-10,13,-11,11,-9,13,-9,12,-7,12,-9,13,-5,14,-4,13,-2,12,-2,12,-1,0,0,0,0,0,0]"
CSI_DATA,1140822,1a:00:00:00:00:00,-63,11,-95,4,46,6,1140822,47,0,128,0,"[0,0,0,0,0,0,0,0,13,8,12,8,13,9,13,9,11,12,13,11,12,13,12,12,12,13,11,13,11,13,11,14,11,12,12,13,12,12,12,13,12,12,14,12,13,10,11,11,14,11,13,9,14,11,15,10,18,10,16,9,18,9,18,6,0,0,18,8,18,8,15,9,17,6,14,7,16,7,15,5,15,6,15,3,16,1,17,2,15,3,16,1,15,1,16,2,16,0,16,0,16,0,16,-1,15,1,16,-1,15,0,14,2,14,1,14,2,12,2,11,4,11,6,0,0,0,0,0,0]"
CSI_DATA,1142822,1a:00:00:00:00:00,-63,11,-95,4,46,6,1142822,47,0,128,0,"[0,0,0,0,0,0,0,0,3,15,0,14,0,15,0,16,-1,17,-3,18,-3,17,-5,16,-4,17,-6,15,-6,16,-6,15,-7,15,-8,16,-6,15,-5,16,-6,15,-6,17,-6,15,-6,14,-5,16,-5,15,-3,17,-5,17,-5,17,-4,18,-5,20,-6,17,0,0,-5,19,-6,17,-7,18,-5,17,-5,16,-5,18,-4,16,-4,15,-3,15,-3,14,-4,16,-3,16,-3,16,-2,16,-2,15,-2,15,-2,16,-2,15,-3,16,-3,15,-3,16,-4,14,-4,15,-5,14,-8,12,-7,11,-7,10,-8,10,0,0,0,0,0,0]"
CSI_DATA,1144822,1a:00:00:00:00:00,-63,11,-95,4,46,6,1144822,47,0,128,0,"[0,0,0,0,0,0,0,0,-13,-5,-12,-6,-13,-8,-14,-8,-14,-10,-14,-10,-13,-11,-14,-9,-15,-10,-16,-10,-13,-11,-14,-10,-14,-10,-15,-9,-14,-8,-14,-8,-14,-8,-16,-6,-17,-6,-15,-6,-16,-4,-16,-3,-16,-2,-18,-2,-18,-2,-17,-1,-18,-1,-18,0,0,0,-20,2,-19,1,-17,2,-18,2,-15,2,-18,4,-15,4,-14,5,-15,6,-16,6,-15,6,-13,6,-13,8,-12,8,-13,9,-12,9,-11,11,-12,10,-12,11,-11,9,-11,11,-11,9,-11,10,-11,8,-11,7,-11,7,-11,6,-11,6,0,0,0,0,0,0]"
CSI_DATA,1146822,1a:00:00:00:00:00,-63,11,-95,4,46,6,1146822,47,0,128,0,"[0,0,0,0,0,0,0,0,-8,-12,-7,-13,-7,-13,-6,-15,-6,-16,-6,-17,-4,-17,-4,-17,-4,-17,-2,-16,-3,-15,-2,-17,-3,-17,-3,-16,-3,-17,-4,-16,-4,-15,-6,-18,-4,-15,-4,-15,-6,-16,-6,-16,-7,-16,-7,-16,-9,-17,-9,-18,-9,-16,-8,-15,0,0,-11,-17,-9,-17,-8,-16,-9,-16,-8,-14,-10,-15,-9,-14,-8,-13,-9,-13,-13,-13,-12,-11,-12,-10,-11,-12,-11,-10,-11,-9,-11,-10,-12,-11,-11,-10,-12,-11,-10,-11,-11,-10,-11,-11,-11,-12,-9,-11,-8,-11,-7,-11,-5,-10,-5,-11,0,0,0,0,0,0]"
CSI_DATA,1150822,1a:00:00:00:00:00,-63,11,-95,4,46,6,1150822,47,0,128,0,"[0,0,0,0,0,0,0,0,7,13,6,13,8,13,7,15,6,17,6,16,5,17,6,15,6,17,5,16,6,16,5,16,5,16,6,18,7,15,7,16,8,15,9,15,9,13,9,13,9,14,11,13,11,12,11,13,13,13,12,12,15,14,14,11,0,0,15,11,16,12,14,12,16,11,14,10,16,9,16,8,14,7,15,6,14,4,16,6,15,4,16,5,14,3,15,2,15,2,16,2,16,1,16,1,15,1,16,0,14,3,15,2,13,3,14,3,13,3,10,3,11,4,0,0,0,0,0,0]"
CSI_DATA,1152822,1a:00:00:00:00:00,-63,11,-95,4,46,6,1152822,47,0,128,0,"[0,0,0,0,0,0,0,0,-1,15,-3,13,-2,15,-3,16,-4,16,-6,18,-6,16,-7,15,-7,17,-8,14,-9,15,-8,16,-8,15,-10,16,-8,15,-8,16,-6,15,-7,16,-6,15,-6,14,-5,16,-4,15,-4,17,-5,17,-5,18,-6,18,-4,20,-6,17,0,0,-4,18,-5,18,-4,18,-5,18,-4,15,-3,17,-3,17,-2,16,-2,15,-2,16,-2,17,-1,17,0,16,0,14,0,16,0,14,1,16,0,14,1,15,0,14,0,16,0,15,-1,16,-3,14,-4,14,-3,13,-5,10,-4,12,0,0,0,0,0,0]"
CSI_DATA,1154822,1a:00:00:00:00:00,-63,11,-95,4,46,6,1154822,47,0,128,0,"[0,0,0,0,0,0,0,0,-9,10,-11,10,-12,10,-14,10,-15,8,-14,9,-15,6,-16,7,-16,6,-17,5,-16,5,-16,3,-17,4,-17,4,-15,2,-16,2,-16,4,-17,5,-16,3,-16,2,-16,4,-16,4,-15,4,-17,4,-18,4,-17,3,-18,5,-18,2,0,0,-16,4,-17,3,-18,3,-18,2,-16,3,-17,2,-16,2,-16,3,-15,1,-19,3,-17,3,-15,3,-16,3,-16,3,-15,2,-16,3,-14,4,-15,3,-15,2,-14,1,-15,1,-15,0,-14,-1,-13,-2,-14,-4,-13,-4,-10,-4,-10,-5,0,0,0,0,0,0]"
CSI_DATA,1156822,1a:00:00:00:00:00,-63,11,-95,4,46,6,1156822,47,0,128,0,"[0,0,0,0,0,0,0,0,0,-14,0,-15,1,-15,1,-17,2,-17,2,-18,3,-18,3,-16,3,-17,5,-15,2,-17,4,-16,3,-16,4,-17,3,-17,2,-17,1,-15,0,-18,0,-17,0,-15,-1,-17,-2,-16,-3,-17,-3,-17,-4,-18,-5,-18,-4,-18,-3,-17,0,0,-5,-17,-5,-19,-5,-18,-6,-17,-7,-16,-7,-17,-6,-15,-6,-15,-9,-13,-10,-14,-10,-14,-9,-13,-10,-13,-11,-12,-10,-11,-9,-10,-11,-11,-11,-10,-12,-11,-9,-10,-11,-11,-11,-10,-10,-12,-9,-11,-8,-11,-8,-12,-6,-10,-5,-10,0,0,0,0,0,0]"
CSI_DATA,1158822,1a:00:00:00:00:00,-63,11,-95,4,46,6,1158822,47,0,128,0,"[0,0,0,0,0,0,0,0,9,-11,11,-10,12,-10,14,-10,13,-9,15,-10,14,-8,16,-8,16,-8,16,-5,17,-7,15,-5,17,-5,17,-6,15,-6,15,-6,15,-6,16,-7,15,-7,14,-6,15,-7,14,-7,15,-9,15,-8,17,-9,15,-9,16,-10,17,-9,0,0,16,-11,16,-9,16,-10,17,-9,14,-9,15,-9,14,-9,13,-8,13,-10,13,-11,13,-11,12,-9,12,-10,11,-10,12,-10,12,-10,11,-10,11,-11,13,-11,12,-10,12,-10,11,-8,12,-9,13,-7,14,-7,13,-5,11,-3,12,-3,0,0,0,0,0,0]"
CSI_DATA,1160822,1a:00:00:00:00:00,-63,11,-95,4,46,6,1160822,47,0,128,0,"[0,0,0,0,0,0,0,0,12,-4,12,-2,14,-1,17,0,16,1,17,1,18,3,18,3,17,5,15,4,17,6,15,6,15,8,14,8,15,8,16,9,14,8,16,8,15,7,13,6,16,7,15,9,15,8,16,8,16,8,16,10,17,10,15,9,0,0,17,9,16,11,15,11,14,10,14,10,15,10,15,10,13,9,12,9,12,10,13,10,13,9,13,9,13,10,12,8,12,9,13,9,13,9,12,10,11,10,12,10,10,12,9,12,9,13,7,12,6,11,4,11,4,13,0,0,0,0,0,0]"
CSI_DATA,1162822,1a:00:00:00:00:00,-63,11,-95,4,46,6,1162822,47,0,128,0,"[0,0,0,0,0,0,0,0,-6,14,-7,13,-7,14,-8,15,-8,14,-9,16,-10,14,-11,12,-11,14,-11,12,-11,13,-12,12,-12,13,-12,13,-10,12,-10,14,-9,14,-10,14,-9,15,-7,14,-7,15,-8,15,-7,16,-7,16,-6,16,-6,17,-6,19,-7,17,0,0,-5,18,-6,17,-4,18,-4,18,-5,16,-3,19,-4,16,-2,16,-3,17,-1,17,-1,17,0,16,1,16,2,15,0,15,1,16,2,15,2,14,2,16,2,16,1,15,1,15,1,15,1,15,-1,14,-2,13,-2,11,-2,12,0,0,0,0,0,0]"
CSI_DATA,1164822,1a:00:00:00:00:00,-63,11,-95,4,46,6,1164822,47,0,128,0,"[0,0,0,0,0,0,0,0,-14,4,-15,4,-15,3,-15,3,-16,0,-17,0,-17,-1,-17,-2,-18,-2,-16,-3,-17,-2,-16,-4,-17,-3,-17,-4,-16,-3,-16,-4,-15,-3,-18,-2,-16,-3,-15,-3,-17,-2,-18,-2,-16,-2,-17,-3,-18,-1,-18,-2,-18,-2,-18,-2,0,0,-20,-1,-19,-3,-19,-2,-18,-3,-17,-2,-18,-1,-15,-3,-15,-2,-17,0,-18,1,-17,0,-16,0,-15,-1,-14,0,-16,0,-16,0,-15,1,-15,-1,-16,1,-15,0,-16,-1,-14,-2,-13,-2,-14,-2,-14,-5,-13,-4,-10,-6,-11,-5,0,0,0,0,0,0]"
CSI_DATA,1166822,1a:00:00:00:00:00,-63,11,-95,4,46,6,1166822,47,0,128,0,"[0,0,0,0,0,0,0,0,3,-14,4,-13,4,-15,5,-15,6,-15,5,-17,8,-15,7,-14,6,-15,6,-14,6,-15,8,-15,8,-15,8,-16,5,-14,5,-17,4,-17,2,-16,1,-17,1,-15,1,-17,0,-17,-1,-17,-2,-16,-2,-17,-2,-19,-4,-20,-2,-17,0,0,-6,-19,-5,-19,-6,-18,-6,-17,-6,-16,-9,-16,-7,-13,-8,-13,-10,-14,-11,-12,-10,-13,-10,-11,-11,-13,-11,-11,-10,-11,-10,-9,-12,-10,-13,-9,-12,-9,-11,-9,-14,-9,-12,-9,-11,-10,-11,-10,-9,-9,-10,-9,-7,-8,-9,-10,0,0,0,0,0,0]"
CSI_DATA,1168822,1a:00:00:00:00:00,-63,11,-95,4,46,6,1168822,47,0,128,0,"[0,0,0,0,0,0,0,0,11,-9,12,-8,13,-8,15,-9,14,-8,15,-8,15,-7,16,-6,16,-7,16,-5,17,-6,15,-5,16,-5,18,-5,15,-5,16,-5,15,-6,16,-8,15,-8,15,-7,15,-8,15,-9,14,-9,15,-10,15,-10,14,-9,16,-9,15,-9,0,0,16,-12,15,-11,14,-12,14,-12,13,-10,14,-11,13,-11,12,-11,11,-11,10,-13,12,-12,10,-11,10,-11,8,-12,8,-13,8,-14,8,-13,8,-12,9,-13,9,-12,9,-13,9,-12,10,-11,10,-10,10,-11,10,-9,10,-6,10,-6,0,0,0,0,0,0]"
CSI_DATA,1174822,1a:00:00:00:00:00,-63,11,-95,4,46,6,1174822,47,0,128,0,"[0,0,0,0,0,0,0,0,-15,2,-14,0,-16,0,-16,0,-16,-2,-17,-2,-17,-3,-16,-4,-18,-4,-16,-4,-17,-5,-15,-6,-17,-6,-17,-5,-16,-5,-16,-5,-15,-4,-18,-3,-17,-2,-16,-2,-15,-3,-17,-2,-17,-4,-17,-1,-18,-1,-18,-1,-19,-1,-18,0,0,0,-20,-1,-18,-3,-17,-1,-19,0,-16,-1,-17,-1,-16,0,-16,0,-17,1,-18,2,-16,3,-15,2,-15,2,-14,2,-16,4,-16,4,-15,4,-15,3,-15,3,-15,2,-15,2,-15,2,-14,0,-15,0,-14,-1,-14,-1,-12,-3,-11,-3,0,0,0,0,0,0]"
CSI_DATA,1184822,1a:00:00:00:00:00,-63,11,-95,4,46,6,1184822,47,0,128,0,"[0,0,0,0,0,0,0,0,-14,-4,-14,-6,-15,-6,-15,-7,-13,-8,-16,-8,-14,-9,-15,-9,-14,-10,-13,-10,-15,-10,-12,-10,-13,-10,-14,-11,-14,-10,-15,-10,-13,-8,-18,-7,-15,-7,-14,-7,-15,-8,-15,-7,-15,-7,-16,-6,-17,-5,-18,-6,-17,-5,-18,-5,0,0,-19,-3,-19,-4,-18,-5,-18,-4,-16,-3,-17,-2,-17,-4,-15,-3,-17,-1,-17,0,-17,1,-14,1,-15,1,-14,2,-16,2,-15,3,-15,3,-15,2,-15,3,-15,2,-15,2,-15,2,-15,0,-14,1,-14,0,-15,0,-10,-2,-11,-2,0,0,0,0,0,0]"
CSI_DATA,1186822,1a:00:00:00:00:00,-63,11,-95,4,46,6,1186822,47,0,128,0,"[0,0,0,0,0,0,0,0,-9,-12,-6,-12,-6,-15,-6,-15,-4,-16,-5,-18,-4,-17,-3,-16,-2,-16,0,-16,-1,-17,0,-16,1,-17,1,-17,0,-17,0,-18,-1,-17,-1,-18,-1,-17,0,-16,0,-16,-2,-17,-2,-17,-3,-18,-2,-17,-1,-18,-1,-18,-2,-16,0,0,-2,-20,-2,-17,-2,-18,-1,-18,-1,-17,-2,-18,-3,-16,-2,-16,-2,-15,-3,-15,-2,-16,-3,-16,-2,-16,-4,-15,-3,-14,-3,-15,-3,-15,-4,-16,-3,-15,-2,-15,-2,-16,-2,-15,0,-15,0,-13,3,-14,3,-14,3,-11,3,-12,0,0,0,0,0,0]"
CSI_DATA,1188822,1a:00:00:00:00:00,-63,11,-95,4,46,6,1188822,47,0,128,0,"[0,0,0,0,0,0,0,0,14,3,14,3,16,3,17,5,16,5,17,5,17,6,15,5,17,6,16,7,16,7,16,6,16,5,17,5,16,5,17,3,15,3,18,1,17,1,16,1,16,0,17,0,17,-1,17,-2,19,-2,17,-2,19,-3,18,-4,0,0,19,-6,18,-7,17,-6,18,-7,14,-6,16,-8,15,-7,15,-8,14,-8,12,-9,13,-10,12,-11,12,-10,10,-11,9,-12,9,-12,8,-12,8,-13,9,-13,10,-12,9,-13,10,-12,9,-11,9,-12,11,-11,10,-10,8,-8,8,-8,0,0,0,0,0,0]"
CSI_DATA,1194822,1a:00:00:00:00:00,-64,11,-95,4,46,6,1194822,47,0,128,0,"[0,0,0,0,0,0,0,0,-9,-3,-7,-7,-9,-11,-11,-13,-13,-6,-11,-7,-16,-13,-14,-11,-10,-14,-11,-9,-15,-15,-10,-11,-9,-11,-11,-12,-12,-12,-14,-12,-15,-12,-13,-9,-13,-8,-15,-7,-15,-6,-16,-8,-15,-4,-18,-6,-16,-7,-17,-7,-19,-7,-17,-4,0,0,-21,-4,-19,-5,-18,-6,-17,0,-15,0,-20,-1,-15,-1,-16,1,-16,0,-17,5,-14,5,-13,3,-14,5,-13,3,-14,7,-13,6,-16,6,-15,6,-14,5,-13,7,-15,5,-13,6,-16,6,-15,5,-15,5,-13,4,-13,1,-13,1,0,0,0,0,0,0]"
CSI_DATA,1198822,1a:00:00:00:00:00,-63,11,-95,4,46,6,1198822,47,0,128,0,"[0,0,0,0,0,0,0,0,8,-12,10,-10,12,-12,13,-12,13,-11,14,-11,14,-9,15,-9,16,-8,16,-6,16,-7,15,-6,16,-5,17,-5,16,-4,16,-4,16,-5,16,-7,16,-6,16,-5,15,-5,16,-5,16,-5,17,-6,18,-4,18,-5,18,-5,18,-5,0,0,18,-5,16,-4,18,-4,18,-4,16,-3,17,-3,17,-4,16,-4,16,-2,17,-3,17,-4,14,-3,15,-4,15,-4,14,-4,16,-4,14,-5,16,-3,15,-3,14,-2,16,-1,15,-1,16,1,15,1,14,2,14,3,11,4,10,5,0,0,0,0,0,0]"
CSI_DATA,1203120,1a:00:00:00:00:00,-63,11,-95,4,46,6,1203120,47,0,128,0,"[0,0,0,0,0,0,0,0,-13,-6,-12,-6,-13,-8,-14,-9,-13,-11,-14,-12,-12,-12,-11,-12,-11,-12,-9,-14,-9,-13,-10,-14,-10,-13,-10,-14,-10,-14,-10,-12,-10,-13,-11,-13,-11,-12,-9,-13,-10,-13,-12,-13,-12,-12,-12,-13,-12,-12,-12,-14,-13,-13,-12,-14,0,0,-12,-12,-14,-14,-12,-14,-12,-14,-11,-14,-11,-14,-11,-13,-10,-11,-11,-12,-13,-12,-12,-11,-12,-10,-12,-11,-12,-11,-12,-10,-10,-10,-13,-10,-12,-9,-13,-10,-11,-11,-11,-11,-10,-12,-10,-11,-9,-11,-8,-11,-6,-12,-5,-12,-5,-12,0,0,0,0,0,0]"
CSI_DATA,1208822,1a:00:00:00:00:00,-63,11,-95,4,46,6,1208822,47,0,128,0,"[0,0,0,0,0,0,0,0,11,-10,11,-9,12,-10,13,-9,14,-9,15,-9,15,-8,16,-6,17,-7,15,-5,17,-6,15,-3,17,-5,17,-4,16,-4,17,-5,15,-5,17,-7,16,-6,16,-5,16,-6,15,-5,15,-6,15,-6,18,-7,16,-6,17,-6,17,-6,0,0,19,-7,17,-7,17,-7,18,-6,15,-4,16,-5,16,-5,15,-7,16,-5,17,-6,16,-7,14,-7,14,-7,13,-7,14,-7,14,-8,13,-7,14,-7,14,-7,14,-5,14,-5,15,-4,13,-2,13,-3,14,-2,14,-1,12,1,11,1,0,0,0,0,0,0]"
CSI_DATA,1214822,1a:00:00:00:00:00,-63,11,-95,4,46,6,1214822,47,0,128,0,"[0,0,0,0,0,0,0,0,-14,6,-14,5,-16,6,-15,4,-17,1,-18,3,-17,0,-16,0,-18,-1,-16,-2,-16,-1,-16,-4,-17,-2,-16,-4,-16,-4,-16,-3,-15,-3,-18,-1,-16,-1,-14,-2,-17,-2,-17,-2,-17,-4,-17,-1,-18,-2,-18,-3,-19,-2,-19,-3,0,0,-19,-3,-19,-4,-17,-4,-19,-2,-17,-3,-19,-4,-16,-4,-14,-5,-15,-2,-16,-1,-17,-2,-15,-3,-16,-2,-15,-3,-15,0,-15,-1,-16,-1,-16,-4,-16,-2,-15,-3,-15,-4,-13,-5,-12,-5,-14,-4,-14,-5,-12,-7,-9,-8,-9,-7,0,0,0,0,0,0]"
CSI_DATA,1220273,1a:00:00:00:00:00,-63,11,-95,4,46,6,1220273,47,0,128,0,"[0,0,0,0,0,0,0,0,15,-4,15,-2,15,-3,16,-1,16,1,17,1,18,3,17,3,18,5,15,6,17,5,15,6,17,6,16,6,16,5,16,5,16,5,17,5,16,3,15,4,16,5,16,6,16,7,17,5,17,6,17,5,19,5,18,6,0,0,18,7,18,6,17,5,18,6,15,7,16,7,15,8,16,7,15,7,16,5,16,4,15,5,15,4,14,4,15,4,14,3,15,3,16,5,15,5,15,5,14,6,14,8,12,8,13,7,12,9,10,8,8,9,8,9,0,0,0,0,0,0]"
CSI_DATA,1220822,1a:00:00:00:00:00,-63,11,-95,4,46,6,1220822,47,0,128,0,"[0,0,0,0,0,0,0,0,15,3,13,4,14,4,14,6,15,7,16,8,14,10,14,9,14,12,12,11,12,12,10,13,12,12,12,13,12,12,12,12,11,12,13,13,11,10,10,12,12,13,12,13,11,13,12,14,13,13,14,13,12,14,10,13,0,0,11,16,11,15,11,15,11,15,9,13,10,14,10,14,8,14,10,14,11,14,11,12,10,12,11,12,10,12,10,11,10,11,11,13,9,12,10,13,7,13,8,14,7,14,5,13,5,14,4,13,3,12,1,12,0,13,0,0,0,0,0,0]"
CSI_DATA,1224822,1a:00:00:00:00:00,-63,11,-95,4,46,6,1224822,47,0,128,0,"[0,0,0,0,0,0,0,0,-14,-1,-14,-1,-16,-1,-15,-2,-16,-4,-17,-5,-16,-6,-14,-5,-16,-7,-14,-8,-15,-9,-15,-9,-15,-8,-14,-8,-14,-8,-15,-7,-14,-7,-17,-7,-14,-5,-14,-6,-15,-6,-16,-6,-15,-7,-16,-7,-18,-7,-16,-6,-18,-6,-18,-6,0,0,-17,-6,-18,-7,-17,-6,-17,-5,-14,-7,-17,-6,-15,-6,-15,-6,-16,-4,-15,-3,-16,-3,-15,-2,-16,-4,-14,-4,-16,-2,-15,-2,-16,-2,-15,-2,-16,-3,-14,-4,-15,-4,-14,-6,-14,-5,-14,-5,-12,-6,-12,-6,-10,-7,-9,-7,0,0,0,0,0,0]"
CSI_DATA,1230822,1a:00:00:00:00:00,-63,11,-95,4,46,6,1230822,47,0,128,0,"[0,0,0,0,0,0,0,0,13,8,11,8,12,9,12,10,11,14,12,13,10,14,10,14,9,15,7,14,8,15,7,16,8,16,7,15,8,16,8,16,7,15,10,14,8,14,7,14,9,15,8,16,9,15,9,15,11,14,11,15,11,16,10,15,0,0,10,17,9,18,9,16,10,17,8,15,9,16,8,15,7,14,8,15,10,15,10,13,10,13,11,13,10,11,9,13,9,11,9,12,10,12,9,14,8,13,7,13,7,13,7,14,6,14,5,14,4,13,1,12,2,12,0,0,0,0,0,0]"
CSI_DATA,1234593,1a:00:00:00:00:00,-63,11,-95,4,46,6,1234593,47,0,128,0,"[0,0,0,0,0,0,0,0,14,0,14,1,17,0,16,2,16,4,17,3,17,5,16,4,18,6,14,6,17,6,15,8,17,6,16,6,16,6,18,4,16,4,18,3,16,3,15,4,16,3,17,2,16,3,18,1,18,2,18,2,19,0,20,2,0,0,20,0,19,0,19,-1,19,0,17,0,18,-1,17,0,16,0,18,-2,17,-4,17,-4,16,-4,15,-4,13,-5,14,-6,14,-6,14,-6,15,-4,14,-5,14,-5,14,-4,14,-4,14,-4,14,-3,14,-2,13,-2,12,1,12,1,0,0,0,0,0,0]"
CSI_DATA,1240823,1a:00:00:00:00:00,-63,11,-95,4,46,6,1240823,47,0,128,0,"[0,0,0,0,0,0,0,0,9,12,9,11,9,13,8,15,7,15,9,16,6,17,7,15,5,17,3,16,5,15,4,16,4,15,5,17,5,16,6,17,5,15,5,17,6,16,5,15,7,16,7,16,7,16,7,16,8,16,9,16,9,17,8,18,0,0,8,17,9,17,9,17,7,17,9,16,10,17,9,14,7,13,8,14,11,14,10,13,10,11,11,12,10,11,10,12,11,12,12,11,9,12,10,12,10,13,8,13,8,13,8,14,8,12,7,12,6,13,3,11,2,12,0,0,0,0,0,0]"
CSI_DATA,1244823,1a:00:00:00:00:00,-63,11,-95,4,46,6,1244823,47,0,128,0,"[0,0,0,0,0,0,0,0,-11,-9,-11,-10,-11,-10,-10,-11,-11,-13,-12,-13,-12,-14,-10,-13,-10,-14,-8,-14,-9,-14,-8,-15,-9,-14,-10,-13,-10,-13,-11,-14,-11,-13,-13,-12,-11,-12,-12,-10,-11,-11,-13,-11,-12,-11,-13,-11,-15,-10,-16,-11,-17,-9,-15,-9,0,0,-18,-10,-16,-8,-15,-9,-17,-8,-14,-8,-16,-8,-15,-8,-14,-6,-15,-6,-16,-5,-16,-3,-15,-2,-16,-2,-15,-3,-15,-1,-16,0,-15,-1,-16,-1,-16,0,-15,-1,-16,-2,-15,-3,-14,-3,-14,-1,-13,-2,-12,-3,-10,-3,-11,-5,0,0,0,0,0,0]"
CSI_DATA,1252615,1a:00:00:00:00:00,-63,11,-95,4,46,6,1252615,47,0,128,0,"[0,0,0,0,0,0,0,0,13,6,12,7,13,8,14,10,12,11,14,12,13,11,11,13,12,13,9,14,11,13,9,14,9,15,10,15,9,14,11,14,10,13,11,12,11,14,9,12,11,14,12,13,11,13,11,14,12,14,12,14,13,16,12,14,0,0,13,16,13,15,12,15,13,13,12,13,11,14,11,13,11,13,10,11,12,12,12,11,10,11,11,11,13,10,11,9,12,11,12,9,12,11,11,10,11,10,11,11,10,12,9,12,8,11,7,13,6,13,4,11,4,11,0,0,0,0,0,0]"
CSI_DATA,1257823,1a:00:00:00:00:00,-63,11,-95,4,46,6,1257823,47,0,128,0,"[0,0,0,0,0,0,0,0,7,-13,7,-13,8,-14,10,-12,12,-12,11,-12,13,-11,14,-11,14,-11,15,-9,15,-10,14,-9,16,-9,15,-10,13,-9,13,-11,13,-9,16,-12,12,-9,14,-9,12,-10,14,-11,13,-10,14,-11,15,-12,14,-13,14,-13,14,-11,0,0,15,-14,14,-12,14,-12,16,-11,13,-10,14,-12,12,-11,12,-11,12,-11,12,-15,11,-13,9,-13,9,-12,9,-11,10,-11,10,-11,10,-13,10,-12,12,-12,11,-12,11,-12,10,-9,10,-10,11,-10,12,-7,10,-6,11,-4,11,-4,0,0,0,0,0,0]"
CSI_DATA,1265823,1a:00:00:00:00:00,-63,11,-95,4,46,6,1265823,47,0,128,0,"[0,0,0,0,0,0,0,0,4,-14,5,-14,4,-13,5,-15,7,-15,6,-16,8,-17,8,-15,9,-15,9,-14,7,-15,7,-16,7,-15,7,-16,6,-16,5,-17,4,-15,4,-17,4,-16,4,-15,2,-18,1,-17,0,-17,1,-18,0,-18,-3,-18,-1,-18,0,-16,0,0,-3,-18,-3,-20,-3,-18,-4,-17,-5,-15,-6,-17,-4,-16,-6,-15,-6,-16,-8,-15,-9,-14,-9,-13,-10,-13,-9,-12,-10,-12,-10,-12,-12,-11,-11,-11,-11,-11,-10,-11,-11,-11,-10,-11,-11,-11,-11,-11,-9,-11,-7,-11,-7,-10,-7,-10,0,0,0,0,0,0]"
CSI_DATA,1283823,1a:00:00:00:00:00,-63,11,-95,4,46,6,1283823,47,0,128,0,"[0,0,0,0,0,0,0,0,-13,-7,-12,-7,-13,-8,-13,-9,-13,-12,-13,-12,-12,-13,-11,-12,-12,-12,-10,-12,-12,-13,-10,-14,-11,-12,-12,-13,-11,-12,-13,-13,-12,-11,-13,-11,-12,-11,-12,-9,-13,-10,-14,-10,-14,-9,-14,-10,-16,-11,-16,-8,-16,-9,-14,-9,0,0,-18,-6,-15,-9,-15,-9,-16,-7,-14,-7,-17,-7,-14,-6,-15,-5,-15,-7,-16,-5,-17,-5,-14,-4,-16,-4,-14,-2,-16,-1,-14,-1,-16,-1,-16,-1,-15,-1,-16,-1,-15,-2,-15,-2,-15,-3,-14,-3,-13,-5,-13,-4,-11,-6,-11,-6,0,0,0,0,0,0]"
CSI_DATA,1287823,1a:00:00:00:00:00,-63,11,-95,4,46,6,1287823,47,0,128,0,"[0,0,0,0,0,0,0,0,14,5,14,5,16,6,14,6,14,9,15,8,14,9,14,9,15,11,14,9,15,10,15,9,15,8,16,9,15,7,16,7,14,6,18,6,16,6,16,5,17,4,18,4,17,2,17,3,17,2,18,1,18,0,18,2,0,0,18,-2,19,-2,18,-2,19,-2,16,-2,17,-4,16,-4,15,-4,15,-5,15,-7,16,-7,14,-7,13,-8,13,-8,13,-9,12,-8,13,-8,12,-9,13,-10,11,-10,13,-9,12,-9,12,-9,13,-9,13,-8,12,-7,11,-5,11,-4,0,0,0,0,0,0]"
CSI_DATA,1293823,1a:00:00:00:00:00,-63,11,-95,4,46,6,1293823,47,0,128,0,"[0,0,0,0,0,0,0,0,-11,-11,-8,-11,-10,-12,-10,-12,-9,-14,-9,-14,-9,-16,-7,-14,-9,-16,-8,-15,-8,-14,-8,-15,-9,-14,-8,-14,-9,-15,-10,-13,-9,-13,-12,-14,-11,-12,-10,-13,-12,-11,-13,-11,-13,-11,-13,-11,-15,-10,-15,-11,-15,-11,-14,-9,0,0,-16,-9,-18,-11,-16,-10,-16,-10,-15,-8,-17,-8,-15,-7,-15,-6,-15,-5,-16,-3,-16,-2,-16,-3,-15,-2,-14,-2,-15,0,-15,0,-15,-1,-15,0,-16,0,-16,-1,-16,-1,-14,-3,-16,-1,-14,-2,-13,-2,-13,-3,-13,-4,-11,-4,0,0,0,0,0,0]"
CSI_DATA,1297823,1a:00:00:00:00:00,-63,11,-95,4,46,6,1297823,47,0,128,0,"[0,0,0,0,0,0,0,0,13,-6,14,-4,14,-4,17,-4,15,-1,19,-1,17,1,19,1,17,1,16,2,18,3,16,4,16,4,17,6,15,5,16,5,17,4,18,5,16,4,15,5,17,5,16,4,17,5,17,4,18,5,17,6,17,6,17,6,0,0,19,7,17,7,18,7,16,7,16,7,17,6,15,6,14,7,15,6,15,4,16,6,15,6,14,6,13,6,14,6,15,5,14,6,15,6,15,6,14,8,14,8,11,9,11,9,11,10,11,10,10,11,6,10,6,10,0,0,0,0,0,0]"
CSI_DATA,1303823,1a:00:00:00:00:00,-63,11,-95,4,46,6,1303823,47,0,128,0,"[0,0,0,0,0,0,0,0,-1,-14,0,-15,0,-15,0,-16,1,-17,2,-18,2,-18,2,-16,1,-18,2,-16,2,-17,2,-15,1,-17,0,-16,1,-17,-1,-18,-1,-16,-3,-16,-4,-16,-2,-16,-5,-16,-5,-16,-7,-16,-7,-17,-8,-16,-9,-16,-10,-15,-7,-15,0,0,-12,-16,-10,-16,-10,-16,-11,-14,-11,-13,-14,-14,-12,-12,-12,-9,-12,-10,-16,-8,-14,-8,-14,-8,-14,-8,-14,-5,-14,-6,-14,-5,-14,-4,-15,-3,-16,-4,-15,-6,-14,-4,-15,-6,-15,-5,-14,-5,-13,-4,-13,-5,-10,-6,-10,-5,0,0,0,0,0,0]"
CSI_DATA,1305823,1a:00:00:00:00:00,-63,11,-95,4,46,6,1305823,47,0,128,0,"[0,0,0,0,0,0,0,0,10,-11,11,-11,12,-12,12,-11,13,-11,14,-12,13,-10,14,-10,15,-10,15,-8,15,-8,13,-8,16,-9,16,-8,14,-8,14,-10,12,-9,15,-11,13,-10,13,-9,12,-11,12,-12,11,-12,11,-13,13,-13,11,-14,13,-16,13,-13,0,0,10,-15,12,-15,11,-16,12,-15,11,-14,10,-15,8,-14,8,-14,7,-14,7,-14,7,-15,6,-14,6,-15,5,-14,6,-14,5,-15,4,-14,4,-15,5,-15,5,-15,4,-14,6,-13,6,-14,6,-13,7,-12,7,-11,7,-9,8,-9,0,0,0,0,0,0]"
CSI_DATA,1309823,1a:00:00:00:00:00,-63,11,-95,4,46,6,1309823,47,0,128,0,"[0,0,0,0,0,0,0,0,-6,14,-8,13,-8,12,-10,14,-9,14,-12,15,-12,13,-11,13,-10,13,-12,12,-11,13,-12,12,-11,13,-12,13,-9,14,-9,14,-9,14,-8,15,-8,15,-7,14,-6,16,-6,17,-4,17,-5,16,-4,18,-4,18,-3,19,-3,18,0,0,-2,19,-2,19,-2,20,-1,18,0,17,1,20,0,16,3,16,2,16,3,16,3,17,5,15,4,15,6,15,6,13,6,15,8,14,7,14,7,15,6,13,7,14,7,12,7,14,5,14,5,14,5,13,3,11,3,13,0,0,0,0,0,0]"
CSI_DATA,1311823,1a:00:00:00:00:00,-63,11,-95,4,46,6,1311823,47,0,128,0,"[0,0,0,0,0,0,0,0,-16,5,-14,3,-15,3,-16,1,-16,2,-18,2,-17,-1,-18,-1,-18,-1,-17,-2,-17,-2,-16,-3,-18,-3,-18,-3,-16,-2,-16,-2,-16,0,-18,1,-17,-1,-16,0,-17,2,-17,1,-16,1,-18,3,-19,3,-18,2,-18,2,-18,2,0,0,-19,4,-19,3,-18,2,-19,3,-16,3,-17,3,-14,3,-15,4,-17,4,-17,6,-16,6,-14,7,-15,6,-13,6,-14,7,-15,8,-14,7,-15,7,-14,6,-14,7,-15,7,-14,6,-14,4,-13,4,-13,3,-15,2,-12,1,-12,1,0,0,0,0,0,0]"
CSI_DATA,1313823,1a:00:00:00:00:00,-63,11,-95,4,46,6,1313823,47,0,128,0,"[0,0,0,0,0,0,0,0,-15,-5,-12,-7,-12,-7,-13,-10,-13,-11,-13,-12,-12,-13,-11,-13,-11,-14,-9,-14,-10,-14,-8,-16,-9,-15,-9,-16,-8,-15,-9,-16,-9,-14,-9,-15,-9,-14,-7,-14,-9,-15,-10,-15,-9,-15,-9,-15,-9,-15,-9,-16,-11,-17,-8,-15,0,0,-9,-15,-9,-17,-9,-17,-9,-17,-8,-17,-8,-15,-7,-15,-7,-14,-8,-13,-8,-14,-9,-14,-7,-13,-8,-15,-7,-13,-8,-13,-8,-13,-8,-13,-7,-13,-8,-14,-7,-14,-7,-14,-5,-14,-4,-15,-3,-14,-1,-14,-1,-14,1,-12,1,-13,0,0,0,0,0,0]"
CSI_DATA,1315823,1a:00:00:00:00:00,-63,11,-95,4,46,6,1315823,47,0,128,0,"[0,0,0,0,0,0,0,0,12,-9,13,-7,15,-7,16,-7,15,-7,16,-9,16,-7,17,-6,17,-5,17,-4,17,-6,16,-5,17,-5,18,-7,16,-7,16,-7,15,-7,17,-9,15,-8,14,-8,14,-9,13,-10,13,-11,14,-12,12,-13,13,-12,13,-12,14,-12,0,0,13,-15,12,-14,11,-15,11,-14,10,-14,11,-15,8,-14,9,-14,8,-14,7,-15,8,-16,6,-14,5,-15,4,-15,4,-15,5,-17,2,-15,4,-15,4,-16,3,-15,4,-15,4,-14,3,-14,3,-13,5,-13,6,-13,5,-11,5,-11,0,0,0,0,0,0]"
CSI_DATA,1317963,1a:00:00:00:00:00,-63,11,-95,4,46,6,1317963,47,0,128,0,"[0,0,0,0,0,0,0,0,-12,-9,-11,-8,-12,-10,-10,-11,-10,-13,-11,-14,-10,-14,-10,-15,-10,-15,-9,-15,-8,-15,-7,-15,-8,-15,-8,-15,-8,-14,-9,-15,-8,-15,-10,-14,-9,-13,-8,-14,-10,-15,-10,-15,-11,-14,-10,-14,-11,-14,-12,-15,-12,-14,-10,-13,0,0,-13,-13,-11,-16,-12,-14,-11,-14,-10,-13,-12,-14,-11,-12,-11,-12,-11,-12,-11,-11,-12,-11,-10,-11,-13,-10,-11,-10,-11,-10,-12,-10,-12,-10,-12,-10,-12,-10,-12,-10,-11,-12,-9,-12,-10,-10,-10,-12,-8,-11,-6,-12,-4,-11,-4,-11,0,0,0,0,0,0]"
CSI_DATA,1320600,1a:00:00:00:00:00,-63,11,-95,4,46,6,1320600,47,0,128,0,"[0,0,0,0,0,0,0,0,15,-1,14,-1,16,0,17,0,16,1,19,0,17,1,18,2,18,2,17,2,18,2,16,2,17,3,19,1,16,0,18,-1,16,-1,18,-3,18,-2,16,-2,16,-5,17,-5,16,-7,16,-6,17,-7,18,-7,17,-8,18,-7,0,0,17,-10,16,-10,15,-11,16,-10,14,-10,14,-11,13,-11,12,-11,10,-11,11,-13,10,-13,9,-12,9,-13,7,-13,7,-13,6,-14,6,-15,7,-14,7,-16,6,-13,7,-15,7,-14,6,-13,7,-13,8,-13,7,-12,7,-9,7,-10,0,0,0,0,0,0]"
CSI_DATA,1324035,1a:00:00:00:00:00,-63,11,-95,4,46,6,1324035,47,0,128,0,"[0,0,0,0,0,0,0,0,15,-4,15,-2,16,-3,17,-1,17,1,17,2,16,4,17,3,18,4,16,6,17,5,15,6,16,4,17,6,16,5,16,5,16,5,18,4,15,4,15,5,17,4,17,4,17,4,18,4,17,4,19,4,19,3,19,5,0,0,18,4,18,4,19,6,18,5,16,4,17,4,17,4,15,5,17,3,17,1,17,1,16,2,16,2,15,1,16,2,16,1,15,2,16,2,16,1,15,3,15,3,14,5,14,5,13,4,13,6,12,6,9,8,10,8,0,0,0,0,0,0]"
CSI_DATA,1329823,1a:00:00:00:00:00,-63,11,-95,4,46,6,1329823,47,0,128,0,"[0,0,0,0,0,0,0,0,3,14,2,15,0,16,-1,16,-2,17,-2,17,-4,18,-4,16,-6,17,-7,15,-6,16,-6,15,-8,16,-8,17,-6,16,-7,17,-6,16,-6,16,-6,16,-6,14,-7,16,-6,17,-4,17,-5,17,-6,17,-5,17,-6,19,-6,14,0,0,-6,19,-8,19,-7,17,-7,16,-6,16,-7,17,-7,16,-5,15,-6,16,-4,17,-5,16,-4,15,-5,16,-3,14,-5,15,-4,14,-5,15,-5,13,-5,15,-6,14,-5,14,-6,14,-6,14,-7,12,-10,11,-9,10,-9,8,-9,7,0,0,0,0,0,0]"
CSI_DATA,1333823,1a:00:00:00:00:00,-63,11,-95,4,46,6,1333823,47,0,128,0,"[0,0,0,0,0,0,0,0,-4,-14,-2,-14,-1,-14,-1,-17,0,-17,0,-19,1,-17,3,-17,2,-17,3,-16,3,-17,4,-16,4,-17,5,-16,3,-17,3,-17,3,-17,1,-17,2,-17,2,-16,1,-18,-1,-18,-1,-17,-1,-18,0,-18,0,-20,-1,-19,-1,-18,0,0,-2,-20,-3,-19,-2,-18,-1,-18,-2,-17,-3,-18,-2,-17,-2,-17,-3,-15,-5,-15,-3,-17,-4,-15,-5,-16,-6,-15,-5,-14,-6,-14,-7,-15,-5,-15,-7,-15,-5,-15,-5,-15,-4,-15,-3,-16,-3,-15,-1,-14,0,-13,1,-11,0,-13,0,0,0,0,0,0]"
CSI_DATA,1340096,1a:00:00:00:00:00,-63,11,-95,4,46,6,1340096,47,0,128,0,"[0,0,0,0,0,0,0,0,-3,15,-3,14,-4,14,-6,16,-6,14,-7,16,-10,15,-10,14,-10,15,-11,13,-10,14,-10,13,-12,15,-11,14,-9,14,-9,14,-11,13,-10,15,-10,14,-9,13,-9,15,-9,15,-9,15,-8,14,-9,16,-9,16,-9,17,-9,16,0,0,-9,18,-10,17,-8,17,-10,16,-8,14,-9,15,-7,14,-7,15,-8,14,-6,15,-7,16,-5,14,-5,16,-5,14,-6,15,-6,14,-5,15,-5,15,-6,16,-7,14,-7,15,-6,13,-6,13,-8,12,-8,12,-9,10,-8,7,-10,9,0,0,0,0,0,0]"
CSI_DATA,1343823,1a:00:00:00:00:00,-63,11,-95,4,46,6,1343823,47,0,128,0,"[0,0,0,0,0,0,0,0,-2,-15,0,-14,-1,-16,0,-16,0,-16,1,-17,1,-18,3,-17,3,-16,4,-16,3,-17,4,-17,3,-18,3,-16,1,-17,1,-19,0,-17,-1,-17,-1,-16,0,-16,-1,-17,-1,-18,-3,-18,-2,-17,-3,-18,-3,-18,-4,-18,-3,-16,0,0,-5,-19,-5,-20,-6,-19,-5,-16,-5,-17,-7,-16,-5,-16,-5,-15,-7,-12,-9,-14,-8,-15,-8,-12,-10,-14,-9,-11,-10,-11,-9,-12,-12,-12,-9,-12,-10,-12,-8,-12,-10,-12,-9,-12,-9,-13,-8,-12,-7,-13,-6,-12,-4,-11,-4,-12,0,0,0,0,0,0]"
CSI_DATA,1348880,1a:00:00:00:00:00,-63,11,-95,4,46,6,1348880,47,0,128,0,"[0,0,0,0,0,0,0,0,11,-10,11,-10,13,-10,14,-9,15,-9,15,-10,15,-8,16,-8,17,-8,15,-7,16,-6,15,-7,16,-7,16,-8,16,-8,14,-9,14,-9,15,-10,14,-9,13,-10,13,-11,12,-12,12,-13,12,-13,12,-14,11,-15,12,-15,12,-14,0,0,11,-16,11,-17,10,-14,11,-17,9,-14,8,-17,9,-15,7,-15,8,-15,6,-17,6,-17,3,-15,5,-16,3,-14,4,-16,4,-15,2,-17,3,-16,1,-16,4,-15,2,-16,3,-14,3,-14,3,-15,4,-13,5,-12,6,-10,5,-11,0,0,0,0,0,0]"
CSI_DATA,1353823,1a:00:00:00:00:00,-63,11,-95,4,46,6,1353823,47,0,128,0,"[0,0,0,0,0,0,0,0,3,-15,5,-14,5,-15,5,-16,5,-16,6,-17,8,-17,7,-16,8,-16,9,-14,7,-16,7,-15,7,-16,8,-15,6,-16,4,-17,4,-15,3,-18,4,-16,3,-16,1,-17,2,-18,0,-17,0,-18,1,-18,-3,-18,-1,-18,1,-17,0,0,-3,-19,-3,-20,-4,-18,-5,-19,-5,-16,-5,-17,-5,-16,-5,-16,-6,-16,-8,-14,-8,-14,-8,-13,-10,-14,-9,-12,-11,-12,-10,-11,-12,-11,-10,-12,-11,-11,-10,-12,-11,-12,-10,-12,-10,-12,-9,-11,-9,-12,-8,-11,-7,-10,-6,-10,0,0,0,0,0,0]"
CSI_DATA,1359823,1a:00:00:00:00:00,-63,11,-95,4,46,6,1359823,47,0,128,0,"[0,0,0,0,0,0,0,0,-12,10,-12,9,-14,9,-14,9,-14,10,-15,8,-15,10,-15,7,-17,7,-16,5,-16,8,-16,6,-17,7,-17,7,-15,8,-15,10,-13,8,-14,11,-13,10,-13,10,-12,11,-12,12,-12,12,-11,14,-14,14,-11,16,-12,15,-12,15,0,0,-12,16,-10,16,-9,15,-10,17,-8,15,-9,16,-8,15,-8,14,-7,16,-5,17,-5,17,-4,15,-2,16,-3,16,-3,17,-2,15,-2,17,-2,15,-2,16,-3,15,-3,17,-3,15,-4,14,-3,14,-5,15,-4,14,-5,10,-5,10,0,0,0,0,0,0]"
CSI_DATA,1365823,1a:00:00:00:00:00,-63,11,-95,4,46,6,1365823,47,0,128,0,"[0,0,0,0,0,0,0,0,16,-2,14,-2,17,-3,17,-2,17,-1,17,-2,18,-1,18,0,18,1,17,3,18,1,17,3,18,1,17,1,17,0,17,0,16,-1,19,-3,18,-2,17,-3,16,-4,17,-3,17,-3,18,-4,18,-4,17,-4,18,-6,20,-5,0,0,18,-6,18,-7,17,-7,19,-7,15,-6,17,-8,14,-7,15,-8,14,-8,16,-9,16,-10,13,-10,13,-10,13,-9,12,-12,10,-11,11,-11,11,-11,11,-11,13,-10,13,-11,12,-9,12,-9,11,-9,12,-9,13,-7,10,-6,10,-5,0,0,0,0,0,0]"
CSI_DATA,1369823,1a:00:00:00:00:00,-63,11,-95,4,46,6,1369823,47,0,128,0,"[0,0,0,0,0,0,0,0,-14,5,-14,4,-16,4,-17,3,-16,1,-18,3,-17,3,-18,1,-18,1,-17,0,-18,1,-17,1,-19,2,-18,2,-17,4,-16,4,-16,4,-17,6,-17,6,-15,6,-15,6,-14,9,-16,9,-15,9,-16,10,-15,13,-14,13,-15,12,0,0,-14,14,-13,14,-14,13,-13,14,-11,13,-11,14,-11,13,-10,13,-9,14,-7,17,-6,16,-5,15,-4,16,-4,14,-5,16,-2,15,-3,15,-4,16,-2,16,-3,16,-3,17,-4,15,-4,14,-2,15,-4,14,-5,13,-4,12,-4,11,0,0,0,0,0,0]"
CSI_DATA,1373823,1a:00:00:00:00:00,-63,11,-95,4,46,6,1373823,47,0,128,0,"[0,0,0,0,0,0,0,0,-5,-14,-2,-14,-2,-16,0,-16,1,-17,1,-18,3,-18,4,-17,5,-18,6,-16,6,-16,6,-16,6,-16,6,-16,6,-17,5,-17,5,-16,7,-17,6,-15,6,-15,6,-17,5,-16,5,-16,5,-17,6,-18,5,-18,5,-19,7,-17,0,0,8,-19,6,-18,7,-17,7,-18,5,-16,7,-16,6,-16,7,-15,6,-15,4,-16,5,-16,3,-15,4,-16,3,-14,5,-15,5,-14,4,-15,5,-15,5,-16,6,-14,6,-15,7,-15,6,-14,7,-14,9,-12,10,-10,8,-8,10,-8,0,0,0,0,0,0]"
CSI_DATA,1379823,1a:00:00:00:00:00,-63,11,-95,4,46,6,1379823,47,0,128,0,"[0,0,0,0,0,0,0,0,-2,16,-3,15,-4,15,-6,15,-8,15,-8,15,-11,15,-11,14,-11,14,-13,12,-12,12,-12,12,-13,12,-12,13,-13,11,-12,12,-12,12,-13,13,-12,11,-13,12,-13,13,-13,11,-13,12,-13,11,-14,14,-12,13,-14,13,-15,12,0,0,-15,15,-16,12,-14,12,-15,11,-14,10,-14,11,-15,10,-14,10,-14,11,-13,13,-13,12,-11,10,-11,11,-10,9,-12,11,-11,10,-12,11,-12,10,-12,10,-14,8,-15,8,-13,7,-13,6,-13,6,-14,5,-13,3,-12,2,-12,1,0,0,0,0,0,0]"
CSI_DATA,1385823,1a:00:00:00:00:00,-63,11,-95,4,46,6,1385823,47,0,128,0,"[0,0,0,0,0,0,0,0,12,-10,13,-8,14,-8,14,-7,17,-5,17,-5,18,-4,17,-3,19,-4,18,-2,17,-1,18,0,18,0,18,0,18,0,17,1,16,0,19,0,17,0,17,2,16,1,18,0,16,0,18,1,20,0,18,1,18,0,21,2,0,0,20,3,19,3,18,3,20,3,18,4,18,3,16,4,17,4,16,4,19,2,17,3,16,2,16,4,16,2,17,4,15,3,17,4,16,4,16,4,15,5,15,5,12,7,13,8,13,8,10,9,10,8,8,9,7,10,0,0,0,0,0,0]"
CSI_DATA,1389823,1a:00:00:00:00:00,-63,11,-95,4,46,6,1389823,47,0,128,0,"[0,0,0,0,0,0,0,0,-11,12,-11,11,-13,10,-13,10,-15,9,-15,8,-15,8,-15,6,-17,7,-18,4,-18,5,-16,4,-17,5,-17,5,-16,5,-16,6,-16,4,-18,6,-16,5,-17,5,-16,6,-16,5,-16,5,-16,5,-17,7,-16,8,-18,8,-16,7,0,0,-18,8,-19,6,-17,7,-17,6,-16,6,-17,7,-15,5,-15,5,-15,6,-14,9,-15,8,-15,7,-14,8,-13,7,-14,8,-13,7,-14,8,-13,7,-15,7,-15,6,-15,6,-14,5,-14,5,-14,4,-15,4,-15,1,-12,0,-11,0,0,0,0,0,0,0]"
CSI_DATA,1395823,1a:00:00:00:00:00,-63,11,-95,4,46,6,1395823,47,0,128,0,"[0,0,0,0,0,0,0,0,15,-6,14,-5,14,-5,15,-3,17,-2,18,-1,17,0,17,1,19,2,16,2,18,2,17,4,19,4,17,4,17,4,17,3,17,3,18,1,17,2,16,3,18,3,18,3,17,3,18,2,18,2,19,2,19,4,19,2,0,0,20,4,19,2,18,3,19,3,18,1,19,3,17,3,17,3,16,3,18,1,18,3,17,1,16,2,16,2,16,1,16,2,16,2,17,2,17,2,16,3,16,3,14,4,15,6,14,6,13,7,13,7,10,8,9,8,0,0,0,0,0,0]"
CSI_DATA,1402607,1a:00:00:00:00:00,-63,11,-95,4,46,6,1402607,47,0,128,0,"[0,0,0,0,0,0,0,0,-14,5,-14,5,-15,5,-16,5,-16,5,-17,5,-16,5,-17,4,-18,4,-18,2,-18,4,-16,3,-18,4,-17,4,-16,6,-17,7,-15,6,-17,9,-14,8,-15,9,-14,9,-14,11,-12,11,-14,12,-15,12,-13,14,-15,13,-14,13,0,0,-11,14,-13,15,-10,17,-10,16,-9,15,-9,16,-7,15,-7,14,-7,15,-8,17,-4,17,-4,15,-3,18,0,15,-1,16,-1,16,1,17,0,16,0,16,-1,16,-1,16,1,15,-1,15,0,14,-2,15,-1,15,-1,11,-1,11,0,0,0,0,0,0]"
CSI_DATA,1405823,1a:00:00:00:00:00,-63,11,-95,4,46,6,1405823,47,0,128,0,"[0,0,0,0,0,0,0,0,15,1,14,2,16,3,16,4,17,5,17,6,16,7,17,8,16,8,14,9,15,9,14,10,16,10,16,10,15,9,17,9,14,8,16,8,15,7,15,7,16,8,17,7,16,8,16,7,17,7,17,6,19,7,18,5,0,0,18,8,18,8,16,7,18,7,16,6,18,6,16,7,15,6,17,6,18,3,16,3,16,3,16,3,14,4,16,3,15,2,16,3,16,3,16,3,16,4,15,5,15,5,14,6,14,6,13,7,12,7,9,8,10,8,0,0,0,0,0,0]"
CSI_DATA,1411194,1a:00:00:00:00:00,-63,11,-95,4,46,6,1411194,47,0,128,0,"[0,0,0,0,0,0,0,0,-6,-15,-4,-13,-3,-15,-4,-17,-3,-17,-3,-19,-2,-18,-1,-17,-2,-18,0,-16,0,-17,1,-18,1,-18,3,-18,1,-18,0,-18,1,-18,-1,-17,0,-18,0,-15,-2,-18,0,-18,-3,-18,-2,-17,-2,-17,-2,-20,-3,-20,-3,-20,0,0,-1,-19,-3,-20,-3,-19,-1,-18,-3,-19,-3,-19,-2,-17,-3,-16,-4,-17,-3,-15,-4,-16,-4,-15,-4,-17,-4,-15,-5,-14,-5,-15,-6,-14,-5,-15,-6,-15,-5,-13,-5,-16,-2,-15,-2,-15,-2,-16,0,-15,0,-13,1,-12,1,-13,0,0,0,0,0,0]"
CSI_DATA,1414195,1a:00:00:00:00:00,-63,11,-95,4,46,6,1414195,47,0,128,0,"[0,0,0,0,0,0,0,0,13,10,11,10,12,10,13,12,12,11,14,13,10,13,12,14,13,14,11,14,12,14,9,13,12,14,12,14,11,12,13,13,13,11,15,11,16,9,14,9,15,9,15,9,15,8,16,8,18,7,17,7,18,8,17,7,0,0,20,4,18,6,19,4,19,5,18,3,18,3,17,3,17,2,17,1,18,1,18,-1,16,-2,16,-3,16,-4,15,-4,16,-5,15,-5,15,-6,15,-5,15,-5,15,-5,15,-5,15,-3,14,-4,15,-2,15,-2,12,0,12,0,0,0,0,0,0,0]"
CSI_DATA,1419823,1a:00:00:00:00:00,-63,11,-95,4,46,6,1419823,47,0,128,0,"[0,0,0,0,0,0,0,0,-13,-7,-13,-8,-13,-8,-13,-8,-13,-11,-15,-11,-13,-11,-14,-11,-14,-12,-12,-11,-14,-11,-13,-11,-15,-11,-14,-12,-13,-10,-14,-10,-14,-9,-17,-9,-15,-8,-16,-7,-15,-7,-16,-7,-17,-5,-17,-6,-19,-4,-18,-5,-19,-6,-19,-3,0,0,-20,-1,-20,-4,-20,-2,-20,-2,-17,-1,-18,-1,-17,1,-17,-1,-17,1,-17,3,-17,3,-15,4,-16,2,-14,5,-15,5,-14,5,-15,6,-14,6,-15,7,-14,6,-15,7,-14,5,-15,6,-14,5,-14,5,-13,3,-12,1,-12,2,0,0,0,0,0,0]"
CSI_DATA,1425823,1a:00:00:00:00:00,-63,11,-95,4,46,6,1425823,47,0,128,0,"[0,0,0,0,0,0,0,0,7,13,5,14,7,13,6,16,4,16,6,19,4,17,4,17,4,19,3,16,3,17,3,18,3,18,4,17,4,17,6,17,5,16,8,17,8,17,6,13,9,16,8,16,8,16,9,16,10,16,12,16,11,16,9,14,0,0,13,18,11,14,11,16,13,14,12,13,12,14,12,13,12,12,13,11,15,9,14,10,13,9,14,9,13,9,14,7,14,7,14,6,14,6,14,6,14,7,14,7,14,6,13,8,12,8,13,8,11,10,8,8,9,9,0,0,0,0,0,0]"
CSI_DATA,1429823,1a:00:00:00:00:00,-63,11,-95,4,46,6,1429823,47,0,128,0,"[0,0,0,0,0,0,0,0,-8,-12,-6,-13,-7,-15,-7,-14,-6,-16,-7,-16,-6,-16,-7,-16,-7,-17,-7,-16,-8,-16,-6,-16,-8,-16,-9,-16,-7,-15,-8,-16,-9,-14,-12,-15,-11,-13,-10,-11,-13,-12,-13,-11,-13,-11,-14,-11,-16,-10,-16,-11,-17,-9,-15,-9,0,0,-19,-7,-17,-9,-18,-9,-18,-6,-17,-5,-18,-5,-16,-3,-16,-4,-16,-3,-17,-1,-17,0,-16,0,-17,2,-15,2,-17,2,-16,3,-16,5,-15,4,-16,5,-15,5,-15,5,-16,3,-15,4,-14,4,-15,3,-14,2,-13,1,-14,1,0,0,0,0,0,0]"
CSI_DATA,1433823,1a:00:00:00:00:00,-63,11,-95,4,46,6,1433823,47,0,128,0,"[0,0,0,0,0,0,0,0,13,-9,13,-8,14,-7,15,-7,16,-5,17,-6,17,-4,18,-3,18,-3,17,-2,18,-2,17,-1,18,-1,18,0,17,0,18,0,17,0,18,-1,17,-2,17,-2,17,-2,16,-2,17,-3,17,-3,19,-2,18,-2,19,-2,19,-1,0,0,19,-2,19,-1,19,-1,19,-2,19,-2,19,-3,17,-3,16,-2,17,-3,18,-4,17,-4,16,-3,15,-3,15,-3,16,-3,16,-4,16,-4,16,-3,16,-4,16,-3,16,-3,16,-2,15,0,16,1,14,2,14,4,12,3,11,4,0,0,0,0,0,0]"
CSI_DATA,1439402,1a:00:00:00:00:00,-63,11,-95,4,46,6,1439402,47,0,128,0,"[0,0,0,0,0,0,0,0,7,-14,8,-12,9,-14,11,-14,11,-12,13,-14,12,-12,13,-11,15,-10,14,-9,15,-10,14,-9,16,-10,17,-10,15,-9,14,-9,14,-9,15,-11,14,-10,15,-9,14,-11,15,-12,13,-11,14,-11,16,-12,13,-10,15,-11,15,-10,0,0,17,-13,15,-11,17,-11,17,-11,15,-10,15,-11,15,-10,13,-10,13,-11,13,-12,13,-12,12,-10,12,-11,11,-11,13,-11,12,-11,12,-11,12,-10,13,-11,13,-10,14,-10,14,-8,13,-8,14,-7,14,-5,13,-5,12,-2,13,-1,0,0,0,0,0,0]"
CSI_DATA,1443824,1a:00:00:00:00:00,-63,11,-95,4,46,6,1443824,47,0,128,0,"[0,0,0,0,0,0,0,0,15,-2,14,-2,16,-1,18,-1,16,1,18,1,17,3,19,3,19,3,17,4,19,4,16,5,17,4,18,5,17,4,18,3,17,3,18,3,17,4,15,2,17,2,17,1,18,1,17,1,19,2,18,1,19,0,20,1,0,0,22,0,19,0,20,1,19,0,18,0,18,-1,17,0,16,-1,16,-1,18,-3,18,-4,15,-2,16,-3,15,-3,15,-3,16,-4,15,-4,16,-4,16,-4,15,-3,17,-3,15,-1,15,-1,15,0,15,1,15,1,12,2,12,2,0,0,0,0,0,0]"
CSI_DATA,1447824,1a:00:00:00:00:00,-63,11,-95,4,46,6,1447824,47,0,128,0,"[0,0,0,0,0,0,0,0,-15,5,-13,5,-16,5,-17,4,-16,3,-18,4,-17,3,-18,1,-18,2,-18,1,-19,2,-17,1,-18,1,-19,1,-17,2,-17,3,-16,5,-18,6,-17,4,-15,4,-16,7,-16,7,-16,8,-15,9,-17,10,-16,9,-17,9,-18,10,0,0,-18,11,-15,10,-17,12,-15,11,-14,10,-14,12,-12,10,-12,11,-13,11,-13,13,-12,13,-11,13,-10,13,-8,13,-10,12,-9,13,-8,14,-9,14,-8,14,-7,14,-7,14,-9,12,-9,12,-9,12,-10,12,-10,10,-9,8,-10,8,0,0,0,0,0,0]"
CSI_DATA,1451824,1a:00:00:00:00:00,-63,11,-95,4,46,6,1451824,47,0,128,0,"[0,0,0,0,0,0,0,0,-5,-14,-3,-14,-2,-16,-2,-18,0,-17,-1,-20,1,-17,4,-17,4,-18,6,-16,6,-17,6,-15,7,-16,8,-16,6,-15,7,-16,7,-16,6,-16,7,-16,7,-15,7,-15,6,-16,7,-17,7,-16,8,-17,9,-18,9,-17,10,-16,0,0,11,-18,10,-16,12,-17,11,-17,10,-14,11,-15,11,-14,9,-14,10,-14,10,-15,10,-14,9,-13,9,-14,8,-14,10,-13,9,-14,10,-14,11,-12,10,-14,10,-12,11,-12,11,-10,12,-10,13,-8,13,-6,13,-6,12,-4,13,-3,0,0,0,0,0,0]"
CSI_DATA,1457824,1a:00:00:00:00:00,-63,11,-95,4,46,6,1457824,47,0,128,0,"[0,0,0,0,0,0,0,0,-15,0,-14,-1,-17,0,-17,-1,-17,0,-18,-1,-17,-1,-18,-2,-18,-2,-17,-3,-18,-2,-16,-3,-18,-2,-19,-3,-17,-1,-16,1,-17,0,-19,2,-18,3,-16,2,-17,4,-16,5,-16,5,-17,5,-18,6,-17,7,-18,8,-17,9,0,0,-18,12,-17,8,-18,10,-16,10,-14,9,-15,12,-13,11,-13,12,-13,11,-13,13,-11,14,-9,13,-9,13,-8,13,-7,14,-8,15,-7,14,-8,15,-6,16,-6,15,-7,16,-6,14,-7,14,-8,12,-8,13,-9,11,-7,10,-8,9,0,0,0,0,0,0]"
CSI_DATA,1461824,1a:00:00:00:00:00,-63,11,-95,4,46,6,1461824,47,0,128,0,"[0,0,0,0,0,0,0,0,1,-15,2,-15,3,-16,4,-17,5,-17,5,-19,7,-15,9,-16,9,-17,10,-13,10,-16,10,-14,11,-14,13,-14,11,-13,11,-14,9,-14,10,-15,10,-14,10,-12,10,-15,9,-14,9,-16,10,-16,10,-15,10,-16,11,-17,10,-15,0,0,12,-17,11,-16,11,-16,12,-15,10,-14,11,-16,10,-14,11,-13,10,-14,9,-15,10,-14,9,-13,9,-15,8,-13,9,-13,9,-14,8,-13,9,-14,9,-13,10,-11,12,-12,11,-11,11,-9,12,-9,12,-8,12,-7,11,-6,12,-5,0,0,0,0,0,0]"
CSI_DATA,1467824,1a:00:00:00:00:00,-63,11,-95,4,46,6,1467824,47,0,128,0,"[0,0,0,0,0,0,0,0,-10,12,-10,11,-11,12,-12,11,-14,10,-15,11,-16,8,-16,9,-16,8,-17,7,-17,7,-16,5,-17,6,-18,5,-17,4,-17,4,-16,4,-18,6,-17,6,-16,4,-16,4,-17,5,-17,4,-18,6,-18,4,-17,5,-19,5,-20,4,0,0,-18,5,-20,4,-19,4,-18,3,-17,3,-18,4,-17,2,-17,2,-18,2,-19,3,-18,3,-16,3,-17,3,-16,3,-16,4,-15,3,-16,3,-17,3,-16,3,-16,0,-17,0,-16,0,-15,-2,-14,-2,-15,-4,-14,-5,-11,-5,-12,-6,0,0,0,0,0,0]"
CSI_DATA,1471899,1a:00:00:00:00:00,-63,11,-95,4,46,6,1471899,47,0,128,0,"[0,0,0,0,0,0,0,0,-10,-12,-8,-12,-7,-14,-7,-15,-5,-17,-6,-18,-4,-18,-4,-17,-2,-17,-1,-17,-1,-17,0,-17,-2,-18,-2,-17,-2,-18,-3,-19,-2,-16,-3,-17,-2,-16,-2,-17,-3,-17,-2,-18,-4,-17,-3,-18,-4,-18,-5,-19,-6,-19,-4,-17,0,0,-4,-18,-5,-20,-4,-19,-2,-18,-4,-17,-4,-19,-4,-18,-4,-17,-3,-16,-5,-17,-6,-16,-6,-16,-6,-16,-6,-16,-5,-15,-5,-15,-7,-16,-5,-14,-6,-16,-4,-16,-5,-15,-3,-15,-4,-15,-4,-15,0,-15,0,-14,2,-13,2,-13,0,0,0,0,0,0]"
CSI_DATA,1482321,1a:00:00:00:00:00,-63,11,-95,4,46,6,1482321,47,0,128,0,"[0,0,0,0,0,0,0,0,-12,11,-12,10,-13,9,-15,10,-15,9,-17,8,-17,7,-17,7,-18,6,-17,4,-17,5,-15,5,-17,6,-17,6,-16,5,-16,6,-15,5,-18,8,-16,7,-17,6,-17,7,-17,7,-15,8,-16,8,-19,10,-17,10,-15,11,-16,10,0,0,-18,10,-19,10,-17,9,-17,10,-15,9,-16,9,-15,9,-14,8,-14,9,-13,11,-14,11,-12,10,-13,11,-11,10,-13,11,-12,11,-12,11,-13,11,-13,11,-13,10,-13,10,-12,8,-13,10,-12,8,-13,7,-13,5,-11,4,-12,4,0,0,0,0,0,0]"
CSI_DATA,1488539,1a:00:00:00:00:00,-63,11,-95,4,46,6,1488539,47,0,128,0,"[0,0,0,0,0,0,0,0,-12,12,-12,9,-13,9,-14,9,-15,9,-17,9,-16,7,-17,6,-17,6,-18,4,-18,5,-17,3,-18,4,-19,4,-17,4,-17,4,-17,4,-17,6,-17,6,-16,5,-17,6,-17,6,-17,5,-17,6,-19,7,-18,7,-19,7,-19,7,0,0,-20,9,-19,8,-18,7,-19,8,-17,5,-18,6,-16,4,-16,6,-17,5,-18,8,-16,8,-16,6,-15,7,-13,7,-15,8,-14,8,-15,9,-15,7,-15,7,-16,6,-16,5,-15,5,-15,4,-14,4,-15,3,-14,1,-13,0,-12,-1,0,0,0,0,0,0]"
CSI_DATA,1493824,1a:00:00:00:00:00,-63,11,-95,4,46,6,1493824,47,0,128,0,"[0,0,0,0,0,0,0,0,14,7,13,7,14,9,14,10,14,12,15,12,13,13,11,13,12,15,10,14,11,14,10,15,10,15,10,16,10,15,12,15,11,14,13,14,11,13,10,13,11,14,12,14,13,14,13,14,13,15,15,15,14,13,14,14,0,0,14,15,14,16,12,15,14,14,13,13,14,15,12,13,11,13,11,12,12,12,14,11,12,10,14,11,12,10,14,9,13,9,14,10,13,11,13,11,12,11,12,12,11,12,10,12,10,12,9,12,7,11,5,12,7,13,0,0,0,0,0,0]"
CSI_DATA,1497885,1a:00:00:00:00:00,-63,11,-95,4,46,6,1497885,47,0,128,0,"[0,0,0,0,0,0,0,0,4,16,3,15,3,17,2,17,1,18,1,18,0,19,-1,17,-2,20,-3,17,-2,19,-3,18,-3,18,-2,18,-1,19,0,19,-1,18,2,19,0,17,1,16,2,18,3,19,3,18,3,18,2,19,4,20,4,21,3,20,0,0,3,21,6,19,5,18,6,20,5,17,6,18,5,18,5,16,5,17,8,16,9,16,9,15,10,15,8,13,10,15,9,13,11,14,9,14,10,14,8,14,9,14,8,14,8,15,8,14,6,14,5,14,3,12,3,13,0,0,0,0,0,0]"
CSI_DATA,1507824,1a:00:00:00:00:00,-63,11,-95,4,46,6,1507824,47,0,128,0,"[0,0,0,0,0,0,0,0,-13,-9,-12,-8,-13,-10,-14,-10,-13,-12,-14,-12,-13,-13,-11,-13,-13,-14,-10,-14,-12,-14,-10,-15,-12,-14,-11,-14,-10,-13,-14,-12,-11,-12,-15,-11,-13,-9,-13,-10,-15,-10,-16,-11,-15,-10,-17,-9,-18,-9,-17,-8,-18,-8,-18,-8,0,0,-22,-7,-19,-7,-20,-5,-19,-6,-17,-5,-20,-5,-17,-4,-17,-4,-16,-2,-18,0,-17,-1,-16,0,-17,1,-16,0,-17,3,-15,3,-18,3,-15,2,-16,4,-17,2,-16,2,-17,2,-16,1,-15,2,-16,1,-15,0,-14,-1,-12,-1,0,0,0,0,0,0]"
CSI_DATA,1511824,1a:00:00:00:00:00,-63,11,-95,4,46,6,1511824,47,0,128,0,"[0,0,0,0,0,0,0,0,11,-11,12,-10,13,-11,15,-9,16,-8,16,-7,18,-5,18,-4,20,-3,18,-2,18,-2,17,-1,18,-3,19,-2,17,-1,19,-2,17,-1,20,-1,17,-1,17,0,18,0,17,1,19,-1,19,-1,20,-1,19,-2,20,0,20,0,0,0,21,1,20,1,18,2,20,2,17,2,20,2,18,1,17,3,17,2,18,1,19,1,17,1,17,0,15,1,17,2,16,1,17,1,17,1,18,3,16,4,16,5,15,5,14,7,15,6,12,7,13,7,9,9,9,9,0,0,0,0,0,0]"
CSI_DATA,1521824,1a:00:00:00:00:00,-62,11,-95,4,46,6,1521824,47,0,128,0,"[0,0,0,0,0,0,0,0,15,-6,15,-3,16,-5,16,-3,18,-1,18,0,19,1,17,1,19,2,18,2,18,4,18,5,18,3,18,3,17,3,19,3,16,3,20,2,17,2,17,3,17,2,19,3,19,3,20,3,20,1,20,2,21,3,20,2,0,0,20,3,19,5,20,4,20,4,18,2,19,4,17,5,17,4,17,3,19,1,18,1,17,0,17,1,16,2,17,1,17,1,18,1,16,2,18,2,16,3,16,4,15,5,15,5,15,5,14,6,13,8,10,8,9,8,0,0,0,0,0,0]"
CSI_DATA,1527968,1a:00:00:00:00:00,-62,11,-95,4,46,6,1527968,47,0,128,0,"[0,0,0,0,0,0,0,0,10,12,8,13,9,15,7,16,7,17,6,18,5,19,3,17,2,19,-1,18,1,19,0,18,0,18,-1,18,0,19,1,19,0,17,0,20,0,17,0,18,1,18,1,18,0,19,0,19,0,19,1,21,1,20,-2,21,0,0,-1,22,-1,21,-1,20,-1,22,-2,18,-3,20,-2,19,-2,16,-2,17,0,17,-1,18,-1,17,0,18,0,16,-1,17,0,16,1,18,-2,16,-3,18,-3,16,-4,17,-4,16,-6,16,-5,15,-7,14,-8,12,-7,11,-8,10,0,0,0,0,0,0]"
CSI_DATA,1532397,1a:00:00:00:00:00,-63,11,-95,4,46,6,1532397,47,0,128,0,"[0,0,0,0,0,0,0,0,-9,13,-10,12,-13,12,-13,11,-15,11,-16,10,-16,9,-16,9,-18,9,-18,7,-18,7,-16,7,-18,7,-18,6,-16,7,-16,7,-16,6,-17,9,-17,8,-16,6,-17,8,-17,8,-16,8,-17,9,-18,10,-17,10,-18,11,-17,11,0,0,-19,9,-19,9,-18,9,-18,9,-17,7,-17,10,-16,8,-15,9,-15,9,-15,10,-15,10,-13,9,-14,10,-12,10,-14,10,-14,10,-14,11,-14,10,-14,10,-14,8,-15,9,-15,6,-15,6,-15,6,-15,5,-15,4,-12,1,-14,1,0,0,0,0,0,0]"
CSI_DATA,1537824,1a:00:00:00:00:00,-62,11,-95,4,46,6,1537824,47,0,128,0,"[0,0,0,0,0,0,0,0,-12,-9,-12,-11,-12,-11,-11,-13,-11,-14,-10,-16,-9,-17,-8,-16,-8,-17,-6,-18,-7,-17,-6,-17,-7,-18,-5,-18,-7,-17,-7,-18,-7,-16,-8,-18,-6,-16,-6,-16,-7,-17,-8,-17,-9,-17,-8,-16,-10,-18,-9,-19,-10,-18,-9,-16,0,0,-11,-19,-10,-19,-9,-18,-8,-19,-8,-15,-9,-18,-8,-17,-8,-16,-8,-15,-9,-15,-10,-16,-10,-14,-10,-16,-10,-13,-9,-14,-10,-13,-11,-15,-9,-14,-10,-15,-8,-14,-8,-15,-6,-14,-7,-15,-6,-14,-5,-15,-2,-15,-2,-13,0,-13,0,0,0,0,0,0]"
CSI_DATA,1541809,1a:00:00:00:00:00,-62,11,-95,4,46,6,1541809,47,0,128,0,"[0,0,0,0,0,0,0,0,16,-2,15,-1,17,-1,18,-1,17,1,19,0,19,1,20,3,20,1,19,4,20,2,17,3,19,4,20,4,18,3,18,2,18,2,19,0,19,0,18,1,19,0,18,-1,19,-2,19,-3,19,-3,20,-2,21,-4,21,0,0,0,23,-5,21,-3,19,-4,19,-4,18,-4,19,-5,17,-6,17,-5,17,-6,17,-7,18,-8,15,-7,16,-8,15,-9,14,-8,15,-8,13,-9,15,-9,16,-10,13,-9,15,-8,15,-7,14,-7,15,-6,15,-4,14,-4,13,-2,14,-2,0,0,0,0,0,0]"
CSI_DATA,1541952,1a:00:00:00:00:00,-63,11,-95,4,46,6,1541952,47,0,128,0,"[0,0,0,0,0,0,0,0,-16,-1,-15,-2,-16,-2,-18,-3,-18,-5,-18,-5,-17,-7,-17,-6,-17,-7,-16,-7,-16,-8,-16,-9,-17,-7,-17,-7,-18,-7,-17,-6,-15,-6,-19,-5,-18,-5,-17,-5,-17,-6,-17,-5,-18,-5,-19,-4,-21,-2,-19,-4,-20,-2,-20,-2,0,0,-22,-1,-22,-2,-20,-3,-20,-2,-18,-1,-19,-2,-17,-1,-18,-1,-17,0,-17,2,-17,2,-16,3,-18,4,-15,4,-17,4,-16,3,-17,4,-16,3,-18,4,-16,3,-17,2,-16,1,-17,2,-15,2,-16,0,-14,-1,-12,-2,-13,-2,0,0,0,0,0,0]"
CSI_DATA,1546255,1a:00:00:00:00:00,-62,11,-95,4,46,6,1546255,47,0,128,0,"[0,0,0,0,0,0,0,0,-8,14,-9,13,-10,14,-11,14,-12,14,-12,15,-12,14,-13,12,-14,12,-14,10,-14,13,-14,12,-14,13,-13,13,-13,14,-11,15,-11,13,-12,16,-10,16,-10,14,-9,15,-10,17,-8,17,-7,18,-8,18,-7,19,-6,20,-7,19,0,0,-7,22,-7,19,-4,19,-4,19,-4,17,-4,19,-3,18,-3,17,-3,18,-1,19,0,19,1,17,2,19,3,16,3,17,3,16,4,17,3,16,4,17,4,16,3,19,3,16,2,16,2,15,1,16,0,15,0,13,0,13,0,0,0,0,0,0]"
CSI_DATA,1552606,1a:00:00:00:00:00,-62,11,-95,4,46,6,1552606,47,0,128,0,"[0,0,0,0,0,0,0,0,5,-15,7,-15,10,-16,10,-16,10,-15,11,-16,12,-16,13,-14,14,-15,14,-12,14,-14,13,-12,13,-13,13,-13,13,-14,11,-16,11,-15,11,-16,10,-15,10,-14,9,-15,10,-16,10,-16,9,-18,8,-18,7,-18,9,-18,8,-18,0,0,7,-21,7,-20,6,-19,6,-20,6,-17,6,-18,6,-18,5,-16,4,-18,2,-18,3,-18,1,-16,1,-17,0,-17,0,-17,1,-16,-2,-17,1,-18,-1,-18,2,-17,0,-17,2,-17,1,-16,1,-17,2,-16,4,-16,3,-12,3,-12,0,0,0,0,0,0]"
CSI_DATA,1552758,1a:00:00:00:00:00,-62,11,-95,4,46,6,1552758,47,0,128,0,"[0,0,0,0,0,0,0,0,-17,-3,-15,-4,-16,-5,-17,-5,-16,-7,-17,-8,-16,-7,-17,-9,-17,-8,-16,-10,-18,-8,-15,-9,-17,-9,-16,-11,-16,-9,-16,-8,-16,-8,-18,-8,-18,-7,-14,-7,-17,-6,-18,-5,-18,-5,-19,-4,-18,-4,-20,-5,-20,-4,-21,-4,0,0,-22,-3,-21,-4,-21,-4,-19,-2,-18,-2,-19,-2,-19,0,-17,-1,-18,1,-18,2,-18,1,-17,2,-17,2,-17,2,-17,3,-16,3,-15,3,-17,3,-18,4,-16,3,-17,3,-16,2,-16,1,-15,1,-16,-1,-15,-1,-12,-2,-13,-3,0,0,0,0,0,0]"
CSI_DATA,1555824,1a:00:00:00:00:00,-62,11,-95,4,46,6,1555824,47,0,128,0,"[0,0,0,0,0,0,0,0,-16,6,-16,4,-16,5,-17,4,-18,0,-20,1,-19,-3,-19,-3,-19,-4,-18,-6,-18,-5,-17,-6,-18,-5,-18,-7,-18,-6,-16,-7,-16,-5,-19,-7,-17,-5,-16,-7,-18,-7,-18,-6,-17,-7,-17,-8,-19,-6,-19,-7,-19,-7,-18,-7,0,0,-20,-10,-17,-10,-16,-10,-18,-11,-15,-10,-17,-10,-15,-10,-15,-10,-14,-8,-16,-8,-16,-8,-15,-9,-15,-8,-14,-7,-14,-9,-15,-8,-15,-8,-16,-10,-15,-9,-14,-10,-13,-10,-12,-12,-11,-12,-11,-12,-9,-12,-8,-13,-6,-12,-4,-13,0,0,0,0,0,0]"
CSI_DATA,1557824,1a:00:00:00:00:00,-62,11,-95,4,46,6,1557824,47,0,128,0,"[0,0,0,0,0,0,0,0,6,-14,8,-14,8,-14,9,-16,9,-15,11,-17,10,-14,12,-15,12,-14,13,-13,13,-14,13,-13,13,-13,13,-13,11,-14,10,-15,11,-15,11,-16,9,-16,9,-15,9,-17,8,-16,8,-18,8,-16,7,-18,8,-19,7,-20,7,-18,0,0,7,-20,6,-19,6,-20,7,-18,4,-19,5,-21,3,-18,4,-18,3,-17,2,-17,2,-19,0,-17,-1,-18,-2,-18,-1,-16,-2,-16,-2,-17,-2,-16,-1,-17,-1,-16,-2,-18,-1,-17,-1,-15,0,-16,2,-16,2,-16,2,-14,2,-14,0,0,0,0,0,0]"
CSI_DATA,1559824,1a:00:00:00:00:00,-62,11,-95,4,46,6,1559824,47,0,128,0,"[0,0,0,0,0,0,0,0,15,-7,16,-6,15,-6,19,-5,18,-4,20,-3,19,-1,20,-2,20,-2,19,-1,19,1,19,1,19,2,20,3,19,1,19,1,19,2,20,0,19,0,18,0,20,-1,18,-2,19,0,19,-1,20,-2,22,-1,22,-2,22,1,0,0,23,0,20,-1,22,0,20,-1,19,0,20,-1,18,0,18,-2,17,0,19,-2,19,-2,17,-3,17,-3,17,-3,17,-3,17,-4,17,-4,17,-4,18,-4,16,-2,18,-3,17,0,17,0,16,1,16,4,15,4,13,4,12,4,0,0,0,0,0,0]"
CSI_DATA,1565824,1a:00:00:00:00:00,-62,11,-95,4,46,6,1565824,47,0,128,0,"[0,0,0,0,0,0,0,0,-16,-4,-15,-4,-15,-6,-17,-6,-16,-10,-17,-9,-16,-11,-16,-11,-14,-13,-13,-12,-14,-13,-13,-13,-13,-13,-14,-15,-12,-13,-14,-14,-13,-13,-15,-12,-15,-12,-13,-13,-13,-12,-14,-13,-14,-12,-14,-13,-16,-12,-16,-13,-15,-14,-14,-13,0,0,-16,-15,-15,-16,-14,-15,-16,-15,-13,-14,-14,-13,-14,-13,-12,-13,-12,-13,-14,-13,-14,-13,-13,-10,-15,-12,-13,-10,-13,-11,-13,-10,-13,-12,-12,-12,-14,-11,-12,-11,-14,-11,-10,-13,-10,-13,-9,-13,-7,-12,-6,-13,-4,-13,-3,-13,0,0,0,0,0,0]"
CSI_DATA,1571824,1a:00:00:00:00:00,-62,11,-95,4,46,6,1571824,47,0,128,0,"[0,0,0,0,0,0,0,0,13,11,11,11,12,14,11,14,9,15,11,17,8,17,7,17,7,18,4,17,5,18,3,18,4,18,4,19,3,19,4,19,4,18,6,19,5,19,3,17,4,18,5,19,6,19,5,18,4,20,5,20,3,21,5,20,0,0,4,20,4,20,3,22,2,21,3,20,4,20,3,19,2,18,4,18,4,18,3,18,4,17,3,18,4,17,3,16,4,16,4,18,2,16,3,18,1,17,1,17,0,17,0,17,-3,17,-5,16,-4,14,-6,12,-6,13,0,0,0,0,0,0]"
CSI_DATA,1581824,1a:00:00:00:00:00,-62,11,-95,4,46,6,1581824,47,0,128,0,"[0,0,0,0,0,0,0,0,8,14,5,14,5,16,6,17,4,17,4,21,2,19,0,19,2,20,-1,19,0,18,-2,19,-2,19,-2,19,-2,19,-1,19,-1,18,1,20,-1,19,0,17,0,19,1,18,1,20,1,20,1,21,1,21,1,22,2,20,0,0,1,24,1,21,0,22,1,20,0,21,2,21,1,18,1,18,1,18,3,18,2,19,2,18,3,18,3,17,4,17,3,17,3,17,3,18,3,17,1,17,1,18,-1,17,-1,18,-1,16,-3,16,-3,16,-5,13,-4,13,0,0,0,0,0,0]"
CSI_DATA,1589824,1a:00:00:00:00:00,-62,11,-95,4,46,6,1589824,47,0,128,0,"[0,0,0,0,0,0,0,0,12,11,11,12,13,13,13,12,12,13,13,16,12,16,12,15,13,15,11,15,12,15,10,16,11,15,12,17,12,15,14,15,13,14,16,13,15,12,14,11,16,11,16,10,16,10,18,10,18,9,18,9,20,10,18,8,0,0,22,7,19,8,20,6,20,5,18,6,18,5,18,5,18,4,19,1,19,-1,20,0,17,0,17,-1,18,-2,18,-4,17,-4,17,-3,18,-4,18,-5,16,-4,18,-4,17,-4,16,-2,17,-2,17,-1,16,0,13,1,14,2,0,0,0,0,0,0]"
CSI_DATA,1595824,1a:00:00:00:00:00,-62,11,-95,4,46,6,1595824,47,0,128,0,"[0,0,0,0,0,0,0,0,-3,-16,-3,-15,-3,-17,-2,-18,-2,-19,-2,-21,0,-20,2,-17,0,-19,3,-18,2,-19,1,-19,1,-19,1,-19,1,-19,0,-20,-1,-19,-2,-20,-3,-18,-2,-17,-4,-18,-5,-18,-4,-18,-6,-20,-5,-19,-8,-20,-8,-21,-8,-20,0,0,-9,-21,-9,-19,-9,-20,-10,-20,-10,-18,-11,-18,-9,-17,-9,-15,-10,-16,-12,-15,-13,-13,-12,-14,-13,-13,-12,-11,-13,-12,-14,-11,-14,-11,-13,-11,-13,-10,-13,-11,-13,-12,-13,-12,-13,-12,-13,-11,-12,-12,-10,-12,-7,-10,-8,-11,0,0,0,0,0,0]"
CSI_DATA,1601824,1a:00:00:00:00:00,-62,11,-95,4,46,6,1601824,47,0,128,0,"[0,0,0,0,0,0,0,0,-6,16,-7,15,-8,16,-9,15,-9,16,-10,16,-12,16,-12,14,-13,15,-14,14,-13,15,-13,14,-13,16,-13,14,-11,16,-11,16,-10,14,-10,17,-9,16,-9,17,-9,18,-9,18,-8,17,-7,19,-7,19,-6,20,-7,22,-7,20,0,0,-8,21,-6,21,-5,20,-6,20,-4,20,-5,19,-5,18,-4,18,-1,18,-2,19,0,19,-1,19,1,19,2,17,1,18,1,17,2,19,1,17,1,18,0,18,0,18,1,17,0,17,0,15,-3,16,-2,15,-3,14,-3,13,0,0,0,0,0,0]"
CSI_DATA,1605824,1a:00:00:00:00:00,-62,11,-95,4,46,6,1605824,47,0,128,0,"[0,0,0,0,0,0,0,0,2,-17,3,-15,3,-17,4,-18,4,-18,5,-20,6,-18,6,-18,8,-18,8,-17,7,-19,8,-18,6,-18,6,-18,5,-18,3,-20,3,-18,2,-20,2,-18,1,-18,0,-20,-1,-20,-2,-19,-3,-20,-2,-21,-4,-21,-6,-22,-5,-21,0,0,-7,-19,-7,-21,-8,-22,-8,-19,-8,-19,-8,-19,-9,-18,-9,-16,-10,-17,-13,-16,-12,-14,-13,-14,-14,-13,-13,-11,-14,-11,-14,-10,-16,-10,-15,-11,-14,-12,-14,-11,-15,-10,-14,-11,-12,-11,-14,-11,-13,-10,-12,-11,-8,-10,-9,-11,0,0,0,0,0,0]"
CSI_DATA,1611824,1a:00:00:00:00:00,-62,11,-95,4,46,6,1611824,47,0,128,0,"[0,0,0,0,0,0,0,0,-12,12,-11,11,-13,13,-15,12,-15,12,-15,13,-15,11,-17,9,-18,11,-17,8,-18,10,-16,10,-16,11,-18,11,-14,12,-16,13,-15,12,-14,15,-12,14,-13,13,-13,14,-13,15,-12,16,-12,16,-11,16,-10,18,-11,19,-11,18,0,0,-11,20,-9,21,-8,20,-8,19,-7,18,-7,19,-7,18,-6,18,-6,18,-4,18,-3,18,-1,19,0,19,1,17,0,19,2,17,4,18,2,18,1,18,1,18,1,18,1,17,1,18,0,17,-1,17,-2,16,-2,12,-1,14,0,0,0,0,0,0]"
CSI_DATA,1617824,1a:00:00:00:00:00,-62,11,-95,4,46,6,1617824,47,0,128,0,"[0,0,0,0,0,0,0,0,16,-6,15,-4,17,-4,19,-4,19,-3,19,-3,20,-1,20,-2,21,-1,20,1,21,-1,19,1,20,-1,20,-1,18,-1,19,-2,18,-2,20,-6,19,-4,19,-5,17,-5,19,-6,19,-6,19,-7,20,-9,19,-8,20,-8,20,-9,0,0,21,-9,19,-11,18,-12,18,-11,17,-11,17,-11,16,-11,15,-11,15,-11,15,-15,13,-15,11,-12,11,-14,11,-13,11,-15,10,-15,11,-15,11,-15,10,-15,9,-15,11,-15,10,-13,10,-13,10,-13,11,-13,11,-11,11,-8,11,-8,0,0,0,0,0,0]"
CSI_DATA,1621824,1a:00:00:00:00:00,-62,11,-95,4,46,6,1621824,47,0,128,0,"[0,0,0,0,0,0,0,0,5,17,3,17,2,18,1,19,0,19,-1,20,-2,20,-5,18,-6,20,-9,17,-8,18,-7,16,-9,18,-9,17,-9,17,-9,18,-8,17,-10,19,-9,17,-9,16,-9,18,-10,17,-10,17,-9,17,-12,18,-11,20,-12,19,-12,18,0,0,-11,20,-13,18,-12,17,-13,18,-12,15,-13,18,-13,15,-13,14,-12,14,-13,15,-12,16,-10,16,-11,15,-9,13,-10,15,-11,15,-11,15,-12,14,-13,14,-14,13,-15,12,-14,11,-14,9,-14,9,-15,7,-15,4,-13,4,-13,4,0,0,0,0,0,0]"
CSI_DATA,1628261,1a:00:00:00:00:00,-62,11,-95,4,46,6,1628261,47,0,128,0,"[0,0,0,0,0,0,0,0,14,-8,14,-8,15,-8,17,-9,17,-7,19,-10,18,-8,19,-5,18,-8,19,-6,19,-6,19,-4,20,-6,19,-7,19,-8,18,-8,17,-8,18,-10,17,-10,16,-9,16,-11,15,-13,14,-14,15,-14,14,-14,15,-15,15,-16,15,-14,0,0,14,-19,13,-16,14,-17,12,-18,11,-17,10,-18,9,-18,8,-17,8,-18,8,-18,7,-18,5,-18,5,-18,4,-17,3,-17,3,-19,1,-18,2,-19,1,-19,3,-18,2,-18,2,-17,3,-17,3,-17,5,-16,5,-16,3,-13,4,-13,0,0,0,0,0,0]"
CSI_DATA,1629824,1a:00:00:00:00:00,-62,11,-95,4,46,6,1629824,47,0,128,0,"[0,0,0,0,0,0,0,0,8,16,7,15,8,16,7,18,6,18,6,21,4,20,3,20,1,21,0,19,1,19,0,19,2,20,2,20,2,20,4,20,3,18,5,20,5,19,4,18,5,19,6,19,5,20,6,21,7,20,9,20,9,20,7,19,0,0,8,21,7,19,9,20,9,19,9,18,9,21,8,18,9,17,8,17,9,16,11,15,12,15,12,15,12,14,12,13,12,13,14,13,12,14,12,16,10,15,10,14,9,15,9,14,10,15,9,16,7,14,5,13,5,14,0,0,0,0,0,0]"
CSI_DATA,1635824,1a:00:00:00:00:00,-62,11,-95,4,46,6,1635824,47,0,128,0,"[0,0,0,0,0,0,0,0,0,-17,1,-17,2,-18,3,-18,4,-19,5,-19,5,-20,7,-18,8,-19,11,-16,9,-18,9,-17,9,-18,10,-18,8,-18,8,-18,7,-17,7,-19,6,-18,7,-17,6,-19,6,-20,6,-19,5,-20,6,-21,5,-21,6,-20,7,-20,0,0,6,-22,5,-24,5,-22,6,-22,5,-20,4,-21,4,-20,4,-18,2,-18,2,-21,1,-20,1,-17,1,-19,0,-17,0,-18,0,-18,0,-19,0,-18,1,-19,2,-18,1,-18,2,-17,2,-17,3,-18,4,-16,6,-16,6,-13,6,-14,0,0,0,0,0,0]"
CSI_DATA,1644195,1a:00:00:00:00:00,-62,11,-95,4,46,6,1644195,47,0,128,0,"[0,0,0,0,0,0,0,0,8,-16,8,-15,7,-16,8,-16,10,-17,11,-18,11,-18,10,-16,12,-16,11,-15,11,-16,12,-16,11,-17,11,-17,10,-17,8,-18,7,-18,7,-20,6,-18,6,-18,4,-20,4,-20,3,-20,4,-20,2,-21,0,-21,1,-23,0,-21,0,0,-1,-23,-2,-24,-2,-21,-2,-23,-3,-20,-4,-21,-5,-20,-5,-18,-5,-19,-9,-19,-9,-18,-9,-16,-10,-17,-10,-14,-11,-15,-11,-15,-13,-14,-11,-14,-12,-14,-10,-14,-12,-14,-10,-14,-11,-14,-11,-14,-9,-13,-8,-14,-6,-13,-7,-12,0,0,0,0,0,0]"
CSI_DATA,1645824,1a:00:00:00:00:00,-62,11,-95,4,46,6,1645824,47,0,128,0,"[0,0,0,0,0,0,0,0,11,-14,11,-13,12,-14,14,-13,15,-13,15,-14,16,-12,16,-11,19,-12,17,-9,17,-10,16,-10,18,-10,17,-11,16,-11,16,-12,14,-12,17,-14,14,-14,14,-12,13,-14,14,-13,14,-15,13,-15,15,-16,13,-17,12,-18,13,-17,0,0,14,-19,14,-18,11,-17,13,-18,11,-17,11,-18,10,-17,9,-15,10,-18,7,-19,6,-19,6,-17,6,-18,4,-17,5,-18,4,-18,4,-18,4,-18,5,-19,6,-17,6,-19,7,-16,6,-16,5,-16,7,-16,8,-14,7,-12,7,-12,0,0,0,0,0,0]"
CSI_DATA,1652595,1a:00:00:00:00:00,-62,11,-95,4,46,6,1652595,47,0,128,0,"[0,0,0,0,0,0,0,0,16,0,17,2,18,1,20,3,18,5,21,5,19,7,19,8,20,8,18,8,18,9,15,10,18,9,19,10,17,10,18,9,19,9,20,7,19,7,17,6,18,7,19,7,18,6,20,6,21,6,21,7,22,6,23,7,0,0,23,6,22,7,22,6,20,7,20,7,21,6,19,6,19,5,21,4,21,3,20,2,19,3,19,3,18,3,19,2,19,0,18,2,18,2,20,2,18,3,19,2,17,4,17,5,16,5,16,8,14,7,11,7,13,7,0,0,0,0,0,0]"
CSI_DATA,1655825,1a:00:00:00:00:00,-62,11,-95,4,46,6,1655825,47,0,128,0,"[0,0,0,0,0,0,0,0,14,-8,15,-8,18,-9,18,-7,17,-7,19,-8,19,-6,19,-6,20,-6,19,-3,20,-6,19,-3,20,-7,20,-6,17,-6,18,-7,18,-8,18,-10,16,-9,18,-9,16,-11,16,-10,15,-12,16,-12,17,-14,16,-14,16,-15,17,-16,0,0,17,-15,14,-17,14,-17,15,-17,13,-16,13,-16,11,-15,11,-16,10,-14,10,-17,9,-18,6,-18,6,-18,5,-18,5,-18,4,-18,4,-18,5,-18,4,-19,4,-18,5,-18,4,-18,5,-17,5,-16,6,-15,6,-15,7,-12,6,-12,0,0,0,0,0,0]"
CSI_DATA,1657825,1a:00:00:00:00:00,-62,11,-95,4,46,6,1657825,47,0,128,0,"[0,0,0,0,0,0,0,0,18,3,17,5,19,4,18,7,18,8,19,9,18,10,17,10,17,12,15,12,18,12,14,13,17,12,16,12,16,11,18,12,16,11,19,10,16,9,17,10,17,10,18,10,18,9,18,10,19,11,20,9,21,10,20,10,0,0,21,9,21,10,19,9,21,9,19,8,20,9,18,9,17,7,18,8,20,7,19,5,18,4,18,4,17,4,19,3,17,3,19,3,18,4,18,4,18,5,17,6,17,6,17,7,16,6,15,7,14,8,12,9,12,8,0,0,0,0,0,0]"
CSI_DATA,1661825,1a:00:00:00:00:00,-62,11,-95,4,46,6,1661825,47,0,128,0,"[0,0,0,0,0,0,0,0,-16,-4,-15,-5,-18,-4,-18,-6,-17,-9,-18,-8,-17,-9,-18,-9,-19,-10,-17,-10,-17,-11,-17,-10,-18,-10,-20,-9,-18,-9,-18,-8,-17,-7,-20,-7,-18,-7,-19,-6,-20,-5,-20,-4,-19,-5,-19,-5,-22,-3,-22,-3,-22,-1,-21,-2,0,0,-22,0,-23,-2,-22,-2,-23,-1,-20,-1,-21,0,-20,0,-19,0,-19,3,-20,6,-20,5,-18,5,-18,5,-18,6,-18,6,-17,6,-18,8,-17,8,-18,7,-17,7,-19,7,-17,5,-17,5,-16,5,-16,4,-15,2,-14,0,-14,0,0,0,0,0,0,0]"
CSI_DATA,1663825,1a:00:00:00:00:00,-62,11,-95,4,46,6,1663825,47,0,128,0,"[0,0,0,0,0,0,0,0,-9,-15,-8,-14,-9,-15,-7,-19,-7,-18,-6,-20,-5,-21,-3,-19,-2,-21,-1,-18,-2,-19,-1,-20,-2,-20,-2,-20,-2,-21,-4,-21,-2,-19,-4,-22,-2,-20,-3,-19,-4,-20,-4,-20,-3,-21,-4,-21,-4,-22,-6,-21,-7,-21,-5,-21,0,0,-5,-22,-4,-23,-6,-22,-4,-22,-6,-20,-5,-22,-4,-20,-4,-19,-4,-19,-7,-19,-7,-18,-7,-17,-7,-18,-6,-16,-6,-17,-8,-16,-8,-17,-8,-17,-7,-18,-4,-17,-6,-18,-3,-17,-5,-18,-4,-17,-1,-16,0,-15,1,-15,1,-14,0,0,0,0,0,0]"
CSI_DATA,1665825,1a:00:00:00:00:00,-62,11,-95,4,46,6,1665825,47,0,128,0,"[0,0,0,0,0,0,0,0,3,-16,4,-16,4,-17,7,-17,9,-18,11,-19,12,-17,13,-16,14,-16,14,-14,16,-14,16,-13,16,-14,16,-14,15,-13,15,-14,14,-11,17,-14,16,-12,17,-11,15,-13,16,-12,16,-12,17,-12,18,-13,18,-14,18,-13,18,-11,0,0,20,-13,20,-10,19,-11,19,-10,18,-9,20,-9,19,-7,17,-6,17,-7,18,-8,18,-10,17,-9,16,-8,16,-8,17,-8,17,-8,17,-8,17,-8,18,-7,18,-6,19,-5,18,-2,17,-3,17,-1,17,0,17,2,14,4,14,4,0,0,0,0,0,0]"
CSI_DATA,1669825,1a:00:00:00:00:00,-62,11,-95,4,46,6,1669825,47,0,128,0,"[0,0,0,0,0,0,0,0,0,18,-1,17,-3,18,-4,19,-6,20,-6,21,-7,19,-9,18,-10,19,-11,16,-11,18,-11,17,-12,17,-12,17,-11,17,-11,17,-10,16,-12,19,-11,16,-11,17,-10,17,-10,18,-9,18,-9,18,-11,20,-10,19,-11,21,-12,19,0,0,-12,21,-11,20,-11,19,-12,20,-10,17,-11,18,-10,17,-10,16,-10,17,-8,19,-8,17,-7,17,-7,19,-7,17,-8,18,-8,16,-8,19,-8,17,-10,17,-10,16,-10,16,-10,15,-11,15,-10,13,-13,11,-12,11,-11,8,-11,8,0,0,0,0,0,0]"
CSI_DATA,1675825,1a:00:00:00:00:00,-62,11,-95,4,46,6,1675825,47,0,128,0,"[0,0,0,0,0,0,0,0,14,-11,14,-8,16,-9,17,-8,19,-7,19,-7,21,-5,20,-4,22,-3,20,-2,22,-2,19,0,21,-1,22,0,19,-1,21,-1,20,-1,23,-2,20,-1,20,0,19,-2,21,-2,20,-2,21,-1,23,-3,23,-2,23,0,22,0,0,0,23,0,22,0,22,1,23,1,20,1,22,0,21,0,19,1,18,1,21,0,22,-1,19,-1,20,-2,18,-2,20,0,18,-1,18,-1,19,0,19,-1,18,0,20,1,18,2,17,3,17,5,16,6,15,6,13,7,11,7,0,0,0,0,0,0]"
CSI_DATA,1685825,1a:00:00:00:00:00,-61,11,-95,4,46,6,1685825,47,0,128,0,"[0,0,0,0,0,0,0,0,17,-6,16,-4,18,-5,18,-5,19,-2,21,-1,20,0,20,1,22,1,19,3,20,2,20,4,20,3,21,4,20,2,20,2,19,2,22,1,20,2,19,1,20,0,21,1,21,0,21,0,21,1,23,0,23,1,21,-1,0,0,25,0,22,2,23,1,23,0,20,1,21,1,20,1,19,1,20,0,21,-3,21,-3,19,-3,19,-2,18,-2,19,-3,19,-3,19,-3,19,-2,20,-2,18,-2,19,-2,17,1,18,1,16,1,18,3,17,3,13,6,14,4,0,0,0,0,0,0]"
CSI_DATA,1695825,1a:00:00:00:00:00,-62,11,-95,4,46,6,1695825,47,0,128,0,"[0,0,0,0,0,0,0,0,16,8,14,9,15,10,16,11,15,13,17,13,15,14,14,15,16,15,13,14,15,15,13,15,14,15,13,16,13,15,16,14,14,14,17,15,16,13,15,13,15,13,17,12,17,12,16,12,18,13,18,12,20,14,20,12,0,0,21,13,18,13,19,14,19,11,17,11,20,10,18,10,17,8,18,8,20,8,18,7,18,7,18,7,18,5,18,5,18,5,18,5,18,5,19,5,18,5,18,5,17,7,16,7,16,8,15,9,13,8,11,9,11,10,0,0,0,0,0,0]"
CSI_DATA,1699825,1a:00:00:00:00:00,-62,11,-95,4,46,6,1699825,47,0,128,0,"[0,0,0,0,0,0,0,0,-17,-4,-16,-5,-18,-5,-19,-5,-19,-7,-20,-7,-19,-8,-19,-10,-19,-7,-18,-9,-19,-8,-18,-9,-19,-9,-20,-8,-19,-8,-19,-7,-18,-6,-20,-5,-21,-4,-18,-4,-19,-4,-19,-2,-20,0,-20,-1,-22,0,-21,-2,-22,0,-24,-1,0,0,-22,4,-23,1,-23,2,-22,3,-20,2,-20,4,-20,6,-19,6,-19,8,-18,9,-19,8,-18,8,-17,8,-16,10,-16,9,-16,11,-15,11,-15,11,-15,13,-14,11,-16,12,-15,10,-15,9,-14,9,-15,6,-15,7,-13,5,-14,5,0,0,0,0,0,0]"
CSI_DATA,1705825,1a:00:00:00:00:00,-62,11,-95,4,46,6,1705825,47,0,128,0,"[0,0,0,0,0,0,0,0,10,14,8,15,9,15,10,16,8,17,8,20,7,20,8,19,8,19,7,18,7,18,6,20,6,19,7,19,6,19,8,19,9,18,10,18,10,17,9,15,11,18,11,18,13,16,13,16,14,17,14,18,14,17,15,15,0,0,17,16,15,17,16,16,16,15,14,15,17,13,15,12,16,11,16,12,19,11,18,9,16,9,16,9,16,8,18,8,17,7,18,6,18,7,18,6,16,6,18,7,17,8,16,9,16,8,14,9,14,9,10,9,11,10,0,0,0,0,0,0]"
CSI_DATA,1709825,1a:00:00:00:00:00,-61,11,-95,4,46,6,1709825,47,0,128,0,"[0,0,0,0,0,0,0,0,-14,10,-15,8,-16,8,-19,7,-19,6,-22,5,-20,3,-20,2,-21,1,-20,-1,-20,0,-19,-3,-21,-2,-22,-3,-20,-3,-20,-4,-19,-3,-21,-2,-21,-3,-19,-3,-20,-4,-20,-4,-20,-3,-20,-5,-23,-4,-22,-6,-23,-6,-21,-5,0,0,-24,-6,-21,-8,-21,-9,-21,-8,-20,-9,-20,-8,-19,-9,-19,-8,-18,-7,-18,-7,-18,-9,-17,-7,-18,-9,-17,-7,-17,-7,-18,-8,-18,-7,-18,-9,-18,-9,-16,-10,-16,-10,-14,-12,-13,-13,-12,-13,-11,-13,-9,-14,-6,-13,-5,-13,0,0,0,0,0,0]"
CSI_DATA,1715825,1a:00:00:00:00:00,-61,11,-95,4,46,6,1715825,47,0,128,0,"[0,0,0,0,0,0,0,0,2,17,2,17,2,19,3,20,0,19,1,22,0,20,0,21,-1,22,-1,19,1,21,-1,21,-1,21,-1,21,1,20,1,21,2,21,5,21,5,19,4,18,7,20,7,20,8,20,9,20,9,19,10,21,11,22,12,18,0,0,13,21,13,20,13,18,13,18,14,18,16,16,14,16,14,15,15,14,17,13,17,13,16,11,17,11,17,9,16,9,17,9,16,8,17,8,18,6,16,8,17,7,17,8,16,9,15,8,15,9,13,9,10,9,12,9,0,0,0,0,0,0]"
CSI_DATA,1719825,1a:00:00:00:00:00,-61,11,-95,4,46,6,1719825,47,0,128,0,"[0,0,0,0,0,0,0,0,-18,3,-18,0,-18,1,-19,-1,-20,-4,-22,-3,-20,-6,-19,-7,-20,-7,-18,-9,-18,-9,-18,-9,-18,-9,-19,-10,-18,-11,-18,-10,-18,-9,-19,-9,-19,-9,-16,-9,-19,-11,-18,-10,-20,-10,-19,-10,-20,-9,-19,-10,-21,-10,-18,-12,0,0,-22,-12,-19,-12,-20,-12,-20,-12,-17,-12,-18,-12,-17,-11,-16,-12,-17,-10,-17,-9,-17,-9,-17,-10,-17,-10,-15,-9,-18,-9,-17,-8,-18,-9,-17,-10,-16,-11,-14,-11,-15,-11,-14,-13,-12,-13,-11,-12,-10,-13,-9,-14,-7,-13,-6,-12,0,0,0,0,0,0]"
CSI_DATA,1725825,1a:00:00:00:00:00,-62,11,-95,4,46,6,1725825,47,0,128,0,"[0,0,0,0,0,0,0,0,16,7,15,9,15,11,15,13,15,14,16,15,13,16,12,16,12,17,8,18,10,18,7,19,7,19,6,19,9,19,8,20,8,19,10,19,8,18,6,18,8,19,7,19,8,20,9,20,8,20,8,22,8,23,7,20,0,0,7,25,7,23,7,22,7,23,4,21,5,21,5,20,4,20,5,20,6,21,5,19,6,19,5,20,5,19,5,18,5,18,6,19,3,19,4,19,2,18,1,19,0,18,-1,18,-1,18,-4,17,-5,16,-6,14,-5,14,0,0,0,0,0,0]"
CSI_DATA,1763989,1a:00:00:00:00:00,-61,11,-95,4,46,6,1763989,47,0,128,0,"[0,0,0,0,0,0,0,0,15,-10,16,-9,18,-7,19,-8,19,-6,21,-5,21,-2,21,-3,21,-2,22,-1,22,0,20,2,21,3,22,3,20,3,21,2,21,2,22,1,22,2,19,2,21,1,20,1,20,2,20,2,23,3,23,3,24,3,23,4,0,0,24,2,21,3,23,5,22,5,22,4,23,4,20,4,19,3,20,4,20,4,20,4,19,3,20,5,20,3,19,3,19,3,18,3,19,4,20,5,18,5,19,6,17,7,15,8,15,10,14,11,14,10,9,10,10,10,0,0,0,0,0,0]"
CSI_DATA,1766021,1a:00:00:00:00:00,-61,11,-95,4,46,6,1766021,47,0,128,0,"[0,0,0,0,0,0,0,0,-14,-11,-13,-12,-14,-13,-15,-15,-14,-14,-16,-16,-13,-15,-13,-16,-14,-17,-12,-16,-13,-16,-11,-17,-13,-16,-12,-17,-13,-16,-14,-16,-14,-15,-17,-14,-16,-13,-15,-13,-16,-14,-17,-12,-18,-13,-17,-11,-19,-11,-20,-12,-22,-12,-21,-11,0,0,-23,-10,-21,-12,-22,-9,-21,-9,-21,-9,-21,-8,-19,-7,-18,-7,-19,-5,-20,-3,-20,-4,-18,-3,-20,-3,-19,-2,-19,-1,-19,1,-20,1,-19,-1,-20,1,-19,0,-20,0,-19,-1,-18,-1,-18,-2,-17,-3,-16,-4,-14,-5,-15,-5,0,0,0,0,0,0]"
CSI_DATA,1767825,1a:00:00:00:00:00,-61,11,-95,4,46,6,1767825,47,0,128,0,"[0,0,0,0,0,0,0,0,-18,-3,-18,-3,-19,-4,-19,-5,-19,-7,-20,-8,-20,-10,-18,-10,-20,-12,-17,-12,-18,-11,-16,-12,-18,-12,-17,-13,-19,-12,-19,-11,-17,-12,-19,-9,-18,-9,-18,-9,-18,-9,-20,-10,-19,-10,-19,-10,-21,-9,-20,-9,-21,-9,-21,-10,0,0,-23,-11,-22,-11,-21,-9,-22,-9,-20,-9,-21,-9,-18,-9,-18,-9,-18,-7,-21,-6,-20,-5,-19,-5,-19,-4,-18,-5,-19,-4,-18,-3,-19,-3,-19,-4,-18,-5,-18,-6,-18,-6,-16,-7,-16,-7,-17,-7,-15,-8,-15,-9,-11,-10,-11,-9,0,0,0,0,0,0]"
CSI_DATA,1769825,1a:00:00:00:00:00,-61,11,-95,4,46,6,1769825,47,0,128,0,"[0,0,0,0,0,0,0,0,12,-13,12,-12,15,-14,15,-12,17,-13,16,-14,17,-13,17,-11,18,-12,17,-11,17,-12,16,-12,17,-13,16,-14,14,-14,14,-16,13,-15,12,-18,12,-17,12,-16,11,-18,10,-19,8,-19,8,-20,8,-21,6,-22,7,-23,6,-23,0,0,4,-25,5,-23,2,-23,3,-23,2,-21,0,-22,0,-21,0,-20,-1,-21,-5,-22,-6,-19,-8,-18,-8,-19,-8,-18,-9,-18,-9,-17,-11,-17,-9,-17,-10,-16,-8,-16,-10,-17,-9,-17,-9,-15,-9,-15,-8,-15,-7,-16,-5,-13,-5,-13,0,0,0,0,0,0]"
CSI_DATA,1772053,1a:00:00:00:00:00,-61,11,-95,4,46,6,1772053,47,0,128,0,"[0,0,0,0,0,0,0,0,-18,-6,-16,-6,-18,-7,-19,-7,-17,-8,-20,-9,-18,-10,-18,-10,-19,-12,-17,-12,-18,-11,-16,-13,-18,-12,-18,-13,-17,-11,-17,-11,-19,-10,-21,-9,-19,-8,-18,-7,-20,-8,-19,-7,-19,-8,-20,-6,-23,-7,-21,-6,-24,-6,-22,-6,0,0,-26,-5,-22,-5,-23,-5,-23,-5,-22,-5,-21,-2,-20,-2,-20,-4,-21,-1,-20,2,-20,1,-19,0,-19,1,-19,2,-19,3,-19,4,-19,3,-19,4,-19,3,-18,3,-19,3,-19,1,-19,0,-17,-1,-17,-1,-16,-2,-14,-3,-15,-3,0,0,0,0,0,0]"
CSI_DATA,1773825,1a:00:00:00:00:00,-61,11,-95,4,46,6,1773825,47,0,128,0,"[0,0,0,0,0,0,0,0,11,14,10,15,9,16,9,17,9,19,9,21,6,20,4,20,4,22,0,21,2,21,1,21,3,21,2,23,2,21,3,21,2,20,4,22,4,20,3,20,3,20,4,21,4,21,4,22,4,22,6,23,6,24,5,22,0,0,6,25,4,24,4,22,5,23,4,21,3,23,3,22,3,20,3,19,5,19,5,19,6,18,6,19,5,18,6,18,7,17,6,19,5,19,5,19,4,18,3,19,3,18,2,18,3,18,0,17,-2,17,-3,14,-3,15,0,0,0,0,0,0]"
CSI_DATA,1779825,1a:00:00:00:00:00,-61,11,-95,4,46,6,1779825,47,0,128,0,"[0,0,0,0,0,0,0,0,-2,-18,-1,-16,1,-20,2,-20,3,-21,4,-21,4,-20,7,-20,9,-21,9,-18,9,-19,9,-18,11,-19,11,-19,9,-19,9,-19,10,-18,10,-20,9,-18,10,-18,9,-19,9,-19,8,-19,9,-19,10,-21,9,-21,10,-22,11,-20,0,0,12,-21,11,-20,10,-21,12,-22,10,-18,10,-20,10,-18,10,-17,10,-19,8,-20,8,-19,7,-18,8,-19,8,-17,9,-18,6,-17,6,-18,8,-17,8,-18,9,-16,10,-17,10,-15,11,-15,11,-14,12,-12,13,-11,12,-8,11,-8,0,0,0,0,0,0]"
CSI_DATA,1781825,1a:00:00:00:00:00,-61,11,-95,4,46,6,1781825,47,0,128,0,"[0,0,0,0,0,0,0,0,16,8,16,9,17,9,17,10,16,11,18,12,17,14,16,13,17,13,15,14,16,13,15,12,19,12,18,13,17,11,18,10,17,10,20,10,19,7,19,8,18,7,20,7,21,7,20,7,23,4,23,4,24,3,23,3,0,0,25,1,23,3,22,2,23,1,20,1,23,0,21,-1,20,-1,19,-3,19,-7,19,-7,18,-5,19,-6,17,-7,18,-8,18,-7,17,-9,18,-8,18,-9,17,-7,17,-9,18,-7,17,-7,17,-7,17,-6,16,-5,14,-3,14,-3,0,0,0,0,0,0]"
CSI_DATA,1785825,1a:00:00:00:00:00,-61,11,-95,4,46,6,1785825,47,0,128,0,"[0,0,0,0,0,0,0,0,-11,16,-11,14,-11,15,-13,14,-16,13,-17,13,-17,12,-18,11,-19,11,-19,9,-19,8,-19,8,-20,9,-20,9,-19,7,-19,7,-18,7,-20,9,-20,7,-19,7,-19,7,-20,8,-20,7,-19,8,-21,10,-21,9,-21,9,-20,8,0,0,-22,9,-23,6,-22,5,-22,6,-20,6,-21,5,-20,5,-19,4,-20,4,-20,7,-20,6,-18,6,-19,6,-17,6,-20,6,-18,5,-18,6,-20,5,-20,5,-18,3,-19,2,-17,0,-18,1,-18,0,-17,-2,-17,-4,-14,-6,-14,-6,0,0,0,0,0,0]"
CSI_DATA,1787825,1a:00:00:00:00:00,-61,11,-95,4,46,6,1787825,47,0,128,0,"[0,0,0,0,0,0,0,0,-8,-16,-9,-15,-7,-17,-7,-18,-7,-20,-7,-21,-5,-20,-3,-20,-4,-21,-2,-19,-4,-21,-3,-20,-4,-21,-5,-20,-5,-21,-7,-21,-6,-20,-8,-21,-8,-17,-8,-18,-10,-19,-10,-20,-10,-18,-11,-19,-12,-18,-13,-19,-15,-19,-12,-18,0,0,-15,-19,-15,-18,-16,-18,-15,-16,-14,-16,-16,-16,-15,-16,-14,-13,-15,-14,-18,-12,-17,-11,-16,-11,-18,-10,-17,-9,-17,-8,-16,-8,-18,-8,-17,-7,-17,-8,-17,-8,-17,-9,-16,-9,-16,-9,-15,-9,-15,-8,-13,-9,-11,-9,-11,-10,0,0,0,0,0,0]"
CSI_DATA,1794868,1a:00:00:00:00:00,-61,11,-95,4,46,6,1794868,47,0,128,0,"[0,0,0,0,0,0,0,0,7,-17,8,-16,9,-18,11,-17,13,-16,14,-17,13,-15,15,-15,16,-15,16,-12,17,-12,16,-13,17,-13,17,-15,16,-14,15,-15,16,-15,15,-17,13,-15,14,-14,15,-15,15,-16,15,-16,14,-16,15,-17,13,-18,13,-19,15,-18,0,0,15,-19,14,-18,12,-19,15,-19,12,-17,13,-18,13,-16,12,-16,10,-17,10,-17,9,-18,7,-17,8,-17,8,-16,8,-17,6,-18,7,-18,8,-17,8,-19,9,-16,9,-18,10,-15,8,-15,10,-15,11,-13,11,-13,11,-9,10,-9,0,0,0,0,0,0]"
CSI_DATA,1795825,1a:00:00:00:00:00,-62,11,-95,4,46,6,1795825,47,0,128,0,"[0,0,0,0,0,0,0,0,-17,9,-15,8,-18,7,-18,6,-20,4,-21,5,-22,2,-20,1,-21,1,-21,0,-21,-1,-21,0,-21,0,-21,-1,-21,0,-21,0,-19,-1,-23,1,-20,0,-20,0,-21,-1,-20,-1,-21,0,-21,0,-23,2,-23,3,-23,2,-21,2,0,0,-24,2,-23,-1,-22,-1,-22,0,-21,0,-23,1,-21,-1,-20,0,-20,-1,-22,2,-21,3,-19,2,-20,3,-18,2,-20,2,-19,3,-20,3,-19,2,-19,3,-18,1,-19,2,-18,-1,-19,0,-17,-2,-17,-3,-15,-4,-14,-6,-12,-6,0,0,0,0,0,0]"
CSI_DATA,1797825,1a:00:00:00:00:00,-62,11,-95,4,46,6,1797825,47,0,128,0,"[0,0,0,0,0,0,0,0,1,-19,2,-17,3,-18,3,-19,5,-19,5,-22,7,-21,6,-21,7,-21,7,-19,7,-20,7,-20,7,-21,5,-20,4,-20,3,-21,4,-20,2,-22,2,-19,1,-20,0,-22,-1,-21,-4,-21,-2,-22,-4,-23,-5,-22,-8,-22,-5,-20,0,0,-9,-22,-8,-23,-9,-22,-8,-21,-9,-21,-11,-19,-9,-19,-10,-18,-11,-17,-16,-17,-14,-15,-14,-14,-14,-13,-14,-12,-15,-12,-14,-12,-17,-11,-15,-10,-17,-12,-15,-11,-16,-11,-15,-11,-15,-10,-14,-11,-12,-11,-13,-12,-9,-10,-9,-11,0,0,0,0,0,0]"
CSI_DATA,1799825,1a:00:00:00:00:00,-61,11,-95,4,46,6,1799825,47,0,128,0,"[0,0,0,0,0,0,0,0,14,-12,15,-10,16,-12,18,-11,18,-10,18,-10,20,-8,19,-8,21,-8,21,-5,22,-6,19,-7,21,-8,21,-8,19,-8,19,-10,18,-8,20,-10,19,-8,19,-9,18,-10,18,-10,18,-10,18,-11,19,-14,17,-13,18,-15,19,-14,0,0,19,-15,19,-14,17,-13,19,-15,15,-14,18,-13,16,-14,15,-12,15,-13,13,-16,13,-15,11,-14,11,-16,10,-14,12,-16,11,-15,11,-15,11,-15,12,-17,12,-14,12,-15,12,-13,12,-13,12,-13,14,-12,13,-11,13,-8,13,-7,0,0,0,0,0,0]"
CSI_DATA,1805825,1a:00:00:00:00:00,-61,11,-95,4,46,6,1805825,47,0,128,0,"[0,0,0,0,0,0,0,0,-19,3,-17,1,-19,2,-20,0,-21,-1,-22,-2,-21,-3,-21,-4,-21,-5,-20,-6,-20,-5,-19,-7,-21,-5,-21,-5,-20,-5,-21,-4,-19,-4,-22,-3,-20,-4,-19,-3,-22,-3,-22,-2,-21,-2,-21,-2,-24,-2,-22,-1,-23,-1,-22,-1,0,0,-23,0,-24,-1,-24,-2,-23,-1,-21,-1,-22,0,-21,0,-20,-1,-20,1,-22,4,-21,3,-19,4,-19,3,-18,3,-19,4,-18,5,-19,5,-20,5,-20,4,-19,4,-18,3,-18,1,-17,1,-19,1,-16,0,-16,-1,-14,-3,-15,-3,0,0,0,0,0,0]"
CSI_DATA,1809825,1a:00:00:00:00:00,-61,11,-95,4,46,6,1809825,47,0,128,0,"[0,0,0,0,0,0,0,0,18,-1,17,1,19,2,21,1,20,2,22,2,20,3,22,4,22,4,21,5,21,4,20,6,21,6,22,5,20,4,21,4,20,2,22,1,21,2,21,1,22,0,21,-2,21,-2,22,-4,23,-4,21,-3,24,-4,24,-3,0,0,23,-5,22,-6,23,-7,22,-6,22,-6,21,-8,17,-8,19,-8,19,-9,18,-12,18,-10,17,-10,16,-10,15,-11,16,-11,15,-12,15,-13,15,-13,15,-13,13,-13,15,-13,14,-11,14,-11,17,-9,15,-8,16,-9,13,-5,14,-5,0,0,0,0,0,0]"
CSI_DATA,1815825,1a:00:00:00:00:00,-61,11,-95,4,46,6,1815825,47,0,128,0,"[0,0,0,0,0,0,0,0,-16,-9,-15,-9,-15,-11,-15,-11,-16,-13,-16,-14,-15,-14,-14,-15,-15,-14,-14,-15,-14,-14,-14,-16,-16,-15,-15,-16,-15,-15,-16,-14,-15,-13,-18,-14,-16,-13,-15,-14,-16,-13,-18,-12,-18,-10,-18,-12,-20,-11,-20,-10,-20,-11,-19,-11,0,0,-22,-9,-22,-11,-21,-12,-22,-10,-18,-8,-21,-8,-20,-7,-19,-7,-19,-6,-22,-4,-21,-3,-18,-3,-20,-4,-18,-3,-19,-3,-19,-1,-20,0,-18,-1,-20,-1,-19,-1,-19,0,-18,-2,-18,-2,-17,-4,-16,-4,-15,-4,-14,-7,-14,-7,0,0,0,0,0,0]"
CSI_DATA,1817825,1a:00:00:00:00:00,-61,11,-95,4,46,6,1817825,47,0,128,0,"[0,0,0,0,0,0,0,0,-5,-19,-4,-18,-2,-18,-1,-20,0,-21,2,-22,3,-22,3,-21,5,-21,7,-19,7,-21,6,-19,6,-20,7,-20,5,-19,4,-21,6,-20,6,-21,6,-20,6,-19,4,-20,5,-21,3,-20,5,-21,5,-22,4,-22,5,-24,4,-22,0,0,5,-23,5,-23,5,-23,6,-22,5,-20,6,-22,6,-20,6,-19,6,-19,3,-19,4,-20,2,-19,2,-20,1,-18,3,-19,1,-19,2,-19,4,-19,4,-20,5,-18,5,-19,6,-17,5,-18,6,-17,7,-16,9,-14,10,-11,9,-12,0,0,0,0,0,0]"
CSI_DATA,1820565,1a:00:00:00:00:00,-61,11,-95,4,46,6,1820565,47,0,128,0,"[0,0,0,0,0,0,0,0,2,18,2,17,0,19,0,21,-1,21,-1,23,-3,23,-2,20,-5,22,-6,20,-4,21,-5,21,-3,21,-3,21,-2,21,-1,23,-1,21,0,23,2,21,1,20,3,21,4,21,3,22,5,23,5,22,7,22,9,23,7,22,0,0,8,24,7,23,7,21,9,22,9,20,9,21,9,19,9,19,11,18,13,17,14,15,13,14,14,15,13,14,14,14,14,12,15,12,14,14,15,13,14,14,13,13,13,13,13,13,13,12,11,14,10,13,8,12,9,12,0,0,0,0,0,0]"
CSI_DATA,1821868,1a:00:00:00:00:00,-61,11,-95,4,46,6,1821868,47,0,128,0,"[0,0,0,0,0,0,0,0,-10,-16,-8,-16,-8,-16,-8,-17,-7,-19,-7,-20,-6,-21,-4,-21,-6,-22,-3,-21,-5,-21,-3,-21,-3,-21,-4,-21,-4,-20,-4,-20,-5,-19,-7,-21,-6,-19,-4,-19,-7,-19,-8,-21,-9,-20,-7,-21,-9,-20,-11,-20,-11,-21,-8,-19,0,0,-11,-22,-12,-22,-11,-22,-11,-21,-9,-18,-11,-20,-11,-19,-11,-17,-11,-17,-13,-15,-12,-17,-13,-14,-14,-15,-13,-13,-13,-14,-13,-12,-15,-13,-13,-13,-13,-14,-11,-13,-13,-14,-11,-15,-11,-14,-11,-15,-8,-15,-9,-14,-6,-13,-6,-14,0,0,0,0,0,0]"
CSI_DATA,1832804,1a:00:00:00:00:00,-61,11,-95,4,46,6,1832804,47,0,128,0,"[0,0,0,0,0,0,0,0,14,11,13,11,14,13,14,15,14,16,15,18,12,18,12,17,11,18,9,18,12,18,9,20,10,18,10,19,10,19,12,19,11,18,14,18,13,16,12,15,15,16,14,17,14,16,15,15,15,16,16,17,17,16,16,17,0,0,17,16,16,17,17,16,18,15,16,14,18,15,17,13,17,13,14,11,16,12,18,12,16,11,17,10,16,9,17,8,18,8,18,7,17,8,17,7,17,9,17,8,16,9,15,10,13,10,13,10,12,11,9,10,11,10,0,0,0,0,0,0]"
CSI_DATA,1838885,1a:00:00:00:00:00,-61,11,-95,4,46,6,1838885,47,0,128,0,"[0,0,0,0,0,0,0,0,-15,-11,-14,-12,-14,-12,-15,-14,-15,-16,-15,-16,-14,-18,-12,-16,-12,-18,-9,-18,-11,-18,-9,-18,-10,-18,-9,-19,-10,-18,-11,-18,-11,-18,-13,-17,-12,-16,-12,-16,-14,-17,-14,-17,-13,-17,-12,-18,-15,-17,-13,-17,-14,-20,-14,-18,0,0,-15,-17,-16,-19,-15,-17,-15,-17,-14,-15,-16,-17,-15,-16,-13,-15,-15,-15,-17,-14,-16,-13,-14,-13,-15,-12,-15,-11,-17,-10,-16,-11,-17,-11,-14,-12,-16,-11,-14,-12,-14,-11,-14,-12,-13,-13,-11,-14,-10,-13,-9,-13,-8,-13,-7,-12,0,0,0,0,0,0]"
CSI_DATA,1842005,1a:00:00:00:00:00,-61,11,-95,4,46,6,1842005,47,0,128,0,"[0,0,0,0,0,0,0,0,-7,17,-8,15,-8,17,-9,17,-12,19,-11,19,-12,18,-13,17,-14,18,-14,15,-13,16,-13,16,-13,17,-12,18,-9,18,-10,19,-9,18,-10,20,-9,18,-8,18,-7,19,-5,20,-5,22,-3,20,-4,23,-3,23,-2,24,-4,22,0,0,-2,23,-1,24,0,23,1,24,1,21,2,23,1,21,2,20,4,20,6,19,6,19,7,18,8,17,8,16,8,17,8,16,10,17,9,16,9,18,8,17,9,17,8,16,8,15,8,16,6,16,6,14,4,15,3,14,0,0,0,0,0,0]"
CSI_DATA,1845825,1a:00:00:00:00:00,-61,11,-95,4,46,6,1845825,47,0,128,0,"[0,0,0,0,0,0,0,0,-14,-12,-11,-13,-12,-14,-12,-17,-12,-16,-12,-20,-9,-18,-8,-20,-8,-19,-6,-20,-7,-20,-4,-19,-4,-21,-3,-22,-4,-21,-4,-22,-5,-22,-5,-20,-6,-21,-4,-19,-6,-21,-7,-20,-6,-20,-7,-21,-5,-21,-6,-22,-6,-22,-3,-23,0,0,-7,-24,-5,-23,-4,-22,-3,-21,-3,-22,-5,-22,-4,-20,-4,-20,-5,-19,-4,-18,-4,-19,-4,-19,-5,-20,-5,-19,-5,-17,-6,-18,-5,-18,-5,-19,-5,-18,-3,-18,-3,-19,-2,-18,0,-17,1,-17,3,-17,3,-16,4,-13,5,-14,0,0,0,0,0,0]"
CSI_DATA,1851825,1a:00:00:00:00:00,-61,11,-95,4,46,6,1851825,47,0,128,0,"[0,0,0,0,0,0,0,0,3,19,1,18,1,19,0,20,-2,19,-2,22,-5,21,-6,20,-7,20,-9,19,-9,20,-9,17,-11,19,-11,18,-10,17,-10,19,-10,18,-10,19,-10,19,-10,17,-9,18,-9,19,-10,20,-10,19,-11,20,-11,20,-12,21,-13,19,0,0,-12,21,-13,19,-13,19,-13,17,-11,16,-12,19,-13,17,-13,16,-12,17,-11,17,-12,16,-10,15,-11,17,-10,15,-10,15,-10,15,-11,16,-12,15,-11,15,-13,14,-14,14,-14,12,-14,10,-14,10,-15,8,-15,7,-13,5,-13,4,0,0,0,0,0,0]"
CSI_DATA,1857825,1a:00:00:00:00:00,-61,11,-95,4,46,6,1857825,47,0,128,0,"[0,0,0,0,0,0,0,0,8,-16,8,-14,10,-16,13,-16,13,-14,16,-16,15,-13,18,-12,19,-13,18,-9,19,-11,19,-7,20,-8,20,-7,19,-7,19,-7,18,-7,20,-9,19,-8,18,-6,20,-7,19,-7,19,-8,20,-9,21,-8,21,-7,23,-6,22,-7,0,0,25,-6,23,-5,22,-5,21,-4,21,-3,21,-4,19,-2,21,-3,19,-3,20,-3,21,-3,19,-4,18,-3,18,-2,19,-4,20,-3,16,-2,19,-2,19,-2,18,-1,19,0,17,1,17,3,17,5,16,6,16,6,13,8,13,7,0,0,0,0,0,0]"
CSI_DATA,1861825,1a:00:00:00:00:00,-61,11,-95,4,46,6,1861825,47,0,128,0,"[0,0,0,0,0,0,0,0,-8,17,-8,16,-9,18,-11,18,-11,17,-14,18,-14,15,-15,14,-17,16,-16,13,-16,14,-15,11,-18,11,-19,12,-16,11,-17,13,-17,13,-17,13,-16,13,-15,11,-16,14,-15,14,-15,14,-16,13,-17,15,-16,15,-18,16,-17,15,0,0,-18,16,-19,13,-17,14,-17,14,-15,13,-18,14,-15,12,-16,12,-15,13,-15,14,-15,14,-13,12,-14,13,-13,13,-13,13,-14,13,-13,14,-15,14,-14,13,-15,12,-14,13,-14,10,-15,9,-15,9,-16,6,-15,6,-14,3,-13,3,0,0,0,0,0,0]"
CSI_DATA,1867825,1a:00:00:00:00:00,-62,11,-95,4,46,6,1867825,47,0,128,0,"[0,0,0,0,0,0,0,0,14,-10,15,-9,15,-9,18,-9,19,-7,20,-7,20,-5,21,-4,22,-4,21,-1,21,-1,21,1,21,-1,22,1,20,0,20,0,20,1,22,-2,21,-1,19,-2,21,-1,21,0,21,-1,22,-1,22,-1,22,-1,24,-1,23,3,0,0,23,0,23,0,23,0,22,1,20,2,22,1,20,1,19,1,21,1,22,0,21,0,19,-1,20,0,19,-1,19,-1,18,-1,19,-2,19,0,19,1,18,2,19,2,17,3,17,4,16,4,17,7,16,7,11,8,12,8,0,0,0,0,0,0]"
CSI_DATA,1869826,1a:00:00:00:00:00,-61,11,-95,4,46,6,1869826,47,0,128,0,"[0,0,0,0,0,0,0,0,0,18,0,17,-1,18,-1,20,-2,20,-3,22,-4,20,-4,20,-5,22,-7,18,-5,19,-6,20,-4,20,-5,21,-3,21,-2,21,-2,21,0,21,1,19,-1,19,1,20,2,21,2,21,4,21,2,22,5,23,6,22,5,21,0,0,7,24,7,22,7,21,7,21,7,19,8,21,8,18,7,18,9,19,12,18,12,16,10,15,12,14,13,14,13,13,13,14,13,13,13,13,13,12,13,12,12,13,12,13,12,13,11,13,10,14,9,13,7,12,7,12,0,0,0,0,0,0]"
CSI_DATA,1871826,1a:00:00:00:00:00,-61,11,-95,4,46,6,1871826,47,0,128,0,"[0,0,0,0,0,0,0,0,-14,12,-14,10,-15,11,-17,10,-18,10,-18,10,-18,10,-19,6,-19,8,-19,6,-21,7,-20,6,-20,6,-21,5,-19,5,-19,6,-18,7,-21,8,-19,8,-19,6,-18,8,-19,9,-19,9,-18,10,-21,9,-19,10,-21,10,-21,10,0,0,-20,11,-20,10,-19,11,-21,11,-17,10,-18,10,-17,10,-17,9,-16,10,-16,12,-16,12,-14,11,-15,12,-14,11,-15,12,-14,13,-14,12,-16,12,-14,13,-15,10,-16,11,-13,11,-14,9,-15,8,-15,8,-14,5,-13,3,-14,3,0,0,0,0,0,0]"
CSI_DATA,1877826,1a:00:00:00:00:00,-62,11,-95,4,46,6,1877826,47,0,128,0,"[0,0,0,0,0,0,0,0,18,-3,17,-1,18,-1,20,-1,21,2,21,3,21,3,20,4,20,5,19,7,20,7,19,7,19,6,19,8,20,8,20,7,19,6,21,5,20,5,19,5,20,6,20,6,21,6,21,5,21,5,22,4,23,6,22,6,0,0,24,6,22,5,22,5,21,4,20,6,22,5,20,5,18,5,20,4,22,2,20,2,19,3,19,1,17,1,18,1,18,2,20,1,19,1,18,2,17,3,18,4,16,4,16,6,16,6,16,6,15,7,11,7,12,7,0,0,0,0,0,0]"
CSI_DATA,1883826,1a:00:00:00:00:00,-62,11,-95,4,46,6,1883826,47,0,128,0,"[0,0,0,0,0,0,0,0,-17,-8,-14,-10,-16,-12,-16,-12,-15,-13,-15,-14,-14,-15,-11,-16,-12,-17,-9,-17,-11,-17,-9,-18,-9,-18,-10,-18,-9,-18,-11,-18,-11,-17,-13,-18,-11,-16,-11,-17,-11,-17,-11,-18,-11,-18,-11,-18,-11,-19,-12,-19,-13,-20,-11,-18,0,0,-13,-18,-13,-20,-11,-20,-12,-19,-9,-18,-12,-18,-10,-18,-9,-17,-8,-16,-9,-17,-11,-15,-10,-15,-10,-15,-10,-14,-11,-14,-11,-13,-12,-14,-10,-14,-11,-16,-8,-16,-9,-15,-8,-15,-6,-15,-6,-16,-6,-15,-3,-16,-1,-13,-1,-13,0,0,0,0,0,0]"
CSI_DATA,1897826,1a:00:00:00:00:00,-62,11,-95,4,46,6,1897826,47,0,128,0,"[0,0,0,0,0,0,0,0,12,12,12,13,12,13,13,15,11,16,13,17,12,17,11,17,9,18,7,18,10,18,9,18,10,17,9,19,10,17,12,16,11,16,14,17,12,13,11,14,13,15,14,15,13,16,15,16,16,15,18,14,17,14,17,13,0,0,18,13,19,13,17,12,19,12,17,12,17,12,16,11,15,11,16,9,19,7,18,6,18,6,18,7,16,5,18,5,17,4,18,4,17,4,17,3,17,5,17,5,16,5,16,6,15,5,15,5,13,7,11,7,12,7,0,0,0,0,0,0]"
CSI_DATA,1902600,1a:00:00:00:00:00,-62,11,-95,4,46,6,1902600,47,0,128,0,"[0,0,0,0,0,0,0,0,4,17,3,17,3,18,3,20,2,19,2,22,1,21,0,20,0,20,-1,19,1,21,0,20,0,19,-1,21,0,20,1,21,2,20,4,19,4,19,4,17,6,19,6,20,7,20,7,18,9,20,8,20,10,23,11,20,0,0,11,19,11,18,12,20,12,17,12,16,13,16,12,15,13,14,12,13,13,14,15,13,15,11,15,12,15,9,15,9,13,8,16,8,15,7,15,8,14,8,15,7,15,9,14,9,13,10,12,10,12,9,9,9,10,9,0,0,0,0,0,0]"
CSI_DATA,1902761,1a:00:00:00:00:00,-62,11,-95,4,46,6,1902761,47,0,128,0,"[0,0,0,0,0,0,0,0,17,-4,15,-2,18,-3,19,-2,19,-1,20,-1,21,1,20,1,21,1,20,2,20,1,19,1,20,1,20,1,19,-1,19,-1,18,-2,21,-3,18,-2,19,-3,18,-4,19,-5,18,-6,19,-6,20,-8,19,-8,20,-9,20,-9,0,0,21,-9,18,-11,17,-10,19,-11,16,-10,17,-12,16,-11,16,-10,16,-11,15,-14,14,-14,12,-13,11,-14,10,-13,12,-14,11,-15,10,-14,9,-15,10,-15,10,-14,10,-14,11,-13,10,-12,11,-12,10,-10,11,-11,10,-9,10,-8,0,0,0,0,0,0]"
CSI_DATA,1907826,1a:00:00:00:00:00,-62,11,-95,4,46,6,1907826,47,0,128,0,"[0,0,0,0,0,0,0,0,5,17,5,17,4,17,2,17,2,19,1,21,1,20,1,20,-1,20,0,19,1,19,0,20,1,20,2,20,3,20,3,21,3,18,5,20,5,18,5,17,6,19,7,20,8,18,9,19,11,19,12,20,12,18,12,16,0,0,13,19,12,18,13,19,14,19,13,15,15,15,13,14,12,13,14,13,17,10,17,9,16,9,18,10,14,8,15,8,16,7,16,6,16,6,17,6,16,7,16,6,14,9,15,7,15,7,14,8,13,8,11,8,11,8,0,0,0,0,0,0]"
CSI_DATA,1911826,1a:00:00:00:00:00,-62,11,-95,4,46,6,1911826,47,0,128,0,"[0,0,0,0,0,0,0,0,-17,2,-17,1,-19,1,-20,-1,-20,-3,-20,-4,-20,-6,-19,-5,-19,-8,-18,-9,-17,-8,-16,-10,-18,-9,-17,-10,-17,-10,-17,-9,-17,-10,-19,-9,-16,-7,-17,-8,-17,-10,-17,-10,-17,-11,-17,-11,-19,-10,-18,-9,-20,-11,-17,-11,0,0,-18,-11,-18,-12,-19,-12,-18,-11,-16,-10,-18,-12,-16,-11,-15,-12,-14,-11,-16,-10,-17,-9,-16,-9,-16,-9,-14,-9,-15,-8,-15,-8,-16,-9,-14,-10,-14,-10,-13,-10,-14,-11,-12,-12,-12,-11,-11,-11,-10,-11,-7,-12,-5,-11,-5,-12,0,0,0,0,0,0]"
CSI_DATA,1917826,1a:00:00:00:00:00,-62,11,-95,4,46,6,1917826,47,0,128,0,"[0,0,0,0,0,0,0,0,16,7,14,9,15,10,14,11,14,13,14,15,13,17,11,16,10,18,8,17,9,17,8,19,8,18,8,19,8,19,10,18,6,16,7,19,7,18,6,17,7,17,7,19,8,18,7,18,7,20,8,20,7,21,7,20,0,0,6,21,3,21,4,21,4,22,3,19,4,20,3,18,3,19,3,17,6,17,5,17,5,17,4,18,4,17,4,17,4,16,4,18,3,16,2,17,0,16,1,17,0,16,-1,18,-1,17,-3,15,-3,14,-6,12,-6,12,0,0,0,0,0,0]"
CSI_DATA,1921826,1a:00:00:00:00:00,-62,11,-95,4,46,6,1921826,47,0,128,0,"[0,0,0,0,0,0,0,0,-16,-6,-14,-7,-17,-8,-16,-8,-16,-11,-16,-12,-16,-13,-15,-12,-15,-14,-13,-13,-12,-15,-11,-15,-14,-14,-13,-14,-13,-14,-13,-14,-12,-14,-14,-14,-13,-13,-13,-14,-13,-14,-14,-14,-14,-14,-14,-14,-16,-14,-15,-14,-16,-13,-15,-13,0,0,-16,-14,-15,-16,-16,-15,-14,-15,-14,-14,-16,-15,-14,-14,-14,-11,-12,-13,-15,-12,-16,-10,-15,-11,-15,-10,-14,-9,-14,-10,-13,-10,-15,-9,-14,-10,-14,-10,-12,-11,-14,-10,-11,-13,-12,-12,-10,-12,-9,-12,-7,-12,-5,-11,-6,-12,0,0,0,0,0,0]"
CSI_DATA,1927826,1a:00:00:00:00:00,-62,11,-95,4,46,6,1927826,47,0,128,0,"[0,0,0,0,0,0,0,0,7,15,6,15,6,17,5,17,3,19,3,21,2,20,-1,20,-1,21,-3,18,-3,19,-2,18,-3,19,-3,19,-3,19,-2,19,-2,18,-2,20,-3,18,-3,17,-2,19,-2,20,-1,18,-2,19,-2,21,-1,21,0,20,-2,20,0,0,-3,22,-3,21,-2,22,-3,21,-3,18,-5,21,-4,19,-3,18,-3,17,-1,18,-1,18,0,17,-1,18,0,17,-1,16,-1,16,-1,18,-1,16,-2,18,-3,16,-3,17,-4,16,-3,17,-5,15,-6,14,-7,13,-7,11,-7,11,0,0,0,0,0,0]"
CSI_DATA,1929826,1a:00:00:00:00:00,-62,11,-95,4,46,6,1929826,47,0,128,0,"[0,0,0,0,0,0,0,0,-17,-2,-16,-3,-18,-2,-18,-4,-18,-5,-20,-5,-17,-7,-18,-7,-19,-6,-17,-8,-19,-7,-18,-8,-19,-6,-20,-5,-18,-5,-19,-4,-18,-3,-20,-1,-19,-2,-19,-2,-19,0,-19,0,-18,1,-19,1,-21,3,-19,4,-20,3,-20,2,0,0,-21,6,-19,5,-19,4,-19,7,-17,6,-20,7,-18,7,-16,6,-17,7,-17,11,-16,11,-14,10,-13,11,-12,10,-13,11,-11,12,-12,13,-11,13,-13,12,-12,12,-12,13,-11,9,-10,11,-11,11,-11,11,-11,9,-11,7,-10,6,0,0,0,0,0,0]"
CSI_DATA,1931826,1a:00:00:00:00:00,-62,11,-95,4,46,6,1931826,47,0,128,0,"[0,0,0,0,0,0,0,0,-12,-12,-12,-12,-11,-13,-10,-15,-10,-18,-10,-17,-8,-19,-8,-16,-8,-19,-5,-17,-7,-18,-6,-19,-6,-18,-6,-18,-7,-18,-8,-17,-6,-16,-8,-18,-8,-16,-7,-16,-9,-17,-9,-17,-11,-17,-10,-17,-11,-17,-13,-16,-12,-18,-11,-18,0,0,-11,-17,-13,-19,-11,-17,-12,-17,-10,-16,-12,-17,-10,-16,-10,-14,-11,-15,-14,-14,-12,-12,-13,-11,-14,-12,-14,-11,-13,-11,-12,-11,-13,-11,-12,-10,-13,-11,-12,-11,-12,-11,-10,-11,-11,-13,-10,-12,-9,-12,-8,-11,-5,-12,-5,-11,0,0,0,0,0,0]"
CSI_DATA,1937826,1a:00:00:00:00:00,-62,11,-95,4,46,6,1937826,47,0,128,0,"[0,0,0,0,0,0,0,0,0,16,0,16,-2,17,-3,18,-4,18,-5,20,-6,19,-7,18,-9,18,-9,17,-10,18,-8,17,-8,17,-9,18,-7,18,-8,18,-8,16,-8,19,-7,16,-7,16,-7,18,-6,19,-5,19,-5,19,-6,20,-5,19,-5,21,-6,19,0,0,-6,20,-7,20,-6,19,-7,20,-5,18,-4,20,-4,18,-4,18,-4,17,-4,19,-3,18,-2,17,-2,17,-1,17,-1,16,-2,16,-1,18,-3,16,-3,17,-3,16,-2,17,-3,15,-3,16,-4,16,-5,13,-5,12,-6,12,-6,10,0,0,0,0,0,0]"
CSI_DATA,1941826,1a:00:00:00:00:00,-62,11,-95,4,46,6,1941826,47,0,128,0,"[0,0,0,0,0,0,0,0,-1,-17,1,-17,2,-16,2,-19,3,-19,4,-20,5,-19,6,-18,6,-19,5,-17,6,-18,6,-18,6,-18,6,-18,5,-19,4,-19,3,-17,2,-19,2,-18,3,-18,1,-19,1,-19,0,-19,1,-19,-1,-20,-2,-20,-1,-21,-1,-19,0,0,-4,-22,-1,-22,-3,-20,-3,-20,-3,-18,-4,-19,-4,-18,-4,-17,-4,-17,-6,-19,-6,-17,-6,-15,-8,-16,-8,-14,-7,-14,-7,-14,-9,-14,-8,-14,-8,-14,-6,-14,-8,-15,-6,-14,-6,-14,-7,-14,-5,-14,-4,-13,-2,-12,-2,-12,0,0,0,0,0,0]"
CSI_DATA,1945826,1a:00:00:00:00:00,-62,11,-95,4,46,6,1945826,47,0,128,0,"[0,0,0,0,0,0,0,0,1,17,0,15,0,17,0,18,-1,19,-1,20,-2,20,-1,19,-2,19,-2,18,-1,18,-2,19,-1,20,-1,20,-1,19,1,19,2,19,3,19,4,19,2,17,4,19,6,19,7,18,8,19,8,19,8,18,10,21,10,18,0,0,11,18,10,18,10,18,11,16,12,15,14,14,12,12,12,13,14,12,15,10,14,11,14,9,15,10,15,7,15,7,14,7,15,7,15,7,16,5,14,6,16,5,14,6,15,5,13,7,12,7,12,7,11,7,10,7,0,0,0,0,0,0]"
CSI_DATA,1951423,1a:00:00:00:00:00,-62,11,-95,4,46,6,1951423,47,0,128,0,"[0,0,0,0,0,0,0,0,-12,11,-13,10,-13,11,-15,12,-15,12,-16,13,-16,11,-16,10,-16,11,-15,10,-17,10,-15,10,-17,11,-16,11,-14,11,-15,12,-13,12,-14,14,-14,13,-12,13,-11,16,-10,16,-8,17,-9,17,-8,18,-9,17,-10,19,-8,17,0,0,-5,22,-9,19,-7,19,-6,18,-5,19,-4,20,-3,17,-1,17,-1,18,0,16,-1,18,1,16,1,17,4,16,2,16,3,15,6,15,4,16,6,16,5,15,6,15,4,15,4,15,3,15,2,15,2,14,1,12,0,13,0,0,0,0,0,0]"
CSI_DATA,1955826,1a:00:00:00:00:00,-62,11,-95,4,46,6,1955826,47,0,128,0,"[0,0,0,0,0,0,0,0,15,8,15,9,14,11,13,11,14,14,14,14,10,15,10,16,10,16,9,16,10,16,8,17,8,18,7,19,8,18,8,18,8,17,9,18,8,17,6,17,8,17,9,17,10,17,9,17,9,19,9,19,8,20,7,17,0,0,9,20,8,20,6,20,7,18,6,19,8,18,6,17,6,17,6,17,7,15,6,17,7,16,6,16,6,15,6,14,6,14,7,16,6,16,6,15,5,14,5,15,3,15,2,15,0,15,-1,15,0,13,-2,13,-3,13,0,0,0,0,0,0]"
CSI_DATA,1961826,1a:00:00:00:00:00,-62,11,-95,4,46,6,1961826,47,0,128,0,"[0,0,0,0,0,0,0,0,-5,-15,-2,-16,-2,-18,-1,-19,0,-19,0,-21,2,-19,4,-19,5,-19,7,-17,7,-18,7,-17,9,-18,9,-17,8,-16,8,-16,8,-17,7,-18,8,-18,8,-14,8,-17,7,-19,9,-19,8,-17,8,-18,9,-17,10,-18,11,-17,0,0,11,-18,11,-17,11,-17,12,-16,11,-15,11,-17,11,-15,10,-14,10,-14,9,-16,11,-15,9,-14,9,-13,8,-12,9,-13,9,-12,10,-14,10,-13,11,-12,11,-11,11,-11,11,-11,12,-10,13,-8,13,-6,13,-6,12,-4,12,-4,0,0,0,0,0,0]"
CSI_DATA,1967826,1a:00:00:00:00:00,-62,11,-95,4,46,6,1967826,47,0,128,0,"[0,0,0,0,0,0,0,0,-18,1,-16,0,-18,0,-18,0,-17,-2,-20,-1,-18,-3,-19,-3,-19,-2,-18,-3,-20,-2,-18,-2,-19,-3,-19,-2,-18,-2,-18,0,-18,0,-19,2,-18,2,-17,2,-18,4,-17,5,-18,5,-18,6,-19,8,-18,7,-19,9,-19,9,0,0,-19,10,-17,10,-18,11,-16,11,-15,10,-15,13,-13,11,-12,12,-13,12,-13,13,-12,14,-10,12,-10,13,-8,14,-8,14,-8,15,-7,15,-7,15,-6,15,-6,15,-5,15,-6,14,-6,13,-7,13,-8,13,-7,13,-7,9,-7,9,0,0,0,0,0,0]"
CSI_DATA,1971826,1a:00:00:00:00:00,-62,11,-95,4,46,6,1971826,47,0,128,0,"[0,0,0,0,0,0,0,0,3,-16,4,-15,6,-17,8,-17,8,-16,10,-18,11,-16,12,-14,13,-15,13,-13,14,-14,14,-12,14,-12,16,-12,13,-12,13,-14,13,-12,14,-15,13,-13,14,-12,12,-13,13,-14,13,-13,13,-15,15,-13,13,-13,15,-15,17,-13,0,0,15,-16,15,-15,15,-14,16,-14,13,-12,13,-13,13,-13,13,-11,12,-13,12,-13,12,-12,10,-12,11,-12,11,-12,11,-13,11,-13,10,-12,11,-12,11,-10,12,-11,13,-10,12,-9,13,-9,12,-7,14,-6,13,-6,12,-3,10,-3,0,0,0,0,0,0]"
CSI_DATA,1977826,1a:00:00:00:00:00,-63,11,-95,4,46,6,1977826,47,0,128,0,"[0,0,0,0,0,0,0,0,-13,11,-13,10,-15,10,-16,9,-16,8,-18,8,-18,6,-19,5,-20,4,-19,2,-19,2,-19,0,-19,1,-19,1,-18,0,-19,1,-18,1,-20,2,-19,1,-18,1,-19,1,-18,2,-19,1,-19,2,-20,1,-19,2,-21,1,-21,1,0,0,-22,1,-20,0,-20,0,-19,0,-17,-1,-20,-1,-17,-1,-17,-1,-17,-1,-19,1,-18,0,-15,-1,-17,0,-15,0,-16,1,-15,1,-15,0,-17,0,-16,-1,-16,-2,-16,-2,-16,-3,-14,-4,-13,-5,-14,-7,-13,-7,-9,-5,-9,-7,0,0,0,0,0,0]"
CSI_DATA,1979826,1a:00:00:00:00:00,-63,11,-95,4,46,6,1979826,47,0,128,0,"[0,0,0,0,0,0,0,0,-3,-16,-2,-16,-1,-17,-1,-19,1,-18,1,-20,2,-20,2,-18,1,-19,3,-17,2,-19,4,-19,3,-19,3,-18,2,-19,0,-20,0,-19,-1,-18,-2,-17,0,-18,-3,-19,-5,-18,-3,-19,-5,-19,-4,-19,-5,-20,-6,-19,-3,-20,0,0,-7,-19,-9,-19,-8,-19,-7,-19,-8,-18,-9,-17,-9,-16,-8,-15,-10,-14,-11,-15,-10,-12,-10,-13,-11,-13,-11,-11,-12,-11,-11,-10,-12,-12,-12,-10,-12,-10,-11,-11,-11,-11,-11,-11,-11,-12,-10,-11,-10,-11,-8,-10,-8,-10,-7,-11,0,0,0,0,0,0]"
CSI_DATA,1983826,1a:00:00:00:00:00,-63,11,-95,4,46,6,1983826,47,0,128,0,"[0,0,0,0,0,0,0,0,16,0,16,2,17,2,18,3,18,6,18,6,18,7,16,8,17,10,15,10,16,11,14,12,14,12,15,13,15,13,15,13,14,12,15,12,14,11,13,11,15,12,13,12,15,13,15,15,15,14,15,14,15,14,15,12,0,0,16,15,14,15,14,15,14,15,12,13,12,16,11,13,11,14,12,14,11,13,11,13,11,13,12,14,10,13,11,12,11,12,9,12,10,13,9,13,8,13,8,14,7,14,5,15,5,14,4,13,3,14,0,12,-1,13,0,0,0,0,0,0]"
CSI_DATA,1987826,1a:00:00:00:00:00,-62,11,-95,4,46,6,1987826,47,0,128,0,"[0,0,0,0,0,0,0,0,-17,3,-16,1,-18,0,-19,0,-18,-3,-19,-3,-19,-5,-18,-5,-18,-6,-17,-7,-17,-6,-16,-8,-17,-8,-18,-8,-17,-8,-17,-8,-16,-8,-19,-6,-17,-6,-17,-5,-16,-6,-19,-6,-17,-7,-19,-6,-18,-6,-18,-7,-20,-6,-19,-7,0,0,-19,-6,-18,-9,-19,-7,-19,-7,-16,-6,-19,-7,-16,-6,-16,-6,-18,-5,-19,-5,-17,-3,-15,-3,-16,-4,-16,-4,-17,-2,-16,-2,-16,-2,-16,-4,-15,-4,-15,-4,-14,-5,-14,-6,-14,-5,-13,-6,-13,-7,-12,-8,-9,-8,-9,-8,0,0,0,0,0,0]"
CSI_DATA,1991826,1a:00:00:00:00:00,-63,11,-95,4,46,6,1991826,47,0,128,0,"[0,0,0,0,0,0,0,0,16,-5,16,-5,17,-4,19,-4,18,-3,19,-2,19,-1,19,-1,20,-1,20,2,20,1,19,3,20,2,20,1,18,0,20,0,18,0,19,-2,18,-3,18,-2,18,-3,19,-3,17,-2,19,-3,19,-4,18,-4,21,-3,21,-4,0,0,20,-4,19,-5,19,-6,20,-6,18,-4,19,-6,17,-5,16,-4,15,-6,17,-7,17,-8,14,-7,14,-8,14,-8,13,-9,13,-10,12,-9,13,-10,14,-9,13,-8,15,-7,14,-8,13,-5,14,-7,13,-5,13,-5,12,-3,13,-3,0,0,0,0,0,0]"
CSI_DATA,1997826,1a:00:00:00:00:00,-62,11,-95,4,46,6,1997826,47,0,128,0,"[0,0,0,0,0,0,0,0,-15,-6,-15,-5,-17,-6,-17,-9,-16,-9,-18,-10,-16,-11,-14,-12,-14,-12,-14,-12,-14,-13,-13,-14,-14,-13,-13,-13,-13,-13,-14,-13,-15,-13,-16,-11,-15,-10,-14,-10,-15,-11,-15,-11,-15,-11,-17,-11,-18,-10,-17,-10,-18,-11,-17,-10,0,0,-20,-11,-17,-9,-19,-10,-17,-9,-16,-10,-17,-10,-16,-10,-15,-8,-16,-7,-16,-5,-16,-5,-15,-6,-16,-6,-16,-5,-15,-3,-16,-3,-16,-3,-17,-3,-16,-4,-14,-5,-15,-5,-15,-5,-14,-6,-13,-6,-13,-7,-12,-7,-9,-7,-9,-7,0,0,0,0,0,0]"
CSI_DATA,2001826,1a:00:00:00:00:00,-62,11,-95,4,46,6,2001826,47,0,128,0,"[0,0,0,0,0,0,0,0,16,6,15,6,17,8,17,8,17,9,17,9,16,10,15,10,17,11,15,12,16,11,14,12,16,11,16,11,16,9,17,9,16,9,19,8,18,7,16,5,17,7,17,6,18,6,20,5,19,6,19,5,21,5,20,3,0,0,23,2,20,2,19,2,20,1,18,2,19,0,18,0,18,0,17,-1,18,-1,19,-4,16,-2,16,-3,15,-5,15,-5,15,-6,15,-6,15,-6,15,-6,15,-5,16,-5,16,-5,14,-4,14,-5,15,-3,14,-2,12,0,11,-1,0,0,0,0,0,0]"
CSI_DATA,2007826,1a:00:00:00:00:00,-62,11,-95,4,46,6,2007826,47,0,128,0,"[0,0,0,0,0,0,0,0,-8,-14,-8,-14,-8,-15,-8,-15,-8,-17,-8,-18,-6,-19,-5,-18,-5,-19,-3,-18,-6,-19,-3,-18,-5,-17,-5,-18,-5,-19,-7,-19,-5,-17,-9,-18,-7,-16,-7,-16,-8,-16,-9,-17,-9,-16,-10,-17,-10,-17,-11,-17,-12,-17,-12,-17,0,0,-13,-17,-12,-17,-12,-15,-13,-15,-12,-15,-11,-15,-12,-13,-12,-14,-12,-11,-13,-11,-13,-10,-13,-10,-14,-10,-13,-9,-14,-8,-15,-7,-15,-7,-14,-7,-14,-8,-14,-8,-14,-8,-12,-8,-13,-9,-12,-9,-11,-9,-10,-10,-8,-9,-9,-10,0,0,0,0,0,0]"
CSI_DATA,2011826,1a:00:00:00:00:00,-63,11,-95,4,46,6,2011826,47,0,128,0,"[0,0,0,0,0,0,0,0,13,11,13,11,14,11,14,12,13,13,14,13,13,14,13,14,14,15,12,15,13,14,12,15,14,14,13,15,13,13,16,13,14,12,17,10,15,10,14,8,17,9,18,8,17,8,18,7,18,8,20,6,21,6,20,5,0,0,20,3,20,4,19,3,21,2,18,3,19,2,17,1,18,0,17,-1,18,-1,18,-4,16,-4,16,-3,16,-4,15,-6,15,-7,15,-8,15,-7,14,-7,15,-6,14,-7,14,-5,14,-6,13,-6,14,-6,13,-4,12,-3,12,-3,0,0,0,0,0,0]"
CSI_DATA,2017826,1a:00:00:00:00:00,-63,11,-95,4,46,6,2017826,47,0,128,0,"[0,0,0,0,0,0,0,0,-1,-16,-1,-16,-2,-17,-2,-19,0,-19,0,-19,1,-20,1,-18,3,-18,3,-17,1,-19,3,-18,1,-19,1,-19,1,-19,0,-20,0,-18,-3,-19,-4,-16,-2,-17,-5,-19,-6,-19,-5,-19,-7,-17,-6,-19,-7,-18,-7,-19,-9,-18,0,0,-10,-18,-11,-18,-9,-17,-10,-18,-9,-16,-10,-16,-11,-15,-10,-14,-10,-12,-13,-12,-13,-11,-12,-10,-13,-11,-13,-9,-14,-9,-13,-8,-14,-8,-13,-8,-16,-8,-12,-8,-12,-9,-12,-9,-13,-9,-13,-8,-11,-9,-10,-8,-9,-8,-9,-8,0,0,0,0,0,0]"
CSI_DATA,2021826,1a:00:00:00:00:00,-62,11,-95,4,46,6,2021826,47,0,128,0,"[0,0,0,0,0,0,0,0,16,0,17,0,17,3,18,4,18,7,19,7,18,8,17,9,18,11,14,12,16,11,15,13,16,11,15,14,14,13,16,11,15,11,16,11,14,10,14,11,15,11,15,12,15,13,16,13,17,13,17,13,17,13,16,13,0,0,17,15,15,14,14,14,16,13,13,14,14,14,13,14,11,14,13,13,15,13,13,12,12,11,13,10,12,10,12,10,12,10,13,11,11,11,11,11,9,12,10,13,9,12,8,13,7,13,7,14,5,12,4,13,2,12,0,0,0,0,0,0]"
CSI_DATA,2027826,1a:00:00:00:00:00,-62,11,-95,4,46,6,2027826,47,0,128,0,"[0,0,0,0,0,0,0,0,-14,-11,-13,-10,-12,-13,-11,-15,-12,-16,-12,-17,-10,-18,-8,-17,-6,-20,-4,-18,-6,-18,-3,-19,-3,-19,-3,-19,-4,-18,-4,-20,-3,-19,-3,-18,-4,-19,-2,-18,-4,-19,-3,-20,-3,-18,-3,-19,-2,-20,-3,-20,-3,-21,-2,-21,0,0,-1,-20,-2,-22,0,-19,0,-21,-1,-17,0,-19,1,-17,1,-18,2,-17,1,-17,0,-18,-1,-16,-1,-17,0,-16,-1,-17,-1,-15,-1,-16,1,-16,0,-16,2,-15,3,-16,3,-14,5,-15,4,-14,6,-13,7,-12,8,-10,9,-9,0,0,0,0,0,0]"
CSI_DATA,2031826,1a:00:00:00:00:00,-62,11,-95,4,46,6,2031826,47,0,128,0,"[0,0,0,0,0,0,0,0,13,9,13,10,14,11,13,13,12,15,13,16,12,17,10,16,10,19,7,18,9,17,8,18,8,17,8,18,8,18,9,18,8,17,10,18,9,16,8,16,8,17,9,18,9,17,10,18,9,18,11,18,11,19,10,18,0,0,9,19,11,19,10,18,11,17,9,16,10,18,8,17,7,16,8,16,10,16,10,14,10,14,11,15,9,13,10,14,10,12,10,14,8,14,10,14,8,14,8,14,8,14,7,14,6,14,5,14,3,13,1,12,1,13,0,0,0,0,0,0]"
CSI_DATA,2037399,1a:00:00:00:00:00,-62,11,-95,4,46,6,2037399,47,0,128,0,"[0,0,0,0,0,0,0,0,17,2,17,3,18,4,19,4,18,7,19,7,17,8,17,10,17,9,15,10,17,11,15,12,16,12,16,13,15,12,17,12,15,11,16,11,16,11,15,10,17,11,16,11,15,11,16,11,17,10,16,10,19,12,18,11,0,0,18,13,17,12,17,11,18,12,15,11,16,11,15,11,15,11,15,9,16,8,16,8,14,8,16,9,14,7,14,6,16,7,16,7,15,8,14,8,13,8,15,8,13,8,12,10,11,10,10,10,9,10,6,10,7,10,0,0,0,0,0,0]"
CSI_DATA,2041826,1a:00:00:00:00:00,-62,11,-95,4,46,6,2041826,47,0,128,0,"[0,0,0,0,0,0,0,0,7,17,4,16,4,18,3,19,2,20,2,20,0,21,-1,19,-3,21,-5,18,-3,19,-3,19,-2,19,-2,19,-2,20,-2,21,-1,19,-2,21,0,18,-1,19,0,19,-1,19,1,20,1,20,1,21,2,21,3,22,2,22,0,0,0,22,1,22,1,20,2,20,2,18,2,21,1,19,1,17,2,18,5,18,5,17,6,15,6,17,6,16,6,16,5,15,6,16,5,16,5,16,3,15,2,17,3,16,3,16,4,15,2,14,0,14,-1,12,-1,12,0,0,0,0,0,0]"
CSI_DATA,2047826,1a:00:00:00:00:00,-62,11,-95,4,46,6,2047826,47,0,128,0,"[0,0,0,0,0,0,0,0,6,-16,6,-15,9,-17,10,-16,11,-16,13,-18,13,-15,14,-14,16,-14,17,-13,17,-13,14,-12,15,-13,16,-13,14,-13,13,-13,14,-12,15,-15,14,-13,13,-12,13,-14,14,-14,13,-14,14,-14,14,-16,14,-16,13,-16,17,-16,0,0,14,-16,15,-16,13,-14,14,-15,13,-14,14,-15,13,-14,11,-12,12,-13,12,-16,11,-16,9,-14,9,-15,7,-15,9,-15,8,-14,8,-16,9,-16,10,-15,10,-13,10,-14,10,-12,10,-12,11,-12,11,-10,11,-10,11,-6,10,-6,0,0,0,0,0,0]"
CSI_DATA,2057826,1a:00:00:00:00:00,-62,11,-95,4,46,6,2057826,47,0,128,0,"[0,0,0,0,0,0,0,0,15,-9,15,-9,16,-9,17,-8,18,-6,19,-6,21,-5,19,-4,21,-5,19,-3,20,-3,20,-3,20,-4,21,-3,18,-4,18,-5,18,-4,20,-6,18,-5,18,-5,18,-6,18,-6,17,-7,18,-7,20,-8,19,-8,19,-9,19,-9,0,0,20,-11,19,-9,18,-9,19,-9,16,-8,18,-10,17,-9,16,-8,16,-9,16,-12,15,-12,13,-12,13,-11,10,-11,13,-11,12,-12,12,-12,12,-11,13,-12,12,-11,13,-12,12,-9,12,-10,12,-9,13,-8,12,-8,12,-5,11,-5,0,0,0,0,0,0]"
CSI_DATA,2063826,1a:00:00:00:00:00,-62,11,-95,4,46,6,2063826,47,0,128,0,"[0,0,0,0,0,0,0,0,-17,-3,-17,-4,-17,-4,-16,-7,-18,-10,-19,-10,-18,-11,-17,-11,-16,-11,-14,-12,-15,-13,-14,-13,-16,-13,-17,-12,-15,-11,-15,-11,-15,-11,-17,-11,-15,-11,-15,-11,-16,-10,-17,-11,-17,-10,-17,-11,-19,-10,-20,-11,-20,-9,-18,-9,0,0,-19,-9,-19,-11,-18,-10,-19,-9,-18,-7,-17,-10,-16,-9,-16,-8,-16,-8,-17,-5,-18,-6,-17,-5,-17,-5,-16,-4,-16,-4,-17,-3,-16,-3,-17,-4,-16,-4,-16,-4,-17,-4,-15,-6,-15,-5,-15,-6,-12,-6,-13,-8,-11,-7,-10,-8,0,0,0,0,0,0]"
CSI_DATA,2067826,1a:00:00:00:00:00,-62,11,-95,4,46,6,2067826,47,0,128,0,"[0,0,0,0,0,0,0,0,17,4,16,5,18,5,17,6,17,8,20,8,18,9,18,10,19,9,18,10,17,9,16,10,18,9,18,9,17,9,18,8,17,7,20,8,20,7,18,5,19,6,21,5,19,4,20,4,22,3,22,3,21,3,23,1,0,0,22,1,22,2,21,2,22,0,19,1,21,-1,18,-1,18,0,19,-2,19,-5,18,-6,17,-5,17,-5,16,-6,17,-6,16,-6,16,-6,16,-7,15,-8,16,-7,15,-7,16,-6,15,-5,15,-5,14,-4,15,-3,12,-1,13,-2,0,0,0,0,0,0]"
CSI_DATA,2073826,1a:00:00:00:00:00,-62,11,-95,4,46,6,2073826,47,0,128,0,"[0,0,0,0,0,0,0,0,-10,-15,-8,-15,-9,-16,-8,-17,-7,-19,-7,-19,-5,-20,-4,-19,-5,-20,-3,-18,-4,-19,-3,-20,-5,-19,-5,-20,-6,-19,-6,-19,-5,-17,-7,-19,-7,-18,-6,-17,-7,-17,-8,-18,-8,-17,-10,-17,-10,-19,-11,-17,-12,-18,-10,-16,0,0,-13,-19,-13,-19,-12,-18,-13,-18,-11,-15,-13,-16,-10,-15,-11,-15,-11,-14,-14,-13,-13,-13,-13,-11,-14,-12,-13,-10,-13,-10,-13,-10,-15,-9,-14,-9,-15,-10,-12,-10,-14,-9,-13,-9,-13,-10,-11,-11,-11,-11,-10,-10,-8,-10,-8,-10,0,0,0,0,0,0]"
CSI_DATA,2077826,1a:00:00:00:00:00,-62,11,-95,4,46,6,2077826,47,0,128,0,"[0,0,0,0,0,0,0,0,9,15,9,16,9,16,9,17,7,18,9,20,8,19,8,18,9,19,8,19,8,19,6,19,7,19,7,20,8,18,9,18,9,16,11,17,11,16,11,14,11,15,14,15,14,14,15,14,16,15,16,14,16,15,18,13,0,0,18,12,18,14,16,12,19,11,17,10,18,8,17,8,17,7,18,6,20,4,19,3,18,4,17,3,17,1,18,1,17,0,18,-1,17,0,17,0,16,0,17,-2,16,1,16,0,15,1,15,2,15,1,12,3,13,3,0,0,0,0,0,0]"
CSI_DATA,2081826,1a:00:00:00:00:00,-62,11,-95,4,46,6,2081826,47,0,128,0,"[0,0,0,0,0,0,0,0,-15,10,-14,8,-15,8,-18,7,-19,6,-20,5,-20,3,-20,2,-21,2,-20,1,-20,1,-19,-1,-21,0,-21,-1,-19,-1,-20,0,-19,0,-21,1,-18,0,-18,-1,-19,0,-20,0,-19,-1,-18,-1,-22,1,-20,0,-22,0,-19,-1,0,0,-21,1,-21,-2,-21,-3,-20,-2,-19,-2,-21,-3,-19,-3,-18,-2,-17,-2,-19,-1,-19,0,-18,-1,-17,0,-16,0,-17,0,-17,1,-18,0,-17,-1,-19,-2,-16,-2,-17,-1,-16,-3,-16,-4,-14,-5,-14,-5,-12,-6,-10,-7,-11,-7,0,0,0,0,0,0]"
CSI_DATA,2087826,1a:00:00:00:00:00,-62,11,-95,4,46,6,2087826,47,0,128,0,"[0,0,0,0,0,0,0,0,16,3,16,4,18,5,18,6,17,8,19,10,18,11,16,12,17,12,15,13,16,13,14,14,13,15,13,16,13,15,13,14,14,15,14,14,14,14,12,14,14,15,14,14,14,16,13,15,14,16,13,16,14,18,13,16,0,0,15,18,13,17,14,17,13,18,11,15,13,17,12,16,11,15,12,14,12,14,11,15,10,13,10,14,11,13,11,13,10,13,11,14,10,14,11,13,8,13,9,14,8,14,7,15,3,15,4,15,3,15,1,13,0,14,0,0,0,0,0,0]"
CSI_DATA,2091827,1a:00:00:00:00:00,-62,11,-95,4,46,6,2091827,47,0,128,0,"[0,0,0,0,0,0,0,0,-17,-2,-18,-3,-19,-4,-19,-4,-18,-6,-20,-8,-19,-9,-18,-8,-18,-11,-17,-11,-18,-11,-17,-13,-17,-10,-17,-13,-16,-12,-16,-12,-17,-11,-18,-9,-17,-9,-16,-10,-17,-11,-17,-10,-16,-9,-17,-10,-19,-10,-18,-10,-19,-10,-18,-9,0,0,-20,-9,-20,-10,-19,-10,-19,-10,-16,-10,-18,-10,-18,-9,-16,-9,-16,-7,-18,-8,-18,-7,-17,-6,-18,-6,-16,-5,-16,-6,-17,-5,-16,-4,-18,-5,-17,-5,-16,-5,-16,-5,-15,-7,-14,-7,-12,-9,-11,-9,-12,-10,-9,-9,-8,-9,0,0,0,0,0,0]"
CSI_DATA,2101827,1a:00:00:00:00:00,-62,11,-95,4,46,6,2101827,47,0,128,0,"[0,0,0,0,0,0,0,0,-14,-11,-13,-12,-13,-13,-14,-13,-13,-15,-14,-16,-11,-17,-11,-17,-12,-18,-10,-16,-10,-16,-9,-18,-10,-18,-10,-17,-10,-17,-11,-18,-11,-17,-12,-17,-12,-16,-11,-15,-12,-16,-13,-15,-14,-15,-14,-15,-14,-15,-14,-16,-15,-17,-14,-15,0,0,-18,-16,-15,-16,-16,-15,-15,-14,-15,-13,-16,-14,-15,-12,-14,-13,-15,-12,-17,-11,-16,-10,-15,-10,-16,-9,-15,-9,-15,-8,-15,-7,-16,-6,-16,-8,-16,-6,-14,-7,-16,-7,-15,-9,-14,-9,-13,-10,-12,-10,-11,-10,-8,-9,-8,-11,0,0,0,0,0,0]"
CSI_DATA,2107827,1a:00:00:00:00:00,-62,11,-95,4,46,6,2107827,47,0,128,0,"[0,0,0,0,0,0,0,0,4,18,2,17,1,18,1,20,-2,20,-1,23,-3,20,-3,20,-3,21,-5,20,-4,20,-6,19,-6,19,-6,20,-6,20,-5,21,-4,20,-4,20,-2,19,-4,19,-2,20,-3,21,0,21,0,21,-2,21,-2,23,-2,23,-2,23,0,0,-1,23,-1,21,-2,23,-1,21,-1,19,-1,21,1,19,0,19,1,18,0,19,0,20,2,18,2,17,3,18,3,17,2,18,4,18,2,18,5,16,3,16,2,17,2,17,1,16,-1,16,-1,15,-3,16,-3,13,-4,14,0,0,0,0,0,0]"
CSI_DATA,2111827,1a:00:00:00:00:00,-62,11,-95,4,46,6,2111827,47,0,128,0,"[0,0,0,0,0,0,0,0,-6,-17,-5,-17,-6,-17,-4,-20,-3,-19,-4,-20,-2,-21,-1,-20,-1,-21,0,-18,-1,-20,0,-21,-1,-20,0,-21,-1,-20,-3,-21,-2,-20,-6,-20,-6,-18,-5,-18,-5,-20,-7,-20,-6,-19,-7,-19,-7,-19,-10,-19,-10,-20,-8,-18,0,0,-12,-19,-11,-19,-9,-19,-10,-19,-10,-17,-11,-17,-11,-16,-11,-15,-11,-15,-13,-16,-14,-13,-12,-12,-13,-12,-13,-11,-15,-11,-15,-9,-15,-10,-14,-11,-14,-10,-13,-10,-12,-10,-13,-10,-12,-11,-12,-11,-11,-11,-10,-11,-8,-10,-8,-11,0,0,0,0,0,0]"
CSI_DATA,2117827,1a:00:00:00:00:00,-62,11,-95,4,46,6,2117827,47,0,128,0,"[0,0,0,0,0,0,0,0,-5,17,-6,17,-8,18,-9,18,-9,18,-10,19,-11,17,-12,16,-12,17,-13,15,-14,17,-13,15,-14,15,-14,16,-11,16,-11,18,-10,16,-10,18,-9,17,-10,15,-8,18,-9,18,-9,18,-8,19,-8,19,-8,20,-8,22,-8,21,0,0,-7,22,-7,22,-7,21,-7,21,-4,19,-5,20,-5,19,-5,19,-5,19,-4,18,-1,19,-1,18,0,19,0,17,0,17,1,17,2,17,0,16,1,17,-1,17,0,17,0,18,-1,17,-1,16,-4,16,-3,15,-3,13,-4,13,0,0,0,0,0,0]"
CSI_DATA,2121827,1a:00:00:00:00:00,-62,11,-95,4,46,6,2121827,47,0,128,0,"[0,0,0,0,0,0,0,0,6,-17,7,-16,7,-18,9,-19,10,-18,9,-20,11,-18,11,-18,10,-18,11,-16,10,-18,11,-16,11,-16,12,-18,9,-18,9,-19,8,-18,7,-20,7,-20,5,-17,4,-21,3,-20,2,-20,2,-21,2,-20,1,-22,2,-23,2,-21,0,0,-2,-23,-1,-21,-1,-22,-2,-21,-3,-20,-6,-21,-5,-18,-5,-18,-7,-18,-7,-17,-7,-17,-7,-17,-8,-17,-10,-15,-9,-14,-10,-14,-11,-13,-11,-13,-12,-13,-10,-13,-12,-13,-10,-13,-10,-14,-8,-13,-8,-14,-7,-14,-6,-11,-6,-13,0,0,0,0,0,0]"
CSI_DATA,2127979,1a:00:00:00:00:00,-62,11,-95,4,46,6,2127979,47,0,128,0,"[0,0,0,0,0,0,0,0,16,9,15,10,16,10,16,11,15,13,16,13,14,15,15,15,16,15,13,15,14,14,14,15,15,14,15,15,16,13,15,13,14,13,18,13,16,11,16,12,16,11,19,10,19,9,19,11,20,9,21,8,21,9,21,8,0,0,22,6,22,7,22,6,22,7,20,6,20,5,19,4,18,4,18,3,21,0,20,0,19,0,18,-1,18,-1,18,-3,17,-3,18,-3,17,-3,18,-4,17,-3,17,-5,17,-2,17,-1,15,-2,16,-2,15,0,13,2,13,1,0,0,0,0,0,0]"
CSI_DATA,2131827,1a:00:00:00:00:00,-62,11,-95,4,46,6,2131827,47,0,128,0,"[0,0,0,0,0,0,0,0,-6,-16,-5,-16,-4,-19,-4,-19,-3,-20,-2,-22,0,-21,2,-20,5,-20,5,-19,5,-21,6,-19,5,-20,7,-20,7,-19,5,-20,6,-19,5,-20,4,-19,7,-18,6,-18,7,-20,6,-19,6,-21,7,-20,7,-20,8,-22,8,-20,0,0,9,-20,8,-22,8,-20,9,-20,9,-17,8,-18,10,-18,10,-16,9,-17,9,-17,7,-17,7,-17,7,-17,7,-16,7,-15,7,-16,6,-17,8,-15,9,-14,9,-14,11,-15,11,-14,11,-13,11,-13,11,-10,12,-9,10,-7,12,-6,0,0,0,0,0,0]"
CSI_DATA,2139768,1a:00:00:00:00:00,-62,11,-95,4,46,6,2139768,47,0,128,0,"[0,0,0,0,0,0,0,0,18,-4,17,-4,19,-5,19,-3,20,-2,21,-2,20,-1,21,0,22,0,20,3,22,1,20,3,21,2,21,1,20,0,20,0,19,0,22,-2,19,-1,19,-2,20,-4,21,-3,20,-3,20,-4,22,-6,20,-6,22,-6,21,-6,0,0,22,-8,22,-5,20,-6,23,-6,19,-6,20,-7,18,-7,17,-6,16,-8,16,-9,17,-11,15,-10,16,-10,14,-9,15,-11,13,-12,15,-11,14,-12,15,-11,15,-11,14,-9,14,-9,14,-9,14,-9,14,-7,14,-6,14,-5,12,-4,0,0,0,0,0,0]"
CSI_DATA,2139991,1a:00:00:00:00:00,-62,11,-95,4,46,6,2139991,47,0,128,0,"[0,0,0,0,0,0,0,0,-16,4,-18,2,-19,2,-19,2,-21,1,-21,1,-21,-1,-22,-2,-22,-3,-20,-5,-20,-4,-19,-5,-21,-3,-22,-4,-20,-3,-20,-2,-19,-1,-22,-1,-20,-1,-19,0,-20,0,-21,1,-19,1,-20,1,-22,1,-21,3,-21,3,-21,3,0,0,-23,6,-22,3,-22,3,-22,3,-18,4,-21,5,-19,3,-18,4,-19,4,-18,7,-18,8,-16,6,-17,8,-15,8,-16,9,-15,8,-15,9,-16,9,-16,8,-15,7,-16,7,-16,7,-15,5,-14,5,-16,5,-15,4,-13,2,-13,2,0,0,0,0,0,0]"
CSI_DATA,2142748,1a:00:00:00:00:00,-62,11,-95,4,46,6,2142748,47,0,128,0,"[0,0,0,0,0,0,0,0,18,-4,18,-1,19,-1,19,0,21,3,21,4,21,6,20,7,20,6,19,7,19,8,19,8,19,10,19,10,18,9,19,10,17,10,19,10,18,10,17,10,18,10,19,10,18,10,19,10,18,10,18,11,19,12,18,11,0,0,21,12,18,14,17,13,16,13,16,13,18,14,15,12,15,11,15,11,18,11,17,11,15,11,16,10,14,9,14,11,14,11,14,10,13,11,15,11,14,12,13,12,11,12,11,13,10,14,8,14,6,13,5,12,4,13,0,0,0,0,0,0]"
CSI_DATA,2147827,1a:00:00:00:00:00,-62,11,-95,4,46,6,2147827,47,0,128,0,"[0,0,0,0,0,0,0,0,-14,13,-14,11,-16,11,-16,10,-17,8,-20,9,-20,7,-20,6,-21,6,-20,2,-22,4,-20,1,-21,2,-21,2,-19,2,-20,2,-19,2,-22,4,-19,4,-19,3,-19,2,-19,3,-19,1,-20,2,-22,3,-21,2,-22,1,-22,0,0,0,-24,2,-23,0,-21,2,-22,1,-20,0,-21,1,-19,0,-18,-1,-19,1,-21,3,-20,2,-18,1,-18,2,-16,2,-18,3,-17,2,-18,3,-18,1,-18,1,-17,-1,-19,-1,-16,-1,-16,-2,-16,-3,-15,-4,-14,-7,-12,-6,-11,-7,0,0,0,0,0,0]"
CSI_DATA,2154505,1a:00:00:00:00:00,-62,11,-95,4,46,6,2154505,47,0,128,0,"[0,0,0,0,0,0,0,0,1,-15,3,-18,3,-21,2,-23,1,-18,1,-19,-3,-21,-1,-20,4,-23,3,-16,2,-22,5,-18,3,-19,3,-22,2,-22,-1,-24,-2,-21,-1,-20,-2,-19,-4,-17,-5,-17,-6,-21,-4,-17,-10,-19,-6,-21,-10,-21,-10,-23,-9,-21,0,0,-13,-19,-12,-21,-11,-19,-13,-17,-10,-14,-14,-16,-13,-16,-14,-14,-15,-15,-14,-10,-14,-11,-13,-11,-15,-11,-14,-9,-16,-7,-16,-5,-17,-7,-18,-6,-16,-8,-16,-6,-17,-8,-14,-6,-16,-7,-17,-6,-14,-7,-13,-5,-12,-8,-12,-8,0,0,0,0,0,0]"
CSI_DATA,2159827,1a:00:00:00:00:00,-62,11,-95,4,46,6,2159827,47,0,128,0,"[0,0,0,0,0,0,0,0,6,-17,6,-16,7,-18,9,-17,10,-19,10,-19,10,-19,11,-16,12,-16,12,-16,11,-18,11,-17,10,-18,9,-18,9,-19,7,-19,6,-19,7,-20,4,-19,5,-18,3,-19,3,-20,2,-21,1,-21,1,-22,0,-22,-2,-24,-2,-23,0,0,-2,-23,-3,-22,-4,-21,-3,-22,-4,-19,-6,-20,-6,-19,-5,-18,-8,-18,-10,-16,-10,-17,-10,-14,-11,-15,-10,-12,-12,-13,-11,-12,-13,-13,-13,-13,-12,-13,-11,-13,-12,-13,-11,-12,-12,-11,-12,-12,-11,-12,-9,-12,-8,-10,-9,-12,0,0,0,0,0,0]"
CSI_DATA,2163827,1a:00:00:00:00:00,-62,11,-95,4,46,6,2163827,47,0,128,0,"[0,0,0,0,0,0,0,0,15,11,14,12,13,13,13,15,12,17,12,17,10,18,8,18,9,21,6,19,6,19,6,19,7,20,7,19,6,19,8,20,6,19,8,21,5,17,6,18,7,19,7,19,8,19,8,21,8,20,9,21,8,21,8,20,0,0,8,22,6,22,6,21,7,21,6,19,6,21,6,20,6,17,4,18,7,19,7,17,9,17,7,18,7,16,7,16,8,15,8,17,6,16,8,17,5,15,6,16,4,16,4,17,3,17,1,16,1,15,-2,14,-1,15,0,0,0,0,0,0]"
CSI_DATA,2167827,1a:00:00:00:00:00,-62,11,-95,4,46,6,2167827,47,0,128,0,"[0,0,0,0,0,0,0,0,-16,-10,-15,-11,-15,-10,-16,-13,-14,-15,-14,-15,-14,-16,-13,-16,-13,-18,-11,-17,-11,-17,-10,-18,-12,-17,-12,-17,-11,-16,-13,-17,-12,-16,-14,-16,-13,-14,-12,-15,-14,-14,-14,-15,-15,-15,-15,-14,-15,-15,-16,-15,-17,-15,-16,-15,0,0,-17,-16,-18,-15,-16,-14,-16,-13,-15,-13,-17,-14,-15,-13,-15,-12,-16,-11,-17,-10,-17,-10,-16,-8,-17,-9,-15,-8,-17,-7,-16,-7,-16,-7,-16,-8,-15,-8,-16,-9,-16,-9,-14,-9,-14,-9,-15,-9,-12,-10,-11,-10,-9,-11,-9,-11,0,0,0,0,0,0]"
CSI_DATA,2173827,1a:00:00:00:00:00,-62,11,-95,4,46,6,2173827,47,0,128,0,"[0,0,0,0,0,0,0,0,7,18,4,18,4,18,2,20,2,21,0,22,-1,22,-1,19,-3,22,-5,21,-3,21,-4,20,-3,21,-3,20,-2,20,-2,21,-2,20,-2,21,-1,20,-3,19,-1,20,-1,20,1,22,-1,21,-1,22,1,22,2,23,1,22,0,0,-1,24,-1,23,0,22,-1,22,1,20,0,22,0,20,0,19,0,20,3,21,4,19,4,18,4,19,4,18,3,17,4,17,4,17,3,17,3,18,1,18,1,18,2,17,1,17,1,17,0,17,-2,16,-3,11,-3,14,0,0,0,0,0,0]"
CSI_DATA,2175827,1a:00:00:00:00:00,-62,11,-95,4,46,6,2175827,47,0,128,0,"[0,0,0,0,0,0,0,0,-9,16,-9,15,-10,16,-13,15,-13,14,-17,15,-17,12,-18,11,-19,12,-19,9,-19,9,-18,8,-19,8,-20,9,-18,7,-19,7,-19,7,-20,9,-19,8,-19,6,-20,7,-20,7,-19,7,-20,5,-22,8,-20,8,-21,7,-19,5,0,0,-21,7,-22,5,-22,4,-21,5,-20,4,-21,5,-18,3,-17,3,-19,4,-19,6,-18,5,-16,4,-19,4,-16,4,-17,4,-18,4,-17,4,-18,3,-18,2,-17,0,-18,2,-17,-2,-16,-1,-16,-2,-16,-4,-16,-5,-11,-6,-12,-7,0,0,0,0,0,0]"
CSI_DATA,2177827,1a:00:00:00:00:00,-62,11,-95,4,46,6,2177827,47,0,128,0,"[0,0,0,0,0,0,0,0,-10,-15,-9,-17,-9,-17,-8,-17,-7,-19,-8,-21,-6,-20,-5,-19,-4,-20,-4,-19,-4,-19,-3,-20,-5,-19,-5,-21,-6,-19,-7,-20,-6,-19,-8,-20,-7,-17,-7,-17,-8,-18,-10,-19,-10,-18,-9,-18,-12,-18,-12,-19,-14,-18,-12,-16,0,0,-13,-20,-13,-18,-13,-18,-15,-17,-13,-15,-14,-17,-14,-16,-12,-14,-13,-14,-16,-11,-15,-11,-15,-10,-15,-11,-15,-10,-15,-9,-14,-8,-16,-9,-16,-9,-16,-10,-14,-9,-15,-10,-13,-10,-14,-10,-15,-10,-12,-10,-11,-10,-9,-10,-10,-10,0,0,0,0,0,0]"
CSI_DATA,2183842,1a:00:00:00:00:00,-62,11,-95,4,46,6,2183842,47,0,128,0,"[0,0,0,0,0,0,0,0,-17,6,-17,4,-18,6,-19,4,-21,3,-21,2,-21,1,-21,1,-22,-2,-21,0,-20,-1,-21,-1,-21,0,-22,0,-20,0,-19,-1,-18,1,-22,2,-19,2,-19,2,-19,2,-20,2,-20,4,-20,3,-21,5,-21,6,-22,6,-22,5,0,0,-23,7,-22,5,-22,5,-21,7,-18,6,-20,7,-19,6,-17,6,-17,9,-17,11,-18,10,-15,9,-16,10,-14,10,-15,11,-14,10,-15,11,-14,10,-15,11,-15,8,-15,9,-14,9,-14,9,-15,8,-14,7,-15,5,-13,2,-13,4,0,0,0,0,0,0]"
CSI_DATA,2193827,1a:00:00:00:00:00,-62,11,-95,4,46,6,2193827,47,0,128,0,"[0,0,0,0,0,0,0,0,-13,11,-15,11,-16,10,-17,10,-17,10,-19,12,-19,9,-19,9,-20,9,-19,7,-19,7,-18,8,-19,8,-20,10,-18,10,-18,11,-17,10,-19,11,-17,11,-17,10,-15,11,-16,14,-16,15,-15,13,-16,15,-15,17,-15,18,-15,17,0,0,-14,17,-13,17,-13,18,-14,18,-11,16,-11,17,-10,17,-10,16,-11,17,-7,19,-8,19,-4,17,-4,18,-4,17,-4,18,-4,17,-4,18,-4,19,-3,18,-4,17,-3,19,-4,16,-3,17,-4,17,-5,15,-6,15,-7,12,-6,12,0,0,0,0,0,0]"
CSI_DATA,2197827,1a:00:00:00:00:00,-62,11,-95,4,46,6,2197827,47,0,128,0,"[0,0,0,0,0,0,0,0,-13,-14,-11,-15,-9,-15,-9,-18,-8,-20,-7,-20,-5,-20,-4,-21,-2,-22,0,-20,-1,-20,0,-20,0,-21,1,-20,-1,-21,0,-21,1,-19,1,-22,1,-19,1,-19,0,-20,2,-21,1,-21,1,-21,1,-21,1,-21,1,-23,3,-22,0,0,3,-22,3,-24,4,-21,5,-23,4,-20,4,-21,4,-20,4,-19,5,-18,5,-19,4,-20,4,-18,4,-19,3,-16,4,-17,5,-17,3,-17,5,-17,6,-18,5,-17,6,-16,8,-16,8,-15,8,-14,10,-12,10,-11,10,-10,10,-8,0,0,0,0,0,0]"
CSI_DATA,2203827,1a:00:00:00:00:00,-61,11,-95,4,46,6,2203827,47,0,128,0,"[0,0,0,0,0,0,0,0,-19,2,-17,2,-19,2,-20,1,-20,1,-21,0,-20,-2,-21,0,-22,-1,-20,-2,-21,-1,-21,-1,-21,-1,-21,-1,-20,1,-20,2,-18,3,-22,5,-21,4,-19,3,-20,5,-19,7,-18,7,-20,8,-20,9,-20,12,-19,11,-20,12,0,0,-20,14,-18,13,-17,13,-18,13,-15,13,-17,14,-13,12,-14,13,-13,15,-10,17,-10,16,-9,15,-8,17,-7,15,-8,17,-8,17,-6,17,-6,17,-6,18,-5,17,-6,17,-6,15,-7,15,-6,16,-6,16,-7,14,-7,12,-7,11,0,0,0,0,0,0]"
CSI_DATA,2207827,1a:00:00:00:00:00,-62,11,-95,4,46,6,2207827,47,0,128,0,"[0,0,0,0,0,0,0,0,-3,-19,0,-17,3,-18,4,-19,5,-20,6,-21,7,-20,9,-19,11,-19,12,-17,11,-18,10,-17,12,-18,12,-18,11,-17,11,-19,10,-17,12,-19,11,-17,12,-16,10,-18,10,-17,10,-17,10,-18,11,-18,10,-19,11,-20,12,-21,0,0,14,-19,13,-19,12,-18,13,-18,11,-16,12,-18,11,-16,10,-16,12,-15,11,-19,10,-19,8,-16,9,-17,7,-16,10,-17,9,-17,8,-16,9,-16,10,-16,10,-13,11,-16,10,-13,11,-13,13,-13,13,-11,12,-9,12,-7,12,-7,0,0,0,0,0,0]"
CSI_DATA,2213827,1a:00:00:00:00:00,-62,11,-95,4,46,6,2213827,47,0,128,0,"[0,0,0,0,0,0,0,0,-13,13,-13,11,-14,13,-17,10,-18,9,-20,10,-19,8,-21,7,-21,6,-20,4,-21,4,-20,3,-22,4,-22,3,-19,3,-19,4,-19,2,-22,4,-20,3,-20,2,-21,3,-20,3,-20,3,-21,2,-22,4,-22,3,-22,4,-21,3,0,0,-24,2,-23,1,-22,1,-23,1,-20,-1,-23,0,-20,0,-19,0,-19,0,-19,2,-20,2,-18,1,-19,1,-18,2,-18,2,-18,1,-19,1,-19,2,-21,1,-17,-1,-18,-1,-17,-3,-17,-3,-17,-5,-16,-6,-15,-6,-13,-7,-11,-8,0,0,0,0,0,0]"
CSI_DATA,2217827,1a:00:00:00:00:00,-62,11,-95,4,46,6,2217827,47,0,128,0,"[0,0,0,0,0,0,0,0,10,-15,11,-14,12,-14,14,-14,15,-14,17,-13,17,-12,18,-10,19,-11,19,-10,20,-9,18,-9,19,-9,20,-9,17,-9,18,-9,17,-9,19,-12,17,-10,18,-9,17,-10,18,-12,17,-11,17,-11,18,-14,18,-12,19,-11,19,-14,0,0,20,-15,19,-12,19,-13,19,-13,16,-11,17,-14,15,-12,16,-12,16,-11,16,-14,15,-14,13,-13,13,-14,12,-13,13,-13,14,-13,12,-13,13,-13,13,-12,14,-12,15,-13,13,-10,14,-10,14,-10,14,-8,14,-7,14,-5,13,-4,0,0,0,0,0,0]"
CSI_DATA,2223827,1a:00:00:00:00:00,-61,11,-95,4,46,6,2223827,47,0,128,0,"[0,0,0,0,0,0,0,0,-18,2,-18,-1,-18,-1,-20,-2,-21,-4,-22,-4,-21,-6,-20,-6,-21,-7,-19,-8,-20,-7,-19,-9,-19,-10,-20,-10,-18,-10,-19,-8,-19,-9,-20,-8,-19,-8,-18,-7,-20,-8,-20,-8,-18,-7,-18,-8,-22,-8,-21,-8,-22,-9,-21,-8,0,0,-22,-7,-22,-9,-21,-9,-20,-8,-19,-9,-21,-7,-18,-8,-19,-7,-17,-7,-19,-6,-19,-6,-17,-5,-19,-5,-18,-4,-18,-4,-18,-5,-17,-4,-18,-4,-17,-4,-17,-5,-18,-5,-16,-6,-16,-8,-15,-8,-14,-9,-12,-10,-9,-9,-9,-10,0,0,0,0,0,0]"
CSI_DATA,2228580,1a:00:00:00:00:00,-62,11,-95,4,46,6,2228580,47,0,128,0,"[0,0,0,0,0,0,0,0,-4,19,-4,17,-6,18,-8,18,-8,19,-9,20,-10,19,-10,17,-12,18,-13,15,-13,16,-13,15,-13,16,-14,16,-12,16,-13,17,-11,16,-11,19,-11,17,-12,17,-11,19,-10,18,-9,18,-10,19,-11,19,-10,19,-10,21,-11,19,0,0,-11,22,-10,21,-9,20,-10,19,-8,18,-9,20,-10,18,-8,18,-9,19,-7,20,-6,19,-5,18,-6,18,-5,17,-4,18,-3,18,-5,19,-5,17,-5,19,-6,18,-6,18,-7,17,-7,16,-7,15,-8,15,-9,13,-9,11,-9,12,0,0,0,0,0,0]"
CSI_DATA,2234118,1a:00:00:00:00:00,-61,11,-95,4,46,6,2234118,47,0,128,0,"[0,0,0,0,0,0,0,0,0,-18,1,-17,3,-20,5,-19,5,-21,6,-21,8,-20,10,-19,11,-20,12,-18,11,-19,10,-18,11,-18,11,-19,10,-19,9,-20,9,-18,10,-21,9,-18,9,-18,8,-20,9,-20,7,-18,9,-21,9,-20,6,-22,6,-22,6,-20,0,0,8,-22,9,-22,6,-22,8,-22,7,-20,7,-20,8,-18,7,-17,6,-18,4,-21,3,-20,3,-19,2,-20,2,-17,3,-19,3,-18,3,-18,3,-17,4,-19,4,-17,4,-18,5,-17,4,-18,5,-16,6,-15,7,-13,8,-11,8,-11,0,0,0,0,0,0]"
CSI_DATA,2235827,1a:00:00:00:00:00,-61,11,-95,4,46,6,2235827,47,0,128,0,"[0,0,0,0,0,0,0,0,-2,-17,-1,-18,0,-19,1,-21,3,-20,3,-23,5,-19,6,-20,8,-21,9,-18,10,-20,10,-17,11,-18,12,-18,11,-17,10,-18,10,-18,9,-19,10,-18,10,-17,10,-19,10,-19,9,-18,9,-19,11,-19,12,-19,12,-21,14,-17,0,0,12,-21,11,-19,13,-19,12,-17,12,-18,13,-18,12,-17,12,-15,12,-17,13,-17,12,-16,11,-16,10,-16,9,-16,11,-15,11,-16,9,-16,10,-16,11,-15,12,-14,13,-14,13,-13,14,-11,14,-10,15,-8,15,-8,13,-6,13,-5,0,0,0,0,0,0]"
CSI_DATA,2243827,1a:00:00:00:00:00,-61,11,-95,4,46,6,2243827,47,0,128,0,"[0,0,0,0,0,0,0,0,-7,-17,-6,-17,-6,-18,-6,-19,-5,-21,-5,-23,-3,-21,-3,-22,-4,-21,-2,-20,-2,-20,-1,-21,-1,-21,-2,-21,-1,-21,-3,-22,-3,-19,-5,-20,-5,-19,-5,-19,-6,-21,-8,-20,-9,-19,-8,-20,-9,-20,-8,-22,-9,-21,-9,-20,0,0,-12,-20,-10,-23,-10,-21,-11,-19,-11,-19,-13,-18,-11,-17,-12,-16,-12,-16,-14,-17,-13,-16,-13,-14,-14,-15,-14,-12,-14,-12,-13,-12,-15,-12,-14,-13,-15,-11,-13,-10,-14,-10,-12,-12,-12,-13,-11,-14,-10,-14,-10,-13,-7,-12,-7,-13,0,0,0,0,0,0]"
CSI_DATA,2249827,1a:00:00:00:00:00,-61,11,-95,4,46,6,2249827,47,0,128,0,"[0,0,0,0,0,0,0,0,-5,18,-6,17,-7,19,-8,20,-8,19,-10,21,-10,19,-12,18,-13,18,-15,15,-13,17,-13,15,-14,16,-14,16,-11,16,-12,19,-12,18,-12,19,-10,18,-11,17,-9,18,-10,19,-10,18,-10,19,-10,21,-8,21,-9,22,-9,20,0,0,-8,23,-8,22,-8,23,-8,21,-7,20,-6,21,-6,19,-5,20,-5,18,-3,19,-3,19,-2,19,-2,21,-1,18,-1,17,-1,19,0,19,-1,19,-1,19,-3,18,-2,18,-2,19,-3,18,-3,17,-5,18,-6,16,-5,12,-5,13,0,0,0,0,0,0]"
CSI_DATA,2255827,1a:00:00:00:00:00,-61,11,-95,4,46,6,2255827,47,0,128,0,"[0,0,0,0,0,0,0,0,16,-10,16,-10,17,-10,19,-9,19,-9,20,-9,21,-7,20,-6,23,-5,21,-3,22,-4,21,-3,21,-4,23,-3,20,-4,21,-5,20,-5,22,-6,20,-6,20,-5,19,-7,21,-7,19,-6,21,-8,23,-7,21,-7,22,-9,22,-7,0,0,24,-10,23,-9,21,-8,22,-10,19,-8,20,-9,19,-9,17,-8,18,-9,18,-12,17,-11,16,-11,15,-11,14,-10,16,-11,16,-11,15,-12,15,-10,15,-11,16,-10,16,-10,15,-8,16,-9,16,-8,16,-6,16,-5,15,-2,14,-2,0,0,0,0,0,0]"
CSI_DATA,2259831,1a:00:00:00:00:00,-61,11,-95,4,46,6,2259831,47,0,128,0,"[0,0,0,0,0,0,0,0,-14,12,-14,10,-17,11,-18,11,-18,10,-18,11,-19,9,-21,8,-21,9,-20,7,-20,8,-21,7,-21,7,-20,8,-18,9,-19,10,-18,9,-19,14,-17,12,-17,11,-17,13,-17,12,-16,13,-16,15,-18,15,-16,16,-16,16,-17,15,0,0,-16,20,-16,18,-14,18,-15,19,-12,15,-14,17,-14,17,-12,16,-11,17,-9,17,-9,18,-9,17,-7,18,-6,17,-6,19,-5,19,-5,18,-6,19,-5,19,-6,19,-6,17,-6,16,-6,17,-6,16,-8,16,-7,14,-8,12,-7,12,0,0,0,0,0,0]"
CSI_DATA,2265827,1a:00:00:00:00:00,-61,11,-95,4,46,6,2265827,47,0,128,0,"[0,0,0,0,0,0,0,0,18,-6,17,-3,20,-5,20,-4,20,-3,21,-4,21,-1,22,0,22,0,21,2,22,-1,20,2,22,1,23,1,20,1,21,0,21,1,23,-3,20,-2,20,-4,21,-4,21,-4,22,-4,21,-5,22,-6,22,-6,23,-5,23,-5,0,0,24,-9,22,-8,22,-9,21,-8,20,-7,21,-8,19,-8,18,-7,18,-9,18,-12,17,-12,16,-12,16,-12,14,-10,16,-13,15,-13,14,-12,14,-12,14,-13,15,-12,14,-11,15,-11,15,-9,15,-10,16,-10,15,-8,13,-5,13,-5,0,0,0,0,0,0]"
CSI_DATA,2269827,1a:00:00:00:00:00,-61,11,-95,4,46,6,2269827,47,0,128,0,"[0,0,0,0,0,0,0,0,-18,7,-16,6,-18,6,-19,7,-19,6,-21,5,-21,5,-21,4,-22,4,-22,1,-21,3,-20,4,-22,4,-22,4,-19,7,-20,7,-18,7,-21,10,-18,9,-18,9,-18,12,-18,11,-17,12,-18,13,-18,14,-16,16,-17,16,-18,16,0,0,-18,18,-16,18,-14,18,-15,18,-13,17,-13,18,-11,17,-12,17,-10,16,-8,19,-8,20,-7,19,-6,19,-5,18,-5,19,-3,19,-2,20,-3,19,-2,20,-4,19,-4,20,-4,18,-3,17,-3,17,-4,17,-5,16,-4,12,-5,13,0,0,0,0,0,0]"
CSI_DATA,2275827,1a:00:00:00:00:00,-61,11,-95,4,46,6,2275827,47,0,128,0,"[0,0,0,0,0,0,0,0,18,8,17,7,18,8,18,9,17,11,20,11,18,13,18,12,19,14,16,14,18,12,16,13,18,12,18,13,18,11,20,11,18,10,21,8,20,8,19,8,19,7,21,7,21,6,22,5,23,6,23,3,23,4,22,3,0,0,24,3,23,2,22,1,24,1,20,1,24,1,21,0,21,1,19,-3,20,-5,19,-6,19,-5,19,-5,18,-5,18,-8,16,-7,17,-9,17,-9,18,-7,17,-7,19,-8,16,-6,17,-5,17,-7,16,-6,16,-5,13,-2,14,-3,0,0,0,0,0,0]"
CSI_DATA,2279827,1a:00:00:00:00:00,-61,11,-95,4,46,6,2279827,47,0,128,0,"[0,0,0,0,0,0,0,0,-8,18,-9,16,-10,17,-12,17,-13,17,-15,18,-16,15,-18,13,-18,13,-18,11,-18,11,-18,8,-20,11,-21,10,-19,10,-19,11,-18,9,-21,13,-18,11,-18,10,-19,10,-19,10,-19,10,-19,9,-20,9,-20,10,-22,10,-23,8,0,0,-22,10,-22,9,-20,9,-22,8,-20,7,-22,7,-19,6,-19,5,-19,6,-21,7,-20,8,-18,7,-18,8,-17,7,-17,8,-18,8,-17,8,-17,6,-19,6,-18,3,-19,4,-18,1,-17,1,-17,1,-17,-1,-17,-2,-13,-3,-13,-3,0,0,0,0,0,0]"
CSI_DATA,2285827,1a:00:00:00:00:00,-61,11,-95,4,46,6,2285827,47,0,128,0,"[0,0,0,0,0,0,0,0,9,18,7,17,8,17,8,19,7,21,8,21,6,23,7,21,6,22,5,21,6,21,5,21,7,21,8,21,10,20,10,20,9,18,13,19,11,17,12,17,14,17,14,18,15,16,16,17,17,16,19,15,20,14,18,14,0,0,19,13,21,13,20,12,21,12,18,9,21,8,19,8,18,8,18,6,21,3,21,2,19,2,20,0,19,1,20,-1,19,-2,20,-2,19,-2,20,-3,19,-1,19,-1,18,-1,18,-1,18,0,17,-1,17,0,15,1,14,2,0,0,0,0,0,0]"
CSI_DATA,2287827,1a:00:00:00:00:00,-61,11,-95,4,46,6,2287827,47,0,128,0,"[0,0,0,0,0,0,0,0,-3,18,-4,18,-5,19,-7,20,-7,21,-8,21,-9,20,-9,18,-11,19,-12,18,-12,18,-11,18,-11,19,-12,20,-9,19,-10,20,-9,19,-9,21,-8,19,-8,19,-6,21,-7,21,-7,20,-5,22,-7,23,-4,22,-4,24,-5,22,0,0,-4,24,-4,23,-4,22,-4,24,-2,22,-3,23,-3,21,-2,20,-3,19,-1,21,2,20,1,19,3,20,2,18,3,19,4,18,5,18,4,18,3,19,3,18,3,19,2,18,2,18,1,18,0,17,-1,17,-2,15,-2,14,0,0,0,0,0,0]"
CSI_DATA,2291827,1a:00:00:00:00:00,-61,11,-95,4,46,6,2291827,47,0,128,0,"[0,0,0,0,0,0,0,0,4,-19,4,-17,5,-20,7,-20,8,-21,8,-21,9,-21,9,-19,9,-20,10,-18,10,-19,9,-20,9,-20,8,-21,6,-21,6,-22,4,-20,5,-23,4,-20,3,-20,2,-21,2,-22,2,-22,0,-24,-1,-23,-3,-22,-3,-25,-1,-22,0,0,-4,-24,-5,-25,-5,-23,-6,-23,-5,-21,-7,-22,-7,-20,-7,-18,-7,-19,-11,-19,-11,-16,-12,-16,-13,-16,-12,-14,-12,-14,-13,-14,-14,-14,-14,-12,-14,-14,-12,-14,-13,-15,-12,-15,-13,-13,-13,-13,-11,-13,-10,-14,-7,-12,-8,-12,0,0,0,0,0,0]"
CSI_DATA,2295827,1a:00:00:00:00:00,-61,11,-95,4,46,6,2295827,47,0,128,0,"[0,0,0,0,0,0,0,0,18,6,16,7,18,9,18,11,18,13,18,15,16,16,15,14,14,17,13,17,13,17,12,18,13,18,12,18,12,18,13,18,12,17,14,18,13,16,12,17,13,18,12,17,13,18,13,20,13,19,16,18,15,19,13,19,0,0,14,22,14,21,12,20,13,20,11,19,11,19,11,18,10,18,10,17,12,17,13,17,10,17,12,18,11,15,12,15,11,15,11,16,12,16,10,16,8,17,9,18,7,17,7,18,5,17,4,17,3,17,0,15,0,15,0,0,0,0,0,0]"
CSI_DATA,2301827,1a:00:00:00:00:00,-61,11,-95,4,46,6,2301827,47,0,128,0,"[0,0,0,0,0,0,0,0,-9,-16,-9,-17,-7,-18,-6,-19,-5,-21,-4,-23,-2,-22,0,-22,1,-23,3,-21,4,-21,3,-21,4,-22,5,-21,4,-21,3,-21,3,-21,4,-22,4,-21,5,-20,4,-22,5,-21,3,-22,4,-21,5,-23,4,-22,6,-24,6,-22,0,0,6,-23,7,-23,8,-23,8,-21,7,-20,7,-22,7,-20,7,-19,7,-19,8,-21,7,-20,4,-19,6,-20,5,-19,6,-18,6,-18,6,-19,8,-18,8,-20,8,-16,8,-17,10,-16,10,-17,10,-14,12,-12,13,-11,12,-9,13,-8,0,0,0,0,0,0]"
CSI_DATA,2305827,1a:00:00:00:00:00,-61,11,-95,4,46,6,2305827,47,0,128,0,"[0,0,0,0,0,0,0,0,12,16,10,15,10,17,9,18,8,21,7,21,5,23,4,20,4,23,1,21,2,22,2,22,2,21,3,22,3,21,4,22,3,21,4,23,3,20,2,21,5,21,4,23,5,23,3,22,6,22,7,23,7,25,5,23,0,0,5,24,4,25,4,23,4,23,4,21,5,23,5,21,5,20,5,21,6,19,7,19,7,18,7,21,7,17,7,17,7,18,7,19,6,17,6,20,5,19,5,19,4,18,5,17,3,18,1,17,0,16,-2,15,-2,14,0,0,0,0,0,0]"
CSI_DATA,2311827,1a:00:00:00:00:00,-61,11,-95,4,46,6,2311827,47,0,128,0,"[0,0,0,0,0,0,0,0,4,-20,5,-19,6,-19,8,-20,8,-20,11,-20,12,-19,13,-19,14,-18,14,-15,14,-16,14,-16,16,-16,16,-15,15,-16,14,-16,14,-15,15,-17,14,-16,14,-15,13,-17,14,-16,13,-16,13,-16,15,-18,14,-18,15,-19,16,-16,0,0,15,-21,16,-18,17,-18,16,-17,14,-16,14,-18,14,-15,13,-15,13,-15,12,-17,14,-17,11,-16,11,-17,11,-16,12,-16,11,-16,12,-16,12,-15,12,-17,12,-15,13,-16,13,-13,12,-13,14,-11,15,-9,14,-9,13,-5,14,-6,0,0,0,0,0,0]"
CSI_DATA,2316097,1a:00:00:00:00:00,-61,11,-95,4,46,6,2316097,47,0,128,0,"[0,0,0,0,0,0,0,0,0,19,0,18,-1,20,-1,22,-3,22,-4,23,-6,21,-6,21,-8,21,-10,20,-8,21,-10,19,-8,20,-9,21,-8,20,-7,21,-6,20,-6,22,-6,20,-6,19,-5,21,-5,22,-5,22,-5,23,-6,22,-3,24,-3,24,-4,24,0,0,-4,25,-3,25,-3,23,-4,23,-4,21,-4,24,-3,21,-3,21,-1,21,1,22,0,20,1,20,1,21,1,19,2,19,1,19,3,20,2,19,1,19,0,19,0,19,0,18,-1,19,-1,19,-4,17,-4,16,-5,14,-5,15,0,0,0,0,0,0]"
CSI_DATA,2321828,1a:00:00:00:00:00,-61,11,-95,4,46,6,2321828,47,0,128,0,"[0,0,0,0,0,0,0,0,13,-15,13,-13,15,-13,16,-13,18,-12,19,-13,20,-12,20,-9,21,-11,20,-8,21,-8,20,-7,21,-8,21,-8,20,-8,19,-9,18,-8,21,-10,20,-9,20,-9,19,-10,19,-10,17,-11,19,-11,21,-13,20,-14,19,-13,20,-12,0,0,21,-13,20,-13,19,-11,22,-13,17,-12,19,-14,18,-12,18,-11,17,-12,15,-14,16,-14,14,-13,14,-14,13,-12,14,-14,14,-13,14,-14,14,-14,14,-14,14,-13,15,-12,15,-10,15,-12,15,-9,15,-8,15,-7,14,-5,14,-5,0,0,0,0,0,0]"
CSI_DATA,2325828,1a:00:00:00:00:00,-61,11,-95,4,46,6,2325828,47,0,128,0,"[0,0,0,0,0,0,0,0,-13,14,-13,13,-14,14,-16,14,-17,13,-18,14,-19,12,-19,12,-19,12,-19,9,-19,10,-19,10,-21,10,-20,11,-18,12,-18,12,-16,11,-18,14,-17,13,-16,12,-16,15,-15,16,-15,16,-13,17,-14,18,-15,17,-15,20,-16,18,0,0,-14,22,-15,19,-13,19,-14,19,-12,18,-11,20,-10,18,-10,17,-11,18,-9,21,-8,20,-6,18,-5,19,-3,17,-5,20,-5,18,-4,20,-4,19,-3,21,-4,18,-4,21,-4,18,-4,18,-5,17,-7,17,-6,16,-6,12,-6,12,0,0,0,0,0,0]"
CSI_DATA,2333320,1a:00:00:00:00:00,-61,11,-95,4,46,6,2333320,47,0,128,0,"[0,0,0,0,0,0,0,0,-20,1,-19,-1,-19,-2,-20,-3,-21,-6,-23,-6,-21,-8,-20,-8,-21,-8,-20,-9,-20,-9,-19,-11,-20,-11,-19,-12,-19,-10,-20,-10,-19,-10,-21,-10,-20,-9,-18,-8,-20,-10,-20,-9,-21,-7,-21,-9,-22,-8,-22,-9,-24,-9,-21,-10,0,0,-23,-9,-22,-10,-22,-9,-21,-9,-20,-9,-21,-8,-21,-7,-19,-7,-20,-6,-22,-5,-21,-7,-19,-5,-20,-6,-19,-5,-19,-4,-19,-5,-19,-4,-19,-6,-19,-5,-17,-6,-19,-5,-17,-8,-18,-7,-15,-8,-14,-10,-14,-10,-10,-10,-10,-11,0,0,0,0,0,0]"
CSI_DATA,2335828,1a:00:00:00:00:00,-61,11,-95,4,46,6,2335828,47,0,128,0,"[0,0,0,0,0,0,0,0,-18,6,-18,5,-20,6,-20,6,-21,4,-22,4,-23,4,-21,3,-23,3,-22,2,-22,2,-21,2,-23,3,-22,3,-20,5,-21,6,-18,5,-23,9,-20,7,-21,8,-19,8,-19,10,-18,12,-20,11,-20,14,-19,13,-20,14,-18,13,0,0,-19,16,-19,16,-19,15,-17,17,-15,15,-15,17,-14,16,-13,15,-14,16,-11,20,-10,20,-9,17,-8,18,-6,17,-8,19,-6,18,-5,20,-5,19,-5,20,-6,18,-6,19,-4,18,-4,17,-6,17,-7,16,-7,15,-7,13,-7,11,0,0,0,0,0,0]"
CSI_DATA,2341828,1a:00:00:00:00:00,-61,11,-95,4,46,6,2341828,47,0,128,0,"[0,0,0,0,0,0,0,0,17,8,15,9,18,10,17,11,17,12,19,14,17,15,17,15,19,15,16,14,18,13,16,15,17,15,18,15,18,14,19,13,18,12,21,12,19,11,18,11,19,10,20,9,22,8,22,7,22,7,23,7,25,7,23,7,0,0,25,4,24,6,24,5,24,3,22,5,23,3,21,2,20,2,20,1,21,-1,20,-2,20,-2,20,-3,19,-4,19,-4,19,-5,19,-5,19,-6,18,-6,18,-6,19,-6,18,-5,18,-3,17,-3,18,-1,17,-2,14,1,15,1,0,0,0,0,0,0]"
CSI_DATA,2345831,1a:00:00:00:00:00,-61,11,-95,4,46,6,2345831,47,0,128,0,"[0,0,0,0,0,0,0,0,-15,10,-16,9,-18,8,-20,8,-19,7,-22,6,-21,3,-23,3,-23,2,-20,-1,-23,1,-20,-3,-23,-2,-22,-3,-22,-3,-22,-3,-21,-3,-22,-2,-21,-2,-19,-2,-22,-3,-22,-3,-21,-3,-22,-2,-22,-3,-23,-3,-24,-4,-22,-2,0,0,-24,-5,-23,-5,-23,-6,-22,-7,-21,-7,-22,-7,-19,-6,-19,-6,-20,-6,-21,-6,-20,-5,-19,-5,-19,-6,-19,-5,-18,-5,-19,-6,-18,-5,-19,-6,-19,-6,-17,-7,-17,-7,-16,-10,-14,-9,-14,-10,-13,-11,-12,-13,-8,-11,-8,-11,0,0,0,0,0,0]"
CSI_DATA,2349828,1a:00:00:00:00:00,-61,11,-95,4,46,6,2349828,47,0,128,0,"[0,0,0,0,0,0,0,0,11,-14,12,-13,15,-15,16,-14,15,-14,18,-15,18,-12,19,-11,20,-12,19,-10,21,-11,19,-7,21,-7,20,-8,20,-8,19,-9,19,-9,18,-11,20,-10,17,-9,18,-11,20,-11,18,-11,19,-12,21,-12,20,-11,22,-12,20,-11,0,0,23,-16,20,-11,21,-12,21,-13,18,-10,19,-12,18,-10,17,-10,16,-11,17,-11,18,-12,16,-11,17,-10,16,-11,15,-12,15,-13,15,-13,16,-13,16,-11,15,-11,17,-11,15,-9,16,-9,16,-7,16,-7,16,-5,14,-2,15,-3,0,0,0,0,0,0]"
CSI_DATA,2355828,1a:00:00:00:00:00,-61,11,-95,4,46,6,2355828,47,0,128,0,"[0,0,0,0,0,0,0,0,-18,5,-18,4,-20,3,-21,2,-22,0,-24,-1,-22,-3,-22,-3,-23,-3,-21,-5,-22,-4,-20,-7,-21,-6,-21,-7,-22,-7,-22,-6,-21,-6,-23,-4,-22,-5,-20,-5,-21,-5,-22,-5,-22,-5,-21,-5,-22,-5,-22,-5,-24,-7,-23,-5,0,0,-24,-6,-22,-7,-24,-8,-22,-7,-22,-7,-22,-6,-20,-6,-19,-6,-19,-5,-21,-3,-21,-5,-19,-5,-20,-5,-18,-4,-19,-4,-19,-4,-18,-4,-20,-5,-19,-4,-18,-5,-19,-6,-17,-7,-16,-8,-15,-9,-13,-11,-14,-10,-11,-10,-10,-11,0,0,0,0,0,0]"
CSI_DATA,2361050,1a:00:00:00:00:00,-61,11,-95,4,46,6,2361050,47,0,128,0,"[0,0,0,0,0,0,0,0,-18,5,-18,4,-19,3,-20,2,-21,0,-23,0,-22,-3,-21,-3,-23,-2,-21,-4,-21,-4,-21,-7,-21,-6,-22,-7,-21,-6,-21,-5,-20,-5,-23,-4,-21,-5,-20,-5,-21,-5,-22,-5,-22,-4,-22,-5,-24,-4,-22,-5,-23,-6,-21,-4,0,0,-24,-3,-24,-5,-24,-5,-22,-6,-20,-4,-22,-3,-21,-4,-20,-5,-20,-3,-21,-3,-21,-4,-19,-4,-20,-4,-19,-2,-20,-1,-20,-2,-20,-1,-19,-2,-20,-2,-19,-3,-20,-3,-18,-4,-18,-7,-17,-7,-15,-8,-15,-8,-12,-9,-11,-10,0,0,0,0,0,0]"
CSI_DATA,2365828,1a:00:00:00:00:00,-61,11,-95,4,46,6,2365828,47,0,128,0,"[0,0,0,0,0,0,0,0,-19,-2,-19,-3,-20,-3,-20,-4,-21,-6,-22,-7,-22,-9,-20,-8,-20,-10,-17,-11,-20,-11,-17,-12,-19,-11,-19,-12,-19,-11,-19,-11,-20,-11,-22,-10,-19,-9,-19,-9,-20,-10,-21,-9,-19,-9,-21,-10,-22,-9,-22,-8,-23,-8,-21,-10,0,0,-25,-8,-23,-10,-22,-8,-24,-8,-19,-8,-22,-8,-20,-8,-19,-8,-20,-6,-22,-5,-19,-5,-18,-6,-20,-4,-18,-4,-19,-2,-18,-1,-20,-2,-20,-2,-20,-4,-17,-5,-18,-5,-18,-7,-17,-7,-17,-6,-16,-7,-15,-9,-12,-9,-12,-9,0,0,0,0,0,0]"
CSI_DATA,2369828,1a:00:00:00:00:00,-61,11,-95,4,46,6,2369828,47,0,128,0,"[0,0,0,0,0,0,0,0,19,4,17,5,20,5,21,6,21,7,21,9,21,10,19,10,21,10,19,12,21,10,18,12,19,10,21,11,19,10,20,9,21,8,23,6,20,5,20,5,20,6,22,6,21,6,23,5,23,3,23,4,24,4,24,4,0,0,26,3,25,2,23,1,24,0,21,1,23,1,20,0,21,1,21,-1,22,-3,23,-4,19,-4,21,-4,18,-4,20,-6,19,-7,19,-7,18,-5,18,-7,18,-6,20,-6,18,-5,19,-4,17,-3,17,-3,17,-1,15,0,15,0,0,0,0,0,0,0]"
CSI_DATA,2375828,1a:00:00:00:00:00,-61,11,-95,4,46,6,2375828,47,0,128,0,"[0,0,0,0,0,0,0,0,-12,-14,-12,-14,-12,-15,-12,-17,-11,-19,-12,-19,-11,-21,-9,-20,-9,-21,-7,-20,-9,-20,-6,-21,-8,-19,-8,-21,-8,-20,-10,-19,-8,-19,-12,-20,-12,-17,-10,-18,-11,-19,-13,-18,-12,-19,-13,-19,-13,-18,-15,-18,-15,-19,-13,-18,0,0,-16,-18,-15,-19,-16,-17,-16,-18,-14,-17,-15,-17,-15,-16,-14,-16,-15,-14,-17,-11,-17,-13,-16,-12,-17,-11,-16,-10,-17,-10,-17,-10,-17,-10,-17,-9,-17,-11,-16,-11,-15,-11,-15,-11,-14,-12,-14,-13,-13,-12,-11,-12,-10,-11,-9,-11,0,0,0,0,0,0]"
CSI_DATA,2381828,1a:00:00:00:00:00,-61,11,-95,4,46,6,2381828,47,0,128,0,"[0,0,0,0,0,0,0,0,-1,19,-2,19,-4,21,-3,21,-4,22,-5,22,-6,22,-7,20,-8,21,-11,19,-9,20,-11,19,-11,19,-11,21,-10,20,-8,21,-7,20,-8,22,-6,20,-7,19,-6,20,-6,21,-6,21,-6,22,-7,23,-4,23,-5,24,-7,22,0,0,-4,24,-6,23,-3,21,-4,24,-4,21,-4,23,-4,21,-3,21,-3,22,-1,23,-1,21,-1,19,0,20,1,18,1,19,1,19,2,20,0,19,1,20,-1,18,0,21,0,18,-1,18,-2,18,-4,18,-5,16,-4,14,-5,14,0,0,0,0,0,0]"
CSI_DATA,2385828,1a:00:00:00:00:00,-61,11,-95,4,46,6,2385828,47,0,128,0,"[0,0,0,0,0,0,0,0,-2,-19,-2,-19,-2,-20,-1,-21,0,-21,0,-22,2,-23,2,-21,3,-22,5,-22,3,-22,5,-21,3,-22,2,-21,1,-22,1,-22,1,-21,-2,-23,-2,-21,0,-21,-3,-21,-4,-23,-3,-22,-5,-22,-5,-23,-6,-23,-6,-24,-4,-23,0,0,-7,-23,-8,-24,-9,-22,-10,-21,-8,-20,-9,-21,-8,-20,-8,-19,-9,-18,-10,-18,-12,-15,-11,-16,-13,-16,-13,-14,-14,-14,-14,-13,-16,-13,-14,-13,-14,-14,-12,-14,-14,-13,-13,-13,-12,-14,-12,-13,-10,-14,-9,-13,-8,-12,-8,-13,0,0,0,0,0,0]"
CSI_DATA,2389828,1a:00:00:00:00:00,-61,11,-95,4,46,6,2389828,47,0,128,0,"[0,0,0,0,0,0,0,0,20,-4,18,-1,20,-1,20,1,22,4,21,5,23,6,21,7,21,10,18,10,19,10,18,12,19,11,18,13,19,11,20,11,17,12,20,11,17,11,17,12,17,12,19,13,18,13,18,13,19,13,19,14,20,13,18,15,0,0,19,16,18,17,18,17,16,15,15,15,17,16,15,16,14,14,14,15,16,16,16,13,15,14,15,15,14,13,15,13,14,12,15,13,12,14,12,14,11,13,11,16,9,16,9,16,7,16,6,16,5,16,2,14,2,15,0,0,0,0,0,0]"
CSI_DATA,2395828,1a:00:00:00:00:00,-61,11,-95,4,46,6,2395828,47,0,128,0,"[0,0,0,0,0,0,0,0,6,-19,5,-18,6,-19,7,-19,8,-20,7,-22,8,-21,9,-20,11,-19,11,-18,10,-20,11,-19,9,-22,10,-21,8,-21,5,-21,6,-20,4,-23,3,-20,4,-20,2,-21,2,-23,2,-22,0,-22,-1,-24,-3,-23,-4,-24,-2,-23,0,0,-4,-23,-4,-24,-6,-22,-6,-25,-6,-21,-7,-23,-7,-20,-7,-19,-7,-18,-10,-19,-11,-17,-12,-16,-13,-15,-12,-13,-14,-14,-14,-13,-15,-13,-14,-13,-14,-15,-13,-13,-14,-13,-13,-13,-14,-13,-14,-12,-12,-12,-10,-13,-8,-12,-8,-12,0,0,0,0,0,0]"
CSI_DATA,2401876,1a:00:00:00:00:00,-61,11,-95,4,46,6,2401876,47,0,128,0,"[0,0,0,0,0,0,0,0,19,-2,18,1,21,-1,21,1,22,2,22,2,21,3,22,4,24,4,21,5,22,4,21,4,23,4,23,3,22,2,22,1,22,0,23,1,22,-1,21,0,21,-3,22,-3,21,-4,21,-4,23,-5,23,-7,23,-8,23,-6,0,0,21,-9,23,-8,22,-9,21,-11,19,-9,20,-11,18,-9,16,-10,16,-11,16,-13,16,-14,14,-13,13,-14,11,-14,13,-15,13,-15,12,-16,12,-15,12,-17,12,-15,11,-15,12,-14,12,-14,12,-12,12,-12,12,-10,13,-8,11,-10,0,0,0,0,0,0]"
CSI_DATA,2405834,1a:00:00:00:00:00,-61,11,-95,4,46,6,2405834,47,0,128,0,"[0,0,0,0,0,0,0,0,2,-19,3,-18,6,-21,7,-21,8,-19,10,-20,10,-19,12,-19,15,-18,16,-16,15,-18,16,-14,15,-15,17,-16,15,-14,16,-16,16,-14,15,-18,15,-16,15,-14,15,-15,17,-15,16,-15,17,-16,18,-16,15,-16,18,-16,19,-15,0,0,20,-16,18,-16,18,-16,19,-16,17,-12,18,-13,17,-12,17,-11,17,-13,19,-14,16,-14,15,-13,15,-13,14,-12,15,-14,14,-13,15,-13,16,-11,17,-11,16,-10,16,-9,17,-8,16,-7,16,-7,17,-5,16,-2,15,0,14,0,0,0,0,0,0,0]"
CSI_DATA,2411828,1a:00:00:00:00:00,-61,11,-95,4,46,6,2411828,47,0,128,0,"[0,0,0,0,0,0,0,0,-6,19,-7,17,-8,18,-10,18,-12,18,-13,18,-15,16,-17,15,-17,15,-18,13,-19,14,-18,11,-19,13,-20,12,-18,11,-18,10,-17,11,-20,13,-18,11,-18,10,-19,11,-18,10,-19,10,-19,10,-21,12,-21,12,-21,11,-20,11,0,0,-24,11,-23,9,-22,9,-22,7,-21,8,-23,7,-19,6,-19,5,-19,5,-19,6,-19,7,-18,7,-19,7,-16,6,-19,6,-18,7,-18,6,-20,6,-19,5,-18,3,-19,3,-17,1,-18,0,-18,-1,-18,-2,-16,-3,-13,-5,-13,-5,0,0,0,0,0,0]"
CSI_DATA,2417828,1a:00:00:00:00:00,-61,11,-95,4,46,6,2417828,47,0,128,0,"[0,0,0,0,0,0,0,0,11,16,10,15,11,17,10,18,10,20,11,20,9,20,9,19,9,21,6,20,9,21,7,19,9,20,10,20,11,20,12,19,11,17,14,18,12,16,13,16,15,15,15,16,15,15,17,15,18,15,20,14,20,13,19,13,0,0,20,13,22,13,21,11,22,11,19,9,20,8,19,8,18,7,19,5,22,2,20,2,20,2,20,1,19,0,19,1,19,-1,19,-2,19,-2,19,-2,18,-2,19,-1,19,-1,19,-1,18,0,17,1,17,0,14,2,14,2,0,0,0,0,0,0]"
CSI_DATA,2421828,1a:00:00:00:00:00,-61,11,-95,4,46,6,2421828,47,0,128,0,"[0,0,0,0,0,0,0,0,-15,10,-16,9,-18,9,-19,8,-20,6,-22,7,-21,5,-22,4,-23,3,-21,0,-22,1,-21,0,-22,1,-22,1,-21,0,-21,1,-20,0,-22,2,-21,1,-21,-1,-21,1,-23,0,-21,0,-22,0,-24,1,-24,1,-23,0,-22,1,0,0,-22,-2,-23,-2,-24,-2,-22,-1,-22,-1,-24,-2,-21,-1,-20,-2,-19,-1,-22,0,-21,0,-19,-1,-21,1,-18,1,-19,0,-20,1,-19,1,-19,0,-19,1,-19,-1,-20,-1,-18,-3,-17,-3,-17,-4,-16,-6,-15,-8,-13,-8,-12,-8,0,0,0,0,0,0]"
CSI_DATA,2427828,1a:00:00:00:00:00,-61,11,-95,4,46,6,2427828,47,0,128,0,"[0,0,0,0,0,0,0,0,18,5,18,6,18,8,18,10,17,13,19,13,17,15,15,14,16,18,13,17,13,16,12,17,13,17,13,18,12,18,13,19,11,17,14,18,13,17,10,18,12,17,13,18,12,19,11,18,14,19,15,20,14,20,13,18,0,0,11,22,11,22,10,21,11,22,9,19,11,21,10,19,8,18,9,19,11,18,10,17,9,17,9,17,9,17,10,17,9,17,10,17,8,18,9,17,6,17,6,18,5,19,5,18,4,17,2,18,0,15,-2,14,-2,14,0,0,0,0,0,0]"
CSI_DATA,2433828,1a:00:00:00:00:00,-61,11,-95,4,46,6,2433828,47,0,128,0,"[0,0,0,0,0,0,0,0,13,-14,13,-12,14,-13,16,-12,17,-14,18,-14,18,-13,18,-12,20,-13,18,-11,19,-10,17,-12,18,-13,18,-13,16,-14,15,-15,15,-14,15,-17,13,-16,13,-16,11,-18,12,-20,11,-19,9,-20,10,-20,8,-22,8,-22,8,-22,0,0,6,-22,6,-24,4,-22,5,-23,3,-22,4,-23,2,-21,1,-20,0,-21,-2,-22,-3,-22,-5,-17,-5,-19,-6,-17,-6,-18,-7,-17,-7,-18,-7,-18,-8,-18,-8,-18,-9,-18,-7,-17,-8,-16,-7,-17,-6,-15,-6,-16,-4,-14,-4,-14,0,0,0,0,0,0]"
CSI_DATA,2437828,1a:00:00:00:00:00,-61,11,-95,4,46,6,2437828,47,0,128,0,"[0,0,0,0,0,0,0,0,14,13,12,14,12,14,11,17,11,20,11,21,8,20,8,19,7,21,5,21,6,21,5,21,4,22,5,22,5,21,6,21,6,20,7,21,6,20,5,20,6,20,7,22,6,22,6,22,7,23,8,22,9,23,6,22,0,0,8,22,6,25,4,22,5,23,5,21,6,22,5,21,6,19,6,19,7,19,7,18,8,17,8,19,8,17,7,18,7,17,8,18,7,18,6,18,6,17,6,18,4,18,4,18,3,17,1,18,0,17,-2,13,-1,15,0,0,0,0,0,0]"
CSI_DATA,2443828,1a:00:00:00:00:00,-61,11,-95,4,46,6,2443828,47,0,128,0,"[0,0,0,0,0,0,0,0,5,-18,5,-18,7,-19,8,-19,10,-18,11,-20,13,-19,13,-17,14,-18,16,-15,15,-15,16,-15,17,-15,18,-16,15,-15,15,-16,15,-15,16,-15,16,-14,17,-14,16,-15,16,-16,15,-16,16,-15,16,-16,15,-17,17,-17,17,-15,0,0,18,-16,18,-15,18,-16,19,-14,16,-13,17,-15,16,-12,15,-12,17,-12,16,-15,16,-15,14,-14,13,-14,11,-14,14,-13,13,-14,13,-14,14,-13,15,-13,14,-12,15,-11,14,-10,14,-10,16,-8,16,-7,16,-5,14,-2,13,-3,0,0,0,0,0,0]"
CSI_DATA,2447828,1a:00:00:00:00:00,-61,11,-95,4,46,6,2447828,47,0,128,0,"[0,0,0,0,0,0,0,0,-1,19,-1,19,-4,19,-5,20,-7,20,-7,22,-9,21,-10,19,-10,21,-11,18,-11,18,-10,18,-12,18,-11,19,-10,19,-9,20,-9,19,-10,20,-9,19,-10,18,-8,21,-8,21,-8,21,-7,21,-9,22,-7,23,-8,23,-7,21,0,0,-8,24,-7,23,-7,23,-9,23,-7,21,-8,22,-5,20,-5,20,-6,19,-4,21,-4,21,-3,19,-2,19,-1,18,-2,19,-1,19,-1,19,-1,19,-2,21,-3,18,-3,19,-4,17,-3,18,-4,18,-6,16,-6,15,-7,12,-7,12,0,0,0,0,0,0]"
CSI_DATA,2453828,1a:00:00:00:00:00,-61,11,-95,4,46,6,2453828,47,0,128,0,"[0,0,0,0,0,0,0,0,13,-14,14,-12,16,-12,17,-13,19,-11,20,-12,20,-9,21,-9,22,-10,21,-6,21,-7,20,-6,22,-6,22,-7,20,-6,20,-7,20,-7,22,-7,21,-8,20,-6,20,-8,20,-9,20,-10,19,-8,22,-9,22,-8,23,-9,22,-8,0,0,22,-10,21,-9,22,-10,21,-9,19,-9,21,-9,19,-8,19,-9,19,-9,18,-12,19,-11,17,-10,17,-10,15,-10,16,-11,16,-10,15,-11,16,-10,17,-11,15,-11,17,-10,16,-8,16,-7,16,-6,17,-5,16,-4,14,-1,15,-1,0,0,0,0,0,0]"
CSI_DATA,2457828,1a:00:00:00:00:00,-61,11,-95,4,46,6,2457828,47,0,128,0,"[0,0,0,0,0,0,0,0,-12,16,-12,14,-15,14,-16,15,-16,14,-17,15,-18,14,-18,12,-19,12,-18,10,-19,12,-18,12,-20,11,-19,12,-17,12,-17,13,-16,13,-18,14,-17,13,-16,13,-15,14,-14,16,-14,16,-16,17,-15,18,-15,18,-14,19,-15,17,0,0,-15,21,-14,18,-13,18,-14,19,-12,17,-13,18,-10,18,-10,17,-10,18,-9,18,-8,18,-7,18,-7,19,-4,17,-7,18,-5,18,-5,18,-4,19,-5,20,-6,18,-5,20,-6,16,-5,16,-6,15,-8,15,-8,16,-7,12,-8,11,0,0,0,0,0,0]"
CSI_DATA,2463499,1a:00:00:00:00:00,-61,11,-95,4,46,6,2463499,47,0,128,0,"[0,0,0,0,0,0,0,0,-6,18,-8,16,-9,19,-10,18,-11,19,-12,19,-13,18,-14,17,-15,17,-15,16,-16,16,-15,15,-15,17,-16,17,-14,16,-13,17,-12,16,-13,19,-12,17,-12,17,-11,17,-11,19,-10,19,-12,20,-12,21,-10,21,-10,22,-10,22,0,0,-9,24,-10,21,-7,22,-8,23,-7,19,-8,22,-8,20,-7,19,-6,20,-5,21,-3,20,-3,19,-2,20,-1,17,-2,20,-1,19,-1,20,-2,18,-1,19,-3,19,-3,19,-2,18,-2,18,-2,17,-5,17,-5,15,-6,13,-4,13,0,0,0,0,0,0]"
CSI_DATA,2467828,1a:00:00:00:00:00,-61,11,-95,4,46,6,2467828,47,0,128,0,"[0,0,0,0,0,0,0,0,-19,3,-18,2,-20,3,-21,3,-20,2,-23,2,-21,1,-23,0,-23,0,-22,-1,-23,0,-20,-1,-24,-1,-23,-1,-21,1,-21,2,-21,3,-23,5,-21,4,-20,4,-21,7,-20,8,-19,7,-20,9,-21,8,-20,8,-22,9,-22,9,0,0,-22,12,-20,12,-22,11,-19,12,-17,12,-18,12,-16,14,-16,13,-15,13,-15,14,-15,16,-13,14,-13,14,-10,17,-9,16,-10,16,-9,17,-9,18,-9,17,-9,16,-10,17,-10,16,-9,14,-10,14,-11,14,-11,12,-10,9,-10,10,0,0,0,0,0,0]"
CSI_DATA,2473828,1a:00:00:00:00:00,-61,11,-95,4,46,6,2473828,47,0,128,0,"[0,0,0,0,0,0,0,0,17,9,15,11,17,12,17,13,16,14,19,17,15,14,16,16,17,15,15,16,17,14,13,16,15,16,15,17,15,16,17,15,16,14,18,14,18,12,17,11,18,13,19,11,19,11,20,11,21,11,20,10,22,11,22,9,0,0,24,9,21,10,21,9,22,8,21,7,22,7,20,5,20,6,20,4,20,2,20,2,19,2,20,3,19,0,19,0,20,-1,19,-2,19,-1,18,-2,18,0,19,-2,17,0,17,0,17,-1,17,3,16,2,12,4,14,3,0,0,0,0,0,0]"
CSI_DATA,2477828,1a:00:00:00:00:00,-61,11,-95,4,46,6,2477828,47,0,128,0,"[0,0,0,0,0,0,0,0,-19,-7,-17,-7,-19,-7,-19,-9,-19,-9,-21,-10,-19,-10,-20,-11,-21,-10,-18,-10,-20,-10,-18,-11,-21,-10,-20,-10,-19,-8,-20,-8,-20,-6,-23,-4,-21,-3,-19,-3,-21,-2,-21,-2,-22,0,-22,0,-23,2,-23,1,-24,3,-23,2,0,0,-25,7,-23,5,-23,6,-22,6,-20,7,-21,9,-19,8,-18,9,-18,10,-18,12,-17,13,-16,11,-15,12,-13,12,-15,14,-12,15,-12,15,-13,15,-11,16,-10,14,-11,15,-11,14,-12,14,-12,13,-13,12,-11,11,-11,9,-12,9,0,0,0,0,0,0]"
CSI_DATA,2483828,1a:00:00:00:00:00,-61,11,-95,4,46,6,2483828,47,0,128,0,"[0,0,0,0,0,0,0,0,8,17,7,17,8,18,8,20,6,21,8,23,6,22,6,20,6,22,3,20,6,22,4,21,5,21,6,22,7,21,7,21,8,21,11,20,10,19,10,17,12,19,12,18,12,17,15,17,16,17,16,17,18,18,16,18,0,0,19,17,19,18,19,16,19,13,17,13,18,14,18,11,17,11,18,9,19,7,19,7,19,7,20,6,19,5,19,3,20,2,20,3,19,3,18,2,19,3,19,2,19,3,17,3,17,4,17,4,16,4,14,5,14,5,0,0,0,0,0,0]"
CSI_DATA,2487828,1a:00:00:00:00:00,-61,11,-95,4,46,6,2487828,47,0,128,0,"[0,0,0,0,0,0,0,0,-18,9,-17,7,-18,7,-20,5,-21,3,-23,3,-22,2,-22,1,-23,1,-21,-2,-21,-1,-20,-4,-22,-4,-22,-4,-21,-4,-22,-3,-20,-4,-22,-2,-21,-2,-20,-3,-22,-4,-22,-3,-21,-3,-21,-3,-23,-3,-24,-4,-25,-4,-24,-3,0,0,-25,-3,-24,-5,-22,-5,-22,-5,-21,-6,-22,-5,-19,-6,-19,-4,-20,-4,-21,-1,-20,-3,-20,-4,-20,-4,-19,-4,-18,-2,-19,-3,-19,-2,-19,-3,-19,-3,-18,-4,-19,-4,-16,-5,-17,-6,-15,-8,-14,-9,-14,-9,-10,-9,-10,-10,0,0,0,0,0,0]"
CSI_DATA,2493828,1a:00:00:00:00:00,-61,11,-95,4,46,6,2493828,47,0,128,0,"[0,0,0,0,0,0,0,0,18,8,16,8,18,11,18,13,16,14,18,15,16,17,13,16,13,18,10,18,12,19,10,20,11,19,10,21,9,19,10,20,10,19,12,19,10,18,10,18,10,19,10,20,9,19,10,21,8,21,11,21,11,22,7,21,0,0,10,24,10,23,8,21,8,22,7,20,8,22,6,20,6,20,5,19,6,19,8,18,7,19,7,20,7,17,7,17,7,18,8,18,5,19,6,18,4,19,3,18,2,18,1,19,1,17,-2,17,-2,17,-3,14,-4,15,0,0,0,0,0,0]"
CSI_DATA,2497828,1a:00:00:00:00:00,-61,11,-95,4,46,6,2497828,47,0,128,0,"[0,0,0,0,0,0,0,0,-17,-7,-17,-8,-19,-9,-19,-11,-18,-12,-18,-13,-17,-15,-14,-15,-16,-17,-13,-16,-15,-17,-12,-18,-13,-17,-12,-17,-13,-16,-15,-18,-14,-17,-16,-15,-15,-15,-13,-15,-15,-16,-15,-17,-15,-16,-15,-17,-16,-16,-17,-17,-18,-17,-17,-18,0,0,-18,-18,-17,-17,-17,-16,-17,-17,-15,-15,-16,-16,-15,-15,-14,-15,-15,-14,-17,-12,-16,-12,-16,-11,-15,-12,-15,-11,-15,-9,-17,-9,-16,-10,-15,-11,-15,-12,-14,-12,-15,-12,-13,-13,-12,-14,-11,-13,-11,-14,-8,-13,-7,-14,-6,-13,0,0,0,0,0,0]"
CSI_DATA,2502646,1a:00:00:00:00:00,-61,11,-95,4,46,6,2502646,47,0,128,0,"[0,0,0,0,0,0,0,0,16,10,16,12,16,13,15,14,14,17,15,18,14,18,12,18,12,19,10,19,10,20,10,20,12,19,12,19,12,19,13,19,11,18,14,17,12,17,10,16,13,18,13,18,13,19,14,19,15,18,17,18,17,18,15,18,0,0,17,19,16,19,15,16,16,16,15,16,16,17,15,16,13,15,15,15,17,12,17,12,16,11,18,12,15,11,16,10,16,10,17,10,16,11,16,11,15,11,15,12,14,13,14,12,14,12,12,12,10,13,7,13,8,13,0,0,0,0,0,0]"
CSI_DATA,2513828,1a:00:00:00:00:00,-61,11,-95,4,46,6,2513828,47,0,128,0,"[0,0,0,0,0,0,0,0,-3,20,-4,18,-5,20,-8,21,-8,20,-9,21,-10,19,-11,20,-13,19,-15,16,-15,19,-14,16,-15,17,-14,17,-14,18,-12,18,-11,17,-11,19,-10,19,-11,17,-10,18,-11,19,-11,19,-10,21,-12,20,-9,20,-10,21,-11,21,0,0,-11,22,-11,23,-10,21,-10,23,-9,19,-10,21,-9,18,-9,19,-9,19,-8,20,-6,20,-5,19,-4,19,-4,18,-4,19,-4,19,-4,20,-5,17,-6,19,-6,18,-7,19,-6,16,-7,16,-7,17,-9,14,-9,13,-8,11,-9,12,0,0,0,0,0,0]"
CSI_DATA,2517828,1a:00:00:00:00:00,-61,11,-95,4,46,6,2517828,47,0,128,0,"[0,0,0,0,0,0,0,0,-1,-20,0,-18,1,-19,3,-20,2,-22,2,-24,4,-24,5,-21,7,-22,8,-20,7,-22,7,-20,6,-22,7,-21,6,-20,4,-22,4,-21,2,-23,3,-20,2,-21,1,-21,1,-23,0,-22,0,-21,0,-23,-2,-24,-2,-24,1,-23,0,0,-4,-23,-4,-24,-6,-22,-4,-23,-5,-22,-4,-22,-4,-22,-2,-20,-6,-19,-8,-19,-9,-19,-8,-17,-10,-19,-10,-15,-11,-16,-11,-15,-11,-16,-10,-16,-10,-16,-9,-16,-9,-16,-9,-16,-7,-16,-8,-16,-6,-17,-6,-16,-3,-14,-4,-13,0,0,0,0,0,0]"
CSI_DATA,2523828,1a:00:00:00:00:00,-61,11,-95,4,46,6,2523828,47,0,128,0,"[0,0,0,0,0,0,0,0,-13,15,-13,13,-14,14,-17,14,-16,14,-17,15,-18,13,-18,12,-20,12,-19,8,-20,11,-18,9,-20,11,-21,11,-18,12,-18,13,-18,12,-19,15,-17,13,-17,13,-16,15,-16,14,-16,13,-15,16,-16,16,-14,17,-16,17,-16,17,0,0,-15,19,-16,18,-15,19,-15,17,-15,16,-14,19,-13,16,-13,15,-12,16,-11,20,-10,20,-8,18,-8,18,-7,17,-7,18,-7,17,-7,19,-8,19,-6,18,-8,17,-8,17,-8,17,-7,15,-7,15,-10,15,-10,15,-9,10,-10,12,0,0,0,0,0,0]"
CSI_DATA,2527828,1a:00:00:00:00:00,-61,11,-95,4,46,6,2527828,47,0,128,0,"[0,0,0,0,0,0,0,0,10,-16,11,-16,11,-18,12,-17,13,-17,14,-19,15,-16,16,-16,17,-16,16,-14,16,-15,16,-15,15,-17,16,-16,13,-17,12,-17,11,-17,11,-20,9,-18,10,-17,8,-21,8,-21,8,-21,7,-20,7,-22,6,-22,6,-22,5,-23,0,0,2,-25,4,-24,2,-24,2,-24,1,-22,1,-22,0,-22,-1,-20,-1,-19,-3,-20,-4,-21,-4,-18,-4,-18,-6,-17,-7,-18,-8,-17,-9,-18,-7,-19,-8,-18,-6,-17,-9,-18,-7,-16,-8,-17,-7,-17,-5,-16,-5,-16,-3,-14,-3,-14,0,0,0,0,0,0]"
CSI_DATA,2531828,1a:00:00:00:00:00,-61,11,-95,4,46,6,2531828,47,0,128,0,"[0,0,0,0,0,0,0,0,13,12,12,14,12,17,11,18,12,18,11,21,9,21,8,21,6,22,4,22,5,22,3,21,4,22,2,22,3,21,4,22,4,20,5,23,3,20,4,20,3,21,4,23,3,21,5,22,3,24,4,23,5,24,2,23,0,0,3,25,3,23,2,23,3,24,2,21,1,24,0,21,1,20,0,21,2,22,3,19,3,19,3,20,3,18,4,19,3,18,3,21,2,19,1,20,0,19,-2,19,-2,18,-3,19,-3,18,-5,17,-5,15,-6,14,-7,13,0,0,0,0,0,0]"
CSI_DATA,2537828,1a:00:00:00:00:00,-61,11,-95,4,46,6,2537828,47,0,128,0,"[0,0,0,0,0,0,0,0,1,-20,3,-19,5,-20,7,-20,8,-20,10,-20,11,-18,13,-18,14,-18,16,-15,15,-17,16,-15,16,-15,16,-16,16,-16,16,-16,17,-14,17,-16,15,-14,17,-13,16,-15,16,-14,16,-15,17,-14,18,-15,17,-15,19,-16,19,-15,0,0,20,-15,20,-13,18,-14,20,-13,17,-11,20,-12,17,-11,17,-10,17,-9,17,-12,17,-12,15,-12,17,-12,15,-11,16,-11,16,-10,16,-11,17,-9,18,-11,17,-7,17,-7,17,-6,17,-5,17,-5,17,-3,17,-1,14,1,15,2,0,0,0,0,0,0]"
CSI_DATA,2541828,1a:00:00:00:00:00,-61,11,-95,4,46,6,2541828,47,0,128,0,"[0,0,0,0,0,0,0,0,3,19,1,19,0,21,-1,21,-4,22,-4,23,-5,23,-7,20,-8,22,-10,18,-10,21,-11,19,-11,21,-10,21,-9,20,-9,21,-8,20,-8,22,-8,20,-8,19,-8,20,-9,20,-8,21,-8,21,-10,21,-5,23,-7,23,-9,22,0,0,-7,24,-9,24,-8,23,-9,22,-8,18,-8,21,-8,19,-6,19,-7,21,-5,21,-4,21,-5,19,-3,20,-2,18,-3,19,-4,18,-3,20,-4,19,-5,19,-6,18,-6,19,-6,17,-7,17,-7,16,-8,16,-9,13,-8,11,-9,11,0,0,0,0,0,0]"
CSI_DATA,2549517,1a:00:00:00:00:00,-61,11,-95,4,46,6,2549517,47,0,128,0,"[0,0,0,0,0,0,0,0,0,-19,2,-19,2,-20,2,-21,3,-22,4,-23,6,-23,5,-22,7,-23,8,-20,7,-21,7,-21,5,-22,5,-22,4,-22,2,-23,3,-21,0,-24,0,-21,1,-19,-1,-23,-3,-22,-3,-22,-4,-22,-4,-24,-7,-23,-7,-24,-7,-23,0,0,-9,-23,-10,-23,-9,-22,-9,-22,-10,-19,-11,-21,-11,-18,-10,-18,-10,-16,-13,-16,-14,-14,-14,-13,-15,-15,-13,-12,-14,-11,-15,-10,-17,-10,-16,-11,-16,-10,-15,-11,-17,-10,-15,-10,-15,-11,-15,-10,-13,-10,-13,-11,-10,-10,-9,-10,0,0,0,0,0,0]"
CSI_DATA,2554141,1a:00:00:00:00:00,-61,11,-95,4,46,6,2554141,47,0,128,0,"[0,0,0,0,0,0,0,0,17,-9,17,-8,19,-8,21,-7,22,-5,23,-4,23,-2,22,0,24,0,21,3,23,3,22,5,23,3,22,4,22,5,22,5,21,5,23,3,21,3,20,3,21,3,23,4,22,6,23,4,23,6,24,4,24,6,24,7,0,0,25,6,23,7,23,7,24,7,21,8,22,8,20,9,19,8,19,9,22,5,19,5,19,6,18,5,17,6,19,6,19,6,18,5,19,7,19,7,17,9,18,9,14,11,14,11,15,9,14,11,12,12,8,11,9,12,0,0,0,0,0,0]"
CSI_DATA,2555829,1a:00:00:00:00:00,-61,11,-95,4,46,6,2555829,47,0,128,0,"[0,0,0,0,0,0,0,0,10,-16,11,-15,13,-16,14,-17,15,-17,15,-17,16,-16,16,-15,18,-16,16,-13,17,-14,16,-14,16,-14,17,-15,15,-16,14,-17,14,-16,15,-18,12,-17,12,-16,11,-19,12,-20,11,-19,11,-19,10,-21,10,-23,9,-23,8,-22,0,0,9,-22,9,-23,8,-21,7,-23,6,-21,6,-22,6,-20,5,-20,5,-20,2,-22,2,-21,-1,-20,-2,-21,-2,-18,-1,-20,-2,-18,-4,-20,-3,-19,-2,-19,-2,-18,-2,-19,-1,-18,-3,-18,-1,-18,0,-18,0,-17,1,-14,1,-14,0,0,0,0,0,0]"
CSI_DATA,2557970,1a:00:00:00:00:00,-61,11,-95,4,46,6,2557970,47,0,128,0,"[0,0,0,0,0,0,0,0,-19,-6,-17,-7,-19,-8,-19,-10,-18,-11,-20,-13,-17,-14,-18,-14,-18,-15,-15,-16,-17,-15,-14,-16,-15,-17,-16,-17,-15,-15,-16,-16,-15,-16,-18,-14,-17,-15,-15,-13,-17,-15,-18,-14,-17,-14,-18,-15,-18,-14,-18,-15,-20,-14,-18,-16,0,0,-21,-14,-19,-16,-19,-16,-18,-15,-17,-14,-18,-14,-17,-13,-16,-13,-18,-12,-19,-11,-18,-11,-17,-11,-17,-10,-16,-10,-18,-8,-18,-8,-18,-8,-18,-9,-17,-9,-16,-10,-17,-10,-14,-10,-15,-12,-13,-11,-13,-13,-11,-13,-9,-12,-8,-13,0,0,0,0,0,0]"
CSI_DATA,2565829,1a:00:00:00:00:00,-61,11,-95,4,46,6,2565829,47,0,128,0,"[0,0,0,0,0,0,0,0,18,-9,18,-7,20,-7,20,-8,20,-6,21,-8,22,-7,22,-6,24,-5,22,-3,24,-6,21,-5,22,-5,22,-6,20,-7,21,-9,20,-9,21,-12,19,-10,17,-10,17,-12,18,-13,17,-13,18,-14,19,-16,16,-17,18,-17,17,-19,0,0,17,-19,15,-19,12,-20,14,-21,11,-18,11,-19,11,-18,9,-18,8,-19,6,-21,5,-21,3,-19,3,-20,2,-19,1,-20,2,-19,0,-19,0,-20,0,-19,1,-19,1,-20,0,-19,1,-17,1,-17,2,-19,3,-17,4,-14,3,-14,0,0,0,0,0,0]"
CSI_DATA,2569829,1a:00:00:00:00:00,-61,11,-95,4,46,6,2569829,47,0,128,0,"[0,0,0,0,0,0,0,0,10,17,7,18,7,20,5,21,5,22,4,23,2,23,0,23,0,24,-3,22,-3,22,-2,21,-3,23,-3,22,-2,22,-2,23,-1,21,-2,24,-2,21,-3,22,-1,22,-2,22,-1,23,-2,22,-1,25,-1,24,-1,25,-2,23,0,0,-3,24,-4,24,-3,23,-5,25,-2,21,-3,24,-3,21,-3,20,-2,21,0,22,-1,21,0,20,-1,20,1,18,-1,19,-1,19,1,20,-1,20,-2,20,-3,18,-3,19,-4,17,-5,19,-6,19,-6,17,-7,14,-7,12,-8,12,0,0,0,0,0,0]"
CSI_DATA,2573829,1a:00:00:00:00:00,-61,11,-95,4,46,6,2573829,47,0,128,0,"[0,0,0,0,0,0,0,0,-8,-18,-7,-17,-6,-19,-5,-21,-4,-23,-4,-24,-2,-24,-1,-23,-1,-24,0,-21,1,-22,0,-22,1,-22,0,-22,0,-23,-1,-21,-1,-21,-2,-22,-1,-20,-1,-21,-2,-21,-4,-23,-5,-23,-3,-22,-5,-24,-4,-23,-6,-25,-4,-22,0,0,-6,-24,-6,-25,-5,-24,-5,-24,-6,-22,-7,-23,-5,-21,-6,-21,-6,-20,-8,-20,-9,-20,-9,-18,-8,-19,-9,-16,-9,-17,-9,-17,-10,-17,-8,-17,-9,-19,-7,-16,-8,-17,-7,-17,-7,-17,-6,-18,-4,-16,-2,-16,-1,-15,0,-15,0,0,0,0,0,0]"
CSI_DATA,2577829,1a:00:00:00:00:00,-61,11,-95,4,46,6,2577829,47,0,128,0,"[0,0,0,0,0,0,0,0,10,16,9,17,9,19,9,19,8,22,7,23,6,22,6,22,6,22,4,20,5,22,4,22,5,23,6,22,6,22,8,22,7,20,9,21,8,19,8,19,11,19,12,20,11,20,11,20,14,20,15,19,16,21,14,18,0,0,16,19,16,19,15,19,16,17,15,16,18,16,16,15,15,15,17,13,19,12,18,10,18,10,19,11,17,9,18,7,18,8,18,7,19,8,19,7,17,8,19,6,17,9,18,8,16,8,15,8,14,9,12,9,11,9,0,0,0,0,0,0]"
CSI_DATA,2583829,1a:00:00:00:00:00,-61,11,-95,4,46,6,2583829,47,0,128,0,"[0,0,0,0,0,0,0,0,5,-19,6,-18,7,-20,7,-20,10,-20,10,-22,11,-20,13,-19,14,-19,13,-18,14,-19,13,-18,14,-19,13,-19,10,-19,10,-20,9,-18,11,-22,10,-19,9,-19,8,-21,8,-21,8,-21,7,-21,6,-23,5,-24,6,-25,6,-23,0,0,5,-24,6,-25,5,-23,5,-24,4,-22,3,-23,2,-22,2,-21,2,-22,0,-22,-2,-24,-3,-20,-3,-21,-4,-18,-3,-19,-3,-19,-4,-20,-4,-19,-5,-20,-2,-18,-3,-20,-3,-18,-2,-19,-2,-18,-1,-17,0,-17,2,-15,1,-15,0,0,0,0,0,0]"
CSI_DATA,2587829,1a:00:00:00:00:00,-61,11,-95,4,46,6,2587829,47,0,128,0,"[0,0,0,0,0,0,0,0,-5,19,-6,18,-8,20,-7,21,-9,20,-9,23,-9,21,-10,20,-9,22,-9,20,-9,21,-10,19,-10,20,-10,21,-8,21,-8,22,-6,21,-5,24,-5,22,-3,20,-3,24,0,22,1,23,1,23,2,23,2,24,1,26,3,23,0,0,6,25,5,25,5,23,5,22,7,21,9,22,8,20,9,19,10,19,12,18,11,18,12,17,12,17,14,15,14,15,13,14,15,14,14,14,15,13,13,13,15,13,14,12,14,13,13,13,10,13,11,13,8,12,9,13,0,0,0,0,0,0]"
CSI_DATA,2593829,1a:00:00:00:00:00,-61,11,-95,4,46,6,2593829,47,0,128,0,"[0,0,0,0,0,0,0,0,16,-13,17,-12,18,-11,19,-11,20,-10,20,-11,22,-10,21,-9,22,-9,20,-7,24,-9,20,-8,21,-10,22,-10,20,-11,19,-12,17,-11,19,-14,18,-12,17,-12,17,-14,16,-14,15,-15,15,-16,16,-18,15,-17,15,-19,16,-20,0,0,14,-21,15,-20,13,-20,13,-21,11,-19,10,-21,10,-19,8,-17,9,-19,6,-21,6,-21,4,-20,3,-20,2,-18,3,-20,2,-19,2,-19,2,-19,1,-20,2,-20,1,-20,2,-18,2,-18,3,-18,4,-18,5,-16,5,-14,5,-13,0,0,0,0,0,0]"
CSI_DATA,2597829,1a:00:00:00:00:00,-61,11,-95,4,46,6,2597829,47,0,128,0,"[0,0,0,0,0,0,0,0,7,19,5,20,2,21,2,23,0,21,0,24,-2,24,-4,22,-5,23,-6,21,-7,22,-7,20,-9,22,-10,21,-8,21,-8,22,-7,22,-7,22,-8,22,-7,18,-8,22,-7,22,-7,22,-6,22,-9,23,-8,22,-10,24,-10,21,0,0,-9,24,-11,22,-10,23,-11,21,-10,21,-10,22,-9,19,-9,18,-10,20,-8,20,-9,19,-8,18,-9,18,-7,18,-8,18,-9,19,-8,18,-9,19,-10,17,-10,16,-10,18,-10,15,-12,14,-12,14,-13,12,-14,12,-12,8,-14,8,0,0,0,0,0,0]"
CSI_DATA,2602784,1a:00:00:00:00:00,-61,11,-95,4,46,6,2602784,47,0,128,0,"[0,0,0,0,0,0,0,0,0,20,-2,19,-3,20,-5,22,-5,21,-8,24,-8,21,-10,21,-10,21,-12,18,-12,20,-12,18,-14,18,-14,18,-13,18,-13,18,-13,18,-13,20,-12,19,-12,17,-12,19,-11,20,-11,18,-11,21,-13,20,-12,20,-13,21,-14,18,0,0,-15,23,-15,19,-13,21,-13,18,-14,18,-14,19,-12,16,-12,18,-11,18,-11,17,-12,18,-11,17,-11,18,-10,17,-10,16,-11,17,-10,17,-11,18,-12,16,-12,15,-13,16,-12,15,-13,13,-13,13,-15,10,-14,10,-12,7,-13,6,0,0,0,0,0,0]"
CSI_DATA,2617016,1a:00:00:00:00:00,-61,11,-95,4,46,6,2617016,47,0,128,0,"[0,0,0,0,0,0,0,0,-16,12,-17,11,-17,11,-19,10,-20,9,-22,9,-22,7,-22,7,-23,7,-23,5,-22,5,-21,5,-23,7,-23,7,-21,7,-22,8,-20,7,-24,9,-21,8,-21,8,-20,10,-20,10,-19,11,-20,11,-22,13,-21,13,-22,15,-20,13,0,0,-22,15,-22,14,-20,13,-20,14,-19,12,-20,15,-18,13,-15,13,-16,14,-15,17,-14,17,-12,17,-12,16,-11,16,-13,16,-12,16,-11,17,-11,17,-12,17,-11,17,-12,16,-12,14,-11,14,-11,14,-13,13,-12,13,-12,8,-12,8,0,0,0,0,0,0]"
CSI_DATA,2621656,1a:00:00:00:00:00,-61,11,-95,4,46,6,2621656,47,0,128,0,"[0,0,0,0,0,0,0,0,19,-3,20,-2,23,-2,22,-1,22,0,23,0,22,1,23,2,24,3,22,5,23,3,21,4,24,2,24,3,23,1,24,1,22,0,24,-2,21,-1,22,-3,22,-4,22,-4,22,-5,23,-5,24,-6,23,-8,24,-7,24,-8,0,0,24,-9,23,-10,22,-11,23,-12,20,-9,21,-11,20,-9,19,-10,18,-10,19,-15,19,-15,16,-13,16,-14,14,-14,15,-15,14,-16,13,-16,12,-15,13,-16,12,-14,13,-15,14,-14,13,-13,14,-13,13,-12,13,-11,12,-8,12,-8,0,0,0,0,0,0]"
CSI_DATA,2625777,1a:00:00:00:00:00,-61,11,-95,4,46,6,2625777,47,0,128,0,"[0,0,0,0,0,0,0,0,7,-20,7,-18,9,-18,10,-19,12,-21,11,-20,13,-21,14,-18,13,-20,13,-18,13,-19,13,-19,11,-20,11,-20,10,-23,8,-23,7,-20,8,-24,6,-21,5,-21,4,-21,4,-23,2,-23,1,-23,0,-24,-2,-23,-4,-25,-2,-25,0,0,-3,-26,-4,-27,-5,-23,-6,-24,-4,-20,-7,-23,-8,-21,-7,-19,-8,-18,-11,-19,-13,-18,-12,-16,-14,-16,-14,-14,-13,-14,-14,-14,-17,-13,-14,-13,-16,-13,-13,-13,-14,-13,-14,-13,-15,-12,-15,-11,-12,-12,-11,-13,-10,-12,-10,-11,0,0,0,0,0,0]"
CSI_DATA,2629774,1a:00:00:00:00:00,-61,11,-95,4,46,6,2629774,47,0,128,0,"[0,0,0,0,0,0,0,0,20,4,18,6,20,7,20,8,18,12,20,13,19,14,18,15,17,16,16,16,16,16,15,17,17,17,16,17,16,16,16,17,15,16,18,16,16,16,15,15,17,16,17,16,17,16,17,18,18,15,19,15,20,18,17,16,0,0,20,18,18,18,17,18,17,17,16,16,17,16,15,15,15,15,16,16,19,14,17,14,17,13,18,13,16,12,15,12,17,12,16,12,15,11,16,13,15,12,15,13,13,15,14,13,12,15,10,14,9,14,7,14,5,14,0,0,0,0,0,0]"
CSI_DATA,2633798,1a:00:00:00:00:00,-61,11,-95,4,46,6,2633798,47,0,128,0,"[0,0,0,0,0,0,0,0,5,-20,6,-18,8,-19,9,-19,11,-21,12,-20,12,-19,13,-18,15,-19,15,-17,16,-17,14,-17,15,-18,14,-19,13,-18,12,-20,13,-17,13,-19,13,-19,12,-17,10,-20,11,-21,11,-20,11,-21,10,-22,9,-22,10,-23,9,-21,0,0,10,-24,10,-22,11,-23,10,-23,8,-21,9,-22,8,-20,6,-20,7,-19,5,-22,4,-22,2,-20,2,-22,2,-18,3,-20,2,-20,1,-20,2,-19,3,-21,3,-19,2,-20,4,-18,2,-18,4,-19,5,-18,7,-16,7,-14,7,-14,0,0,0,0,0,0]"
CSI_DATA,2639829,1a:00:00:00:00:00,-61,11,-95,4,46,6,2639829,47,0,128,0,"[0,0,0,0,0,0,0,0,-2,-20,0,-19,1,-21,3,-22,3,-23,4,-25,7,-22,8,-22,9,-23,11,-20,9,-21,10,-20,10,-21,9,-22,8,-22,8,-23,8,-21,7,-22,6,-21,8,-20,7,-23,6,-23,7,-22,6,-23,6,-23,4,-24,5,-24,5,-25,0,0,7,-26,6,-24,4,-25,5,-25,5,-22,4,-24,5,-21,4,-21,4,-21,2,-24,1,-23,-1,-20,0,-21,-1,-20,0,-19,-1,-19,-2,-20,0,-20,1,-21,1,-19,3,-20,1,-18,2,-19,2,-19,4,-18,5,-17,5,-14,5,-13,0,0,0,0,0,0]"
CSI_DATA,2643829,1a:00:00:00:00:00,-61,11,-95,4,46,6,2643829,47,0,128,0,"[0,0,0,0,0,0,0,0,3,20,2,20,2,21,-1,22,-1,23,-1,24,-2,23,-4,22,-4,24,-6,21,-4,23,-5,21,-4,23,-5,23,-3,22,-1,24,-2,22,0,24,-1,22,1,22,1,23,2,22,3,23,4,23,4,25,5,24,6,26,5,22,0,0,7,27,8,25,7,23,7,24,8,21,7,23,8,20,8,20,9,18,10,19,12,17,12,16,13,17,12,16,13,15,13,14,14,16,13,15,13,16,12,15,12,16,12,15,11,14,12,15,11,15,9,15,7,14,6,14,0,0,0,0,0,0]"
CSI_DATA,2653829,1a:00:00:00:00:00,-61,11,-95,4,46,6,2653829,47,0,128,0,"[0,0,0,0,0,0,0,0,-11,17,-11,16,-13,17,-14,18,-15,19,-16,19,-15,18,-15,16,-17,17,-17,14,-17,16,-16,16,-16,18,-16,17,-15,17,-13,19,-13,18,-12,21,-11,19,-11,19,-10,20,-10,22,-9,21,-7,21,-8,24,-6,24,-5,25,-6,25,0,0,-4,26,-4,25,-4,24,-2,26,-2,22,-1,24,-1,22,0,22,0,21,2,22,4,22,6,19,6,20,7,19,7,20,8,18,9,19,8,19,9,18,8,19,8,18,8,17,7,17,7,16,7,17,5,18,3,14,4,15,0,0,0,0,0,0]"
CSI_DATA,2655829,1a:00:00:00:00:00,-61,11,-95,4,46,6,2655829,47,0,128,0,"[0,0,0,0,0,0,0,0,-20,1,-20,-1,-20,0,-22,-1,-22,-3,-23,-3,-24,-5,-21,-6,-24,-7,-21,-9,-22,-7,-20,-9,-22,-8,-22,-9,-22,-7,-21,-7,-20,-6,-25,-5,-21,-3,-22,-4,-22,-3,-23,-4,-21,-4,-23,-3,-25,-2,-25,-2,-24,-2,-24,-3,0,0,-27,-1,-25,-1,-24,-1,-25,0,-22,-2,-24,0,-23,0,-21,-1,-22,1,-23,4,-22,3,-20,3,-20,5,-19,4,-21,6,-18,5,-20,6,-19,4,-20,4,-19,4,-20,4,-19,2,-19,2,-18,2,-18,2,-18,0,-15,-2,-14,-2,0,0,0,0,0,0]"
CSI_DATA,2662355,1a:00:00:00:00:00,-61,11,-95,4,46,6,2662355,47,0,128,0,"[0,0,0,0,0,0,0,0,21,-4,19,-2,21,-3,23,-1,22,2,24,1,24,3,23,4,23,4,22,7,24,5,21,8,22,7,23,8,21,7,22,6,22,6,24,5,22,5,22,5,22,6,22,4,23,5,24,4,24,5,25,4,26,5,24,4,0,0,28,3,24,6,23,6,25,3,22,4,24,5,21,5,22,3,21,5,23,3,23,1,21,2,22,1,20,1,20,-1,20,-1,21,1,21,1,20,0,19,2,20,2,20,4,19,4,18,5,19,5,16,6,13,7,13,8,0,0,0,0,0,0]"
CSI_DATA,2663829,1a:00:00:00:00:00,-61,11,-95,4,46,6,2663829,47,0,128,0,"[0,0,0,0,0,0,0,0,0,19,-2,20,-4,21,-6,22,-8,22,-9,22,-10,21,-11,19,-13,21,-14,17,-15,20,-14,17,-15,18,-16,18,-14,17,-15,18,-14,15,-16,20,-13,17,-14,16,-15,18,-16,17,-16,17,-16,18,-17,19,-16,17,-17,18,-17,19,0,0,-17,19,-18,17,-18,16,-19,17,-17,14,-18,15,-17,12,-18,13,-17,14,-18,15,-17,16,-14,14,-15,15,-14,13,-16,16,-15,13,-15,15,-15,13,-17,13,-17,10,-18,11,-18,9,-17,9,-16,7,-17,5,-17,4,-15,3,-15,2,0,0,0,0,0,0]"
CSI_DATA,2669829,1a:00:00:00:00:00,-61,11,-95,4,46,6,2669829,47,0,128,0,"[0,0,0,0,0,0,0,0,16,-13,16,-12,18,-13,19,-11,21,-8,22,-9,23,-7,22,-6,25,-4,23,-1,24,-2,22,0,24,-1,23,0,24,0,24,1,22,1,25,-1,22,-1,22,1,23,1,25,2,22,2,23,2,25,1,24,1,26,4,27,3,0,0,27,3,24,5,24,5,25,4,22,7,24,6,21,6,21,8,20,6,22,5,21,5,20,6,20,6,19,4,20,5,19,4,20,6,19,6,19,7,18,8,19,8,17,10,15,11,15,11,14,13,13,13,9,13,8,13,0,0,0,0,0,0]"
CSI_DATA,2675829,1a:00:00:00:00:00,-61,11,-95,4,46,6,2675829,47,0,128,0,"[0,0,0,0,0,0,0,0,-1,-20,-1,-20,-1,-22,1,-21,3,-23,2,-25,3,-24,4,-23,4,-24,6,-21,5,-23,5,-22,3,-24,4,-23,2,-23,1,-24,1,-23,-3,-24,-2,-22,-2,-22,-3,-23,-5,-22,-5,-23,-6,-22,-7,-23,-9,-23,-11,-23,-10,-22,0,0,-11,-24,-11,-24,-12,-22,-12,-22,-12,-20,-14,-21,-12,-19,-12,-17,-14,-17,-16,-15,-15,-15,-16,-13,-16,-14,-15,-11,-17,-12,-16,-11,-18,-11,-16,-10,-17,-11,-17,-10,-17,-11,-16,-10,-17,-11,-15,-10,-14,-10,-13,-10,-11,-10,-10,-10,0,0,0,0,0,0]"
CSI_DATA,2679829,1a:00:00:00:00:00,-61,11,-95,4,46,6,2679829,47,0,128,0,"[0,0,0,0,0,0,0,0,21,1,19,3,21,4,21,5,23,9,22,8,23,11,19,11,21,13,18,14,18,14,17,15,19,14,17,15,18,15,20,15,17,15,20,14,18,13,17,14,18,15,20,14,17,15,19,15,20,15,20,15,21,16,19,16,0,0,20,17,19,19,17,17,19,17,16,16,17,17,16,16,15,16,15,16,18,15,18,14,17,13,17,15,15,12,16,14,15,13,16,13,13,13,15,14,13,14,14,15,12,16,12,15,11,17,9,15,7,15,3,15,4,15,0,0,0,0,0,0]"
CSI_DATA,2685829,1a:00:00:00:00:00,-61,11,-95,4,46,6,2685829,47,0,128,0,"[0,0,0,0,0,0,0,0,-14,-15,-13,-15,-13,-17,-11,-18,-9,-21,-10,-22,-7,-23,-5,-22,-5,-24,-3,-23,-2,-23,-2,-24,-1,-24,0,-24,-2,-23,-1,-23,-1,-21,-2,-25,0,-22,1,-22,-1,-23,-1,-23,-1,-23,0,-23,-1,-25,-1,-25,0,-25,0,-25,0,0,2,-27,3,-27,2,-24,4,-26,3,-23,3,-25,3,-23,3,-21,3,-21,2,-21,3,-22,1,-21,1,-21,1,-19,2,-20,2,-20,2,-20,3,-20,4,-21,5,-18,6,-20,7,-18,7,-19,8,-17,9,-16,10,-14,11,-11,10,-11,0,0,0,0,0,0]"
CSI_DATA,2689909,1a:00:00:00:00:00,-60,11,-95,4,46,6,2689909,47,0,128,0,"[0,0,0,0,0,0,0,0,20,3,20,4,21,5,22,7,20,8,23,10,21,11,21,12,21,12,19,12,19,14,18,14,19,16,20,16,17,15,20,14,18,13,21,13,20,11,18,11,19,12,20,12,20,12,22,12,20,13,21,13,23,15,20,14,0,0,25,15,21,13,21,13,21,12,19,13,21,13,19,11,17,12,19,10,20,9,19,9,19,10,19,8,18,8,19,7,19,8,18,7,19,9,19,8,18,10,18,10,17,10,16,12,15,12,13,12,13,12,8,12,10,12,0,0,0,0,0,0]"
CSI_DATA,2693861,1a:00:00:00:00:00,-61,11,-95,4,46,6,2693861,47,0,128,0,"[0,0,0,0,0,0,0,0,21,-3,19,-1,22,0,23,1,22,1,25,2,23,3,23,4,24,5,22,7,24,5,21,7,23,6,24,8,22,6,23,5,23,5,25,2,23,2,22,2,23,1,23,1,23,2,24,-1,26,0,24,0,26,0,23,1,0,0,27,-3,25,-2,26,-3,25,-3,24,-2,24,-3,22,-3,21,-2,21,-6,21,-7,22,-7,19,-6,20,-7,18,-8,18,-9,19,-9,19,-8,20,-10,19,-9,17,-7,19,-9,18,-7,18,-6,17,-5,18,-5,17,-3,15,-2,16,-2,0,0,0,0,0,0]"
CSI_DATA,2694004,1a:00:00:00:00:00,-61,11,-95,4,46,6,2694004,47,0,128,0,"[0,0,0,0,0,0,0,0,-19,-7,-19,-8,-20,-8,-19,-9,-20,-13,-21,-13,-19,-14,-19,-14,-20,-15,-17,-16,-19,-15,-16,-16,-18,-16,-19,-14,-18,-14,-19,-13,-18,-14,-20,-13,-18,-11,-17,-12,-19,-12,-20,-12,-20,-11,-21,-12,-22,-10,-23,-10,-23,-10,-23,-10,0,0,-23,-8,-24,-11,-24,-10,-22,-9,-20,-9,-24,-8,-21,-8,-19,-8,-21,-6,-23,-4,-22,-4,-20,-3,-21,-3,-20,-2,-20,-2,-20,-3,-21,-1,-20,-1,-21,-2,-20,-2,-20,-3,-19,-3,-18,-3,-18,-4,-17,-4,-17,-6,-14,-7,-14,-7,0,0,0,0,0,0]"
CSI_DATA,2703148,1a:00:00:00:00:00,-60,11,-95,4,46,6,2703148,47,0,128,0,"[0,0,0,0,0,0,0,0,5,20,3,19,4,22,3,22,2,23,3,25,2,24,0,23,0,24,-1,22,0,24,-1,24,1,22,1,23,3,24,4,24,4,23,6,23,7,21,6,20,8,21,9,23,9,21,10,22,11,21,12,22,13,23,13,22,0,0,15,21,15,21,17,20,17,20,16,17,16,17,16,16,16,16,16,13,18,13,19,11,18,11,19,10,18,9,18,8,19,7,19,6,19,6,20,7,19,6,20,6,19,8,19,8,18,7,17,8,16,9,13,9,12,8,0,0,0,0,0,0]"
CSI_DATA,2703300,1a:00:00:00:00:00,-61,11,-95,4,46,6,2703300,47,0,128,0,"[0,0,0,0,0,0,0,0,16,-11,16,-10,19,-11,19,-10,21,-9,21,-10,22,-9,22,-8,23,-8,22,-7,22,-7,21,-9,22,-9,22,-9,20,-10,19,-12,19,-11,21,-13,19,-12,19,-12,18,-14,18,-15,16,-16,17,-17,16,-19,17,-19,16,-19,17,-18,0,0,14,-21,15,-20,14,-20,13,-21,11,-20,11,-22,10,-20,9,-19,8,-19,6,-21,7,-22,5,-20,4,-20,2,-20,3,-20,3,-20,0,-20,2,-21,0,-21,1,-19,1,-20,1,-20,1,-20,1,-18,3,-18,4,-16,5,-14,3,-14,0,0,0,0,0,0]"
CSI_DATA,2709829,1a:00:00:00:00:00,-61,11,-95,4,46,6,2709829,47,0,128,0,"[0,0,0,0,0,0,0,0,-16,15,-14,14,-17,14,-18,13,-19,13,-20,14,-22,11,-22,11,-21,11,-21,9,-21,10,-21,9,-22,10,-22,11,-19,11,-20,14,-19,12,-21,14,-20,13,-18,14,-18,14,-19,16,-17,16,-17,15,-18,19,-18,18,-18,19,-16,19,0,0,-18,21,-17,20,-15,19,-16,20,-14,18,-14,20,-13,19,-12,18,-12,20,-9,22,-9,20,-9,19,-7,19,-7,19,-8,19,-6,18,-5,20,-7,20,-6,20,-7,18,-6,19,-7,18,-6,18,-7,18,-9,16,-8,15,-8,13,-8,12,0,0,0,0,0,0]"
CSI_DATA,2719829,1a:00:00:00:00:00,-60,11,-95,4,46,6,2719829,47,0,128,0,"[0,0,0,0,0,0,0,0,-20,1,-19,0,-22,0,-23,0,-23,-3,-23,-3,-22,-3,-23,-4,-24,-3,-23,-4,-23,-3,-22,-4,-23,-5,-24,-5,-23,-4,-23,-3,-23,-1,-26,2,-22,1,-22,1,-22,3,-22,5,-22,6,-23,7,-25,7,-24,7,-25,7,-26,8,0,0,-22,10,-24,9,-23,11,-23,11,-20,10,-20,12,-19,13,-17,12,-17,14,-16,16,-17,15,-14,14,-15,14,-13,15,-13,15,-13,16,-11,17,-12,18,-11,17,-11,17,-11,17,-11,16,-11,15,-11,15,-13,14,-12,13,-12,9,-11,10,0,0,0,0,0,0]"
CSI_DATA,2723829,1a:00:00:00:00:00,-60,11,-95,4,46,6,2723829,47,0,128,0,"[0,0,0,0,0,0,0,0,2,-20,4,-19,6,-21,7,-21,9,-20,11,-23,11,-20,13,-20,13,-19,15,-18,15,-18,16,-16,17,-17,17,-16,17,-17,16,-17,14,-16,16,-18,17,-17,16,-15,16,-17,16,-17,16,-18,16,-17,17,-17,18,-17,19,-18,18,-17,0,0,19,-18,18,-17,18,-16,19,-15,18,-15,18,-16,16,-14,17,-14,16,-13,18,-15,17,-15,15,-14,16,-15,13,-14,15,-13,16,-14,15,-14,16,-14,16,-14,16,-12,17,-12,16,-10,16,-9,17,-8,17,-5,16,-5,15,-2,14,-1,0,0,0,0,0,0]"
CSI_DATA,2729829,1a:00:00:00:00:00,-60,11,-95,4,46,6,2729829,47,0,128,0,"[0,0,0,0,0,0,0,0,-16,-12,-15,-12,-17,-13,-18,-15,-16,-16,-19,-17,-17,-16,-16,-17,-17,-17,-16,-16,-17,-16,-16,-16,-18,-16,-18,-16,-17,-14,-18,-13,-18,-13,-21,-10,-21,-10,-19,-8,-22,-8,-23,-8,-23,-6,-22,-6,-25,-6,-24,-5,-26,-5,-26,-5,0,0,-26,-1,-25,-1,-25,1,-24,2,-24,1,-23,4,-23,3,-20,3,-21,6,-20,8,-21,9,-19,7,-19,9,-16,10,-16,12,-16,13,-15,12,-17,13,-14,14,-15,12,-15,14,-15,13,-15,11,-14,11,-15,11,-15,11,-14,7,-13,8,0,0,0,0,0,0]"
CSI_DATA,2733829,1a:00:00:00:00:00,-61,11,-95,4,46,6,2733829,47,0,128,0,"[0,0,0,0,0,0,0,0,14,-16,13,-14,16,-15,17,-15,19,-13,19,-13,20,-12,21,-10,22,-10,22,-8,22,-8,21,-6,24,-8,22,-7,22,-8,21,-9,21,-7,23,-10,21,-9,20,-8,21,-8,22,-8,21,-9,21,-9,23,-10,23,-11,24,-11,23,-9,0,0,23,-13,23,-9,21,-8,24,-10,20,-9,22,-10,20,-8,19,-8,21,-9,21,-13,19,-12,17,-10,17,-11,16,-11,18,-11,16,-11,17,-11,18,-10,19,-11,19,-8,18,-9,17,-7,18,-6,19,-5,18,-5,17,-2,16,-1,16,1,0,0,0,0,0,0]"
CSI_DATA,2737565,1a:00:00:00:00:00,-61,11,-95,4,46,6,2737565,47,0,128,0,"[0,0,0,0,0,0,0,0,-18,8,-18,7,-20,7,-22,8,-21,7,-25,6,-23,4,-24,3,-23,3,-23,1,-24,2,-22,1,-24,2,-26,2,-23,1,-23,3,-23,4,-24,5,-23,5,-21,5,-23,7,-20,7,-22,9,-23,9,-24,9,-22,9,-25,10,-23,10,0,0,-25,11,-23,11,-23,12,-22,11,-21,11,-21,11,-19,11,-18,10,-18,12,-16,14,-17,15,-16,13,-16,13,-15,14,-14,14,-14,15,-13,16,-15,15,-15,15,-13,15,-16,15,-14,13,-14,12,-15,11,-16,11,-16,11,-12,7,-13,6,0,0,0,0,0,0]"
CSI_DATA,2743829,1a:00:00:00:00:00,-61,11,-95,4,46,6,2743829,47,0,128,0,"[0,0,0,0,0,0,0,0,21,-1,19,1,21,0,23,2,21,4,24,3,22,7,23,7,23,6,21,8,22,8,19,8,22,9,22,8,22,9,22,8,22,7,23,6,23,6,20,5,22,5,22,5,23,5,25,3,24,5,24,5,25,4,24,3,0,0,26,5,25,4,25,3,24,2,23,3,24,2,21,2,22,2,22,1,24,-1,22,-1,20,-1,20,-1,19,-1,20,-3,21,-3,20,-4,20,-3,20,-3,19,-1,20,-1,19,0,19,1,18,2,19,2,18,3,14,4,15,4,0,0,0,0,0,0]"
CSI_DATA,2747829,1a:00:00:00:00:00,-61,11,-95,4,46,6,2747829,47,0,128,0,"[0,0,0,0,0,0,0,0,-20,0,-19,-1,-21,-3,-23,-5,-22,-6,-24,-4,-21,-6,-22,-8,-24,-7,-21,-8,-22,-7,-20,-9,-23,-8,-23,-8,-21,-7,-22,-6,-22,-6,-26,-3,-23,-3,-22,-3,-23,-1,-23,-2,-23,0,-24,0,-25,1,-23,2,-26,2,-24,3,0,0,-29,4,-25,4,-24,5,-23,4,-21,4,-23,4,-22,5,-21,4,-20,7,-20,9,-20,10,-18,9,-18,10,-17,10,-16,12,-17,12,-16,13,-17,12,-18,11,-16,10,-17,12,-16,11,-15,9,-15,10,-16,8,-16,7,-13,5,-13,5,0,0,0,0,0,0]"
CSI_DATA,2754307,1a:00:00:00:00:00,-61,11,-95,4,46,6,2754307,47,0,128,0,"[0,0,0,0,0,0,0,0,-13,15,-14,13,-15,15,-17,14,-18,14,-19,13,-19,12,-19,11,-22,13,-20,10,-22,11,-21,9,-21,11,-21,10,-20,11,-19,13,-18,11,-20,15,-19,13,-17,12,-17,13,-18,14,-17,15,-17,15,-18,17,-18,17,-17,18,-18,17,0,0,-20,18,-18,19,-17,18,-16,19,-15,16,-15,18,-15,16,-13,14,-14,17,-12,19,-12,20,-11,16,-11,18,-9,17,-10,19,-8,18,-8,19,-9,19,-9,18,-10,17,-11,18,-9,16,-10,16,-10,15,-12,14,-11,13,-11,10,-12,10,0,0,0,0,0,0]"
CSI_DATA,2758180,1a:00:00:00:00:00,-61,11,-95,4,46,6,2758180,47,0,128,0,"[0,0,0,0,0,0,0,0,-19,5,-19,4,-20,5,-23,4,-22,3,-24,3,-23,1,-23,2,-25,2,-22,-1,-24,1,-22,1,-23,2,-25,3,-22,4,-22,5,-21,4,-25,6,-21,6,-21,7,-21,8,-21,8,-20,10,-21,10,-22,12,-21,13,-20,14,-22,13,0,0,-22,17,-21,15,-20,15,-20,15,-17,15,-18,16,-15,15,-15,15,-15,16,-13,19,-12,20,-10,17,-10,19,-8,18,-10,19,-7,18,-7,19,-8,20,-7,20,-9,18,-7,20,-7,17,-8,18,-7,17,-8,16,-9,15,-9,11,-8,12,0,0,0,0,0,0]"
CSI_DATA,2759830,1a:00:00:00:00:00,-61,11,-95,4,46,6,2759830,47,0,128,0,"[0,0,0,0,0,0,0,0,0,-20,1,-19,2,-20,2,-22,4,-22,4,-25,6,-23,7,-21,7,-23,9,-21,8,-22,10,-20,10,-21,10,-21,9,-21,7,-23,6,-20,5,-23,5,-22,5,-19,4,-22,4,-24,4,-24,2,-23,4,-25,2,-24,3,-26,4,-23,0,0,2,-27,1,-25,1,-24,1,-23,1,-23,-1,-25,0,-22,0,-21,-1,-22,-3,-23,-3,-22,-3,-20,-4,-20,-5,-19,-5,-20,-6,-20,-6,-19,-5,-20,-6,-19,-4,-19,-5,-20,-4,-19,-2,-18,-2,-19,0,-18,1,-18,1,-15,2,-16,0,0,0,0,0,0]"
CSI_DATA,2763035,1a:00:00:00:00:00,-61,11,-95,4,46,6,2763035,47,0,128,0,"[0,0,0,0,0,0,0,0,-19,9,-18,8,-19,8,-22,8,-21,6,-22,7,-23,6,-22,5,-23,6,-22,4,-24,6,-22,6,-23,7,-23,7,-21,8,-21,10,-19,9,-22,12,-19,12,-18,11,-18,13,-19,15,-17,16,-17,15,-17,19,-17,19,-17,20,-14,20,0,0,-15,21,-15,20,-14,20,-14,22,-11,18,-11,21,-9,20,-9,20,-9,20,-6,22,-4,22,-2,20,-2,21,0,19,-1,20,-2,20,1,20,1,21,2,22,0,21,2,21,0,19,2,19,1,19,-1,19,-1,17,-2,16,-2,14,0,0,0,0,0,0]"
CSI_DATA,2774354,1a:00:00:00:00:00,-61,11,-95,4,46,6,2774354,47,0,128,0,"[0,0,0,0,0,0,0,0,13,15,13,15,13,16,12,17,11,20,14,21,11,21,12,19,11,22,9,20,10,20,10,21,12,21,13,20,14,20,14,19,13,17,16,18,16,16,15,16,17,16,18,16,18,14,18,15,21,14,22,13,23,13,22,9,0,0,25,11,23,11,22,10,22,10,21,7,23,8,21,6,19,6,20,6,24,2,23,1,20,0,22,0,20,-1,20,-1,19,-2,20,-3,20,-4,20,-5,19,-4,19,-4,19,-2,19,-3,18,-3,17,-1,17,0,17,-1,15,0,0,0,0,0,0,0]"
CSI_DATA,2779830,1a:00:00:00:00:00,-61,11,-95,4,46,6,2779830,47,0,128,0,"[0,0,0,0,0,0,0,0,19,-1,19,-1,23,0,23,0,23,1,24,0,23,2,23,3,25,4,22,6,24,3,22,5,24,3,24,4,23,1,24,0,23,0,24,-3,23,-3,21,-3,21,-4,22,-5,22,-6,23,-8,24,-7,22,-9,23,-11,22,-10,0,0,23,-13,22,-12,20,-13,21,-14,19,-12,18,-13,18,-12,17,-13,15,-15,15,-16,14,-17,13,-16,12,-17,10,-17,11,-18,9,-19,8,-18,10,-17,10,-19,9,-19,10,-18,9,-17,9,-16,9,-15,9,-16,10,-15,9,-11,9,-11,0,0,0,0,0,0]"
CSI_DATA,2785830,1a:00:00:00:00:00,-61,11,-95,4,46,6,2785830,47,0,128,0,"[0,0,0,0,0,0,0,0,-17,-9,-18,-8,-19,-10,-19,-11,-19,-12,-20,-13,-19,-13,-18,-14,-19,-15,-16,-15,-19,-14,-15,-15,-19,-14,-19,-15,-18,-14,-20,-13,-19,-12,-22,-10,-20,-8,-20,-8,-21,-9,-21,-8,-21,-8,-22,-7,-22,-7,-24,-5,-24,-5,-23,-6,0,0,-25,-3,-25,-4,-26,-3,-25,-2,-23,-3,-24,-1,-22,-1,-21,-1,-21,0,-23,2,-22,5,-21,4,-21,5,-18,5,-19,8,-18,9,-19,9,-19,7,-19,9,-19,8,-19,8,-18,6,-18,6,-18,5,-17,4,-17,3,-15,2,-15,1,0,0,0,0,0,0]"
CSI_DATA,2789830,1a:00:00:00:00:00,-61,11,-95,4,46,6,2789830,47,0,128,0,"[0,0,0,0,0,0,0,0,12,-16,13,-15,14,-15,17,-15,19,-14,20,-13,21,-11,20,-11,22,-9,22,-6,23,-8,22,-5,23,-6,24,-5,22,-5,24,-7,21,-5,23,-7,21,-6,21,-5,21,-5,23,-4,22,-4,23,-5,25,-5,24,-6,26,-4,24,-4,0,0,27,-4,24,-3,25,-4,24,-4,21,-2,23,-2,22,-1,22,0,20,-2,21,-4,21,-4,19,-4,20,-3,19,-2,21,-4,21,-4,20,-3,21,-2,21,0,20,1,20,1,18,2,19,2,18,3,17,4,16,5,13,7,13,7,0,0,0,0,0,0]"
CSI_DATA,2793830,1a:00:00:00:00:00,-61,11,-95,4,46,6,2793830,47,0,128,0,"[0,0,0,0,0,0,0,0,-11,18,-11,16,-13,17,-15,17,-17,16,-17,16,-18,15,-18,14,-20,14,-20,10,-21,13,-20,10,-20,12,-22,11,-20,12,-19,12,-18,11,-21,14,-17,13,-18,12,-18,13,-18,14,-19,13,-18,14,-21,15,-19,16,-19,16,-20,12,0,0,-21,16,-20,15,-19,15,-20,16,-19,13,-20,14,-17,12,-16,12,-17,13,-18,16,-16,17,-13,15,-15,15,-13,14,-14,15,-13,15,-12,16,-15,14,-14,15,-16,13,-16,14,-15,11,-16,11,-14,10,-16,10,-16,7,-14,6,-14,5,0,0,0,0,0,0]"
CSI_DATA,2799830,1a:00:00:00:00:00,-61,11,-95,4,46,6,2799830,47,0,128,0,"[0,0,0,0,0,0,0,0,20,-3,20,-2,22,-2,22,1,23,2,23,3,23,6,22,6,23,7,21,9,22,9,20,11,22,10,21,9,22,8,22,7,20,9,24,8,21,8,20,8,21,8,22,8,22,8,22,8,23,7,23,6,23,9,22,7,0,0,26,9,25,11,22,9,23,9,20,8,22,10,21,9,19,9,18,8,21,5,22,5,19,5,20,6,18,6,21,5,18,4,21,5,18,5,21,6,18,7,19,8,18,8,17,9,17,8,14,9,14,9,10,11,10,11,0,0,0,0,0,0]"
CSI_DATA,2812270,1a:00:00:00:00:00,-61,11,-95,4,46,6,2812270,47,0,128,0,"[0,0,0,0,0,0,0,0,-13,17,-13,14,-15,15,-15,17,-16,16,-16,18,-17,15,-17,15,-17,17,-17,15,-18,16,-17,14,-18,16,-17,16,-15,16,-14,19,-13,19,-13,21,-13,19,-11,18,-10,21,-9,23,-8,22,-6,22,-7,24,-6,24,-6,26,-5,24,0,0,-2,27,-3,26,-2,25,-1,25,-1,22,2,25,2,22,2,22,4,21,6,21,6,20,7,19,8,20,9,18,9,18,10,18,11,17,11,18,11,17,11,17,12,17,10,15,10,16,10,16,8,16,8,16,5,15,6,14,0,0,0,0,0,0]"
CSI_DATA,2819442,1a:00:00:00:00:00,-61,11,-95,4,46,6,2819442,47,0,128,0,"[0,0,0,0,0,0,0,0,20,-4,19,-3,21,-3,23,-2,22,-1,24,-2,22,0,24,2,25,1,23,4,24,1,22,4,23,3,23,2,22,2,22,0,22,0,25,-3,23,-2,21,-2,23,-2,23,-4,21,-4,24,-6,24,-5,24,-6,25,-6,25,-6,0,0,25,-9,24,-9,24,-9,24,-9,21,-8,20,-9,19,-9,19,-9,19,-11,20,-13,19,-13,16,-12,16,-13,16,-11,15,-14,14,-14,13,-14,14,-14,15,-15,14,-13,15,-13,15,-12,14,-11,15,-11,16,-10,15,-9,13,-7,14,-7,0,0,0,0,0,0]"
CSI_DATA,2825058,1a:00:00:00:00:00,-61,11,-95,4,46,6,2825058,47,0,128,0,"[0,0,0,0,0,0,0,0,-13,14,-12,14,-15,14,-17,16,-16,16,-19,16,-18,14,-19,14,-19,14,-20,11,-20,13,-19,12,-21,12,-22,14,-18,13,-19,15,-17,14,-18,16,-17,15,-16,14,-15,16,-14,17,-15,18,-15,18,-17,19,-15,20,-16,22,-15,18,0,0,-15,23,-14,20,-13,21,-14,20,-12,19,-11,21,-9,19,-9,20,-8,20,-8,21,-9,20,-8,19,-6,20,-3,20,-5,19,-5,19,-4,20,-4,21,-3,21,-4,18,-4,20,-4,19,-4,18,-6,17,-6,16,-6,17,-7,13,-8,13,0,0,0,0,0,0]"
CSI_DATA,2829830,1a:00:00:00:00:00,-61,11,-95,4,46,6,2829830,47,0,128,0,"[0,0,0,0,0,0,0,0,-13,15,-14,14,-15,14,-16,14,-18,14,-18,15,-20,13,-20,13,-21,13,-20,11,-20,11,-19,12,-21,13,-19,14,-18,15,-16,15,-16,15,-18,16,-16,15,-16,14,-15,18,-14,18,-13,19,-14,18,-14,21,-13,21,-12,23,-12,21,0,0,-14,24,-12,23,-11,22,-12,22,-9,20,-9,22,-8,20,-6,20,-7,20,-5,24,-3,22,-2,20,-2,20,0,17,-1,20,-1,19,2,20,1,21,1,22,-1,20,0,20,-1,18,1,18,0,18,-1,18,-3,18,-3,14,-3,14,0,0,0,0,0,0]"
CSI_DATA,2833830,1a:00:00:00:00:00,-61,11,-95,4,46,6,2833830,47,0,128,0,"[0,0,0,0,0,0,0,0,-16,-13,-14,-16,-12,-17,-12,-19,-10,-20,-10,-22,-8,-22,-5,-21,-5,-23,-2,-22,-2,-24,-2,-23,-2,-23,-2,-24,-3,-22,-4,-24,-1,-21,-2,-23,-2,-21,0,-21,0,-22,-1,-23,-1,-23,0,-23,-2,-24,-2,-24,-1,-26,1,-25,0,0,1,-26,2,-26,1,-25,3,-25,2,-23,3,-23,2,-21,3,-21,4,-21,1,-21,0,-22,0,-19,1,-21,0,-18,2,-19,2,-20,1,-20,3,-19,3,-20,3,-19,5,-19,6,-18,6,-18,6,-17,8,-16,10,-14,10,-12,10,-11,0,0,0,0,0,0]"
CSI_DATA,2839830,1a:00:00:00:00:00,-61,11,-95,4,46,6,2839830,47,0,128,0,"[0,0,0,0,0,0,0,0,-4,20,-7,19,-7,20,-10,21,-12,19,-13,20,-15,18,-16,17,-17,17,-18,15,-17,15,-18,14,-20,13,-20,14,-18,12,-19,13,-17,12,-21,15,-18,11,-20,11,-20,12,-19,11,-20,12,-19,13,-22,13,-22,12,-23,12,-21,12,0,0,-24,12,-23,10,-22,10,-23,9,-20,7,-22,7,-20,6,-19,6,-22,6,-23,8,-21,8,-18,7,-19,6,-17,7,-19,7,-20,7,-20,7,-19,5,-20,5,-19,4,-20,3,-18,1,-18,0,-18,-1,-18,-3,-17,-4,-14,-5,-12,-5,0,0,0,0,0,0]"
CSI_DATA,2843830,1a:00:00:00:00:00,-61,11,-95,4,46,6,2843830,47,0,128,0,"[0,0,0,0,0,0,0,0,5,-19,6,-18,8,-19,9,-20,11,-20,13,-22,14,-19,16,-17,15,-18,16,-16,17,-16,16,-16,18,-15,19,-15,16,-15,17,-15,16,-17,17,-17,16,-16,16,-15,16,-17,15,-17,15,-17,16,-17,17,-18,16,-17,19,-19,20,-18,0,0,20,-18,18,-16,18,-17,19,-17,16,-15,17,-16,16,-15,15,-14,15,-15,14,-16,15,-17,13,-15,14,-15,12,-16,14,-15,12,-16,12,-15,14,-14,14,-16,13,-13,14,-14,15,-13,14,-11,15,-11,16,-8,16,-8,15,-4,14,-4,0,0,0,0,0,0]"
CSI_DATA,2845830,1a:00:00:00:00:00,-60,11,-95,4,46,6,2845830,47,0,128,0,"[0,0,0,0,0,0,0,0,15,14,13,14,14,15,14,17,14,18,16,20,14,19,14,20,13,21,12,18,15,19,12,19,14,19,14,19,14,17,16,18,15,17,18,16,17,15,16,14,17,14,19,14,19,13,20,12,22,13,23,12,23,12,23,11,0,0,25,10,23,9,23,9,24,7,21,7,23,6,21,5,21,5,21,4,23,1,22,0,20,0,21,0,19,-2,20,-2,20,-3,20,-5,20,-5,20,-5,19,-4,19,-4,18,-3,19,-2,18,-3,18,-1,17,-1,15,0,15,2,0,0,0,0,0,0]"
CSI_DATA,2849830,1a:00:00:00:00:00,-61,11,-95,4,46,6,2849830,47,0,128,0,"[0,0,0,0,0,0,0,0,-16,13,-16,11,-19,10,-21,10,-22,7,-23,8,-22,5,-23,5,-24,4,-23,2,-23,2,-23,1,-24,0,-25,-1,-22,-1,-23,0,-22,0,-25,1,-23,1,-22,0,-23,1,-23,1,-22,2,-23,1,-25,1,-25,1,-26,0,-24,1,0,0,-25,1,-25,-2,-24,-2,-24,-1,-23,-2,-24,0,-22,-2,-21,-1,-22,-1,-23,0,-22,0,-20,-1,-21,-1,-19,0,-21,0,-21,0,-19,0,-20,-1,-20,0,-19,-2,-20,-1,-20,-3,-17,-5,-17,-6,-16,-8,-15,-7,-12,-8,-11,-9,0,0,0,0,0,0]"
CSI_DATA,2854347,1a:00:00:00:00:00,-61,11,-95,4,46,6,2854347,47,0,128,0,"[0,0,0,0,0,0,0,0,-16,-13,-15,-14,-16,-15,-15,-17,-15,-17,-14,-20,-13,-21,-9,-24,-10,-21,-7,-22,-9,-21,-8,-23,-9,-21,-7,-16,-11,-23,-9,-21,-4,-17,-5,-23,-8,-23,-5,-17,-19,-22,-8,-22,-9,-23,-22,-18,-10,-24,-13,-22,-25,-17,-10,-23,0,0,-12,-12,-10,-16,-11,-18,-15,-29,-4,-12,-13,-26,-6,-16,-1,-14,-11,-19,-11,-20,-4,-11,-11,-17,-10,-18,-4,-18,-11,-17,-12,-16,-13,-16,-11,-18,-9,-16,-11,-17,-11,-16,-8,-18,-7,-18,-8,-14,-6,-16,-3,-17,-2,-16,-1,-14,0,0,0,0,0,0]"
CSI_DATA,2856836,1a:00:00:00:00:00,-61,11,-95,4,46,6,2856836,47,0,128,0,"[0,0,0,0,0,0,0,0,-14,14,-15,13,-17,14,-17,15,-18,13,-20,15,-19,13,-20,13,-20,12,-20,10,-21,11,-20,10,-20,13,-20,13,-19,13,-17,15,-17,15,-17,18,-16,17,-15,15,-15,17,-13,18,-14,19,-13,20,-13,20,-13,22,-13,22,-13,21,0,0,-10,24,-10,23,-9,23,-9,24,-7,22,-7,23,-6,22,-6,19,-4,21,-2,21,-3,21,0,20,1,21,1,20,1,21,2,19,4,20,4,21,4,21,3,18,3,20,2,18,2,18,2,17,1,18,0,18,-1,15,0,15,0,0,0,0,0,0]"
CSI_DATA,2859830,1a:00:00:00:00:00,-61,11,-95,4,46,6,2859830,47,0,128,0,"[0,0,0,0,0,0,0,0,-20,-2,-20,-5,-20,-5,-20,-7,-20,-9,-22,-10,-21,-11,-19,-12,-21,-13,-19,-13,-19,-13,-17,-14,-18,-14,-19,-15,-19,-13,-19,-14,-18,-13,-20,-13,-18,-12,-18,-12,-19,-13,-20,-12,-20,-11,-20,-12,-21,-12,-21,-11,-24,-13,-22,-12,0,0,-22,-13,-21,-13,-21,-14,-21,-14,-18,-12,-21,-12,-19,-12,-18,-11,-19,-9,-19,-9,-19,-10,-19,-9,-19,-9,-18,-7,-19,-8,-19,-7,-19,-7,-19,-8,-20,-8,-17,-8,-18,-8,-16,-11,-16,-10,-14,-11,-14,-12,-13,-12,-9,-12,-10,-12,0,0,0,0,0,0]"
CSI_DATA,2863433,1a:00:00:00:00:00,-61,11,-95,4,46,6,2863433,47,0,128,0,"[0,0,0,0,0,0,0,0,-17,-12,-16,-13,-16,-14,-16,-15,-16,-18,-16,-18,-14,-19,-14,-18,-15,-20,-12,-19,-14,-19,-12,-20,-13,-19,-13,-20,-12,-19,-14,-16,-13,-17,-17,-18,-16,-16,-15,-16,-16,-16,-17,-16,-18,-15,-18,-15,-21,-14,-20,-14,-21,-14,-19,-14,0,0,-23,-13,-22,-14,-21,-14,-21,-13,-20,-12,-21,-11,-20,-11,-19,-9,-19,-7,-20,-6,-20,-6,-20,-6,-19,-5,-19,-4,-19,-3,-19,-3,-21,-3,-20,-3,-21,-3,-19,-2,-19,-3,-17,-4,-19,-5,-17,-4,-16,-5,-16,-6,-13,-8,-12,-8,0,0,0,0,0,0]"
CSI_DATA,2869830,1a:00:00:00:00:00,-61,11,-95,4,46,6,2869830,47,0,128,0,"[0,0,0,0,0,0,0,0,-14,-14,-14,-15,-13,-16,-14,-17,-13,-20,-15,-21,-13,-21,-10,-21,-11,-21,-8,-20,-10,-20,-7,-22,-8,-21,-8,-23,-8,-21,-10,-21,-9,-21,-12,-21,-12,-19,-10,-18,-12,-20,-13,-19,-13,-20,-13,-20,-13,-20,-15,-20,-14,-22,-12,-18,0,0,-16,-22,-14,-20,-15,-21,-15,-19,-13,-19,-15,-19,-14,-18,-13,-16,-14,-16,-17,-15,-16,-14,-15,-14,-15,-13,-15,-12,-15,-11,-16,-11,-17,-12,-16,-13,-16,-12,-14,-13,-16,-13,-14,-13,-14,-14,-13,-13,-11,-14,-10,-13,-8,-13,-8,-13,0,0,0,0,0,0]"
CSI_DATA,2873830,1a:00:00:00:00:00,-61,11,-95,4,46,6,2873830,47,0,128,0,"[0,0,0,0,0,0,0,0,14,14,13,15,13,16,15,17,13,18,15,20,12,20,12,20,14,20,11,21,12,20,10,20,11,19,11,20,12,19,13,19,13,19,16,17,16,17,14,16,16,17,18,16,17,15,18,14,19,15,20,15,21,16,21,13,0,0,24,15,20,13,22,13,22,12,20,12,22,10,20,9,19,8,20,8,21,7,21,5,20,5,21,3,21,3,19,1,21,1,20,1,20,2,21,0,20,0,21,0,19,2,17,2,17,3,17,4,16,4,14,5,14,4,0,0,0,0,0,0]"
CSI_DATA,2879830,1a:00:00:00:00:00,-61,11,-95,4,46,6,2879830,47,0,128,0,"[0,0,0,0,0,0,0,0,1,-20,4,-18,4,-21,5,-23,5,-21,6,-23,6,-23,7,-21,8,-23,10,-20,8,-22,10,-18,9,-22,10,-22,7,-21,6,-23,6,-23,5,-23,5,-22,4,-19,3,-22,2,-24,4,-23,1,-24,2,-25,-1,-25,-2,-25,1,-23,0,0,-2,-28,0,-25,-2,-25,-2,-24,-3,-22,-3,-23,-2,-22,-2,-20,-5,-21,-4,-20,-6,-21,-6,-20,-7,-21,-8,-18,-7,-19,-9,-18,-10,-18,-8,-18,-9,-18,-6,-18,-8,-19,-8,-17,-7,-18,-7,-16,-5,-17,-4,-17,-3,-14,-3,-14,0,0,0,0,0,0]"
CSI_DATA,2883830,1a:00:00:00:00:00,-61,11,-95,4,46,6,2883830,47,0,128,0,"[0,0,0,0,0,0,0,0,2,20,1,20,2,21,-1,23,-2,23,0,24,-2,24,-2,23,-3,24,-3,22,-2,24,-3,23,-2,23,-2,22,-1,23,1,24,1,23,4,24,4,20,3,22,6,22,7,22,7,20,9,22,8,22,10,23,11,24,11,21,0,0,15,22,14,22,14,21,16,20,14,17,16,18,15,16,14,15,15,14,17,14,17,12,17,11,19,11,17,9,18,8,18,7,19,7,18,8,18,7,18,7,18,7,17,6,17,8,17,7,16,8,16,8,12,8,13,9,0,0,0,0,0,0]"
CSI_DATA,2889830,1a:00:00:00:00:00,-61,11,-95,4,46,6,2889830,47,0,128,0,"[0,0,0,0,0,0,0,0,12,-16,13,-13,15,-15,17,-16,17,-16,18,-17,19,-15,18,-13,20,-15,19,-11,19,-15,18,-13,18,-13,19,-15,18,-15,16,-17,16,-16,16,-18,15,-16,14,-15,12,-18,13,-20,12,-20,12,-22,13,-21,10,-22,11,-23,11,-23,0,0,11,-25,9,-24,7,-23,7,-24,6,-23,5,-24,5,-20,4,-21,3,-21,2,-22,0,-22,-1,-20,-2,-21,-3,-19,-2,-19,-4,-19,-5,-20,-4,-20,-5,-20,-3,-19,-3,-19,-4,-20,-3,-18,-3,-18,-1,-17,-1,-17,0,-14,1,-15,0,0,0,0,0,0]"
CSI_DATA,2895830,1a:00:00:00:00:00,-61,11,-95,4,46,6,2895830,47,0,128,0,"[0,0,0,0,0,0,0,0,-20,-1,-19,-1,-22,-3,-23,-3,-23,-3,-24,-4,-22,-5,-23,-5,-23,-5,-22,-7,-24,-5,-20,-8,-22,-7,-23,-7,-22,-6,-23,-4,-22,-4,-26,-1,-23,-2,-21,-1,-21,1,-22,0,-22,1,-22,1,-24,3,-25,2,-26,3,-25,3,0,0,-27,5,-23,6,-23,6,-24,6,-21,6,-23,6,-21,7,-20,6,-19,9,-19,10,-19,11,-17,9,-17,12,-15,11,-15,12,-15,14,-16,13,-16,12,-15,13,-15,13,-16,12,-15,12,-15,11,-15,11,-15,9,-15,9,-13,6,-13,6,0,0,0,0,0,0]"
CSI_DATA,2897830,1a:00:00:00:00:00,-61,11,-95,4,46,6,2897830,47,0,128,0,"[0,0,0,0,0,0,0,0,-15,-12,-13,-14,-14,-16,-13,-17,-12,-18,-14,-20,-12,-20,-10,-20,-9,-21,-7,-21,-9,-22,-6,-21,-7,-22,-7,-23,-7,-22,-8,-22,-8,-22,-11,-21,-10,-20,-9,-19,-11,-21,-11,-20,-11,-21,-12,-20,-11,-21,-12,-22,-11,-22,-10,-21,0,0,-12,-21,-12,-22,-13,-23,-12,-21,-11,-20,-13,-20,-11,-19,-11,-18,-12,-18,-11,-19,-13,-17,-11,-16,-13,-18,-13,-14,-13,-15,-14,-15,-14,-15,-12,-16,-13,-15,-11,-16,-12,-16,-11,-14,-9,-15,-9,-16,-7,-16,-6,-16,-5,-14,-2,-15,0,0,0,0,0,0]"
CSI_DATA,2899830,1a:00:00:00:00:00,-61,11,-95,4,46,6,2899830,47,0,128,0,"[0,0,0,0,0,0,0,0,2,-19,3,-19,5,-20,7,-23,7,-22,9,-21,11,-20,13,-18,15,-20,14,-16,16,-19,17,-15,17,-16,18,-16,17,-16,17,-16,15,-15,17,-19,16,-16,16,-15,15,-15,17,-16,17,-16,17,-16,19,-16,17,-16,20,-15,21,-16,0,0,22,-17,19,-15,18,-14,21,-16,19,-11,20,-13,19,-12,18,-11,19,-10,20,-13,19,-14,16,-12,17,-12,16,-11,16,-12,16,-11,16,-12,17,-10,17,-10,18,-8,18,-8,18,-7,18,-5,17,-4,17,-2,16,-1,14,1,14,0,0,0,0,0,0,0]"
CSI_DATA,2905830,1a:00:00:00:00:00,-61,11,-95,4,46,6,2905830,47,0,128,0,"[0,0,0,0,0,0,0,0,-16,-12,-15,-12,-17,-12,-16,-13,-17,-15,-19,-16,-17,-17,-15,-17,-17,-18,-14,-18,-16,-17,-14,-17,-18,-15,-17,-16,-17,-15,-18,-14,-17,-13,-21,-11,-20,-10,-19,-9,-21,-10,-21,-9,-21,-9,-22,-8,-23,-6,-23,-5,-24,-5,-23,-6,0,0,-25,-3,-25,-4,-24,-2,-24,0,-23,-3,-24,-1,-22,-1,-21,0,-20,1,-21,4,-20,6,-19,5,-19,7,-17,7,-18,9,-17,10,-16,11,-18,10,-18,11,-17,9,-18,10,-16,8,-16,7,-17,9,-15,8,-16,7,-14,5,-13,5,0,0,0,0,0,0]"
CSI_DATA,2911830,1a:00:00:00:00:00,-61,11,-95,4,46,6,2911830,47,0,128,0,"[0,0,0,0,0,0,0,0,3,20,2,19,2,21,2,22,0,23,1,24,-1,24,-2,22,-2,24,-4,22,-3,23,-3,23,-1,23,-3,25,-1,23,0,24,1,22,3,24,3,21,5,22,5,22,4,23,5,22,7,23,8,23,9,23,10,24,8,23,0,0,12,23,12,23,12,20,12,22,11,19,14,19,11,19,12,17,13,17,16,15,15,14,16,14,17,14,15,11,17,10,16,10,20,10,16,11,17,11,16,10,16,10,16,11,15,11,15,10,14,12,12,11,12,10,11,10,0,0,0,0,0,0]"
CSI_DATA,2923830,1a:00:00:00:00:00,-61,11,-95,4,46,6,2923830,47,0,128,0,"[0,0,0,0,0,0,0,0,-20,6,-19,6,-21,5,-22,5,-22,4,-23,4,-23,3,-23,2,-24,1,-23,-2,-24,0,-22,-2,-23,0,-24,1,-22,1,-23,2,-22,2,-24,7,-22,4,-21,4,-21,5,-23,5,-21,5,-22,6,-24,7,-22,8,-23,8,-24,7,0,0,-24,9,-24,11,-21,11,-23,11,-20,10,-21,10,-19,8,-18,9,-18,10,-17,12,-17,14,-15,12,-16,14,-14,13,-14,14,-13,14,-13,15,-13,14,-15,14,-13,12,-15,14,-14,12,-15,13,-13,12,-14,11,-14,10,-13,6,-13,7,0,0,0,0,0,0]"
CSI_DATA,2927830,1a:00:00:00:00:00,-61,11,-95,4,46,6,2927830,47,0,128,0,"[0,0,0,0,0,0,0,0,19,-7,19,-6,20,-6,22,-5,21,-4,23,-5,23,-3,23,-3,24,-3,22,-1,23,-3,22,-2,23,-4,24,-4,21,-6,22,-7,21,-6,22,-8,20,-8,19,-8,20,-11,20,-11,20,-11,20,-13,20,-14,18,-16,19,-17,19,-16,0,0,19,-18,18,-17,17,-18,16,-19,14,-16,14,-18,14,-16,13,-17,11,-19,10,-20,9,-20,5,-18,5,-19,4,-18,5,-19,3,-20,2,-20,3,-20,4,-21,4,-20,4,-19,3,-18,3,-18,4,-18,3,-17,5,-17,5,-14,5,-14,0,0,0,0,0,0]"
CSI_DATA,2931830,1a:00:00:00:00:00,-61,11,-95,4,46,6,2931830,47,0,128,0,"[0,0,0,0,0,0,0,0,6,19,4,19,3,21,1,22,0,22,-2,24,-3,24,-5,23,-7,23,-8,21,-8,22,-7,21,-8,22,-8,21,-7,22,-7,22,-7,21,-8,23,-7,21,-9,20,-6,22,-8,21,-6,20,-8,22,-7,23,-7,23,-6,25,-9,24,0,0,-8,24,-10,24,-8,22,-10,22,-8,20,-10,22,-9,19,-8,18,-8,20,-6,19,-8,21,-5,19,-5,20,-5,18,-6,19,-5,18,-5,20,-6,19,-8,19,-8,18,-8,18,-8,16,-9,16,-8,15,-11,15,-11,13,-11,10,-10,10,0,0,0,0,0,0]"
CSI_DATA,2937830,1a:00:00:00:00:00,-61,11,-95,4,46,6,2937830,47,0,128,0,"[0,0,0,0,0,0,0,0,11,-18,11,-14,13,-17,16,-16,19,-14,17,-14,20,-13,20,-11,21,-11,22,-9,22,-9,21,-8,22,-9,22,-8,22,-8,21,-8,20,-7,24,-9,21,-7,22,-6,21,-7,23,-7,22,-7,23,-7,24,-9,22,-7,25,-7,24,-7,0,0,26,-8,23,-5,22,-5,23,-6,22,-4,23,-4,21,-3,20,-3,22,-4,23,-8,21,-6,19,-6,20,-5,17,-6,20,-6,19,-4,19,-4,19,-5,20,-4,20,-2,20,-2,18,-1,19,-1,18,1,17,3,17,3,14,6,14,5,0,0,0,0,0,0]"
CSI_DATA,2943830,1a:00:00:00:00:00,-61,11,-95,4,46,6,2943830,47,0,128,0,"[0,0,0,0,0,0,0,0,-11,-17,-10,-16,-10,-17,-9,-19,-8,-21,-10,-22,-8,-23,-9,-21,-8,-21,-7,-22,-7,-21,-8,-21,-10,-21,-11,-21,-10,-19,-12,-19,-13,-19,-14,-19,-14,-17,-12,-16,-15,-16,-17,-15,-17,-15,-16,-15,-20,-14,-20,-13,-21,-13,-20,-12,0,0,-22,-11,-23,-12,-23,-11,-22,-9,-20,-7,-22,-8,-21,-7,-19,-5,-20,-5,-22,-2,-21,0,-20,0,-21,1,-18,2,-19,3,-19,4,-18,4,-19,4,-20,5,-20,4,-19,5,-19,3,-17,4,-17,5,-16,3,-16,2,-15,0,-14,0,0,0,0,0,0,0]"
CSI_DATA,2949830,1a:00:00:00:00:00,-61,11,-95,4,46,6,2949830,47,0,128,0,"[0,0,0,0,0,0,0,0,-5,19,-5,18,-6,20,-6,22,-8,22,-8,22,-9,21,-10,21,-11,21,-12,19,-11,20,-10,19,-8,21,-8,22,-6,23,-6,23,-5,21,-4,23,-4,21,-4,21,-2,22,-2,23,0,23,0,22,2,24,3,24,3,25,3,25,0,0,4,26,5,26,5,24,6,23,7,21,8,23,7,21,7,21,8,20,11,17,11,17,12,15,13,17,12,15,12,15,13,14,15,14,14,13,13,14,13,13,14,14,13,13,14,12,13,12,12,12,10,14,8,11,9,12,0,0,0,0,0,0]"
CSI_DATA,2953830,1a:00:00:00:00:00,-61,11,-95,4,46,6,2953830,47,0,128,0,"[0,0,0,0,0,0,0,0,-19,-6,-18,-7,-18,-9,-18,-11,-18,-12,-19,-14,-18,-16,-16,-15,-16,-19,-13,-17,-14,-17,-14,-18,-13,-18,-13,-19,-13,-17,-15,-18,-13,-17,-15,-18,-13,-16,-13,-18,-14,-17,-15,-20,-14,-17,-14,-19,-15,-18,-15,-19,-17,-19,-14,-18,0,0,-14,-21,-15,-21,-14,-20,-13,-20,-12,-19,-14,-20,-12,-19,-11,-18,-11,-18,-16,-18,-14,-16,-13,-16,-13,-16,-12,-15,-12,-15,-11,-15,-13,-15,-12,-15,-12,-16,-10,-16,-9,-16,-8,-17,-8,-16,-8,-17,-6,-16,-4,-17,-2,-14,-2,-14,0,0,0,0,0,0]"
CSI_DATA,2959204,1a:00:00:00:00:00,-61,11,-95,4,46,6,2959204,47,0,128,0,"[0,0,0,0,0,0,0,0,2,21,0,20,-1,22,-3,22,-4,23,-5,22,-6,21,-8,22,-10,22,-12,21,-11,21,-12,18,-14,20,-13,20,-11,20,-11,20,-11,19,-11,22,-10,20,-12,19,-10,20,-11,20,-11,20,-11,20,-12,21,-11,22,-12,22,-14,23,0,0,-12,21,-13,22,-12,21,-13,21,-12,18,-13,19,-13,18,-12,17,-12,19,-11,19,-11,20,-9,17,-10,18,-8,17,-9,19,-8,17,-8,19,-10,17,-11,17,-10,17,-11,16,-11,15,-11,14,-12,13,-13,12,-14,12,-12,8,-12,8,0,0,0,0,0,0]"
CSI_DATA,2964173,1a:00:00:00:00:00,-61,11,-95,4,46,6,2964173,47,0,128,0,"[0,0,0,0,0,0,0,0,-20,4,-19,2,-20,2,-20,0,-23,-2,-23,-2,-23,-5,-21,-4,-24,-6,-21,-6,-20,-7,-21,-8,-22,-6,-23,-8,-22,-7,-22,-7,-20,-6,-24,-7,-20,-5,-20,-6,-21,-6,-22,-6,-22,-6,-21,-6,-24,-6,-24,-6,-24,-7,-22,-4,0,0,-24,-5,-26,-8,-23,-8,-24,-7,-20,-6,-22,-7,-21,-5,-20,-6,-20,-5,-22,-4,-21,-3,-21,-3,-20,-3,-18,-2,-20,-3,-19,-3,-19,-3,-19,-2,-20,-3,-19,-4,-19,-3,-17,-6,-17,-6,-17,-6,-15,-6,-14,-8,-13,-9,-12,-8,0,0,0,0,0,0]"
CSI_DATA,2964325,1a:00:00:00:00:00,-61,11,-95,4,46,6,2964325,47,0,128,0,"[0,0,0,0,0,0,0,0,16,20,16,17,15,18,12,16,9,24,9,25,3,20,0,23,6,21,0,25,1,19,3,24,5,24,4,22,4,21,3,21,1,19,5,25,6,22,1,22,2,24,4,21,4,24,1,22,5,23,7,22,5,22,4,22,0,0,2,26,3,25,5,21,4,26,3,23,1,23,3,21,1,21,2,19,5,25,6,22,7,19,7,20,6,17,5,21,6,20,5,19,3,19,6,18,1,20,1,18,3,19,0,18,-1,18,-2,19,-2,18,-4,14,-4,14,0,0,0,0,0,0]"
CSI_DATA,2969830,1a:00:00:00:00:00,-61,11,-95,4,46,6,2969830,47,0,128,0,"[0,0,0,0,0,0,0,0,-6,19,-8,18,-9,19,-12,19,-13,18,-13,20,-15,17,-16,16,-17,17,-17,14,-18,15,-18,14,-18,15,-18,15,-16,15,-17,15,-17,14,-19,16,-16,15,-16,15,-15,15,-16,16,-16,16,-17,15,-18,16,-17,17,-17,18,-16,18,0,0,-19,17,-19,17,-18,15,-18,16,-17,14,-18,16,-16,13,-15,13,-17,13,-16,17,-14,17,-13,15,-13,15,-11,15,-13,15,-14,15,-12,15,-13,15,-14,14,-14,13,-14,13,-14,12,-14,11,-14,11,-16,10,-15,8,-13,5,-14,4,0,0,0,0,0,0]"
CSI_DATA,2975430,1a:00:00:00:00:00,-61,11,-95,4,46,6,2975430,47,0,128,0,"[0,0,0,0,0,0,0,0,-19,-1,-20,-3,-21,-3,-20,-5,-22,-8,-22,-8,-22,-10,-20,-10,-21,-11,-18,-13,-18,-12,-18,-14,-19,-12,-19,-14,-19,-12,-19,-12,-18,-12,-21,-12,-17,-12,-17,-13,-18,-12,-19,-12,-19,-12,-20,-13,-22,-12,-22,-11,-21,-13,-18,-11,0,0,-22,-12,-20,-15,-19,-14,-21,-12,-17,-12,-20,-13,-18,-12,-16,-11,-17,-11,-21,-11,-19,-9,-18,-9,-18,-10,-17,-8,-17,-9,-17,-8,-18,-8,-17,-9,-18,-9,-16,-11,-16,-10,-15,-12,-14,-12,-14,-12,-11,-12,-10,-13,-7,-13,-8,-13,0,0,0,0,0,0]"
CSI_DATA,2979831,1a:00:00:00:00:00,-61,11,-95,4,46,6,2979831,47,0,128,0,"[0,0,0,0,0,0,0,0,-17,11,-17,9,-18,10,-20,8,-20,7,-22,7,-22,5,-21,4,-23,5,-22,2,-22,3,-22,2,-23,4,-23,3,-22,3,-21,4,-21,4,-23,4,-21,3,-21,4,-21,5,-21,4,-21,6,-20,6,-24,8,-22,8,-22,9,-21,9,0,0,-23,10,-23,6,-23,6,-22,8,-19,8,-21,9,-20,7,-17,7,-20,7,-19,12,-18,10,-17,9,-17,9,-15,10,-17,10,-16,10,-16,11,-16,10,-16,12,-16,9,-16,10,-16,8,-16,7,-16,6,-16,6,-15,4,-14,2,-14,2,0,0,0,0,0,0]"
CSI_DATA,2983831,1a:00:00:00:00:00,-61,11,-95,4,46,6,2983831,47,0,128,0,"[0,0,0,0,0,0,0,0,16,-11,16,-9,18,-10,18,-10,20,-9,21,-11,21,-7,21,-7,22,-7,22,-6,21,-7,21,-7,22,-7,22,-8,20,-8,19,-9,18,-9,21,-11,19,-9,19,-10,18,-11,19,-12,17,-13,18,-14,19,-16,18,-16,18,-17,19,-16,0,0,19,-17,18,-16,16,-16,17,-17,14,-15,15,-17,13,-16,13,-15,11,-16,10,-19,12,-18,8,-17,8,-17,7,-17,8,-18,7,-18,7,-18,6,-18,6,-19,6,-17,8,-18,7,-16,8,-17,7,-16,9,-15,9,-13,8,-11,8,-11,0,0,0,0,0,0]"
CSI_DATA,2989831,1a:00:00:00:00:00,-61,11,-95,4,46,6,2989831,47,0,128,0,"[0,0,0,0,0,0,0,0,-20,-2,-18,-3,-20,-2,-21,-5,-22,-7,-22,-7,-22,-9,-20,-8,-23,-9,-20,-11,-20,-11,-20,-10,-21,-9,-22,-9,-21,-8,-21,-9,-20,-7,-22,-7,-22,-6,-21,-7,-21,-6,-21,-6,-21,-4,-22,-5,-25,-3,-23,-3,-24,-2,-25,-2,0,0,-26,-2,-26,-3,-23,-2,-25,-2,-22,-2,-24,-2,-22,-2,-20,0,-21,2,-21,5,-20,4,-19,3,-19,3,-17,4,-19,4,-18,5,-19,6,-19,6,-19,6,-18,4,-19,5,-18,4,-18,4,-18,3,-16,2,-15,1,-14,0,-15,-1,0,0,0,0,0,0]"
CSI_DATA,2993831,1a:00:00:00:00:00,-61,11,-95,4,46,6,2993831,47,0,128,0,"[0,0,0,0,0,0,0,0,19,4,18,6,20,6,21,7,21,7,24,8,21,10,22,10,21,8,21,9,22,9,21,8,23,9,23,9,21,9,22,6,21,6,24,4,23,4,21,3,23,2,23,1,22,0,24,-1,24,-1,23,0,25,0,24,-2,0,0,25,-6,24,-5,24,-5,22,-6,21,-6,22,-8,19,-7,20,-7,19,-10,17,-12,18,-12,17,-11,16,-12,15,-13,14,-13,14,-14,12,-13,14,-14,14,-15,13,-14,13,-14,13,-13,13,-12,13,-12,14,-11,14,-11,12,-8,13,-8,0,0,0,0,0,0]"
CSI_DATA,2999831,1a:00:00:00:00:00,-61,11,-95,4,46,6,2999831,47,0,128,0,"[0,0,0,0,0,0,0,0,-10,-18,-9,-16,-9,-19,-9,-19,-7,-21,-10,-22,-6,-22,-6,-21,-6,-22,-5,-22,-7,-22,-6,-22,-6,-21,-6,-22,-8,-22,-9,-22,-8,-19,-11,-20,-11,-20,-9,-18,-11,-20,-13,-19,-12,-18,-13,-18,-14,-20,-16,-18,-16,-21,-18,-17,0,0,-19,-16,-17,-18,-17,-16,-17,-15,-17,-14,-18,-14,-17,-13,-17,-11,-17,-11,-20,-9,-18,-9,-18,-8,-20,-7,-18,-7,-17,-6,-18,-5,-19,-4,-19,-5,-19,-5,-18,-5,-18,-4,-18,-5,-17,-5,-16,-6,-16,-7,-16,-7,-12,-8,-12,-8,0,0,0,0,0,0]"
CSI_DATA,3005831,1a:00:00:00:00:00,-61,11,-95,4,46,6,3005831,47,0,128,0,"[0,0,0,0,0,0,0,0,-1,19,-1,18,-2,21,-2,22,-4,21,-4,24,-5,22,-7,22,-8,23,-10,20,-8,22,-8,20,-8,21,-9,22,-7,22,-6,23,-6,22,-4,23,-4,21,-4,21,-2,23,-1,23,-1,22,1,23,-1,24,1,24,0,26,0,26,0,0,3,25,3,23,2,23,3,24,2,23,4,23,5,21,4,21,4,19,5,20,7,20,7,19,9,19,9,17,9,17,10,16,11,16,10,17,9,17,9,16,10,18,8,15,7,16,8,16,6,16,5,16,5,14,3,14,0,0,0,0,0,0]"
CSI_DATA,3009831,1a:00:00:00:00:00,-61,11,-95,4,46,6,3009831,47,0,128,0,"[0,0,0,0,0,0,0,0,-20,-3,-19,-5,-20,-6,-20,-8,-20,-9,-22,-11,-19,-13,-16,-14,-17,-16,-13,-16,-16,-17,-12,-17,-14,-17,-14,-19,-13,-18,-15,-19,-13,-17,-15,-18,-13,-16,-12,-17,-13,-18,-14,-19,-13,-19,-13,-20,-13,-21,-12,-20,-13,-22,-10,-21,0,0,-12,-22,-13,-22,-12,-22,-10,-21,-9,-20,-10,-22,-8,-20,-7,-20,-8,-19,-10,-19,-9,-18,-7,-19,-7,-19,-7,-17,-8,-17,-8,-17,-8,-18,-6,-18,-6,-18,-3,-17,-4,-18,-3,-19,-2,-20,-1,-18,2,-17,3,-16,3,-13,4,-14,0,0,0,0,0,0]"
CSI_DATA,3015831,1a:00:00:00:00:00,-61,11,-95,4,46,6,3015831,47,0,128,0,"[0,0,0,0,0,0,0,0,-16,12,-17,9,-17,11,-18,11,-18,11,-21,13,-19,11,-21,9,-20,10,-20,7,-21,9,-20,9,-21,9,-21,9,-20,11,-19,12,-18,13,-19,15,-18,14,-15,13,-17,16,-15,16,-15,17,-14,18,-16,18,-13,19,-15,21,-16,18,0,0,-14,22,-14,20,-11,22,-10,20,-9,20,-9,21,-7,20,-7,19,-7,20,-6,22,-4,22,-3,19,-1,21,0,19,0,19,0,19,1,19,1,19,2,20,0,19,1,20,2,19,0,18,0,18,-2,18,-1,17,-2,14,0,15,0,0,0,0,0,0]"
CSI_DATA,3025831,1a:00:00:00:00:00,-61,11,-95,4,46,6,3025831,47,0,128,0,"[0,0,0,0,0,0,0,0,1,19,-2,18,-2,20,-4,22,-5,21,-7,23,-8,21,-11,21,-12,21,-13,18,-13,20,-13,17,-15,18,-15,18,-13,18,-13,18,-13,18,-15,19,-14,19,-13,16,-14,18,-15,18,-14,18,-14,18,-16,19,-14,19,-15,19,-15,18,0,0,-17,19,-17,17,-17,17,-18,16,-15,14,-17,16,-16,14,-16,13,-15,13,-17,15,-15,16,-14,14,-14,14,-12,13,-14,15,-13,14,-13,14,-15,13,-16,13,-15,10,-16,11,-16,9,-15,8,-16,7,-16,6,-16,4,-13,1,-14,1,0,0,0,0,0,0]"
CSI_DATA,3031831,1a:00:00:00:00:00,-61,11,-95,4,46,6,3031831,47,0,128,0,"[0,0,0,0,0,0,0,0,15,11,16,11,17,12,17,14,16,14,19,14,17,15,17,16,17,16,14,17,18,16,14,17,18,15,17,15,17,14,20,12,18,12,22,11,20,9,19,9,21,8,21,10,21,8,23,7,23,7,24,6,24,5,24,3,0,0,25,2,24,2,25,1,23,0,22,-1,24,0,21,-1,20,0,20,-3,21,-5,19,-7,18,-6,18,-7,17,-8,17,-10,15,-10,16,-11,16,-11,16,-11,16,-9,15,-11,17,-10,16,-10,15,-9,15,-9,14,-8,12,-5,12,-6,0,0,0,0,0,0]"
CSI_DATA,3035831,1a:00:00:00:00:00,-61,11,-95,4,46,6,3035831,47,0,128,0,"[0,0,0,0,0,0,0,0,-14,14,-15,11,-16,13,-19,13,-19,11,-20,11,-20,11,-19,8,-23,8,-21,5,-23,7,-22,4,-22,5,-23,5,-21,4,-22,4,-20,5,-23,6,-21,5,-20,5,-21,5,-21,6,-21,6,-23,7,-24,7,-22,7,-23,6,-23,5,0,0,-26,6,-24,7,-22,7,-23,5,-20,5,-23,5,-21,4,-19,4,-21,6,-21,6,-20,6,-18,5,-19,7,-17,6,-18,8,-17,7,-17,8,-18,6,-18,6,-17,5,-20,4,-18,3,-19,1,-16,1,-18,1,-17,-1,-13,-3,-14,-3,0,0,0,0,0,0]"
CSI_DATA,3041831,1a:00:00:00:00:00,-61,11,-95,4,46,6,3041831,47,0,128,0,"[0,0,0,0,0,0,0,0,19,-3,20,-1,20,-2,21,1,22,4,22,3,23,5,21,6,23,8,20,11,21,9,18,11,20,9,20,10,20,10,20,10,19,10,22,9,20,8,18,10,21,10,21,11,20,10,20,11,21,11,21,10,23,11,21,11,0,0,22,12,20,12,18,12,21,11,18,11,20,13,18,13,16,12,17,11,19,11,19,10,19,9,18,10,16,9,17,7,17,9,18,9,17,10,17,9,15,10,14,11,14,11,13,13,12,14,11,12,10,14,6,13,7,13,0,0,0,0,0,0]"
CSI_DATA,3045831,1a:00:00:00:00:00,-61,11,-95,4,46,6,3045831,47,0,128,0,"[0,0,0,0,0,0,0,0,-20,1,-18,-1,-20,-1,-21,-3,-22,-4,-24,-5,-22,-5,-22,-7,-22,-8,-20,-9,-21,-9,-19,-9,-21,-10,-21,-10,-20,-9,-21,-7,-20,-8,-23,-7,-21,-7,-19,-6,-22,-8,-20,-7,-21,-6,-22,-7,-23,-6,-23,-6,-24,-6,-22,-6,0,0,-25,-5,-23,-6,-23,-6,-24,-5,-21,-5,-22,-3,-21,-5,-19,-4,-19,-4,-20,-2,-21,-1,-19,-3,-20,-2,-19,-1,-19,0,-20,2,-19,2,-19,0,-20,0,-18,-3,-18,-2,-17,-2,-18,-3,-17,-3,-16,-4,-16,-5,-13,-6,-12,-6,0,0,0,0,0,0]"
CSI_DATA,3051831,1a:00:00:00:00:00,-61,11,-95,4,46,6,3051831,47,0,128,0,"[0,0,0,0,0,0,0,0,16,9,16,12,17,12,17,14,17,14,16,16,15,17,13,17,13,19,11,19,13,18,11,19,12,19,12,19,12,20,13,19,11,18,13,20,12,17,12,18,13,18,13,19,13,18,13,19,13,18,16,18,16,21,13,18,0,0,15,19,16,20,14,20,14,20,12,17,14,19,11,18,12,16,12,17,14,17,14,14,13,14,14,15,13,13,14,13,13,12,14,13,12,13,13,14,12,15,11,14,10,15,10,14,10,15,8,15,7,15,5,14,4,14,0,0,0,0,0,0]"
CSI_DATA,3055831,1a:00:00:00:00:00,-61,11,-95,4,46,6,3055831,47,0,128,0,"[0,0,0,0,0,0,0,0,-17,-9,-17,-10,-18,-10,-17,-11,-17,-14,-18,-16,-16,-17,-16,-16,-16,-17,-14,-18,-15,-17,-13,-16,-16,-16,-15,-17,-15,-16,-17,-16,-16,-15,-19,-15,-16,-14,-14,-13,-17,-14,-17,-14,-17,-14,-18,-13,-19,-13,-20,-11,-21,-13,-20,-12,0,0,-21,-11,-21,-13,-20,-11,-21,-11,-20,-10,-20,-10,-20,-10,-17,-10,-19,-7,-20,-5,-20,-6,-19,-4,-19,-4,-17,-4,-19,-3,-17,-4,-20,-2,-18,-3,-19,-3,-18,-5,-18,-3,-18,-5,-17,-5,-17,-4,-16,-5,-14,-7,-12,-7,-12,-7,0,0,0,0,0,0]"
CSI_DATA,3061874,1a:00:00:00:00:00,-61,11,-95,4,46,6,3061874,47,0,128,0,"[0,0,0,0,0,0,0,0,-7,-18,-4,-18,-4,-20,-3,-22,-2,-22,-3,-23,0,-23,1,-22,1,-23,3,-21,2,-22,4,-20,2,-22,3,-22,1,-22,1,-23,1,-22,-1,-23,-1,-22,0,-20,-2,-21,-1,-23,-1,-22,-3,-23,-2,-23,-3,-25,-4,-25,-2,-22,0,0,-3,-24,-3,-24,-4,-23,-4,-23,-3,-22,-4,-23,-4,-20,-3,-19,-3,-20,-6,-21,-6,-19,-7,-19,-8,-20,-8,-16,-7,-17,-8,-17,-9,-16,-7,-16,-9,-18,-5,-17,-5,-18,-7,-17,-5,-17,-5,-17,-3,-16,-3,-16,-1,-13,0,-14,0,0,0,0,0,0]"
CSI_DATA,3067831,1a:00:00:00:00:00,-61,11,-95,4,46,6,3067831,47,0,128,0,"[0,0,0,0,0,0,0,0,7,-18,8,-17,9,-19,11,-17,13,-18,14,-17,14,-17,16,-14,18,-16,18,-13,19,-14,18,-14,18,-15,19,-15,16,-14,15,-16,16,-13,17,-17,15,-15,16,-14,15,-15,16,-15,15,-16,15,-16,16,-17,14,-19,15,-19,16,-18,0,0,16,-18,15,-17,15,-18,15,-18,13,-17,14,-17,14,-16,13,-14,13,-15,14,-19,11,-17,9,-16,10,-16,8,-16,9,-17,9,-16,8,-16,10,-18,10,-17,11,-16,11,-16,11,-13,10,-13,11,-13,13,-13,12,-11,11,-7,11,-8,0,0,0,0,0,0]"
CSI_DATA,3069831,1a:00:00:00:00:00,-61,11,-95,4,46,6,3069831,47,0,128,0,"[0,0,0,0,0,0,0,0,19,-4,19,-3,21,-3,22,-1,23,2,22,3,23,6,21,5,22,7,20,9,21,9,20,10,20,9,21,9,20,10,21,10,18,11,22,10,19,10,18,10,19,11,20,10,20,11,20,12,21,11,21,11,22,11,20,11,0,0,20,14,19,16,20,15,18,15,16,14,18,16,17,13,16,14,15,13,19,12,17,12,16,12,17,12,14,10,16,11,14,10,17,11,15,11,15,12,12,13,13,13,12,15,11,14,11,14,8,14,7,14,3,14,3,13,0,0,0,0,0,0]"
CSI_DATA,3071897,1a:00:00:00:00:00,-61,11,-95,4,46,6,3071897,47,0,128,0,"[0,0,0,0,0,0,0,0,18,7,17,9,18,9,19,9,18,13,19,14,18,15,17,14,18,15,16,14,16,14,17,15,17,15,18,16,18,14,18,12,16,13,19,12,19,11,18,11,19,10,20,10,22,10,20,10,23,9,22,9,22,8,22,8,0,0,23,6,23,9,22,7,22,6,21,6,22,6,21,5,19,5,20,4,21,2,21,1,19,0,19,0,18,-1,19,0,18,-2,18,-3,17,-2,19,-2,17,-1,19,-2,18,1,17,0,16,1,17,1,15,2,14,4,14,4,0,0,0,0,0,0]"
CSI_DATA,3077879,1a:00:00:00:00:00,-61,11,-95,4,46,6,3077879,47,0,128,0,"[0,0,0,0,0,0,0,0,-19,4,-19,3,-20,2,-21,1,-22,0,-23,-1,-22,-4,-22,-3,-23,-4,-21,-6,-22,-4,-20,-5,-23,-4,-22,-4,-22,-3,-22,-2,-22,-3,-25,-1,-22,0,-20,-1,-21,0,-22,0,-22,1,-22,0,-23,2,-24,3,-24,3,-23,1,0,0,-25,2,-24,2,-24,3,-23,3,-20,3,-23,3,-21,3,-20,2,-19,4,-18,7,-20,7,-18,7,-18,8,-17,7,-18,8,-17,8,-17,9,-17,10,-16,8,-16,7,-18,8,-17,7,-17,6,-16,5,-15,4,-15,4,-14,1,-15,3,0,0,0,0,0,0]"
CSI_DATA,3081831,1a:00:00:00:00:00,-61,11,-95,4,46,6,3081831,47,0,128,0,"[0,0,0,0,0,0,0,0,-17,8,-18,7,-18,7,-21,7,-21,6,-22,6,-22,5,-21,4,-23,5,-21,3,-22,6,-21,3,-23,5,-22,6,-21,6,-20,8,-19,7,-21,11,-19,9,-19,9,-19,10,-18,12,-19,12,-19,12,-19,15,-17,15,-17,17,-17,14,0,0,-18,19,-17,16,-16,16,-16,17,-14,17,-15,17,-13,16,-12,16,-12,15,-10,18,-8,19,-7,17,-6,19,-6,18,-6,19,-5,18,-3,18,-4,18,-3,19,-4,18,-4,18,-4,17,-4,16,-3,16,-5,17,-6,15,-7,14,-6,12,0,0,0,0,0,0]"
CSI_DATA,3087831,1a:00:00:00:00:00,-61,11,-95,4,46,6,3087831,47,0,128,0,"[0,0,0,0,0,0,0,0,18,7,18,7,18,7,20,9,19,11,20,11,18,13,18,12,20,14,17,14,18,13,17,13,20,12,19,13,18,11,19,11,17,10,22,10,19,8,19,9,19,8,21,8,21,8,22,7,23,5,23,5,24,4,22,4,0,0,25,4,23,3,22,3,24,2,21,2,22,1,21,1,19,0,19,-1,22,-5,20,-5,19,-5,19,-4,16,-5,18,-7,17,-6,18,-7,18,-7,18,-7,17,-6,17,-8,17,-5,17,-5,16,-6,16,-5,16,-4,13,-1,14,-1,0,0,0,0,0,0]"
CSI_DATA,3091831,1a:00:00:00:00:00,-61,11,-95,4,46,6,3091831,47,0,128,0,"[0,0,0,0,0,0,0,0,-19,-4,-19,-5,-20,-5,-20,-6,-20,-7,-22,-7,-20,-8,-21,-9,-23,-8,-20,-9,-21,-8,-20,-8,-21,-7,-22,-7,-22,-5,-21,-5,-20,-4,-23,-2,-22,-1,-21,-2,-21,2,-22,1,-22,1,-20,2,-23,6,-23,5,-24,6,-21,7,0,0,-22,11,-22,8,-20,9,-20,9,-19,10,-20,12,-17,11,-17,11,-14,13,-15,14,-14,15,-13,14,-11,15,-10,14,-10,16,-9,16,-9,17,-9,18,-9,17,-8,16,-9,17,-8,15,-9,16,-8,15,-8,15,-8,14,-9,11,-8,11,0,0,0,0,0,0]"
CSI_DATA,3097831,1a:00:00:00:00:00,-61,11,-95,4,46,6,3097831,47,0,128,0,"[0,0,0,0,0,0,0,0,11,15,12,16,12,15,10,17,10,19,12,19,10,20,10,19,11,21,9,21,10,20,10,21,11,20,11,19,12,18,12,19,11,16,15,17,14,16,15,16,15,15,16,16,17,15,17,14,19,13,20,14,21,13,19,12,0,0,22,12,21,12,22,9,23,9,19,8,21,9,20,7,20,6,19,4,21,1,21,0,20,0,19,0,17,-2,19,-1,18,-2,18,-3,18,-3,19,-4,17,-3,18,-4,17,-2,17,-3,17,-2,16,-2,16,-2,15,1,12,2,0,0,0,0,0,0]"
CSI_DATA,3102687,1a:00:00:00:00:00,-61,11,-95,4,46,6,3102687,47,0,128,0,"[0,0,0,0,0,0,0,0,17,-9,18,-6,20,-8,20,-7,21,-3,24,-3,22,-2,21,1,23,1,21,4,23,3,21,5,22,4,22,6,22,5,22,4,21,5,23,4,21,4,19,4,20,4,22,5,21,5,23,5,22,6,23,8,24,7,23,7,0,0,24,8,22,8,22,8,22,7,19,7,21,8,19,9,17,9,18,8,20,8,19,7,17,7,19,7,17,7,18,7,18,6,17,7,18,6,17,7,16,9,17,9,15,10,13,12,13,11,11,12,11,12,8,11,7,12,0,0,0,0,0,0]"
CSI_DATA,3107831,1a:00:00:00:00:00,-61,11,-95,4,46,6,3107831,47,0,128,0,"[0,0,0,0,0,0,0,0,16,11,13,13,14,15,14,16,12,17,13,19,11,20,10,20,10,21,8,21,7,21,5,21,5,21,5,21,5,21,5,22,6,21,6,21,6,20,5,19,5,21,6,21,7,22,6,22,6,22,6,23,5,24,5,23,0,0,5,24,3,24,4,23,2,23,2,22,4,23,3,20,3,20,3,20,6,20,4,20,3,18,4,20,4,18,4,18,4,18,3,19,2,19,3,19,1,18,2,18,1,18,-1,18,-2,17,-3,16,-5,15,-5,12,-7,13,0,0,0,0,0,0]"
CSI_DATA,3113831,1a:00:00:00:00:00,-61,11,-95,4,46,6,3113831,47,0,128,0,"[0,0,0,0,0,0,0,0,18,-9,16,-8,17,-8,19,-8,20,-8,21,-9,21,-6,21,-7,22,-9,20,-5,21,-6,21,-8,22,-8,21,-8,19,-10,19,-10,17,-11,19,-13,16,-13,17,-12,16,-14,15,-16,14,-16,14,-16,15,-18,14,-17,14,-20,13,-19,0,0,12,-21,12,-21,9,-21,10,-20,9,-19,8,-21,7,-20,6,-19,5,-20,1,-21,2,-20,1,-18,-1,-18,-1,-18,-1,-19,-3,-17,-4,-18,-2,-18,-5,-19,-3,-17,-4,-17,-4,-17,-4,-17,-3,-17,-1,-16,-2,-15,0,-14,0,-13,0,0,0,0,0,0]"
CSI_DATA,3117831,1a:00:00:00:00:00,-61,11,-95,4,46,6,3117831,47,0,128,0,"[0,0,0,0,0,0,0,0,11,17,9,16,9,18,8,19,7,21,5,22,4,22,4,22,2,24,0,21,0,22,0,23,0,22,0,23,1,21,1,21,1,21,1,24,1,21,0,21,2,20,2,22,3,21,1,22,2,25,3,23,4,25,1,24,0,0,1,25,2,24,1,23,1,24,2,20,1,23,2,20,0,20,0,20,2,21,3,20,4,19,4,20,4,17,3,19,4,17,5,20,2,18,3,18,1,18,2,18,2,17,1,19,0,18,-2,15,-3,15,-4,13,-4,13,0,0,0,0,0,0]"
CSI_DATA,3122030,1a:00:00:00:00:00,-61,11,-95,4,46,6,3122030,47,0,128,0,"[0,0,0,0,0,0,0,0,10,-14,12,-14,14,-15,15,-14,16,-14,17,-15,19,-13,18,-11,20,-12,19,-10,21,-10,19,-9,20,-11,20,-10,18,-10,19,-12,18,-10,18,-14,17,-12,18,-12,16,-13,17,-14,17,-13,17,-15,17,-15,16,-17,17,-16,18,-14,0,0,18,-17,17,-17,16,-16,18,-16,13,-14,15,-16,14,-14,13,-14,13,-14,14,-16,12,-17,10,-16,10,-16,9,-15,9,-16,9,-16,8,-17,9,-16,9,-17,10,-16,10,-16,11,-14,9,-13,9,-13,11,-13,10,-12,10,-8,10,-10,0,0,0,0,0,0]"
CSI_DATA,3127831,1a:00:00:00:00:00,-61,11,-95,4,46,6,3127831,47,0,128,0,"[0,0,0,0,0,0,0,0,-7,18,-8,17,-9,17,-10,19,-11,18,-13,20,-13,17,-14,16,-15,17,-15,15,-16,17,-15,14,-18,14,-16,15,-16,15,-15,15,-13,15,-14,18,-14,17,-14,15,-13,17,-12,18,-13,19,-11,18,-14,19,-12,18,-13,20,-12,18,0,0,-13,23,-12,19,-13,20,-12,18,-11,18,-11,19,-10,18,-10,17,-9,17,-9,17,-9,18,-7,18,-7,17,-5,17,-6,17,-6,17,-5,17,-6,17,-6,17,-6,16,-7,17,-7,15,-7,15,-8,14,-9,14,-10,13,-8,11,-9,11,0,0,0,0,0,0]"
CSI_DATA,3131831,1a:00:00:00:00:00,-61,11,-95,4,46,6,3131831,47,0,128,0,"[0,0,0,0,0,0,0,0,6,-18,6,-18,8,-18,9,-19,10,-19,11,-21,12,-18,12,-17,13,-19,13,-17,13,-18,13,-17,14,-18,13,-18,12,-18,11,-19,10,-18,9,-20,9,-19,10,-18,8,-21,7,-21,4,-21,6,-21,6,-21,6,-23,4,-23,6,-22,0,0,3,-24,4,-23,3,-23,4,-24,2,-22,1,-23,1,-21,0,-19,0,-21,-4,-20,-2,-20,-2,-18,-3,-19,-5,-17,-4,-17,-5,-18,-6,-19,-5,-17,-7,-19,-5,-16,-6,-18,-5,-16,-5,-16,-4,-17,-2,-16,-1,-15,-1,-15,0,-13,0,0,0,0,0,0]"
CSI_DATA,3137831,1a:00:00:00:00:00,-61,11,-95,4,46,6,3137831,47,0,128,0,"[0,0,0,0,0,0,0,0,-17,6,-17,5,-20,5,-21,5,-19,4,-21,4,-22,2,-23,2,-23,2,-23,1,-23,1,-21,-1,-22,0,-23,-1,-21,1,-21,3,-20,3,-23,5,-21,4,-20,3,-21,4,-20,6,-19,7,-20,8,-22,8,-21,9,-21,9,-19,8,0,0,-22,11,-22,8,-21,10,-21,10,-18,10,-19,11,-18,10,-17,10,-18,10,-16,13,-17,13,-15,11,-14,12,-12,13,-14,13,-12,12,-11,14,-12,14,-13,14,-12,13,-13,15,-12,13,-12,10,-12,10,-13,9,-13,8,-12,7,-11,6,0,0,0,0,0,0]"
CSI_DATA,3141831,1a:00:00:00:00:00,-61,11,-95,4,46,6,3141831,47,0,128,0,"[0,0,0,0,0,0,0,0,-4,-18,-3,-19,-2,-20,-1,-21,0,-22,1,-23,4,-21,6,-20,7,-21,9,-19,9,-21,11,-18,11,-19,12,-18,11,-19,11,-19,10,-18,12,-20,11,-18,11,-16,10,-17,12,-18,12,-17,12,-19,14,-18,14,-18,16,-18,15,-18,0,0,15,-18,15,-16,15,-17,17,-17,16,-13,16,-16,15,-12,15,-12,15,-13,16,-13,15,-13,14,-12,14,-12,13,-12,14,-12,13,-13,14,-11,16,-11,16,-11,14,-9,16,-9,16,-7,17,-6,16,-7,16,-3,15,-3,13,0,14,0,0,0,0,0,0,0]"
CSI_DATA,3147831,1a:00:00:00:00:00,-61,11,-95,4,46,6,3147831,47,0,128,0,"[0,0,0,0,0,0,0,0,-18,-5,-18,-5,-19,-7,-20,-8,-20,-8,-21,-8,-19,-9,-20,-10,-20,-10,-20,-11,-20,-11,-18,-11,-20,-10,-19,-10,-19,-10,-19,-8,-20,-8,-22,-6,-20,-5,-19,-5,-21,-5,-21,-3,-21,-4,-21,-3,-23,-1,-23,-1,-24,0,-22,0,0,0,-24,1,-22,1,-23,1,-22,3,-21,0,-22,3,-19,3,-18,3,-19,5,-21,6,-19,8,-16,7,-18,8,-15,9,-16,9,-16,11,-15,10,-15,10,-15,12,-14,9,-16,10,-15,10,-14,9,-14,9,-14,7,-15,7,-12,4,-13,4,0,0,0,0,0,0]"
CSI_DATA,3151831,1a:00:00:00:00:00,-61,11,-95,4,46,6,3151831,47,0,128,0,"[0,0,0,0,0,0,0,0,8,-16,10,-15,12,-16,14,-17,15,-17,15,-18,15,-15,18,-14,18,-14,18,-11,20,-12,18,-8,19,-9,20,-10,19,-9,19,-9,18,-9,19,-10,19,-10,18,-9,19,-9,18,-11,19,-10,19,-10,20,-10,21,-9,22,-9,22,-9,0,0,23,-9,21,-8,22,-9,21,-9,20,-7,20,-8,19,-8,18,-6,18,-6,19,-7,20,-6,17,-6,17,-6,17,-7,18,-7,17,-7,18,-7,18,-6,17,-6,17,-5,19,-5,17,-3,16,-2,15,0,17,1,15,1,13,3,13,4,0,0,0,0,0,0]"
CSI_DATA,3155831,1a:00:00:00:00:00,-61,11,-95,4,46,6,3155831,47,0,128,0,"[0,0,0,0,0,0,0,0,-6,19,-7,17,-7,19,-10,18,-10,19,-11,19,-12,17,-13,16,-15,18,-15,15,-15,16,-15,15,-16,16,-16,15,-15,14,-14,17,-14,15,-15,18,-13,16,-14,15,-13,16,-13,16,-14,17,-13,18,-14,18,-12,19,-14,18,-14,17,0,0,-15,19,-15,19,-14,17,-14,19,-12,16,-13,18,-13,16,-12,15,-12,16,-12,17,-10,17,-10,16,-9,17,-8,15,-8,16,-7,16,-7,16,-9,17,-9,17,-10,15,-10,16,-9,14,-11,14,-10,13,-10,12,-11,11,-9,8,-10,9,0,0,0,0,0,0]"
CSI_DATA,3166553,1a:00:00:00:00:00,-61,11,-95,4,46,6,3166553,47,0,128,0,"[0,0,0,0,0,0,0,0,-14,12,-14,11,-17,11,-16,10,-20,8,-20,8,-21,7,-21,6,-22,6,-22,3,-22,4,-20,3,-22,5,-22,5,-21,5,-20,5,-20,4,-22,6,-20,5,-20,5,-21,5,-20,6,-20,8,-20,6,-22,9,-20,9,-21,9,-21,9,0,0,-24,10,-23,6,-21,7,-21,8,-19,7,-21,8,-18,7,-18,7,-18,6,-17,10,-18,10,-16,10,-16,9,-15,10,-15,9,-15,9,-15,11,-15,10,-15,9,-15,9,-16,9,-15,8,-16,7,-15,6,-15,6,-15,4,-13,2,-13,1,0,0,0,0,0,0]"
CSI_DATA,3169831,1a:00:00:00:00:00,-62,11,-95,4,46,6,3169831,47,0,128,0,"[0,0,0,0,0,0,0,0,13,-12,14,-11,16,-12,17,-13,17,-12,18,-13,19,-11,20,-9,20,-10,20,-8,20,-11,18,-9,20,-10,20,-10,18,-11,18,-13,17,-12,17,-15,15,-13,16,-14,15,-15,15,-15,14,-15,14,-16,14,-17,14,-19,14,-17,14,-18,0,0,13,-21,12,-19,9,-19,11,-20,9,-18,10,-18,9,-18,8,-16,7,-18,5,-20,4,-19,3,-18,3,-19,2,-17,1,-18,0,-18,0,-18,2,-18,0,-19,2,-17,1,-19,2,-17,1,-16,1,-16,2,-16,4,-16,3,-12,3,-14,0,0,0,0,0,0]"
CSI_DATA,3176852,1a:00:00:00:00:00,-61,11,-95,4,46,6,3176852,47,0,128,0,"[0,0,0,0,0,0,0,0,11,-14,12,-14,13,-15,16,-14,15,-14,18,-15,18,-13,19,-12,19,-10,19,-8,20,-11,19,-9,19,-10,19,-10,19,-12,18,-12,18,-10,18,-14,17,-12,16,-11,15,-13,16,-13,17,-14,16,-14,17,-14,16,-15,17,-17,18,-15,0,0,17,-16,15,-15,15,-17,17,-18,13,-14,14,-16,14,-13,13,-14,13,-14,12,-15,12,-16,10,-16,10,-16,8,-16,9,-16,9,-16,7,-17,9,-15,8,-15,10,-14,9,-16,9,-16,9,-13,10,-13,11,-13,11,-12,9,-8,10,-9,0,0,0,0,0,0]"
CSI_DATA,3180274,1a:00:00:00:00:00,-61,11,-95,4,46,6,3180274,47,0,128,0,"[0,0,0,0,0,0,0,0,17,-8,16,-8,18,-8,19,-6,20,-6,21,-7,21,-6,21,-5,22,-6,21,-5,22,-3,20,-5,21,-5,22,-7,20,-7,19,-9,19,-7,21,-11,19,-9,18,-8,16,-11,17,-13,16,-13,17,-12,16,-16,15,-15,16,-17,15,-15,0,0,15,-18,15,-17,14,-16,15,-19,13,-15,13,-17,11,-17,10,-16,9,-18,6,-20,6,-19,5,-17,4,-19,3,-16,3,-18,3,-17,2,-17,3,-18,1,-20,2,-17,1,-18,3,-17,1,-17,2,-16,2,-15,4,-15,4,-12,4,-13,0,0,0,0,0,0]"
CSI_DATA,3185831,1a:00:00:00:00:00,-61,11,-95,4,46,6,3185831,47,0,128,0,"[0,0,0,0,0,0,0,0,-13,-14,-12,-13,-14,-14,-12,-16,-12,-17,-14,-18,-12,-19,-10,-18,-11,-21,-10,-19,-11,-18,-9,-19,-13,-18,-12,-18,-13,-16,-13,-16,-13,-16,-16,-15,-16,-13,-14,-14,-16,-14,-17,-13,-16,-14,-18,-12,-20,-13,-21,-10,-22,-11,-21,-9,0,0,-23,-8,-22,-9,-22,-9,-23,-7,-19,-7,-21,-6,-19,-6,-19,-5,-19,-4,-20,1,-19,0,-18,1,-19,1,-18,2,-19,2,-17,4,-18,4,-18,4,-18,4,-17,3,-17,3,-16,2,-16,3,-17,3,-16,2,-15,1,-13,0,-13,0,0,0,0,0,0,0]"
CSI_DATA,3191831,1a:00:00:00:00:00,-61,11,-95,4,46,6,3191831,47,0,128,0,"[0,0,0,0,0,0,0,0,0,19,-1,18,-1,20,-3,20,-2,20,-3,23,-4,21,-6,19,-7,21,-7,18,-7,21,-7,19,-6,21,-6,21,-5,21,-3,21,-3,21,-2,21,-1,21,-1,19,-1,21,2,22,1,21,1,22,3,23,3,22,4,23,3,23,0,0,4,22,6,24,6,21,6,23,6,20,7,21,7,19,8,18,7,17,11,17,12,17,12,15,12,15,12,14,12,14,12,13,13,12,12,13,12,13,11,14,12,14,11,13,11,13,12,12,9,13,9,13,7,11,8,12,0,0,0,0,0,0]"
CSI_DATA,3195831,1a:00:00:00:00:00,-61,11,-95,4,46,6,3195831,47,0,128,0,"[0,0,0,0,0,0,0,0,-18,-5,-17,-7,-19,-8,-18,-9,-18,-12,-18,-13,-18,-15,-14,-14,-15,-16,-12,-17,-14,-17,-11,-17,-13,-18,-13,-17,-12,-18,-13,-18,-12,-17,-14,-17,-12,-16,-11,-17,-12,-17,-13,-18,-12,-18,-11,-18,-13,-19,-12,-18,-12,-20,-9,-18,0,0,-11,-21,-12,-23,-10,-21,-9,-20,-9,-18,-9,-19,-9,-18,-7,-18,-8,-17,-9,-17,-10,-17,-9,-16,-10,-17,-7,-15,-9,-16,-8,-14,-10,-16,-7,-16,-8,-17,-5,-16,-6,-16,-4,-17,-4,-17,-2,-16,-2,-15,0,-16,1,-12,2,-14,0,0,0,0,0,0]"
CSI_DATA,3202690,1a:00:00:00:00:00,-61,11,-95,4,46,6,3202690,47,0,128,0,"[0,0,0,0,0,0,0,0,17,-9,17,-6,18,-6,21,-8,20,-7,22,-6,21,-6,22,-5,23,-6,20,-4,22,-6,18,-4,22,-3,22,-5,21,-6,21,-7,19,-7,20,-9,19,-8,18,-9,19,-11,18,-12,16,-13,18,-13,18,-13,18,-13,19,-13,19,-13,0,0,17,-15,16,-16,17,-16,16,-16,14,-15,13,-17,12,-16,10,-16,10,-17,9,-17,10,-18,7,-16,8,-16,5,-17,6,-17,5,-18,4,-17,6,-18,3,-18,5,-17,4,-18,5,-15,4,-16,6,-15,6,-15,7,-14,6,-11,6,-11,0,0,0,0,0,0]"
CSI_DATA,3205831,1a:00:00:00:00:00,-61,11,-95,4,46,6,3205831,47,0,128,0,"[0,0,0,0,0,0,0,0,-10,-17,-8,-15,-7,-17,-6,-19,-5,-20,-4,-22,-2,-22,-1,-21,0,-22,2,-21,2,-22,2,-21,2,-22,2,-22,2,-21,-1,-22,2,-20,1,-22,1,-20,2,-20,1,-21,1,-21,0,-21,1,-21,0,-22,0,-23,0,-24,1,-24,0,0,1,-22,2,-23,1,-21,3,-22,2,-20,1,-22,1,-20,2,-19,1,-19,0,-19,-1,-19,-1,-18,-1,-18,-2,-17,0,-19,-1,-17,-1,-17,1,-17,0,-19,2,-17,1,-17,3,-16,3,-17,3,-16,5,-15,5,-14,6,-12,7,-12,0,0,0,0,0,0]"
CSI_DATA,3207832,1a:00:00:00:00:00,-61,11,-95,4,46,6,3207832,47,0,128,0,"[0,0,0,0,0,0,0,0,18,4,18,6,19,6,19,7,18,9,20,8,19,10,19,9,20,11,20,10,20,10,18,11,20,9,20,9,20,8,20,8,19,6,22,5,20,5,20,4,21,4,21,3,20,2,21,2,23,1,23,-1,24,0,22,-2,0,0,25,-3,23,-2,21,-2,23,-3,19,-4,21,-5,19,-5,18,-5,19,-5,19,-9,18,-9,15,-9,16,-10,13,-10,15,-11,13,-11,14,-12,13,-12,14,-13,14,-12,14,-12,14,-11,14,-11,13,-11,13,-9,12,-9,13,-7,12,-6,0,0,0,0,0,0]"
CSI_DATA,3211832,1a:00:00:00:00:00,-61,11,-95,4,46,6,3211832,47,0,128,0,"[0,0,0,0,0,0,0,0,-5,17,-6,17,-9,18,-10,18,-11,17,-13,19,-15,16,-15,15,-18,16,-17,12,-17,14,-17,12,-17,13,-18,12,-16,12,-17,12,-17,11,-17,13,-17,13,-16,12,-18,12,-16,13,-17,12,-18,13,-18,14,-18,15,-19,15,-19,13,0,0,-20,15,-19,12,-18,12,-19,12,-18,10,-18,12,-17,10,-17,8,-16,10,-16,12,-16,12,-15,9,-16,11,-13,10,-15,11,-14,10,-15,11,-15,10,-15,9,-16,9,-16,8,-15,6,-15,6,-15,6,-15,3,-15,3,-12,1,-12,0,0,0,0,0,0,0]"
CSI_DATA,3217832,1a:00:00:00:00:00,-61,11,-95,4,46,6,3217832,47,0,128,0,"[0,0,0,0,0,0,0,0,17,-10,17,-8,18,-7,20,-5,21,-3,22,-4,22,-1,20,0,21,0,21,3,22,3,20,4,21,3,21,5,22,3,22,4,19,4,23,4,20,4,19,4,19,4,22,5,20,4,21,5,22,6,22,5,23,6,21,6,0,0,23,8,22,8,20,6,21,8,18,7,20,8,19,9,17,8,18,8,21,6,21,5,17,5,19,6,16,5,18,6,18,6,18,6,16,6,17,7,16,8,16,8,14,9,13,10,12,10,12,11,10,10,8,12,6,11,0,0,0,0,0,0]"
CSI_DATA,3221832,1a:00:00:00:00:00,-61,11,-95,4,46,6,3221832,47,0,128,0,"[0,0,0,0,0,0,0,0,-17,9,-16,7,-18,8,-20,8,-20,7,-22,6,-22,4,-22,3,-22,3,-21,1,-21,1,-20,-1,-21,2,-22,0,-21,0,-20,1,-19,0,-22,3,-20,2,-19,3,-21,2,-21,2,-21,2,-21,2,-22,3,-23,3,-21,3,-22,2,0,0,-23,3,-23,3,-23,2,-22,2,-22,2,-22,3,-20,3,-18,1,-17,4,-18,6,-20,6,-17,4,-18,6,-16,4,-17,5,-17,5,-17,7,-18,5,-18,5,-17,3,-16,3,-16,2,-15,1,-16,1,-15,0,-14,-1,-13,-1,-12,-3,0,0,0,0,0,0]"
CSI_DATA,3227832,1a:00:00:00:00:00,-62,11,-95,4,46,6,3227832,47,0,128,0,"[0,0,0,0,0,0,0,0,19,4,17,6,18,7,18,8,18,11,19,13,16,14,15,13,16,15,14,15,14,15,14,16,15,16,14,15,15,16,15,16,14,15,15,17,14,15,12,16,15,15,14,14,15,16,15,17,16,16,17,15,16,17,17,16,0,0,17,18,14,18,14,17,14,18,12,16,14,16,12,15,14,15,13,15,16,13,14,13,13,13,13,12,13,11,13,13,13,12,13,12,12,13,13,13,11,14,12,13,10,15,11,14,9,13,8,14,6,14,5,13,3,13,0,0,0,0,0,0]"
CSI_DATA,3231832,1a:00:00:00:00:00,-62,11,-95,4,46,6,3231832,47,0,128,0,"[0,0,0,0,0,0,0,0,-18,-5,-17,-6,-18,-7,-17,-9,-18,-11,-18,-12,-18,-13,-16,-13,-17,-15,-15,-14,-15,-13,-15,-14,-17,-14,-16,-13,-16,-13,-16,-13,-15,-13,-18,-13,-16,-11,-15,-12,-16,-12,-17,-12,-18,-11,-18,-12,-20,-11,-20,-10,-21,-10,-20,-10,0,0,-21,-10,-20,-12,-19,-11,-19,-10,-19,-9,-20,-11,-18,-8,-18,-8,-17,-8,-19,-7,-19,-5,-17,-6,-18,-4,-17,-3,-18,-4,-16,-4,-17,-3,-17,-3,-19,-4,-17,-4,-18,-4,-14,-6,-15,-4,-15,-6,-15,-5,-14,-6,-11,-8,-10,-8,0,0,0,0,0,0]"
CSI_DATA,3237832,1a:00:00:00:00:00,-62,11,-95,4,46,6,3237832,47,0,128,0,"[0,0,0,0,0,0,0,0,9,16,8,17,7,17,7,19,5,19,4,22,4,21,2,21,2,23,0,20,1,21,1,21,1,22,2,22,1,21,2,21,2,20,3,22,1,21,1,20,3,20,3,21,3,21,2,21,5,22,6,22,6,23,4,22,0,0,4,23,5,22,4,23,4,23,5,20,4,21,5,21,3,18,5,19,7,18,8,19,7,17,6,18,8,15,7,17,8,16,8,17,7,16,7,17,6,16,6,16,4,17,5,17,4,16,2,16,2,15,0,13,0,14,0,0,0,0,0,0]"
CSI_DATA,3243832,1a:00:00:00:00:00,-62,11,-95,4,46,6,3243832,47,0,128,0,"[0,0,0,0,0,0,0,0,2,-18,4,-17,4,-19,6,-20,7,-20,9,-20,10,-19,10,-18,13,-19,13,-16,14,-17,14,-17,14,-17,15,-18,13,-17,12,-17,12,-16,14,-19,12,-16,13,-16,12,-17,11,-18,11,-18,12,-18,12,-20,12,-19,10,-20,12,-19,0,0,12,-20,13,-20,11,-19,13,-19,11,-16,11,-19,11,-17,11,-17,11,-17,9,-20,9,-19,8,-17,7,-17,6,-16,7,-17,7,-16,7,-16,8,-17,7,-17,9,-15,8,-15,8,-14,9,-14,10,-13,11,-12,10,-11,11,-8,10,-8,0,0,0,0,0,0]"
CSI_DATA,3247901,1a:00:00:00:00:00,-61,11,-95,4,46,6,3247901,47,0,128,0,"[0,0,0,0,0,0,0,0,18,6,17,8,18,8,17,10,17,12,19,13,18,13,18,14,18,14,15,15,17,14,15,13,17,15,17,15,17,14,17,13,15,13,18,12,17,11,16,11,18,11,18,12,18,12,19,11,21,11,20,10,22,9,20,9,0,0,23,10,21,10,21,9,22,8,20,8,20,9,19,7,19,7,17,4,19,4,19,3,19,2,19,3,18,1,18,1,18,1,18,1,18,1,19,2,17,2,19,3,16,3,16,4,16,2,15,3,14,5,13,6,12,5,0,0,0,0,0,0]"
CSI_DATA,3253832,1a:00:00:00:00:00,-62,11,-95,4,46,6,3253832,47,0,128,0,"[0,0,0,0,0,0,0,0,18,-6,17,-5,20,-5,21,-5,20,-2,23,-3,22,-1,22,-1,22,-1,21,1,22,1,20,2,22,2,22,3,20,1,21,0,21,0,22,-2,21,-2,20,-1,20,-3,20,-2,20,-3,21,-3,22,-3,23,-3,23,-4,23,-4,0,0,25,-5,22,-4,22,-4,22,-5,20,-3,22,-6,18,-4,18,-5,19,-6,20,-7,19,-7,17,-7,17,-7,16,-8,16,-8,16,-8,14,-8,16,-9,16,-9,16,-7,16,-8,16,-7,15,-6,15,-5,16,-3,15,-3,14,-1,13,0,0,0,0,0,0,0]"
CSI_DATA,3257832,1a:00:00:00:00:00,-62,11,-95,4,46,6,3257832,47,0,128,0,"[0,0,0,0,0,0,0,0,-16,9,-17,7,-18,8,-20,7,-20,7,-21,7,-21,5,-20,5,-22,7,-21,5,-22,5,-19,4,-21,3,-21,4,-20,6,-19,6,-18,7,-22,8,-19,8,-18,7,-19,9,-19,11,-17,12,-17,12,-19,13,-18,13,-19,14,-18,13,0,0,-18,17,-18,15,-17,15,-17,15,-14,13,-15,16,-13,14,-11,15,-11,14,-11,16,-11,17,-9,15,-9,16,-7,16,-7,16,-8,16,-6,17,-6,17,-7,17,-5,16,-6,17,-7,15,-6,15,-6,14,-8,13,-8,13,-8,11,-8,10,0,0,0,0,0,0]"
CSI_DATA,3263832,1a:00:00:00:00:00,-61,11,-95,4,46,6,3263832,47,0,128,0,"[0,0,0,0,0,0,0,0,19,4,18,6,18,6,19,7,18,9,21,10,19,10,19,10,20,10,18,11,19,11,17,12,19,12,18,12,18,11,17,10,19,10,21,9,20,7,18,6,21,7,21,7,20,6,21,6,21,5,23,6,23,5,24,4,0,0,24,4,22,2,24,4,22,2,21,3,21,1,20,1,19,0,20,-1,21,-3,20,-4,18,-1,18,-3,16,-3,16,-5,17,-5,17,-4,18,-5,17,-6,17,-4,18,-6,16,-4,17,-3,16,-2,16,-2,15,-1,12,0,13,1,0,0,0,0,0,0]"
CSI_DATA,3266432,1a:00:00:00:00:00,-61,11,-95,4,46,6,3266432,47,0,128,0,"[0,0,0,0,0,0,0,0,7,-18,7,-16,9,-18,11,-17,13,-17,14,-16,15,-14,17,-13,17,-14,18,-12,18,-12,18,-11,17,-13,18,-13,18,-12,17,-12,17,-11,17,-12,17,-11,16,-11,16,-12,18,-11,18,-12,18,-11,19,-14,17,-13,19,-13,18,-14,0,0,20,-12,20,-12,19,-12,20,-12,17,-11,18,-11,17,-10,16,-8,16,-10,15,-13,16,-12,14,-10,14,-11,14,-10,14,-11,14,-11,15,-11,14,-10,16,-11,14,-9,16,-9,15,-6,15,-8,15,-6,16,-5,14,-4,12,-1,13,0,0,0,0,0,0,0]"
CSI_DATA,3271832,1a:00:00:00:00:00,-62,11,-95,4,46,6,3271832,47,0,128,0,"[0,0,0,0,0,0,0,0,6,-17,8,-16,10,-18,11,-18,12,-18,13,-19,13,-15,16,-16,16,-16,16,-15,16,-13,17,-12,18,-13,19,-12,17,-11,17,-13,17,-12,17,-15,17,-12,16,-12,16,-13,16,-13,15,-13,16,-14,17,-13,17,-13,19,-15,20,-12,0,0,18,-15,19,-14,18,-14,19,-12,17,-13,16,-13,16,-12,15,-11,16,-12,16,-14,16,-13,14,-11,14,-11,13,-11,12,-11,14,-13,13,-13,14,-11,14,-12,13,-10,16,-10,15,-9,15,-8,15,-7,15,-6,15,-6,13,-2,13,-3,0,0,0,0,0,0]"
CSI_DATA,3277832,1a:00:00:00:00:00,-62,11,-95,4,46,6,3277832,47,0,128,0,"[0,0,0,0,0,0,0,0,-17,5,-17,3,-19,4,-20,2,-21,0,-23,0,-21,-4,-21,-4,-22,-4,-21,-6,-20,-6,-19,-9,-19,-8,-21,-9,-19,-9,-20,-9,-18,-8,-21,-7,-19,-7,-18,-7,-20,-8,-20,-8,-20,-7,-20,-8,-20,-8,-21,-10,-21,-9,-21,-8,0,0,-22,-9,-20,-10,-22,-12,-20,-10,-17,-10,-19,-9,-16,-10,-17,-10,-18,-9,-20,-9,-18,-8,-16,-8,-16,-8,-16,-7,-16,-7,-17,-7,-16,-7,-16,-8,-16,-8,-15,-9,-16,-9,-14,-10,-12,-11,-12,-10,-10,-12,-10,-13,-7,-11,-7,-12,0,0,0,0,0,0]"
CSI_DATA,3287832,1a:00:00:00:00:00,-61,11,-95,4,46,6,3287832,47,0,128,0,"[0,0,0,0,0,0,0,0,-16,-7,-15,-8,-16,-10,-17,-12,-16,-14,-17,-15,-15,-16,-14,-16,-14,-17,-11,-18,-13,-18,-10,-16,-13,-17,-12,-18,-12,-18,-12,-18,-12,-17,-13,-17,-14,-16,-12,-16,-14,-16,-13,-16,-14,-16,-13,-16,-13,-17,-14,-16,-14,-18,-14,-17,0,0,-15,-18,-14,-20,-14,-19,-14,-18,-12,-16,-14,-18,-12,-17,-12,-16,-12,-16,-14,-15,-13,-13,-13,-12,-13,-13,-12,-12,-13,-11,-13,-11,-13,-11,-13,-13,-12,-12,-11,-13,-12,-13,-10,-14,-9,-14,-9,-13,-8,-14,-7,-15,-4,-12,-5,-13,0,0,0,0,0,0]"
CSI_DATA,3291832,1a:00:00:00:00:00,-61,11,-95,4,46,6,3291832,47,0,128,0,"[0,0,0,0,0,0,0,0,19,4,18,4,18,5,20,6,19,8,21,9,20,9,19,10,20,12,17,12,19,12,16,12,19,11,19,11,18,11,19,10,18,9,21,8,20,7,18,7,19,9,19,8,20,8,22,6,22,8,22,6,23,7,21,6,0,0,24,5,23,6,22,4,22,3,19,4,21,5,20,4,19,5,19,2,19,-2,20,0,17,0,19,-1,18,-1,18,-3,18,-2,18,-3,18,-2,18,-2,18,-1,19,0,17,0,17,1,17,0,15,1,15,2,13,3,15,3,0,0,0,0,0,0]"
CSI_DATA,3295832,1a:00:00:00:00:00,-61,11,-95,4,46,6,3295832,47,0,128,0,"[0,0,0,0,0,0,0,0,-19,0,-18,0,-20,0,-21,0,-19,-1,-21,-2,-21,-2,-22,-4,-22,-3,-20,-5,-21,-4,-19,-6,-21,-3,-22,-4,-21,-3,-21,-1,-20,0,-23,2,-21,2,-20,1,-21,1,-21,2,-19,3,-21,3,-21,5,-22,7,-22,7,-23,6,0,0,-21,9,-20,9,-19,10,-20,10,-18,8,-20,10,-19,9,-17,9,-15,10,-15,12,-16,14,-14,12,-13,14,-11,13,-11,14,-10,15,-10,16,-10,16,-11,15,-12,14,-10,14,-11,13,-11,12,-11,13,-11,12,-11,11,-10,8,-10,9,0,0,0,0,0,0]"
CSI_DATA,3302677,1a:00:00:00:00:00,-61,11,-95,4,46,6,3302677,47,0,128,0,"[0,0,0,0,0,0,0,0,-19,1,-18,0,-18,0,-19,-1,-21,-4,-22,-4,-20,-5,-21,-5,-22,-6,-20,-8,-21,-8,-20,-7,-21,-6,-22,-5,-20,-6,-20,-5,-19,-5,-23,-5,-20,-3,-20,-5,-21,-3,-21,-3,-20,-3,-21,-3,-23,-1,-22,0,-23,0,-22,1,0,0,-24,0,-23,-1,-22,0,-21,0,-20,-1,-23,2,-20,1,-19,0,-17,2,-19,5,-19,4,-17,5,-18,6,-17,5,-17,5,-17,5,-18,7,-17,7,-18,7,-17,5,-17,8,-16,4,-16,5,-16,4,-15,4,-14,2,-13,-1,-13,0,0,0,0,0,0,0]"
CSI_DATA,3305832,1a:00:00:00:00:00,-62,11,-95,4,46,6,3305832,47,0,128,0,"[0,0,0,0,0,0,0,0,-12,-13,-13,-14,-14,-15,-13,-15,-12,-17,-14,-18,-12,-17,-12,-16,-13,-19,-11,-19,-14,-19,-11,-17,-14,-17,-13,-17,-15,-16,-15,-16,-14,-14,-18,-13,-16,-12,-16,-12,-16,-11,-19,-11,-18,-11,-20,-10,-22,-10,-21,-8,-22,-7,-21,-7,0,0,-23,-6,-23,-5,-22,-4,-23,-4,-20,-3,-22,-2,-20,-1,-19,-1,-20,0,-22,3,-19,3,-19,4,-17,6,-16,6,-17,8,-15,9,-17,9,-16,8,-16,10,-15,8,-15,9,-15,8,-15,7,-14,6,-15,7,-15,6,-13,4,-13,4,0,0,0,0,0,0]"
CSI_DATA,3311832,1a:00:00:00:00:00,-62,11,-95,4,46,6,3311832,47,0,128,0,"[0,0,0,0,0,0,0,0,1,18,1,18,0,20,-1,21,-1,21,-1,23,-1,22,-4,21,-2,23,-5,20,-3,21,-4,21,-3,22,-3,21,-1,22,0,22,2,21,3,22,2,19,3,19,4,21,5,22,6,21,7,22,6,21,10,21,10,22,9,20,0,0,11,22,12,20,11,19,12,20,11,17,14,19,13,15,12,15,12,14,14,13,15,12,15,12,16,12,16,9,15,9,16,8,17,8,16,8,17,7,16,7,15,7,15,8,16,8,15,8,13,9,13,8,12,8,11,8,0,0,0,0,0,0]"
CSI_DATA,3315832,1a:00:00:00:00:00,-61,11,-95,4,46,6,3315832,47,0,128,0,"[0,0,0,0,0,0,0,0,-19,0,-18,-1,-19,-2,-19,-5,-20,-7,-21,-7,-21,-8,-19,-9,-19,-11,-16,-12,-17,-12,-17,-14,-18,-12,-17,-14,-16,-13,-18,-12,-16,-12,-19,-12,-17,-10,-16,-12,-18,-12,-18,-13,-17,-13,-18,-12,-17,-12,-20,-14,-18,-14,-17,-14,0,0,-20,-13,-19,-14,-18,-13,-17,-14,-15,-14,-17,-15,-16,-14,-15,-13,-15,-12,-17,-12,-17,-10,-14,-10,-16,-11,-15,-10,-15,-9,-15,-8,-16,-11,-15,-10,-16,-11,-14,-12,-14,-11,-12,-12,-11,-12,-10,-12,-10,-12,-9,-12,-6,-12,-5,-13,0,0,0,0,0,0]"
CSI_DATA,3321832,1a:00:00:00:00:00,-61,11,-95,4,46,6,3321832,47,0,128,0,"[0,0,0,0,0,0,0,0,11,14,10,16,10,18,9,18,9,19,7,21,7,20,3,22,3,23,0,20,2,22,-1,20,-1,21,-2,21,-1,21,1,22,0,20,1,23,0,21,0,19,0,22,0,23,-2,21,1,21,0,22,1,23,0,23,-2,22,0,0,-2,26,-2,23,-2,23,-2,23,-2,20,-3,22,-3,21,-3,19,-5,19,-3,21,-1,18,-2,19,-2,19,-1,19,-2,19,-1,17,-1,18,-2,17,-3,18,-5,17,-5,17,-5,16,-6,16,-5,16,-8,15,-8,13,-9,11,-9,11,0,0,0,0,0,0]"
CSI_DATA,3334081,1a:00:00:00:00:00,-61,11,-95,4,46,6,3334081,47,0,128,0,"[0,0,0,0,0,0,0,0,-15,12,-15,11,-17,10,-18,11,-18,11,-20,12,-19,10,-21,8,-20,10,-21,7,-19,9,-19,8,-20,9,-20,9,-19,9,-17,11,-19,11,-17,14,-16,13,-16,12,-16,14,-14,15,-15,15,-14,16,-15,16,-13,18,-15,19,-14,18,0,0,-13,21,-11,19,-12,20,-10,18,-10,18,-9,20,-8,18,-7,18,-6,18,-4,19,-3,20,-3,18,-3,19,-1,18,0,18,0,18,0,18,1,19,0,18,0,18,0,18,1,17,0,17,0,16,-1,17,-2,16,-2,13,-2,13,0,0,0,0,0,0]"
CSI_DATA,3337832,1a:00:00:00:00:00,-61,11,-95,4,46,6,3337832,47,0,128,0,"[0,0,0,0,0,0,0,0,15,-12,15,-11,16,-11,18,-10,21,-8,20,-7,21,-5,22,-6,23,-5,21,-2,22,-2,21,-1,22,-2,22,-1,21,-2,22,-1,20,-1,22,-2,21,-2,20,-1,22,-2,21,-2,21,-1,21,-1,23,-4,23,-3,22,-3,23,-1,0,0,23,0,23,0,23,0,24,0,21,1,23,0,19,0,19,0,19,0,20,-1,21,-2,19,-3,18,-2,17,-2,19,-2,17,-2,18,-3,18,-2,20,-1,18,0,19,1,17,2,16,2,16,2,15,4,15,4,13,6,12,6,0,0,0,0,0,0]"
CSI_DATA,3341956,1a:00:00:00:00:00,-61,11,-95,4,46,6,3341956,47,0,128,0,"[0,0,0,0,0,0,0,0,2,-19,4,-18,5,-19,6,-20,9,-20,9,-22,9,-19,11,-18,11,-19,12,-17,11,-18,11,-18,14,-17,14,-18,12,-17,12,-18,11,-17,11,-20,10,-18,10,-17,10,-19,8,-20,8,-19,8,-20,9,-21,10,-21,10,-20,8,-20,0,0,8,-23,9,-21,8,-22,10,-22,8,-20,6,-21,6,-18,6,-18,7,-19,5,-22,6,-19,4,-17,4,-18,3,-17,4,-18,4,-16,2,-18,3,-18,3,-18,4,-17,4,-18,4,-17,4,-16,6,-15,8,-14,8,-14,8,-12,8,-10,0,0,0,0,0,0]"
CSI_DATA,3353832,1a:00:00:00:00:00,-61,11,-95,4,46,6,3353832,47,0,128,0,"[0,0,0,0,0,0,0,0,-13,-14,-12,-14,-11,-16,-11,-17,-9,-19,-10,-20,-8,-21,-6,-20,-6,-22,-4,-21,-4,-22,-3,-21,-3,-21,-3,-21,-5,-22,-5,-22,-3,-20,-5,-22,-5,-20,-4,-20,-5,-20,-5,-20,-5,-20,-6,-22,-5,-22,-6,-22,-7,-22,-4,-21,0,0,-6,-23,-5,-22,-5,-22,-4,-22,-4,-20,-5,-21,-4,-20,-4,-19,-4,-18,-4,-19,-6,-19,-6,-18,-7,-20,-7,-16,-5,-17,-6,-17,-6,-17,-6,-16,-4,-18,-5,-16,-4,-17,-4,-17,-3,-17,-3,-17,0,-15,1,-16,3,-13,2,-14,0,0,0,0,0,0]"
CSI_DATA,3357832,1a:00:00:00:00:00,-61,11,-95,4,46,6,3357832,47,0,128,0,"[0,0,0,0,0,0,0,0,13,14,12,14,13,15,12,16,12,18,12,19,10,20,9,19,9,21,7,20,8,21,8,20,8,20,9,21,9,19,10,20,9,18,11,20,10,18,9,17,11,18,11,19,13,18,12,18,13,18,14,18,15,19,14,19,0,0,16,20,15,19,14,19,14,17,13,17,15,17,13,15,14,14,12,14,15,15,16,13,15,11,16,12,14,10,16,11,15,10,16,10,15,10,16,11,15,11,15,10,13,12,14,11,12,12,11,11,10,12,9,11,8,11,0,0,0,0,0,0]"
CSI_DATA,3363832,1a:00:00:00:00:00,-61,11,-95,4,46,6,3363832,47,0,128,0,"[0,0,0,0,0,0,0,0,5,-19,5,-17,7,-19,8,-18,9,-18,10,-20,11,-18,13,-17,14,-18,14,-15,13,-17,14,-16,15,-16,15,-17,13,-16,13,-16,12,-16,13,-18,12,-17,12,-16,11,-18,11,-18,11,-18,11,-18,13,-19,11,-20,11,-21,11,-20,0,0,11,-21,12,-21,11,-20,12,-20,10,-18,9,-19,9,-18,8,-18,8,-17,6,-19,7,-19,5,-17,6,-18,5,-16,5,-17,5,-18,4,-18,5,-17,4,-19,6,-17,6,-18,5,-15,5,-15,7,-15,8,-14,9,-12,8,-11,8,-10,0,0,0,0,0,0]"
CSI_DATA,3369832,1a:00:00:00:00:00,-61,11,-95,4,46,6,3369832,47,0,128,0,"[0,0,0,0,0,0,0,0,-16,11,-16,9,-18,10,-19,8,-20,7,-21,6,-21,5,-21,5,-22,4,-21,3,-21,2,-20,1,-23,2,-22,2,-21,2,-20,3,-19,1,-22,4,-21,3,-21,3,-21,4,-21,4,-21,4,-21,3,-23,5,-22,6,-23,6,-22,7,0,0,-23,5,-22,5,-23,4,-23,4,-20,4,-21,4,-19,4,-19,5,-20,4,-19,8,-19,7,-17,6,-17,7,-16,6,-18,7,-16,7,-17,6,-17,8,-18,7,-16,4,-17,6,-16,5,-16,3,-16,2,-16,1,-16,1,-13,-1,-13,-1,0,0,0,0,0,0]"
CSI_DATA,3371832,1a:00:00:00:00:00,-61,11,-95,4,46,6,3371832,47,0,128,0,"[0,0,0,0,0,0,0,0,-18,-6,-16,-7,-18,-9,-17,-10,-16,-13,-17,-14,-15,-16,-14,-16,-15,-16,-11,-16,-12,-17,-10,-18,-11,-18,-10,-19,-9,-19,-10,-19,-9,-19,-12,-19,-10,-18,-9,-17,-11,-19,-9,-19,-10,-20,-9,-20,-10,-20,-10,-22,-9,-21,-9,-20,0,0,-9,-20,-8,-23,-6,-22,-6,-22,-5,-20,-7,-22,-5,-19,-4,-18,-5,-18,-6,-18,-5,-20,-4,-18,-4,-18,-5,-17,-6,-18,-5,-17,-5,-17,-4,-18,-3,-18,-2,-17,-2,-18,0,-18,0,-18,3,-17,3,-16,5,-15,5,-13,5,-13,0,0,0,0,0,0]"
CSI_DATA,3373832,1a:00:00:00:00:00,-61,11,-95,4,46,6,3373832,47,0,128,0,"[0,0,0,0,0,0,0,0,15,-10,15,-9,18,-10,19,-9,19,-9,21,-9,20,-7,21,-6,22,-7,20,-4,22,-6,20,-5,22,-4,22,-5,20,-5,20,-6,20,-7,21,-8,19,-7,19,-7,19,-9,18,-10,18,-12,18,-12,19,-13,19,-11,20,-13,19,-13,0,0,20,-14,19,-13,18,-13,19,-13,16,-12,17,-13,16,-12,15,-13,15,-12,15,-14,14,-15,11,-14,11,-15,10,-15,11,-15,11,-15,10,-15,10,-15,10,-16,9,-14,11,-15,10,-14,10,-13,11,-13,12,-12,12,-10,11,-8,11,-7,0,0,0,0,0,0]"
CSI_DATA,3377832,1a:00:00:00:00:00,-61,11,-95,4,46,6,3377832,47,0,128,0,"[0,0,0,0,0,0,0,0,-12,14,-13,12,-15,13,-16,13,-17,13,-18,14,-18,12,-18,12,-17,13,-17,11,-19,12,-18,11,-18,12,-19,11,-16,12,-16,14,-16,15,-16,16,-15,15,-13,14,-12,17,-12,18,-11,18,-11,19,-11,21,-10,19,-11,21,-10,20,0,0,-8,24,-9,20,-7,21,-8,21,-6,20,-4,21,-5,19,-3,19,-3,20,-2,21,-1,20,0,17,0,19,2,18,2,17,3,18,4,18,3,19,5,19,3,17,4,18,4,17,3,16,3,17,0,17,1,15,0,13,0,15,0,0,0,0,0,0]"
CSI_DATA,3386132,1a:00:00:00:00:00,-61,11,-95,4,46,6,3386132,47,0,128,0,"[0,0,0,0,0,0,0,0,-18,1,-18,-1,-20,0,-21,-2,-21,-3,-22,-4,-21,-5,-21,-7,-21,-7,-19,-8,-20,-9,-18,-9,-21,-8,-21,-9,-19,-8,-19,-8,-20,-8,-22,-6,-21,-7,-18,-6,-20,-6,-21,-7,-20,-6,-21,-6,-22,-7,-22,-5,-23,-6,-21,-7,0,0,-23,-6,-23,-5,-22,-7,-22,-5,-20,-6,-21,-5,-19,-5,-18,-5,-18,-3,-20,-2,-20,-1,-17,-3,-19,-2,-19,-1,-19,0,-19,0,-18,-1,-18,-2,-18,-1,-17,-2,-18,-2,-17,-4,-17,-3,-15,-3,-17,-6,-15,-7,-11,-7,-11,-7,0,0,0,0,0,0]"
CSI_DATA,3386275,1a:00:00:00:00:00,-62,11,-95,4,46,6,3386275,47,0,128,0,"[0,0,0,0,0,0,0,0,19,-1,19,1,20,1,20,4,21,7,21,7,20,8,19,8,21,9,18,9,19,10,19,11,19,10,19,10,19,9,19,9,18,9,21,10,18,9,18,10,19,8,20,8,20,8,20,9,22,8,21,8,22,7,21,8,0,0,22,9,22,10,21,9,20,10,19,8,21,8,18,9,17,8,18,6,20,4,20,3,18,4,18,5,17,3,19,3,16,4,19,4,17,4,18,4,16,5,17,5,16,7,16,7,16,7,14,8,13,8,10,10,10,9,0,0,0,0,0,0]"
CSI_DATA,3387832,1a:00:00:00:00:00,-61,11,-95,4,46,6,3387832,47,0,128,0,"[0,0,0,0,0,0,0,0,-4,19,-6,17,-6,19,-8,19,-9,17,-12,20,-12,17,-15,16,-15,17,-15,15,-16,15,-15,14,-17,14,-17,14,-16,14,-16,14,-15,13,-18,15,-17,12,-16,12,-16,14,-16,13,-16,15,-16,14,-19,14,-18,14,-19,13,-19,13,0,0,-20,13,-18,12,-20,12,-20,11,-19,11,-18,12,-17,10,-17,10,-17,10,-15,11,-18,10,-15,10,-16,10,-14,10,-16,10,-16,10,-15,10,-17,10,-17,10,-16,8,-17,8,-16,7,-16,5,-17,4,-16,2,-15,1,-14,-1,-13,-2,0,0,0,0,0,0]"
CSI_DATA,3393832,1a:00:00:00:00:00,-61,11,-95,4,46,6,3393832,47,0,128,0,"[0,0,0,0,0,0,0,0,14,-12,15,-10,18,-12,18,-10,20,-8,21,-7,21,-6,21,-5,22,-4,22,-1,22,-1,20,1,22,1,22,2,22,1,22,2,20,1,23,1,22,1,21,3,21,1,22,2,21,2,22,2,23,2,24,3,24,5,23,4,0,0,25,5,23,5,23,5,23,6,20,5,21,7,20,6,18,6,19,5,21,6,20,5,18,5,18,6,17,5,18,5,16,5,18,4,17,7,17,6,17,8,17,8,15,8,14,9,13,11,12,12,11,12,8,11,8,10,0,0,0,0,0,0]"
CSI_DATA,3397832,1a:00:00:00:00:00,-61,11,-95,4,46,6,3397832,47,0,128,0,"[0,0,0,0,0,0,0,0,-13,14,-15,13,-15,13,-16,14,-17,11,-19,12,-18,10,-20,9,-21,10,-20,6,-21,8,-20,6,-22,6,-22,6,-20,5,-21,5,-20,6,-21,8,-22,7,-20,5,-20,7,-21,7,-19,8,-20,8,-22,7,-21,8,-22,6,-22,6,0,0,-23,7,-21,8,-22,8,-22,7,-20,6,-20,6,-18,6,-17,5,-19,6,-18,8,-19,7,-17,7,-18,7,-17,7,-16,7,-18,8,-16,7,-17,7,-16,7,-16,6,-17,6,-16,4,-16,3,-15,2,-17,2,-16,0,-13,-1,-14,-2,0,0,0,0,0,0]"
CSI_DATA,3402339,1a:00:00:00:00:00,-61,11,-95,4,46,6,3402339,47,0,128,0,"[0,0,0,0,0,0,0,0,-18,8,-18,6,-20,6,-20,5,-22,2,-22,2,-22,0,-21,0,-22,0,-21,-2,-23,-2,-21,-3,-22,-1,-23,-2,-22,-2,-22,-1,-20,-1,-24,1,-21,0,-20,0,-21,0,-22,1,-21,1,-22,1,-24,3,-22,2,-23,2,-23,2,0,0,-24,4,-24,2,-22,1,-22,1,-19,1,-22,2,-21,2,-19,2,-20,2,-21,5,-20,6,-19,6,-19,7,-17,6,-18,5,-17,6,-18,6,-16,6,-18,6,-17,4,-18,5,-16,3,-16,3,-16,4,-16,1,-15,1,-14,-1,-13,-2,0,0,0,0,0,0]"
CSI_DATA,3407832,1a:00:00:00:00:00,-61,11,-95,4,46,6,3407832,47,0,128,0,"[0,0,0,0,0,0,0,0,-19,0,-18,-2,-20,-2,-21,-3,-21,-5,-23,-6,-20,-7,-20,-8,-21,-7,-19,-10,-20,-9,-18,-10,-19,-10,-20,-10,-19,-9,-20,-9,-19,-9,-22,-7,-21,-7,-18,-7,-20,-7,-21,-6,-20,-5,-21,-6,-23,-5,-22,-6,-23,-6,-20,-6,0,0,-25,-5,-21,-7,-22,-7,-21,-6,-20,-5,-22,-5,-19,-5,-19,-4,-19,-4,-20,-2,-20,-3,-19,-2,-20,-2,-17,-1,-19,-1,-18,-1,-19,0,-18,0,-18,1,-17,-2,-18,-1,-18,-2,-18,-3,-17,-4,-16,-4,-15,-5,-12,-6,-12,-7,0,0,0,0,0,0]"
CSI_DATA,3413833,1a:00:00:00:00:00,-61,11,-95,4,46,6,3413833,47,0,128,0,"[0,0,0,0,0,0,0,0,16,10,14,11,15,13,15,14,15,16,16,17,13,17,13,18,14,18,10,18,11,19,9,18,8,20,9,20,9,20,11,20,10,20,12,19,11,18,9,16,11,17,12,18,12,17,14,18,13,19,13,18,12,19,12,19,0,0,14,20,12,20,13,19,12,19,12,18,14,18,13,18,12,15,13,16,12,13,12,15,12,14,12,16,12,13,12,13,13,13,14,13,13,14,13,14,11,13,13,15,11,15,10,15,9,15,7,15,6,14,4,13,4,13,0,0,0,0,0,0]"
CSI_DATA,3415832,1a:00:00:00:00:00,-61,11,-95,4,46,6,3415832,47,0,128,0,"[0,0,0,0,0,0,0,0,2,19,0,18,0,20,-3,21,-5,21,-6,22,-7,21,-9,19,-10,21,-12,19,-12,19,-12,17,-13,18,-15,17,-12,16,-12,17,-13,17,-13,19,-13,16,-12,15,-13,16,-13,16,-12,17,-14,17,-16,16,-15,18,-17,18,-15,16,0,0,-18,18,-18,17,-18,16,-18,15,-16,13,-17,13,-15,12,-17,11,-16,12,-15,12,-17,14,-14,11,-15,12,-14,11,-14,12,-15,11,-13,11,-16,11,-16,10,-16,8,-17,8,-16,7,-16,5,-16,6,-16,2,-16,2,-14,0,-14,0,0,0,0,0,0,0]"
CSI_DATA,3417832,1a:00:00:00:00:00,-61,11,-95,4,46,6,3417832,47,0,128,0,"[0,0,0,0,0,0,0,0,-17,-7,-16,-9,-17,-11,-16,-11,-17,-13,-19,-14,-17,-13,-16,-14,-16,-16,-14,-16,-15,-16,-13,-17,-15,-16,-15,-16,-15,-15,-16,-14,-16,-14,-18,-14,-16,-12,-16,-12,-16,-12,-18,-12,-17,-13,-19,-11,-19,-12,-20,-11,-20,-11,-19,-11,0,0,-21,-11,-21,-11,-20,-8,-20,-10,-18,-9,-21,-10,-19,-8,-16,-9,-18,-7,-18,-6,-18,-5,-19,-4,-19,-2,-17,-3,-19,-1,-18,0,-19,-1,-19,-2,-19,-1,-17,-3,-19,-4,-17,-2,-17,-5,-16,-4,-16,-4,-15,-5,-12,-6,-12,-6,0,0,0,0,0,0]"
CSI_DATA,3423833,1a:00:00:00:00:00,-61,11,-95,4,46,6,3423833,47,0,128,0,"[0,0,0,0,0,0,0,0,3,19,-1,18,0,19,-1,22,-2,21,-2,24,-4,22,-6,20,-6,22,-7,20,-6,21,-8,20,-9,20,-8,20,-7,21,-7,22,-6,21,-4,22,-4,21,-5,19,-4,21,-2,21,-2,21,-2,21,-2,22,-1,23,-2,24,-1,23,0,0,-2,25,0,24,-1,24,0,24,-1,21,0,22,-1,20,1,19,2,20,2,20,3,20,3,19,4,19,5,18,4,18,5,18,5,18,3,19,5,19,4,18,3,18,3,17,2,19,1,17,0,17,-1,16,-2,14,-2,14,0,0,0,0,0,0]"
CSI_DATA,3427833,1a:00:00:00:00:00,-61,11,-95,4,46,6,3427833,47,0,128,0,"[0,0,0,0,0,0,0,0,-6,-18,-5,-18,-4,-18,-5,-22,-2,-21,-3,-22,-2,-22,-2,-22,-1,-21,1,-19,-1,-21,0,-20,-1,-21,-1,-22,-2,-21,-4,-21,-3,-21,-6,-21,-5,-20,-5,-19,-7,-22,-7,-21,-7,-19,-10,-19,-8,-20,-11,-20,-12,-22,-11,-19,0,0,-13,-20,-12,-20,-13,-20,-13,-18,-12,-17,-14,-17,-14,-16,-13,-15,-13,-14,-16,-15,-15,-14,-15,-12,-15,-12,-15,-11,-16,-10,-16,-8,-16,-9,-17,-9,-17,-10,-16,-8,-16,-9,-15,-9,-14,-9,-15,-9,-13,-11,-12,-10,-10,-9,-10,-10,0,0,0,0,0,0]"
CSI_DATA,3433888,1a:00:00:00:00:00,-61,11,-95,4,46,6,3433888,47,0,128,0,"[0,0,0,0,0,0,0,0,15,-11,16,-9,18,-8,19,-9,21,-7,21,-7,22,-6,22,-5,24,-5,22,-4,23,-4,20,-3,22,-5,22,-5,21,-5,20,-6,19,-6,22,-8,20,-7,20,-8,19,-9,20,-9,18,-9,19,-10,20,-11,19,-14,20,-13,21,-14,0,0,20,-13,19,-13,18,-13,20,-15,17,-12,16,-14,16,-13,15,-13,15,-13,15,-15,13,-16,12,-16,11,-15,9,-15,11,-16,10,-15,9,-16,9,-16,9,-18,10,-15,9,-16,10,-15,10,-14,10,-13,11,-12,11,-12,11,-9,10,-9,0,0,0,0,0,0]"
CSI_DATA,3437833,1a:00:00:00:00:00,-61,11,-95,4,46,6,3437833,47,0,128,0,"[0,0,0,0,0,0,0,0,4,-19,4,-18,5,-19,6,-20,5,-20,7,-22,7,-21,8,-19,9,-21,10,-19,9,-20,9,-19,8,-21,6,-21,4,-21,4,-22,4,-20,3,-23,2,-21,1,-20,0,-22,0,-22,-1,-22,-2,-22,-2,-23,-5,-22,-6,-24,-4,-21,0,0,-6,-23,-8,-22,-8,-21,-8,-22,-10,-20,-9,-20,-9,-18,-9,-18,-9,-18,-12,-18,-14,-16,-13,-13,-14,-13,-14,-11,-14,-11,-14,-10,-15,-10,-15,-11,-14,-10,-13,-12,-16,-10,-14,-10,-15,-9,-14,-10,-13,-10,-12,-11,-10,-9,-9,-11,0,0,0,0,0,0]"
CSI_DATA,3443833,1a:00:00:00:00:00,-61,11,-95,4,46,6,3443833,47,0,128,0,"[0,0,0,0,0,0,0,0,-15,9,-17,8,-19,9,-19,8,-21,6,-21,8,-21,7,-21,5,-22,7,-21,3,-21,6,-20,5,-22,6,-20,6,-20,8,-19,10,-18,9,-20,11,-17,9,-18,10,-17,12,-17,13,-17,13,-16,14,-17,15,-17,18,-16,18,-16,16,0,0,-16,18,-16,18,-14,17,-14,18,-12,16,-13,18,-11,18,-11,18,-9,17,-7,18,-7,20,-6,18,-5,19,-4,17,-4,19,-4,18,-2,18,-2,19,-3,19,-3,18,-3,19,-3,17,-2,17,-3,16,-4,16,-4,15,-4,14,-5,13,0,0,0,0,0,0]"
CSI_DATA,3447833,1a:00:00:00:00:00,-61,11,-95,4,46,6,3447833,47,0,128,0,"[0,0,0,0,0,0,0,0,-6,-19,-3,-18,-3,-20,-2,-20,0,-22,0,-23,2,-22,3,-21,6,-23,7,-20,7,-21,8,-20,7,-21,7,-20,7,-19,7,-22,7,-19,7,-22,6,-19,7,-19,6,-20,7,-21,7,-21,8,-21,8,-22,7,-22,7,-22,8,-22,0,0,10,-23,10,-22,9,-20,9,-21,9,-18,10,-20,9,-19,9,-18,9,-18,8,-21,8,-19,6,-18,7,-19,6,-17,7,-18,6,-16,6,-18,8,-17,8,-18,10,-16,10,-16,10,-16,10,-15,11,-14,11,-12,12,-10,11,-7,11,-8,0,0,0,0,0,0]"
CSI_DATA,3452679,1a:00:00:00:00:00,-61,11,-95,4,46,6,3452679,47,0,128,0,"[0,0,0,0,0,0,0,0,-17,-10,-14,-11,-15,-11,-17,-13,-14,-15,-15,-17,-13,-17,-14,-17,-13,-18,-12,-18,-10,-18,-9,-19,-10,-20,-9,-21,-11,-19,-9,-20,-10,-18,-10,-19,-11,-19,-9,-17,-12,-19,-11,-19,-11,-19,-11,-18,-12,-20,-12,-21,-12,-20,-11,-19,0,0,-13,-21,-11,-21,-11,-22,-11,-20,-9,-19,-12,-20,-11,-19,-9,-18,-9,-15,-11,-16,-11,-17,-11,-15,-11,-16,-11,-15,-10,-15,-12,-16,-11,-15,-11,-15,-11,-15,-9,-15,-10,-16,-9,-16,-7,-16,-6,-16,-5,-16,-4,-16,-1,-14,-1,-15,0,0,0,0,0,0]"
CSI_DATA,3457833,1a:00:00:00:00:00,-61,11,-95,4,46,6,3457833,47,0,128,0,"[0,0,0,0,0,0,0,0,5,-19,6,-18,8,-18,9,-19,11,-19,12,-19,13,-18,15,-17,16,-17,16,-15,16,-16,16,-14,16,-16,16,-15,16,-14,15,-16,15,-14,16,-17,15,-14,15,-15,14,-15,15,-16,15,-16,15,-16,16,-18,14,-18,15,-18,16,-18,0,0,17,-16,17,-19,15,-17,17,-17,14,-16,14,-16,14,-15,14,-13,12,-16,12,-18,12,-17,10,-14,11,-16,9,-14,11,-17,10,-15,10,-17,11,-16,12,-15,12,-14,13,-15,12,-12,12,-13,12,-12,14,-11,14,-10,12,-7,13,-7,0,0,0,0,0,0]"
CSI_DATA,3463833,1a:00:00:00:00:00,-61,11,-95,4,46,6,3463833,47,0,128,0,"[0,0,0,0,0,0,0,0,-18,6,-17,5,-19,5,-20,3,-23,1,-23,1,-23,-2,-22,-2,-23,-2,-21,-5,-22,-4,-21,-6,-22,-5,-22,-5,-21,-4,-21,-4,-20,-5,-22,-3,-20,-3,-21,-5,-21,-4,-22,-4,-21,-4,-21,-5,-22,-3,-23,-4,-23,-4,-23,-4,0,0,-23,-3,-24,-6,-23,-5,-22,-6,-20,-5,-22,-6,-19,-5,-20,-5,-20,-5,-21,-4,-21,-4,-19,-3,-20,-3,-17,-3,-19,-3,-18,-3,-17,-2,-18,-3,-19,-3,-17,-4,-18,-4,-17,-6,-17,-6,-16,-6,-15,-8,-13,-9,-11,-9,-11,-9,0,0,0,0,0,0]"
CSI_DATA,3473833,1a:00:00:00:00:00,-61,11,-95,4,46,6,3473833,47,0,128,0,"[0,0,0,0,0,0,0,0,-19,-7,-17,-9,-19,-9,-18,-11,-18,-13,-19,-14,-17,-15,-16,-15,-16,-16,-14,-16,-15,-16,-13,-16,-15,-17,-15,-17,-13,-16,-15,-16,-14,-16,-17,-15,-16,-13,-13,-14,-16,-16,-17,-15,-16,-15,-16,-15,-17,-14,-18,-15,-18,-15,-17,-16,0,0,-20,-15,-18,-16,-17,-15,-16,-14,-16,-13,-18,-15,-17,-15,-14,-12,-16,-13,-19,-11,-18,-10,-17,-10,-17,-10,-16,-8,-16,-8,-17,-8,-17,-8,-16,-9,-16,-10,-15,-11,-16,-11,-14,-11,-14,-11,-14,-10,-12,-11,-12,-12,-8,-11,-9,-13,0,0,0,0,0,0]"
CSI_DATA,3479833,1a:00:00:00:00:00,-61,11,-95,4,46,6,3479833,47,0,128,0,"[0,0,0,0,0,0,0,0,8,18,5,19,5,20,3,20,2,23,1,22,-1,22,-2,22,-3,22,-5,21,-4,22,-5,22,-4,22,-3,22,-3,22,-3,23,-3,22,-3,23,-2,21,-4,20,-2,20,-3,21,-1,22,-2,22,-1,23,-1,23,-1,25,-3,23,0,0,-3,25,-2,23,-3,23,-3,23,-2,21,-2,22,-3,20,-3,20,-2,20,-1,21,0,20,1,19,0,21,1,18,0,18,0,18,2,19,0,19,-1,19,-1,18,-2,20,-2,18,-2,18,-2,18,-5,17,-6,15,-6,13,-7,13,0,0,0,0,0,0]"
CSI_DATA,3483833,1a:00:00:00:00:00,-61,11,-95,4,46,6,3483833,47,0,128,0,"[0,0,0,0,0,0,0,0,-9,-18,-6,-18,-5,-20,-5,-20,-4,-21,-5,-22,-3,-23,-1,-21,-2,-23,-1,-22,-1,-21,1,-21,-1,-22,-2,-23,-2,-22,-3,-22,-3,-21,-3,-22,-3,-20,-3,-19,-5,-22,-6,-22,-5,-22,-5,-20,-7,-21,-8,-22,-8,-24,-8,-20,0,0,-9,-24,-8,-24,-8,-21,-8,-21,-7,-19,-10,-20,-9,-20,-8,-17,-9,-19,-13,-17,-12,-16,-11,-16,-11,-16,-11,-14,-11,-14,-11,-15,-14,-15,-12,-14,-12,-15,-11,-15,-11,-14,-9,-16,-10,-15,-10,-16,-7,-15,-6,-14,-5,-14,-4,-14,0,0,0,0,0,0]"
CSI_DATA,3489833,1a:00:00:00:00:00,-61,11,-95,4,46,6,3489833,47,0,128,0,"[0,0,0,0,0,0,0,0,-4,19,-5,18,-7,19,-8,20,-10,19,-11,20,-12,19,-13,18,-14,19,-14,16,-14,16,-13,16,-14,18,-14,17,-13,17,-12,19,-12,17,-13,19,-11,17,-11,17,-11,18,-11,19,-11,19,-10,19,-11,21,-8,21,-10,21,-9,23,0,0,-10,22,-12,21,-9,21,-11,21,-9,19,-10,21,-9,19,-8,19,-9,19,-6,22,-5,22,-3,18,-4,20,-3,18,-5,19,-4,18,-2,19,-3,20,-4,21,-4,19,-5,19,-5,17,-4,18,-5,17,-6,16,-8,14,-7,12,-7,11,0,0,0,0,0,0]"
CSI_DATA,3495833,1a:00:00:00:00:00,-61,11,-95,4,46,6,3495833,47,0,128,0,"[0,0,0,0,0,0,0,0,18,-7,18,-6,19,-6,21,-6,20,-3,23,-2,22,-1,22,-1,23,0,21,1,22,1,21,3,24,1,23,2,21,2,21,2,21,1,23,0,21,0,20,1,22,0,23,-1,21,-2,23,-1,23,-1,23,0,25,0,23,-1,0,0,24,-3,22,-1,24,-1,24,-2,22,-1,22,-3,20,-1,19,-3,19,-3,19,-5,21,-5,20,-3,20,-4,18,-4,18,-5,19,-6,19,-5,18,-5,19,-6,18,-4,18,-4,19,-2,18,-2,18,-1,17,1,16,1,14,3,14,3,0,0,0,0,0,0]"
CSI_DATA,3499833,1a:00:00:00:00:00,-61,11,-95,4,46,6,3499833,47,0,128,0,"[0,0,0,0,0,0,0,0,-16,10,-16,10,-19,8,-19,9,-20,7,-21,8,-22,6,-21,6,-24,5,-22,4,-22,5,-21,4,-22,5,-23,6,-21,6,-20,6,-20,7,-23,8,-21,6,-20,7,-20,9,-19,10,-19,11,-19,11,-21,12,-19,12,-20,13,-20,15,0,0,-21,15,-19,14,-18,13,-20,15,-17,13,-18,15,-15,14,-14,13,-16,14,-15,17,-14,16,-12,15,-11,15,-9,15,-12,17,-10,16,-10,16,-11,17,-10,17,-10,15,-10,16,-11,15,-11,15,-11,14,-11,13,-11,11,-11,8,-11,9,0,0,0,0,0,0]"
CSI_DATA,3505833,1a:00:00:00:00:00,-61,11,-95,4,46,6,3505833,47,0,128,0,"[0,0,0,0,0,0,0,0,18,6,18,7,19,8,19,9,18,12,19,14,18,14,18,14,18,14,17,14,17,14,16,16,17,15,16,16,17,14,17,13,16,14,19,13,19,12,17,12,18,12,19,11,20,10,19,11,22,11,21,12,21,11,22,10,0,0,25,11,22,10,21,12,22,9,20,8,22,8,19,7,19,7,19,6,21,4,21,4,20,3,20,4,18,2,19,2,19,2,20,2,19,2,20,1,18,2,20,2,18,3,18,4,18,5,17,5,15,6,13,7,12,7,0,0,0,0,0,0]"
CSI_DATA,3511833,1a:00:00:00:00:00,-61,11,-95,4,46,6,3511833,47,0,128,0,"[0,0,0,0,0,0,0,0,-8,-17,-6,-18,-6,-20,-5,-21,-4,-20,-5,-23,-2,-22,-1,-22,-1,-23,1,-21,0,-21,1,-21,1,-22,2,-23,1,-22,0,-23,-1,-22,-1,-22,-3,-21,-1,-19,-3,-22,-3,-22,-5,-22,-5,-22,-4,-23,-3,-23,-4,-25,-3,-22,0,0,-6,-25,-5,-24,-6,-24,-4,-22,-5,-21,-7,-22,-6,-21,-5,-20,-7,-20,-9,-19,-7,-19,-8,-19,-8,-19,-9,-17,-9,-16,-9,-17,-9,-17,-8,-17,-9,-17,-7,-16,-8,-18,-7,-17,-6,-17,-4,-18,-3,-16,-3,-17,0,-14,0,-15,0,0,0,0,0,0]"
CSI_DATA,3515833,1a:00:00:00:00:00,-61,11,-95,4,46,6,3515833,47,0,128,0,"[0,0,0,0,0,0,0,0,9,16,8,18,8,18,8,19,6,21,8,22,6,23,5,21,6,22,3,22,5,20,4,22,5,22,5,23,5,22,7,22,7,20,9,22,9,19,8,19,9,19,11,20,12,19,11,19,13,20,14,21,14,20,14,19,0,0,17,20,16,19,15,18,16,17,15,15,17,17,15,14,16,14,15,14,19,13,18,12,17,11,18,11,16,8,18,9,17,9,19,8,18,7,18,7,17,8,19,8,17,8,17,8,15,9,14,9,14,9,9,10,12,10,0,0,0,0,0,0]"
CSI_DATA,3521833,1a:00:00:00:00:00,-61,11,-95,4,46,6,3521833,47,0,128,0,"[0,0,0,0,0,0,0,0,6,-19,7,-19,7,-19,10,-19,9,-19,10,-22,11,-19,13,-19,13,-18,14,-17,14,-18,12,-17,13,-18,14,-19,12,-18,11,-20,10,-17,10,-20,10,-20,9,-17,9,-21,9,-20,7,-21,7,-22,8,-21,7,-23,7,-25,6,-23,0,0,7,-24,4,-23,5,-24,5,-22,4,-24,2,-23,3,-21,2,-20,1,-20,1,-20,-1,-22,-1,-20,-2,-20,-3,-19,-3,-19,-3,-21,-5,-19,-2,-19,-3,-20,-3,-19,-2,-19,-2,-18,-2,-18,-1,-18,0,-18,1,-16,3,-15,3,-14,0,0,0,0,0,0]"
CSI_DATA,3531833,1a:00:00:00:00:00,-61,11,-95,4,46,6,3531833,47,0,128,0,"[0,0,0,0,0,0,0,0,17,-9,18,-8,19,-9,21,-9,22,-7,21,-8,22,-6,21,-5,22,-6,22,-4,23,-7,21,-4,22,-5,24,-6,20,-7,21,-8,19,-8,21,-11,20,-10,19,-10,19,-11,18,-13,17,-12,18,-14,19,-15,17,-16,18,-17,19,-16,0,0,19,-19,15,-17,15,-17,16,-18,14,-16,14,-18,13,-16,11,-16,12,-17,10,-17,10,-20,8,-18,7,-19,7,-19,6,-18,5,-19,4,-20,6,-19,4,-21,4,-18,6,-20,5,-18,5,-18,5,-17,7,-17,7,-16,7,-13,7,-12,0,0,0,0,0,0]"
CSI_DATA,3537833,1a:00:00:00:00:00,-61,11,-95,4,46,6,3537833,47,0,128,0,"[0,0,0,0,0,0,0,0,-19,-4,-19,-6,-20,-6,-22,-7,-21,-8,-22,-8,-20,-10,-21,-10,-21,-10,-19,-12,-21,-10,-19,-12,-20,-11,-21,-11,-20,-11,-20,-9,-20,-10,-22,-6,-22,-5,-20,-6,-21,-5,-21,-5,-21,-5,-22,-3,-23,-4,-23,-3,-25,-2,-24,-3,0,0,-27,-1,-24,-1,-25,0,-24,0,-22,0,-24,2,-21,1,-21,0,-21,4,-20,4,-21,5,-18,5,-19,5,-17,6,-18,8,-18,8,-18,8,-18,9,-18,9,-17,8,-18,8,-18,7,-17,6,-17,6,-18,5,-18,4,-14,1,-15,1,0,0,0,0,0,0]"
CSI_DATA,3541833,1a:00:00:00:00:00,-61,11,-95,4,46,6,3541833,47,0,128,0,"[0,0,0,0,0,0,0,0,7,-18,8,-17,10,-17,12,-19,13,-17,14,-18,16,-16,18,-15,19,-14,19,-12,20,-13,19,-9,20,-12,21,-10,20,-10,20,-11,19,-10,21,-11,20,-10,19,-9,20,-10,21,-10,20,-9,21,-9,22,-9,20,-9,23,-10,22,-9,0,0,24,-10,22,-8,22,-9,23,-6,20,-6,22,-6,20,-5,21,-3,20,-4,21,-4,19,-6,19,-6,20,-6,20,-6,19,-5,20,-5,17,-5,21,-4,20,-4,19,-1,21,-1,18,0,19,1,18,2,19,4,16,4,13,7,12,6,0,0,0,0,0,0]"
CSI_DATA,3548106,1a:00:00:00:00:00,-61,11,-95,4,46,6,3548106,47,0,128,0,"[0,0,0,0,0,0,0,0,-15,-13,-13,-13,-13,-14,-13,-16,-12,-17,-14,-18,-13,-19,-13,-18,-13,-21,-11,-18,-12,-19,-10,-19,-13,-18,-14,-18,-14,-18,-15,-16,-14,-15,-17,-16,-15,-15,-16,-14,-16,-15,-19,-14,-19,-14,-18,-12,-20,-13,-20,-11,-22,-11,-22,-10,0,0,-23,-10,-23,-11,-22,-9,-23,-9,-21,-8,-24,-7,-21,-6,-19,-6,-20,-5,-23,-1,-22,-1,-21,-1,-20,1,-19,1,-20,2,-19,3,-19,3,-20,4,-20,3,-19,3,-19,3,-19,2,-19,2,-18,1,-17,0,-17,0,-15,-2,-15,-1,0,0,0,0,0,0]"
CSI_DATA,3552065,1a:00:00:00:00:00,-61,11,-95,4,46,6,3552065,47,0,128,0,"[0,0,0,0,0,0,0,0,-19,6,-20,4,-20,3,-22,3,-23,0,-22,0,-22,-3,-22,-4,-23,-6,-22,-7,-21,-8,-21,-8,-22,-8,-21,-8,-21,-7,-21,-6,-19,-7,-23,-6,-20,-7,-20,-7,-20,-9,-21,-8,-22,-8,-21,-9,-23,-9,-23,-6,-22,-7,-20,-9,0,0,-23,-9,-23,-12,-22,-11,-21,-11,-19,-11,-21,-11,-19,-11,-18,-10,-19,-10,-21,-7,-20,-9,-19,-8,-19,-9,-17,-7,-19,-8,-18,-7,-18,-8,-18,-9,-18,-9,-17,-10,-17,-10,-15,-12,-15,-11,-14,-12,-12,-12,-10,-13,-7,-13,-8,-13,0,0,0,0,0,0]"
CSI_DATA,3557833,1a:00:00:00:00:00,-61,11,-95,4,46,6,3557833,47,0,128,0,"[0,0,0,0,0,0,0,0,-20,-1,-19,-2,-20,-4,-20,-4,-22,-7,-21,-8,-22,-9,-19,-10,-20,-12,-17,-13,-18,-13,-16,-15,-18,-14,-16,-15,-17,-15,-18,-14,-17,-15,-20,-14,-17,-13,-15,-13,-17,-14,-18,-15,-16,-16,-17,-16,-17,-17,-19,-15,-18,-15,-17,-17,0,0,-17,-17,-18,-18,-17,-18,-17,-18,-14,-17,-16,-18,-13,-17,-13,-18,-13,-15,-13,-15,-15,-14,-14,-14,-15,-16,-13,-14,-14,-13,-14,-13,-15,-14,-13,-15,-12,-15,-10,-16,-11,-17,-9,-17,-8,-18,-7,-17,-6,-16,-4,-16,-2,-15,-1,-15,0,0,0,0,0,0]"
CSI_DATA,3561833,1a:00:00:00:00:00,-61,11,-95,4,46,6,3561833,47,0,128,0,"[0,0,0,0,0,0,0,0,19,4,19,6,20,6,20,9,20,11,21,12,19,13,18,13,18,14,15,16,18,16,15,17,16,16,17,17,16,15,18,15,16,14,19,14,17,12,16,14,17,13,18,14,18,16,19,14,20,15,20,13,21,15,19,15,0,0,21,16,20,14,19,13,21,15,16,13,19,14,18,14,16,12,18,12,20,11,19,10,18,10,19,11,17,8,19,8,18,7,19,9,18,9,17,9,16,11,17,11,16,11,14,13,14,12,13,13,12,13,8,13,8,12,0,0,0,0,0,0]"
CSI_DATA,3563833,1a:00:00:00:00:00,-61,11,-95,4,46,6,3563833,47,0,128,0,"[0,0,0,0,0,0,0,0,-13,17,-13,14,-14,16,-15,15,-15,17,-17,17,-17,16,-17,14,-18,16,-18,11,-17,15,-17,14,-17,16,-17,15,-15,16,-14,18,-13,18,-12,20,-10,18,-11,18,-10,20,-10,21,-10,21,-7,22,-8,23,-5,23,-4,25,-4,23,0,0,-5,26,-4,25,-1,24,-2,24,-1,22,0,24,0,22,2,21,3,22,5,20,6,21,7,19,7,18,9,17,9,19,9,16,9,16,10,18,10,19,9,18,10,18,10,16,9,17,10,17,7,16,7,17,4,14,6,14,0,0,0,0,0,0]"
CSI_DATA,3567979,1a:00:00:00:00:00,-61,11,-95,4,46,6,3567979,47,0,128,0,"[0,0,0,0,0,0,0,0,-1,20,-2,19,-4,20,-6,20,-8,21,-9,22,-9,20,-11,19,-13,20,-13,17,-13,18,-14,17,-15,18,-15,18,-14,18,-13,18,-12,17,-14,20,-14,18,-14,16,-13,18,-13,19,-13,18,-14,19,-15,20,-14,21,-14,22,-15,21,0,0,-15,20,-16,20,-14,19,-16,20,-13,17,-15,19,-14,17,-13,16,-15,17,-13,20,-12,18,-10,17,-11,18,-10,17,-12,17,-11,16,-10,18,-11,17,-12,17,-12,15,-12,15,-13,14,-13,14,-13,12,-15,10,-14,10,-13,6,-14,7,0,0,0,0,0,0]"
CSI_DATA,3573442,1a:00:00:00:00:00,-61,11,-95,4,46,6,3573442,47,0,128,0,"[0,0,0,0,0,0,0,0,16,-11,17,-8,19,-9,20,-8,22,-7,22,-7,22,-5,22,-3,23,-2,22,1,24,0,23,2,24,0,23,1,23,2,23,0,22,1,25,-1,22,-1,22,-1,22,-1,23,1,22,1,24,-1,24,-1,24,-1,24,0,25,1,0,0,25,-1,26,0,24,0,25,0,23,1,24,1,22,1,20,2,21,0,24,-1,22,-2,20,-1,21,-1,18,-1,21,-2,19,-3,20,-1,21,-1,20,-1,20,1,19,2,20,3,19,4,19,4,16,4,17,6,13,7,12,6,0,0,0,0,0,0]"
CSI_DATA,3576592,1a:00:00:00:00:00,-61,11,-95,4,46,6,3576592,47,0,128,0,"[0,0,0,0,0,0,0,0,20,3,18,4,21,5,20,6,21,9,23,9,21,10,21,11,21,10,20,11,21,10,19,12,20,10,21,11,20,9,21,9,19,10,24,8,20,7,21,7,20,6,22,7,22,5,22,4,24,5,24,4,24,4,24,2,0,0,26,2,26,2,24,4,25,1,21,1,24,1,22,0,21,1,21,-1,23,-3,22,-3,20,-4,21,-5,19,-5,21,-4,19,-5,20,-7,18,-6,20,-7,18,-5,19,-7,18,-4,18,-4,18,-3,18,-2,17,-1,15,2,15,0,0,0,0,0,0,0]"
CSI_DATA,3581833,1a:00:00:00:00:00,-61,11,-95,4,46,6,3581833,47,0,128,0,"[0,0,0,0,0,0,0,0,0,20,-1,19,-1,21,-3,21,-3,23,-3,23,-5,22,-6,21,-7,23,-8,20,-7,23,-8,21,-7,22,-6,23,-5,23,-4,22,-3,21,-2,24,-2,21,-2,21,-1,22,0,23,0,23,2,24,1,23,2,24,4,26,2,23,0,0,4,27,5,25,6,24,5,25,5,22,6,23,5,22,5,20,6,21,8,20,9,20,8,17,11,18,10,16,10,17,11,15,13,17,11,17,11,17,10,18,9,18,10,17,9,16,9,18,8,17,5,16,5,14,4,14,0,0,0,0,0,0]"
CSI_DATA,3589240,1a:00:00:00:00:00,-61,11,-95,4,46,6,3589240,47,0,128,0,"[0,0,0,0,0,0,0,0,-29,-21,-38,-10,-42,3,-39,12,-14,-16,-25,-18,-14,10,-8,3,-38,-2,-12,-15,-26,7,-25,-17,-30,-13,-32,-7,-31,0,-28,4,-22,4,-26,-12,-29,-7,-11,-5,-15,-7,-24,2,-24,-11,-17,0,-23,-2,-31,1,-29,4,-25,4,0,0,-19,1,-32,-4,-30,-1,-21,-9,-24,-9,-20,0,-27,-4,-14,-5,-24,2,-20,-6,-24,-6,-25,-4,-27,1,-23,3,-18,-4,-19,-5,-18,5,-15,3,-26,1,-16,-5,-21,4,-20,-8,-13,1,-11,-3,-12,-6,-13,-10,-13,-2,-12,4,0,0,0,0,0,0]"
CSI_DATA,3599984,1a:00:00:00:00:00,-61,11,-95,4,46,6,3599984,47,0,128,0,"[0,0,0,0,0,0,0,0,10,-17,12,-15,13,-17,15,-18,15,-17,17,-17,18,-15,19,-14,18,-14,19,-12,19,-13,18,-12,20,-12,20,-12,19,-12,19,-13,18,-12,20,-14,18,-13,18,-12,17,-14,17,-15,16,-16,18,-16,17,-16,18,-17,19,-17,18,-15,0,0,19,-19,19,-17,20,-17,19,-17,15,-16,17,-17,14,-15,14,-15,15,-15,16,-15,15,-17,13,-15,14,-16,11,-16,13,-16,13,-16,11,-16,12,-16,12,-18,12,-15,13,-17,13,-14,13,-12,14,-12,16,-10,14,-10,14,-6,13,-6,0,0,0,0,0,0]"
CSI_DATA,3603118,1a:00:00:00:00:00,-61,11,-95,4,46,6,3603118,47,0,128,0,"[0,0,0,0,0,0,0,0,-1,-20,2,-19,1,-21,1,-23,2,-22,2,-25,4,-23,6,-22,4,-23,5,-21,4,-23,6,-21,4,-23,5,-21,3,-22,3,-24,2,-23,0,-24,0,-23,0,-21,-1,-24,-4,-23,-4,-23,-5,-24,-5,-24,-6,-24,-6,-25,-5,-23,0,0,-8,-24,-8,-24,-9,-24,-9,-22,-9,-22,-11,-22,-10,-20,-11,-19,-11,-17,-13,-16,-13,-17,-13,-16,-14,-17,-14,-14,-14,-13,-16,-13,-15,-12,-15,-13,-16,-13,-14,-12,-16,-13,-14,-12,-15,-13,-13,-13,-11,-14,-10,-14,-9,-12,-9,-13,0,0,0,0,0,0]"
CSI_DATA,3612023,1a:00:00:00:00:00,-61,11,-95,4,46,6,3612023,47,0,128,0,"[0,0,0,0,0,0,0,0,-20,1,-20,0,-20,-2,-22,-3,-22,-6,-22,-6,-21,-9,-21,-7,-21,-10,-19,-11,-20,-11,-19,-13,-20,-11,-19,-13,-19,-11,-20,-12,-19,-11,-22,-11,-20,-10,-18,-11,-19,-11,-20,-12,-21,-11,-20,-12,-22,-12,-22,-13,-22,-12,-19,-12,0,0,-23,-14,-21,-16,-20,-15,-20,-13,-18,-13,-20,-13,-19,-13,-17,-13,-17,-12,-19,-11,-19,-11,-18,-10,-18,-10,-17,-8,-18,-10,-17,-9,-17,-10,-17,-10,-18,-10,-16,-12,-16,-12,-15,-12,-13,-13,-14,-13,-12,-13,-9,-14,-8,-14,-7,-13,0,0,0,0,0,0]"
CSI_DATA,3613833,1a:00:00:00:00:00,-61,11,-95,4,46,6,3613833,47,0,128,0,"[0,0,0,0,0,0,0,0,-1,-20,2,-19,2,-20,2,-22,3,-22,3,-23,5,-23,4,-22,6,-23,7,-21,7,-22,6,-21,4,-21,4,-23,3,-22,2,-24,2,-22,-1,-25,0,-21,0,-21,-1,-23,-3,-23,-4,-22,-4,-23,-4,-23,-7,-24,-8,-25,-7,-24,0,0,-9,-25,-9,-24,-9,-23,-9,-22,-9,-21,-10,-21,-10,-20,-10,-17,-12,-19,-14,-17,-15,-16,-14,-15,-15,-15,-14,-12,-15,-12,-15,-11,-17,-12,-16,-12,-17,-13,-15,-12,-16,-12,-15,-12,-16,-12,-14,-11,-12,-12,-12,-12,-10,-11,-9,-11,0,0,0,0,0,0]"
CSI_DATA,3617959,1a:00:00:00:00:00,-61,11,-95,4,46,6,3617959,47,0,128,0,"[0,0,0,0,0,0,0,0,-18,12,-18,9,-20,8,-20,8,-23,5,-23,4,-23,2,-22,2,-24,2,-22,1,-23,0,-24,-3,-24,-1,-23,-2,-22,-2,-22,-1,-21,-2,-23,0,-22,-1,-20,-3,-22,-1,-23,-1,-22,-2,-23,-2,-23,-2,-24,-1,-24,0,-23,-2,0,0,-25,-2,-26,-4,-25,-6,-24,-5,-20,-4,-25,-5,-20,-4,-20,-4,-20,-5,-22,-5,-22,-2,-20,-3,-22,-3,-19,-3,-21,-4,-19,-3,-21,-3,-18,-4,-20,-4,-18,-5,-20,-6,-17,-6,-19,-8,-16,-9,-16,-10,-14,-10,-12,-11,-9,-12,0,0,0,0,0,0]"
CSI_DATA,3623833,1a:00:00:00:00:00,-61,11,-95,4,46,6,3623833,47,0,128,0,"[0,0,0,0,0,0,0,0,-13,-14,-13,-15,-12,-17,-11,-19,-9,-21,-10,-21,-6,-22,-5,-22,-4,-24,-1,-23,-2,-22,-1,-22,-1,-24,-1,-23,-2,-23,-1,-23,-1,-22,0,-23,1,-22,0,-22,-1,-22,0,-23,0,-23,0,-23,0,-23,1,-24,0,-26,3,-26,0,0,4,-25,2,-26,2,-24,5,-24,2,-23,2,-24,4,-22,4,-20,4,-21,2,-23,2,-22,1,-20,3,-21,2,-19,4,-19,3,-20,2,-21,4,-20,4,-21,7,-18,7,-19,8,-18,8,-17,9,-17,10,-15,12,-14,11,-11,12,-10,0,0,0,0,0,0]"
CSI_DATA,3627919,1a:00:00:00:00:00,-61,11,-95,4,46,6,3627919,47,0,128,0,"[0,0,0,0,0,0,0,0,17,11,16,11,16,12,16,14,16,17,15,18,14,19,13,18,12,20,11,20,10,21,10,20,11,21,12,20,11,20,12,20,10,19,13,20,11,18,10,19,13,19,13,20,12,20,11,21,14,20,15,21,15,22,14,20,0,0,15,20,13,21,13,21,13,20,11,19,13,21,11,20,12,17,11,18,13,19,13,17,14,16,14,17,13,14,13,16,12,16,14,16,12,16,13,17,11,16,11,16,9,17,8,17,8,17,6,17,5,15,2,16,3,15,0,0,0,0,0,0]"
CSI_DATA,3637834,1a:00:00:00:00:00,-61,11,-95,4,46,6,3637834,47,0,128,0,"[0,0,0,0,0,0,0,0,-1,20,-3,19,-5,20,-5,21,-6,22,-7,22,-9,22,-10,21,-11,22,-11,20,-11,20,-11,21,-11,20,-11,20,-10,20,-10,21,-9,20,-9,22,-8,20,-8,20,-7,21,-8,22,-6,21,-7,23,-8,24,-6,23,-6,24,-5,22,0,0,-6,24,-6,23,-6,23,-6,24,-5,22,-5,24,-4,21,-3,22,-5,20,-3,24,-3,21,-2,20,1,21,1,19,-1,20,0,20,1,22,0,20,0,21,-1,20,-1,21,-1,19,-2,19,-3,18,-5,18,-5,16,-6,14,-6,13,0,0,0,0,0,0]"
CSI_DATA,3644114,1a:00:00:00:00:00,-61,11,-95,4,46,6,3644114,47,0,128,0,"[0,0,0,0,0,0,0,0,21,0,20,1,21,1,22,2,21,4,24,6,22,7,21,7,22,8,19,10,22,9,18,12,21,11,21,11,19,11,20,10,20,10,23,7,21,8,21,8,21,8,22,8,21,9,22,8,23,8,23,9,23,9,22,8,0,0,26,8,22,9,24,9,22,8,22,8,23,7,21,8,20,7,21,6,22,4,22,4,20,5,20,4,19,4,20,3,21,3,21,4,21,4,21,4,19,5,20,6,18,6,17,8,17,8,16,10,15,9,12,9,12,10,0,0,0,0,0,0]"
CSI_DATA,3649834,1a:00:00:00:00:00,-61,11,-95,4,46,6,3649834,47,0,128,0,"[0,0,0,0,0,0,0,0,-20,-2,-20,-3,-20,-4,-20,-6,-20,-9,-21,-8,-21,-11,-20,-10,-20,-12,-18,-12,-19,-12,-18,-13,-18,-14,-19,-14,-18,-13,-19,-14,-18,-13,-20,-13,-18,-12,-18,-12,-18,-12,-20,-12,-19,-11,-20,-12,-21,-12,-21,-13,-21,-12,-20,-12,0,0,-23,-12,-21,-14,-21,-14,-20,-13,-18,-12,-21,-12,-19,-11,-17,-11,-20,-10,-22,-8,-19,-10,-18,-8,-19,-10,-17,-8,-18,-8,-19,-8,-19,-7,-17,-8,-19,-9,-17,-8,-18,-9,-16,-10,-16,-11,-15,-10,-14,-11,-12,-13,-9,-12,-8,-13,0,0,0,0,0,0]"
CSI_DATA,3655834,1a:00:00:00:00:00,-61,11,-95,4,46,6,3655834,47,0,128,0,"[0,0,0,0,0,0,0,0,12,16,11,16,10,18,11,19,8,20,10,23,7,22,5,22,5,23,3,22,3,23,2,22,1,23,1,23,2,22,2,23,2,22,5,24,3,22,2,21,3,23,3,22,4,24,3,22,2,23,4,24,4,25,2,24,0,0,3,28,2,25,1,26,2,24,2,23,3,23,2,22,1,21,2,21,1,21,3,22,2,20,3,22,4,21,4,19,4,20,4,20,2,20,3,20,0,19,1,21,0,20,-1,19,-1,19,-4,18,-5,17,-5,13,-7,14,0,0,0,0,0,0]"
CSI_DATA,3657834,1a:00:00:00:00:00,-61,11,-95,4,46,6,3657834,47,0,128,0,"[0,0,0,0,0,0,0,0,-20,0,-19,-1,-21,-1,-22,-2,-21,-3,-24,-3,-22,-5,-23,-6,-23,-5,-21,-5,-23,-5,-21,-5,-23,-5,-24,-5,-22,-4,-22,-2,-21,-1,-23,-1,-22,0,-21,-1,-23,2,-22,2,-22,5,-22,3,-24,6,-22,7,-25,8,-24,6,0,0,-25,10,-24,8,-22,9,-23,8,-21,9,-22,11,-19,10,-17,11,-18,13,-18,15,-18,15,-15,13,-15,14,-13,14,-13,15,-13,15,-13,16,-13,17,-13,16,-12,16,-12,18,-12,14,-12,14,-13,13,-13,13,-12,12,-12,8,-13,9,0,0,0,0,0,0]"
CSI_DATA,3661834,1a:00:00:00:00:00,-61,11,-95,4,46,6,3661834,47,0,128,0,"[0,0,0,0,0,0,0,0,3,-20,6,-19,7,-21,9,-20,10,-20,12,-21,13,-19,15,-17,15,-18,15,-17,17,-18,17,-15,18,-15,18,-15,16,-14,18,-15,16,-15,17,-17,17,-15,17,-14,16,-15,17,-15,16,-16,17,-15,18,-16,17,-17,19,-16,20,-15,0,0,21,-15,19,-15,19,-14,21,-15,18,-12,18,-14,18,-13,17,-12,16,-11,18,-13,18,-14,15,-13,16,-13,14,-12,16,-12,15,-12,16,-12,18,-12,18,-13,16,-11,17,-10,17,-9,18,-6,17,-6,18,-5,18,-3,15,-1,15,0,0,0,0,0,0,0]"
CSI_DATA,3666040,1a:00:00:00:00:00,-61,11,-95,4,46,6,3666040,47,0,128,0,"[0,0,0,0,0,0,0,0,-19,-4,-18,-5,-20,-5,-20,-7,-20,-10,-21,-11,-20,-13,-18,-12,-19,-14,-16,-15,-16,-15,-16,-16,-17,-14,-17,-16,-18,-14,-17,-15,-16,-14,-20,-14,-17,-13,-17,-13,-17,-12,-19,-14,-18,-12,-20,-14,-21,-13,-21,-12,-21,-14,-19,-13,0,0,-20,-13,-22,-16,-20,-13,-22,-14,-17,-13,-20,-14,-18,-14,-17,-12,-19,-11,-19,-11,-19,-9,-19,-9,-19,-9,-18,-8,-19,-9,-18,-7,-20,-8,-18,-7,-19,-9,-17,-9,-17,-9,-15,-10,-16,-10,-16,-11,-13,-12,-12,-13,-9,-13,-10,-13,0,0,0,0,0,0]"
CSI_DATA,3671130,1a:00:00:00:00:00,-61,11,-95,4,46,6,3671130,47,0,128,0,"[0,0,0,0,0,0,0,0,18,10,16,11,17,12,18,14,16,16,16,18,16,17,14,17,14,20,10,19,12,18,12,20,13,20,13,19,14,18,14,18,13,18,16,18,14,15,13,17,14,17,16,18,15,18,15,17,18,17,18,17,19,18,16,17,0,0,18,17,18,19,17,18,18,18,16,16,17,18,16,16,14,16,15,15,18,13,18,13,17,11,18,13,15,11,18,11,16,10,18,11,16,11,17,12,15,13,15,13,15,14,14,13,14,12,12,13,10,13,7,13,8,14,0,0,0,0,0,0]"
CSI_DATA,3671328,1a:00:00:00:00:00,-61,11,-95,4,46,6,3671328,47,0,128,0,"[0,0,0,0,0,0,0,0,-5,19,-7,18,-8,19,-10,21,-10,19,-13,21,-12,18,-15,19,-14,18,-16,16,-15,17,-15,15,-18,16,-16,16,-15,17,-15,17,-14,17,-14,19,-14,18,-13,15,-14,19,-14,18,-13,18,-12,19,-13,19,-15,20,-13,21,-13,19,0,0,-14,23,-14,19,-15,21,-13,20,-14,18,-11,20,-13,18,-10,19,-11,19,-10,20,-10,20,-9,18,-10,18,-8,19,-9,18,-8,19,-7,18,-9,19,-8,18,-9,17,-9,18,-9,17,-10,15,-11,15,-13,14,-13,12,-10,10,-11,10,0,0,0,0,0,0]"
CSI_DATA,3677386,1a:00:00:00:00:00,-61,11,-95,4,46,6,3677386,47,0,128,0,"[0,0,0,0,0,0,0,0,-19,-5,-18,-7,-19,-6,-20,-9,-21,-11,-20,-12,-19,-14,-17,-12,-18,-16,-15,-15,-16,-15,-14,-16,-16,-16,-16,-17,-16,-15,-16,-16,-16,-15,-18,-16,-16,-14,-15,-14,-16,-14,-17,-15,-17,-15,-17,-17,-19,-16,-18,-15,-19,-17,-18,-15,0,0,-20,-17,-18,-18,-19,-16,-18,-15,-17,-15,-18,-17,-16,-15,-15,-15,-16,-13,-19,-14,-19,-12,-17,-13,-17,-11,-16,-10,-16,-11,-16,-11,-18,-11,-16,-11,-16,-13,-14,-12,-16,-13,-13,-14,-13,-14,-13,-15,-10,-16,-8,-14,-7,-14,-7,-13,0,0,0,0,0,0]"
CSI_DATA,3677592,1a:00:00:00:00:00,-61,11,-95,4,46,6,3677592,47,0,128,0,"[0,0,0,0,0,0,0,0,8,-18,9,-15,11,-18,13,-18,15,-16,15,-18,15,-15,18,-14,19,-15,20,-11,20,-13,19,-11,20,-12,20,-11,19,-12,18,-14,18,-11,20,-13,18,-13,19,-12,18,-13,20,-12,18,-13,19,-12,20,-14,19,-14,20,-14,23,-15,0,0,21,-13,21,-14,19,-14,22,-14,19,-12,19,-13,19,-12,18,-9,17,-11,18,-14,16,-13,15,-12,15,-13,15,-12,16,-13,15,-12,15,-13,17,-12,18,-12,17,-9,17,-10,17,-8,17,-7,17,-7,17,-6,17,-5,15,-2,14,-1,0,0,0,0,0,0]"
CSI_DATA,3680362,1a:00:00:00:00:00,-61,11,-95,4,46,6,3680362,47,0,128,0,"[0,0,0,0,0,0,0,0,-9,-18,-9,-18,-9,-18,-7,-19,-8,-21,-8,-23,-8,-21,-5,-21,-7,-23,-3,-21,-5,-21,-3,-22,-6,-22,-4,-22,-6,-21,-7,-23,-7,-21,-10,-21,-10,-19,-9,-20,-10,-20,-11,-20,-12,-21,-13,-20,-12,-19,-14,-19,-14,-20,-14,-20,0,0,-16,-20,-17,-20,-17,-19,-17,-18,-14,-17,-17,-16,-15,-17,-14,-15,-16,-14,-19,-13,-17,-11,-18,-11,-18,-11,-17,-9,-19,-8,-17,-7,-19,-7,-18,-8,-19,-8,-17,-9,-18,-8,-17,-9,-16,-10,-16,-9,-15,-10,-13,-9,-11,-10,-11,-10,0,0,0,0,0,0]"
CSI_DATA,3685772,1a:00:00:00:00:00,-61,11,-95,4,46,6,3685772,47,0,128,0,"[0,0,0,0,0,0,0,0,5,-20,5,-18,6,-21,8,-20,9,-20,10,-21,10,-21,11,-20,13,-21,12,-18,11,-19,11,-19,11,-21,11,-20,10,-21,8,-22,9,-20,8,-23,7,-21,8,-19,5,-22,6,-22,5,-22,4,-22,3,-24,1,-25,1,-25,1,-24,0,0,1,-26,1,-27,0,-25,1,-25,-1,-22,0,-24,-2,-22,-1,-20,-3,-22,-6,-22,-7,-21,-7,-20,-8,-19,-8,-18,-7,-18,-8,-19,-9,-18,-8,-18,-9,-20,-7,-17,-8,-19,-6,-18,-8,-17,-6,-17,-6,-18,-4,-17,-2,-15,-3,-15,0,0,0,0,0,0]"
CSI_DATA,3694119,1a:00:00:00:00:00,-61,11,-95,4,46,6,3694119,47,0,128,0,"[0,0,0,0,0,0,0,0,-16,13,-16,12,-17,12,-18,11,-21,10,-22,8,-22,7,-22,6,-23,5,-23,3,-23,3,-21,2,-23,3,-23,2,-22,3,-22,3,-21,3,-24,5,-21,3,-21,4,-21,3,-21,2,-22,4,-22,3,-25,6,-23,4,-24,5,-22,4,0,0,-26,2,-25,2,-24,3,-24,3,-21,3,-23,3,-21,2,-20,2,-21,2,-23,5,-22,6,-19,5,-20,5,-18,4,-20,5,-20,4,-20,4,-20,3,-20,4,-19,1,-21,2,-18,0,-19,-1,-18,0,-18,-3,-18,-3,-14,-5,-14,-5,0,0,0,0,0,0]"
CSI_DATA,3699834,1a:00:00:00:00:00,-61,11,-95,4,46,6,3699834,47,0,128,0,"[0,0,0,0,0,0,0,0,14,-13,15,-11,17,-13,19,-12,19,-12,22,-12,22,-9,23,-7,23,-7,22,-4,23,-5,20,-3,22,-5,23,-3,23,-3,22,-5,22,-3,24,-6,22,-5,21,-5,22,-5,22,-4,22,-5,23,-5,23,-5,24,-6,25,-5,25,-5,0,0,26,-5,24,-3,23,-4,25,-4,22,-2,23,-2,22,-1,20,-1,21,-2,22,-3,23,-6,20,-4,20,-6,19,-5,20,-5,20,-5,19,-5,20,-3,21,-4,19,-1,21,-2,19,0,19,2,18,2,18,4,18,4,14,6,15,6,0,0,0,0,0,0]"
CSI_DATA,3705834,1a:00:00:00:00:00,-61,11,-95,4,46,6,3705834,47,0,128,0,"[0,0,0,0,0,0,0,0,-18,5,-19,2,-20,3,-22,1,-21,-1,-24,-1,-24,-3,-21,-4,-22,-6,-21,-7,-21,-8,-19,-10,-22,-9,-21,-9,-20,-8,-21,-9,-19,-9,-22,-7,-20,-7,-19,-8,-21,-8,-21,-9,-20,-9,-21,-10,-22,-11,-22,-10,-23,-11,-21,-12,0,0,-23,-10,-24,-12,-22,-11,-23,-11,-20,-12,-20,-11,-20,-12,-17,-12,-18,-11,-19,-9,-19,-11,-17,-11,-19,-10,-17,-9,-18,-9,-17,-8,-18,-10,-16,-11,-17,-11,-16,-13,-16,-12,-14,-12,-14,-13,-13,-14,-11,-13,-9,-15,-7,-14,-6,-14,0,0,0,0,0,0]"
CSI_DATA,3711834,1a:00:00:00:00:00,-61,11,-95,4,46,6,3711834,47,0,128,0,"[0,0,0,0,0,0,0,0,17,10,16,11,17,13,15,14,15,17,15,18,13,19,11,19,11,22,8,21,9,21,6,22,7,23,8,21,7,22,8,23,7,21,8,22,6,20,5,21,7,22,6,22,6,22,7,22,6,24,7,24,7,24,4,22,0,0,4,25,3,25,3,23,4,25,2,22,2,24,1,22,1,21,0,21,2,22,4,21,3,20,3,20,2,19,2,20,2,20,2,22,1,19,-1,21,-2,20,-3,19,-3,19,-5,19,-5,18,-6,16,-9,15,-8,13,-9,13,0,0,0,0,0,0]"
CSI_DATA,3715834,1a:00:00:00:00:00,-61,11,-95,4,46,6,3715834,47,0,128,0,"[0,0,0,0,0,0,0,0,-18,-9,-16,-9,-17,-12,-15,-14,-16,-14,-17,-16,-16,-17,-13,-16,-13,-19,-11,-20,-12,-18,-10,-20,-11,-20,-9,-20,-11,-20,-13,-20,-11,-18,-13,-19,-11,-17,-12,-17,-13,-19,-12,-20,-12,-19,-13,-19,-13,-19,-14,-20,-15,-20,-13,-21,0,0,-13,-22,-15,-21,-13,-21,-13,-20,-12,-19,-13,-21,-11,-19,-10,-18,-11,-18,-13,-19,-13,-17,-13,-17,-13,-16,-12,-15,-13,-14,-13,-14,-14,-16,-12,-15,-12,-16,-9,-16,-11,-16,-8,-17,-8,-17,-8,-17,-7,-17,-4,-16,-2,-15,-1,-16,0,0,0,0,0,0]"
CSI_DATA,3721967,1a:00:00:00:00:00,-61,11,-95,4,46,6,3721967,47,0,128,0,"[0,0,0,0,0,0,0,0,-3,-20,-2,-18,-1,-21,1,-22,3,-22,3,-25,5,-23,7,-22,8,-23,10,-20,9,-21,10,-21,11,-21,12,-20,10,-19,10,-20,10,-22,9,-21,9,-21,10,-19,10,-20,9,-21,10,-21,10,-19,10,-21,9,-21,10,-23,13,-22,0,0,13,-23,12,-22,12,-22,12,-20,12,-20,12,-21,12,-18,11,-17,11,-19,11,-20,10,-19,9,-17,9,-18,9,-17,9,-18,9,-18,7,-18,10,-17,10,-17,11,-16,11,-17,13,-15,12,-13,13,-14,14,-12,15,-9,14,-7,12,-6,0,0,0,0,0,0]"
CSI_DATA,3728053,1a:00:00:00:00:00,-61,11,-95,4,46,6,3728053,47,0,128,0,"[0,0,0,0,0,0,0,0,-4,20,-5,18,-6,19,-8,20,-10,20,-11,21,-12,19,-14,19,-16,19,-17,15,-17,16,-17,13,-18,15,-19,16,-17,15,-16,16,-17,14,-18,16,-16,14,-16,15,-17,14,-18,14,-18,13,-18,14,-19,16,-19,15,-18,14,-21,12,0,0,-21,16,-21,15,-20,13,-21,14,-18,11,-20,12,-19,11,-19,9,-18,10,-19,11,-18,12,-17,10,-18,10,-15,9,-18,12,-17,11,-18,11,-18,10,-19,9,-19,6,-19,7,-18,4,-18,3,-18,3,-19,2,-16,0,-15,-1,-15,-2,0,0,0,0,0,0]"
CSI_DATA,3733834,1a:00:00:00:00:00,-61,11,-95,4,46,6,3733834,47,0,128,0,"[0,0,0,0,0,0,0,0,-20,3,-19,3,-20,0,-21,0,-23,-3,-23,-4,-23,-7,-20,-7,-22,-8,-20,-9,-20,-11,-19,-12,-20,-10,-20,-12,-19,-11,-19,-12,-18,-11,-20,-12,-17,-11,-17,-13,-18,-13,-19,-13,-19,-13,-19,-14,-21,-13,-21,-13,-22,-15,-17,-12,0,0,-20,-16,-18,-18,-17,-17,-18,-17,-16,-16,-17,-18,-16,-16,-15,-16,-14,-15,-16,-15,-16,-14,-13,-13,-15,-15,-13,-13,-14,-14,-13,-13,-14,-15,-13,-15,-13,-16,-11,-16,-11,-17,-9,-16,-9,-16,-7,-18,-5,-17,-4,-16,-1,-15,0,-15,0,0,0,0,0,0]"
CSI_DATA,3737994,1a:00:00:00:00:00,-61,11,-95,4,46,6,3737994,47,0,128,0,"[0,0,0,0,0,0,0,0,-2,-20,1,-19,2,-20,3,-21,5,-22,5,-23,8,-23,9,-21,9,-21,10,-20,11,-20,11,-19,13,-20,12,-19,10,-19,10,-20,10,-18,12,-21,10,-19,10,-19,11,-20,11,-20,9,-20,10,-20,10,-21,10,-22,11,-22,11,-20,0,0,11,-21,13,-21,11,-21,13,-21,12,-20,11,-21,10,-19,11,-18,11,-18,10,-19,10,-19,9,-18,9,-19,7,-18,9,-18,9,-18,7,-19,9,-18,9,-19,9,-18,11,-18,10,-16,11,-15,12,-14,13,-13,13,-11,12,-9,13,-9,0,0,0,0,0,0]"
CSI_DATA,3746640,1a:00:00:00:00:00,-61,11,-95,4,46,6,3746640,47,0,128,0,"[0,0,0,0,0,0,0,0,14,-13,13,-12,16,-14,17,-13,18,-12,20,-13,21,-11,20,-10,21,-11,21,-9,21,-10,19,-10,21,-10,21,-11,20,-11,19,-12,17,-11,19,-13,18,-12,17,-12,17,-13,17,-14,16,-15,16,-15,17,-19,16,-18,16,-18,17,-17,0,0,17,-19,15,-20,15,-19,15,-18,13,-18,14,-18,13,-17,12,-17,13,-18,11,-21,9,-20,8,-18,7,-19,6,-18,8,-19,6,-18,6,-18,5,-18,6,-21,8,-19,7,-19,7,-18,6,-17,8,-17,9,-16,9,-15,9,-12,9,-11,0,0,0,0,0,0]"
CSI_DATA,3752513,1a:00:00:00:00:00,-61,11,-95,4,46,6,3752513,47,0,128,0,"[0,0,0,0,0,0,0,0,14,13,13,13,13,15,15,17,12,17,16,20,11,18,12,20,10,21,9,20,11,20,9,20,10,20,9,21,10,21,12,21,11,20,12,18,13,18,11,17,14,18,14,19,14,19,15,18,15,18,16,18,16,19,18,18,0,0,17,18,17,17,18,18,18,17,16,15,18,16,15,15,16,14,16,14,18,13,18,11,17,11,19,10,18,9,18,8,20,9,20,8,18,9,19,8,17,9,17,10,17,10,15,11,15,10,14,11,13,12,9,10,11,11,0,0,0,0,0,0]"
CSI_DATA,3753834,1a:00:00:00:00:00,-61,11,-95,4,46,6,3753834,47,0,128,0,"[0,0,0,0,0,0,0,0,-3,-20,-2,-19,-1,-20,1,-21,4,-23,3,-23,5,-24,5,-22,6,-23,9,-20,8,-21,8,-21,9,-21,7,-22,7,-21,7,-21,7,-20,7,-22,6,-20,7,-20,6,-22,6,-22,5,-22,5,-22,6,-23,4,-23,5,-24,6,-22,0,0,5,-26,6,-23,6,-24,6,-24,5,-22,6,-23,5,-22,5,-20,6,-22,3,-22,3,-22,2,-19,1,-20,1,-19,3,-19,1,-19,1,-20,3,-19,3,-21,4,-19,3,-19,3,-18,4,-19,6,-19,7,-16,8,-15,7,-13,8,-12,0,0,0,0,0,0]"
CSI_DATA,3763320,1a:00:00:00:00:00,-61,11,-95,4,46,6,3763320,47,0,128,0,"[0,0,0,0,0,0,0,0,8,18,6,18,6,21,7,20,3,22,5,24,3,23,3,23,3,23,1,22,2,23,1,22,0,24,0,23,1,22,2,23,4,21,5,23,4,22,3,21,6,22,7,22,8,22,8,20,9,23,9,24,8,24,9,23,0,0,9,24,9,23,10,23,10,21,10,21,12,22,11,20,9,19,12,18,13,17,13,17,11,17,13,17,13,15,15,15,15,13,15,15,14,15,14,15,13,14,14,14,12,15,12,15,11,16,9,15,8,15,6,14,5,13,0,0,0,0,0,0]"
CSI_DATA,3763526,1a:00:00:00:00:00,-61,11,-95,4,46,6,3763526,47,0,128,0,"[0,0,0,0,0,0,0,0,-18,8,-18,7,-19,8,-19,6,-22,5,-21,5,-22,3,-22,3,-23,3,-22,1,-23,1,-22,1,-23,2,-23,2,-21,2,-21,2,-21,2,-25,5,-21,4,-20,3,-22,5,-22,5,-21,6,-22,6,-23,8,-23,8,-23,8,-22,10,0,0,-24,10,-24,9,-23,9,-22,9,-19,8,-22,10,-20,9,-19,9,-19,9,-20,12,-19,13,-15,12,-16,13,-14,12,-16,13,-14,13,-15,13,-15,13,-17,13,-15,11,-17,13,-16,10,-15,11,-15,10,-15,9,-16,7,-14,5,-14,5,0,0,0,0,0,0]"
CSI_DATA,3769834,1a:00:00:00:00:00,-61,11,-95,4,46,6,3769834,47,0,128,0,"[0,0,0,0,0,0,0,0,-20,0,-20,-2,-20,-1,-21,-3,-23,-5,-22,-6,-22,-7,-22,-8,-22,-8,-21,-9,-20,-9,-20,-11,-21,-10,-22,-9,-21,-9,-21,-8,-18,-8,-24,-8,-22,-8,-20,-7,-21,-6,-22,-7,-21,-5,-21,-6,-24,-6,-24,-6,-24,-5,-22,-5,0,0,-25,-6,-24,-6,-24,-6,-24,-5,-21,-6,-22,-5,-21,-4,-20,-5,-20,-5,-22,-1,-22,-2,-20,-1,-21,-1,-19,-1,-21,-1,-19,0,-20,0,-19,0,-22,0,-19,-1,-19,0,-18,-4,-19,-3,-19,-4,-17,-5,-17,-5,-14,-8,-14,-7,0,0,0,0,0,0]"
CSI_DATA,3775834,1a:00:00:00:00:00,-61,11,-95,4,46,6,3775834,47,0,128,0,"[0,0,0,0,0,0,0,0,15,13,13,14,14,16,13,16,13,20,13,20,11,22,9,20,10,22,9,21,8,21,7,21,7,22,7,22,7,21,7,21,7,20,8,22,8,20,7,20,9,20,10,21,10,21,10,22,11,22,10,22,11,23,9,21,0,0,12,23,9,23,10,23,10,22,8,20,9,22,10,20,10,19,9,19,11,19,10,19,12,17,12,18,10,16,12,17,10,15,12,17,11,16,12,17,9,16,10,17,8,17,8,17,6,17,5,17,3,16,1,16,1,15,0,0,0,0,0,0]"
CSI_DATA,3785834,1a:00:00:00:00:00,-61,11,-95,4,46,6,3785834,47,0,128,0,"[0,0,0,0,0,0,0,0,-2,19,-3,19,-4,20,-4,22,-5,22,-7,24,-8,21,-10,21,-9,21,-11,18,-10,20,-10,20,-11,20,-12,20,-10,21,-10,21,-8,21,-9,22,-9,20,-8,19,-7,21,-6,22,-5,23,-6,22,-6,22,-5,24,-5,24,-5,24,0,0,-6,26,-5,25,-5,24,-5,22,-4,22,-4,24,-4,21,-3,20,-3,22,-1,22,-1,21,-1,21,0,22,1,20,0,19,1,20,2,19,0,20,2,20,0,18,1,21,0,18,-1,19,-2,19,-5,18,-4,17,-5,14,-6,14,0,0,0,0,0,0]"
CSI_DATA,3796540,1a:00:00:00:00:00,-61,11,-95,4,46,6,3796540,47,0,128,0,"[0,0,0,0,0,0,0,0,7,16,6,16,3,18,2,19,5,22,4,23,0,24,-1,25,-1,21,-1,22,-4,23,-1,19,-1,22,-3,21,-2,21,-3,22,-2,24,3,22,1,20,1,20,4,23,2,22,5,21,3,24,3,22,3,22,4,25,3,24,0,0,7,26,5,22,4,23,8,23,7,21,7,23,6,19,8,21,6,19,9,18,9,18,9,18,10,18,10,17,10,17,12,17,10,17,9,19,11,16,10,17,9,17,9,16,7,18,8,19,6,18,5,16,2,15,2,16,0,0,0,0,0,0]"
CSI_DATA,3804112,1a:00:00:00:00:00,-61,11,-95,4,46,6,3804112,47,0,128,0,"[0,0,0,0,0,0,0,0,6,19,6,18,4,21,2,22,2,23,0,24,-2,22,-3,21,-4,24,-7,21,-7,22,-7,21,-7,21,-7,22,-5,21,-5,22,-5,21,-6,23,-6,21,-7,20,-6,21,-7,22,-7,22,-7,22,-6,22,-3,23,-6,25,-7,22,0,0,-6,24,-7,24,-7,23,-8,23,-7,20,-8,23,-8,21,-8,19,-7,21,-4,20,-5,21,-5,19,-4,20,-4,19,-6,20,-6,18,-5,20,-7,20,-7,19,-8,17,-10,18,-9,17,-10,17,-9,17,-11,14,-12,13,-10,10,-11,10,0,0,0,0,0,0]"
CSI_DATA,3809636,1a:00:00:00:00:00,-61,11,-95,4,46,6,3809636,47,0,128,0,"[0,0,0,0,0,0,0,0,-19,-8,-17,-9,-17,-10,-16,-12,-17,-15,-18,-16,-15,-18,-13,-17,-14,-18,-11,-19,-12,-18,-11,-19,-11,-19,-11,-20,-12,-18,-11,-20,-10,-19,-12,-20,-11,-18,-9,-20,-12,-18,-12,-20,-12,-19,-12,-20,-12,-21,-14,-21,-14,-22,-11,-20,0,0,-13,-20,-11,-23,-10,-22,-10,-21,-9,-19,-11,-22,-10,-20,-9,-20,-10,-18,-11,-19,-10,-18,-11,-18,-10,-19,-10,-17,-9,-17,-10,-17,-11,-17,-9,-18,-9,-18,-7,-18,-8,-19,-6,-18,-5,-18,-5,-19,-3,-17,-1,-17,1,-15,1,-15,0,0,0,0,0,0]"
CSI_DATA,3819804,1a:00:00:00:00:00,-61,11,-95,4,46,6,3819804,47,0,128,0,"[0,0,0,0,0,0,0,0,-19,-5,-18,-6,-18,-5,-19,-9,-19,-11,-20,-13,-19,-16,-18,-13,-18,-16,-14,-15,-16,-15,-16,-17,-16,-15,-17,-16,-15,-16,-15,-15,-15,-14,-17,-15,-17,-14,-14,-15,-16,-14,-16,-15,-17,-15,-18,-16,-18,-16,-20,-16,-21,-15,-16,-14,0,0,-19,-18,-18,-16,-18,-18,-17,-17,-17,-15,-18,-17,-16,-14,-16,-14,-15,-13,-18,-12,-19,-13,-17,-11,-18,-11,-16,-9,-17,-11,-16,-11,-18,-10,-16,-11,-17,-12,-15,-12,-16,-13,-14,-13,-15,-13,-14,-13,-11,-12,-10,-14,-6,-14,-7,-14,0,0,0,0,0,0]"
CSI_DATA,3819947,1a:00:00:00:00:00,-61,11,-95,4,46,6,3819947,47,0,128,0,"[0,0,0,0,0,0,0,0,14,13,12,15,12,16,12,17,11,18,12,21,10,20,7,21,7,22,5,21,5,22,4,20,5,22,5,22,5,22,6,21,6,20,7,23,6,20,5,21,7,21,7,22,7,21,8,22,7,22,9,23,9,25,6,23,0,0,7,24,8,25,8,21,8,23,7,21,6,23,6,21,6,21,6,20,6,20,8,20,8,19,8,19,7,17,10,17,9,16,8,19,7,18,8,18,7,18,5,19,5,19,6,19,4,19,2,17,0,17,-1,15,-1,15,0,0,0,0,0,0]"
CSI_DATA,3820162,1a:00:00:00:00:00,-61,11,-95,4,46,6,3820162,47,0,128,0,"[0,0,0,0,0,0,0,0,-20,-2,-19,-5,-19,-6,-20,-9,-20,-10,-22,-10,-20,-13,-19,-12,-19,-13,-17,-14,-17,-14,-16,-15,-16,-15,-17,-15,-17,-15,-17,-14,-16,-13,-19,-14,-16,-13,-15,-13,-17,-15,-17,-14,-18,-14,-17,-14,-19,-14,-18,-15,-19,-15,-18,-16,0,0,-19,-16,-19,-16,-19,-16,-17,-15,-16,-15,-19,-16,-17,-14,-16,-13,-16,-12,-16,-12,-17,-12,-16,-12,-16,-12,-16,-10,-15,-10,-16,-11,-16,-11,-15,-11,-16,-11,-15,-12,-15,-12,-13,-14,-12,-13,-12,-13,-10,-14,-8,-14,-6,-15,-5,-14,0,0,0,0,0,0]"
CSI_DATA,3826603,1a:00:00:00:00:00,-61,11,-95,4,46,6,3826603,47,0,128,0,"[0,0,0,0,0,0,0,0,19,3,18,5,19,6,20,8,21,10,21,12,19,14,17,13,18,14,16,15,15,15,15,16,16,17,15,17,15,17,15,17,14,16,16,17,15,16,13,17,16,18,15,18,15,16,15,17,16,18,16,18,16,19,16,19,0,0,17,19,15,22,12,20,13,20,12,19,12,20,12,18,10,17,12,18,13,17,12,17,11,16,12,17,12,16,12,17,11,16,12,16,10,17,11,18,9,17,9,18,7,17,6,18,6,18,2,17,1,17,-1,15,-1,15,0,0,0,0,0,0]"
CSI_DATA,3826751,1a:00:00:00:00:00,-61,11,-95,4,46,6,3826751,47,0,128,0,"[0,0,0,0,0,0,0,0,-7,-18,-4,-19,-3,-19,-3,-22,-1,-21,1,-24,2,-22,4,-23,6,-22,6,-21,7,-20,8,-21,9,-22,9,-22,9,-20,8,-20,8,-19,8,-22,8,-20,8,-19,8,-22,8,-21,8,-21,8,-20,10,-22,8,-22,11,-22,11,-21,0,0,12,-22,12,-21,13,-21,12,-20,12,-18,12,-20,11,-18,11,-18,12,-17,12,-19,11,-19,9,-17,10,-17,9,-17,10,-16,11,-16,10,-18,12,-16,11,-17,12,-14,13,-15,14,-14,15,-13,14,-11,15,-10,15,-8,14,-6,14,-5,0,0,0,0,0,0]"
CSI_DATA,3826904,1a:00:00:00:00:00,-61,11,-95,4,46,6,3826904,47,0,128,0,"[0,0,0,0,0,0,0,0,-12,15,-13,14,-14,15,-16,14,-18,12,-19,13,-20,11,-20,10,-21,8,-21,6,-22,6,-21,5,-21,7,-22,5,-20,4,-21,5,-20,4,-22,6,-21,4,-20,3,-22,4,-22,3,-21,4,-22,4,-22,4,-24,3,-23,4,-23,4,0,0,-24,4,-25,2,-23,1,-25,0,-22,-1,-23,0,-21,-1,-20,-1,-20,-1,-23,0,-21,2,-20,0,-20,1,-18,1,-20,0,-20,1,-20,0,-20,0,-20,-1,-19,-3,-19,-3,-18,-4,-17,-6,-17,-6,-16,-7,-15,-9,-12,-9,-12,-10,0,0,0,0,0,0]"
CSI_DATA,3832934,1a:00:00:00:00:00,-61,11,-95,4,46,6,3832934,47,0,128,0,"[0,0,0,0,0,0,0,0,-19,-6,-18,-6,-19,-6,-20,-7,-20,-9,-21,-9,-20,-10,-19,-10,-21,-12,-19,-11,-20,-10,-20,-10,-20,-9,-21,-10,-20,-8,-21,-7,-19,-7,-24,-5,-21,-4,-20,-5,-21,-3,-23,-3,-22,-1,-22,-1,-24,1,-24,2,-25,2,-23,4,0,0,-25,5,-24,4,-23,3,-23,6,-21,5,-22,7,-21,6,-20,6,-19,7,-19,11,-20,12,-17,10,-17,12,-14,12,-16,14,-14,14,-15,15,-15,14,-15,14,-14,14,-14,15,-14,12,-14,12,-13,12,-14,12,-13,10,-13,6,-13,8,0,0,0,0,0,0]"
CSI_DATA,3833086,1a:00:00:00:00:00,-61,11,-95,4,46,6,3833086,47,0,128,0,"[0,0,0,0,0,0,0,0,3,19,2,19,1,21,1,21,1,22,1,23,-1,23,-2,22,-1,23,-3,21,-1,22,-2,21,-1,21,-1,22,1,23,2,23,2,22,5,23,5,21,4,21,6,21,7,21,9,21,9,22,10,23,11,22,12,21,12,20,0,0,14,22,13,21,13,20,15,21,13,17,15,19,14,17,14,15,13,15,16,14,17,12,17,11,18,12,16,9,18,8,18,8,19,7,17,9,18,8,17,8,17,9,17,8,17,8,16,9,15,8,14,9,12,9,12,8,0,0,0,0,0,0]"
CSI_DATA,3833230,1a:00:00:00:00:00,-61,11,-95,4,46,6,3833230,47,0,128,0,"[0,0,0,0,0,0,0,0,8,-18,8,-17,8,-18,10,-19,11,-18,12,-20,12,-19,12,-18,14,-19,14,-16,14,-18,12,-17,13,-19,12,-19,11,-18,8,-20,9,-20,9,-21,8,-19,8,-19,6,-20,6,-20,4,-21,5,-22,4,-23,2,-24,2,-25,1,-24,0,0,1,-25,-1,-24,1,-24,-1,-24,0,-22,-2,-23,-2,-21,-2,-20,-4,-21,-8,-22,-7,-21,-8,-18,-8,-19,-8,-18,-9,-18,-10,-16,-11,-16,-9,-18,-10,-17,-9,-16,-9,-17,-8,-16,-10,-16,-9,-16,-8,-16,-7,-16,-3,-14,-5,-14,0,0,0,0,0,0]"
CSI_DATA,3845834,1a:00:00:00:00:00,-61,11,-95,4,46,6,3845834,47,0,128,0,"[0,0,0,0,0,0,0,0,2,-18,3,-18,4,-21,6,-20,5,-21,6,-21,8,-22,10,-20,10,-21,11,-18,11,-21,11,-18,11,-20,11,-21,9,-20,9,-20,7,-20,7,-23,7,-20,6,-20,6,-21,6,-23,7,-22,5,-22,6,-23,4,-23,4,-24,5,-22,0,0,3,-24,4,-24,3,-24,3,-24,3,-23,2,-23,3,-22,3,-19,2,-21,1,-22,-1,-21,-2,-19,-2,-21,-2,-19,-4,-19,-3,-18,-6,-19,-2,-19,-3,-20,-1,-20,-1,-19,-2,-19,-1,-19,-2,-18,1,-17,2,-17,2,-15,4,-14,0,0,0,0,0,0]"
CSI_DATA,3849834,1a:00:00:00:00:00,-61,11,-95,4,46,6,3849834,47,0,128,0,"[0,0,0,0,0,0,0,0,2,19,0,19,0,20,0,21,-1,22,-1,23,-2,23,-2,21,-3,23,-6,20,-3,23,-5,21,-3,23,-4,21,-1,21,0,23,0,20,2,24,3,21,2,20,4,21,5,23,6,22,7,22,7,23,8,22,9,23,9,21,0,0,10,22,10,22,10,21,11,22,12,19,12,21,10,18,12,17,12,18,15,18,14,16,15,15,15,13,14,12,16,12,16,11,18,11,16,12,17,12,17,11,16,11,15,11,15,12,14,13,13,12,11,11,10,11,10,11,0,0,0,0,0,0]"
CSI_DATA,3855834,1a:00:00:00:00:00,-61,11,-95,4,46,6,3855834,47,0,128,0,"[0,0,0,0,0,0,0,0,14,-13,15,-12,16,-14,17,-12,18,-11,20,-11,19,-11,20,-10,21,-12,21,-9,21,-10,19,-9,21,-10,19,-11,19,-11,18,-12,18,-11,20,-13,17,-12,18,-12,16,-13,18,-14,16,-16,16,-15,17,-18,15,-18,15,-18,17,-19,0,0,15,-20,15,-19,13,-19,15,-19,12,-18,12,-19,11,-18,11,-17,10,-18,8,-19,8,-20,5,-19,6,-20,4,-18,5,-19,4,-19,3,-20,4,-19,3,-20,5,-19,4,-20,5,-18,5,-18,5,-16,6,-17,7,-15,7,-13,7,-12,0,0,0,0,0,0]"
CSI_DATA,3861835,1a:00:00:00:00:00,-61,11,-95,4,46,6,3861835,47,0,128,0,"[0,0,0,0,0,0,0,0,-19,-4,-18,-5,-20,-5,-21,-7,-20,-8,-22,-10,-21,-10,-19,-10,-21,-11,-18,-13,-19,-12,-18,-12,-20,-10,-20,-11,-20,-11,-20,-9,-19,-8,-23,-9,-20,-7,-18,-7,-22,-8,-22,-7,-20,-7,-22,-7,-23,-4,-23,-4,-24,-4,-24,-4,0,0,-25,-3,-25,-4,-23,-3,-24,-2,-21,-2,-23,-2,-22,-2,-21,-3,-20,0,-20,5,-21,3,-20,3,-19,4,-18,3,-19,5,-19,5,-19,6,-19,5,-20,5,-18,4,-19,4,-17,4,-18,3,-17,3,-17,2,-18,1,-15,-2,-14,-2,0,0,0,0,0,0]"
CSI_DATA,3872635,1a:00:00:00:00:00,-61,11,-95,4,46,6,3872635,47,0,128,0,"[0,0,0,0,0,0,0,0,-20,-1,-19,-3,-20,-3,-21,-5,-22,-7,-21,-6,-22,-9,-21,-8,-22,-9,-21,-10,-20,-9,-20,-10,-22,-8,-21,-8,-20,-8,-21,-7,-20,-7,-24,-6,-21,-5,-21,-6,-21,-5,-23,-4,-22,-3,-21,-4,-24,-1,-24,0,-24,1,-23,0,0,0,-26,0,-24,-2,-24,-1,-23,1,-22,-1,-23,2,-21,2,-20,1,-20,3,-19,7,-20,7,-19,4,-20,6,-17,6,-19,7,-18,8,-19,8,-17,7,-18,8,-18,7,-18,8,-18,5,-17,6,-17,5,-17,5,-16,3,-15,1,-15,0,0,0,0,0,0,0]"
CSI_DATA,3878482,1a:00:00:00:00:00,-61,11,-95,4,46,6,3878482,47,0,128,0,"[0,0,0,0,0,0,0,0,-20,4,-19,1,-21,2,-21,1,-21,0,-23,1,-22,-2,-23,-2,-23,-3,-22,-5,-23,-4,-21,-5,-22,-4,-23,-5,-21,-4,-22,-3,-21,-3,-24,0,-22,0,-21,0,-21,1,-21,0,-22,2,-23,2,-24,2,-23,4,-24,3,-24,3,0,0,-25,6,-24,5,-24,5,-22,5,-21,5,-22,6,-20,5,-19,6,-21,7,-22,8,-21,8,-19,7,-19,9,-17,10,-17,11,-16,11,-17,11,-16,10,-17,10,-17,9,-17,10,-17,8,-17,7,-16,6,-17,6,-17,5,-15,2,-13,3,0,0,0,0,0,0]"
CSI_DATA,3881097,1a:00:00:00:00:00,-61,11,-95,4,46,6,3881097,47,0,128,0,"[0,0,0,0,0,0,0,0,-17,10,-16,8,-18,8,-20,8,-20,5,-22,4,-23,3,-23,2,-23,1,-22,0,-23,0,-22,-3,-23,-2,-23,-3,-22,-3,-22,-3,-22,-2,-23,-1,-23,-2,-20,-2,-22,-3,-22,-1,-21,-2,-22,-3,-23,-2,-25,-3,-25,-2,-23,-4,0,0,-26,-3,-24,-4,-23,-5,-23,-4,-23,-6,-24,-4,-21,-4,-19,-5,-20,-3,-22,-1,-22,-3,-19,-4,-20,-3,-19,-3,-19,-3,-21,-2,-19,-3,-19,-2,-20,-2,-18,-4,-19,-5,-17,-6,-18,-8,-16,-7,-15,-10,-13,-10,-10,-10,-11,-11,0,0,0,0,0,0]"
CSI_DATA,3886970,1a:00:00:00:00:00,-61,11,-95,4,46,6,3886970,47,0,128,0,"[0,0,0,0,0,0,0,0,-15,-14,-12,-14,-13,-17,-12,-17,-11,-18,-11,-21,-9,-21,-7,-21,-5,-23,-2,-21,-4,-23,-1,-22,-2,-22,0,-21,-1,-22,-4,-23,-2,-22,-4,-23,-2,-21,-2,-21,-2,-22,-2,-23,-2,-23,-2,-24,-1,-22,-3,-24,-2,-25,-1,-24,0,0,1,-24,0,-25,0,-24,0,-24,1,-22,1,-24,3,-22,2,-20,2,-21,0,-22,-1,-21,1,-21,0,-20,0,-19,-1,-20,0,-19,-1,-20,2,-19,2,-19,4,-18,4,-19,4,-18,5,-17,6,-18,8,-15,9,-15,9,-12,11,-11,0,0,0,0,0,0]"
CSI_DATA,3887113,1a:00:00:00:00:00,-61,11,-95,4,46,6,3887113,47,0,128,0,"[0,0,0,0,0,0,0,0,5,18,3,18,2,21,2,21,-2,21,-3,23,-4,23,-6,21,-7,22,-9,20,-9,21,-9,21,-10,20,-11,20,-9,19,-9,20,-9,18,-11,21,-10,20,-11,18,-10,20,-10,20,-10,20,-10,20,-10,21,-11,21,-12,22,-12,21,0,0,-14,21,-15,20,-14,19,-14,20,-13,17,-13,19,-13,17,-12,17,-13,17,-12,18,-12,18,-12,16,-11,16,-10,15,-13,15,-11,14,-12,16,-12,16,-13,16,-14,13,-15,14,-14,12,-15,12,-15,10,-16,8,-16,7,-14,4,-14,3,0,0,0,0,0,0]"
CSI_DATA,3893068,1a:00:00:00:00:00,-61,11,-95,4,46,6,3893068,47,0,128,0,"[0,0,0,0,0,0,0,0,-18,-6,-18,-6,-19,-7,-20,-8,-19,-10,-21,-11,-19,-12,-19,-11,-20,-12,-19,-12,-20,-11,-19,-10,-21,-9,-22,-10,-20,-8,-20,-7,-20,-8,-23,-7,-22,-5,-20,-5,-22,-4,-21,-4,-22,-2,-22,-2,-24,0,-24,3,-25,2,-25,3,0,0,-26,6,-24,4,-23,5,-23,6,-22,6,-22,7,-20,7,-19,7,-18,7,-19,10,-19,11,-15,11,-16,13,-14,12,-15,13,-14,15,-14,14,-14,14,-14,15,-13,13,-14,16,-13,12,-13,14,-12,13,-13,12,-12,11,-13,8,-12,8,0,0,0,0,0,0]"
CSI_DATA,3896204,1a:00:00:00:00:00,-61,11,-95,4,46,6,3896204,47,0,128,0,"[0,0,0,0,0,0,0,0,-3,19,-4,19,-5,20,-7,19,-7,20,-8,21,-9,21,-12,18,-12,20,-15,16,-14,18,-13,17,-13,18,-15,17,-13,17,-12,19,-13,17,-12,21,-11,18,-13,18,-11,18,-11,19,-12,18,-11,19,-13,20,-9,21,-10,23,-14,21,0,0,-13,23,-12,22,-9,21,-12,22,-10,18,-10,21,-10,17,-10,18,-11,18,-9,20,-7,20,-6,19,-5,20,-6,18,-6,20,-4,19,-5,19,-7,18,-7,19,-9,18,-8,18,-8,17,-8,16,-8,16,-9,15,-10,13,-10,11,-9,11,0,0,0,0,0,0]"
CSI_DATA,3900392,1a:00:00:00:00:00,-61,11,-95,4,46,6,3900392,47,0,128,0,"[0,0,0,0,0,0,0,0,12,-16,12,-13,14,-16,13,-15,16,-14,17,-15,18,-15,18,-14,19,-14,19,-11,19,-12,17,-12,20,-12,18,-13,17,-14,18,-14,16,-13,18,-15,16,-15,16,-14,14,-16,15,-17,15,-17,14,-16,16,-18,14,-19,12,-18,15,-19,0,0,14,-20,14,-20,14,-19,14,-20,12,-18,11,-20,11,-18,10,-18,10,-18,9,-20,8,-21,7,-19,6,-20,4,-17,6,-19,5,-18,4,-19,5,-19,6,-20,5,-19,6,-19,6,-17,6,-16,7,-17,7,-16,8,-15,8,-12,8,-12,0,0,0,0,0,0]"
CSI_DATA,3905835,1a:00:00:00:00:00,-61,11,-95,4,46,6,3905835,47,0,128,0,"[0,0,0,0,0,0,0,0,-9,18,-11,17,-12,17,-12,17,-14,17,-16,18,-15,16,-16,16,-17,17,-16,15,-16,16,-15,15,-18,15,-18,15,-15,15,-15,16,-14,16,-15,19,-14,17,-13,16,-11,18,-11,18,-12,20,-11,19,-12,20,-11,21,-11,23,-11,20,0,0,-11,24,-11,22,-10,22,-10,21,-10,19,-7,22,-6,20,-6,20,-6,20,-3,21,-6,21,-4,19,-4,20,-2,19,-3,19,-3,20,-2,19,-2,19,0,20,-2,18,-1,20,-3,18,-2,19,-3,16,-6,16,-5,16,-6,14,-6,14,0,0,0,0,0,0]"
CSI_DATA,3907835,1a:00:00:00:00:00,-61,11,-95,4,46,6,3907835,47,0,128,0,"[0,0,0,0,0,0,0,0,-19,3,-19,1,-20,1,-22,1,-21,-2,-25,-2,-21,-4,-22,-4,-24,-5,-22,-7,-22,-7,-20,-8,-21,-8,-22,-9,-21,-8,-20,-7,-20,-8,-22,-7,-21,-7,-19,-7,-21,-7,-20,-7,-21,-5,-20,-6,-23,-6,-22,-6,-24,-8,-21,-7,0,0,-25,-7,-22,-8,-24,-9,-22,-8,-21,-7,-21,-7,-19,-7,-19,-6,-20,-6,-19,-4,-20,-5,-19,-6,-20,-4,-19,-4,-19,-4,-20,-4,-18,-4,-20,-5,-20,-4,-18,-5,-21,-6,-17,-7,-16,-7,-15,-8,-14,-9,-14,-11,-9,-10,-11,-10,0,0,0,0,0,0]"
CSI_DATA,3911835,1a:00:00:00:00:00,-61,11,-95,4,46,6,3911835,47,0,128,0,"[0,0,0,0,0,0,0,0,19,-4,18,-3,20,-3,22,-2,21,-1,23,-1,23,2,23,2,24,3,22,3,22,2,21,4,23,3,23,3,21,2,21,2,21,1,25,0,23,0,22,1,21,-1,22,-2,22,-1,22,-2,24,-3,25,-2,25,-2,24,-4,0,0,26,-4,24,-3,24,-3,23,-2,21,-3,23,-5,21,-4,20,-5,20,-5,22,-9,21,-7,19,-6,18,-8,17,-7,20,-8,18,-8,17,-9,18,-9,19,-9,17,-7,19,-9,16,-7,18,-5,17,-5,18,-3,17,-2,15,-1,15,0,0,0,0,0,0,0]"
CSI_DATA,3915835,1a:00:00:00:00:00,-61,11,-95,4,46,6,3915835,47,0,128,0,"[0,0,0,0,0,0,0,0,-19,7,-18,3,-20,5,-22,4,-21,4,-22,3,-21,2,-22,2,-23,2,-22,0,-23,2,-21,1,-23,0,-23,1,-20,2,-22,3,-21,4,-22,5,-21,6,-20,5,-20,8,-21,9,-20,10,-20,11,-21,10,-20,12,-22,12,-23,11,0,0,-21,16,-20,14,-20,13,-19,15,-17,14,-17,15,-16,14,-15,15,-14,14,-14,16,-14,17,-12,16,-11,17,-9,16,-9,17,-9,17,-8,19,-10,18,-8,18,-8,16,-8,19,-8,16,-9,15,-9,14,-10,13,-10,13,-9,11,-10,10,0,0,0,0,0,0]"
CSI_DATA,3921835,1a:00:00:00:00:00,-61,11,-95,4,46,6,3921835,47,0,128,0,"[0,0,0,0,0,0,0,0,21,17,1,19,11,19,13,19,20,31,14,21,8,20,-1,26,11,20,12,21,2,19,6,21,10,22,11,21,10,21,12,21,13,18,16,17,13,17,12,17,16,16,15,17,15,16,16,18,17,17,17,16,18,16,18,17,0,0,19,17,18,17,19,16,19,15,17,12,20,13,18,12,17,10,19,9,20,8,19,8,18,8,19,8,18,6,19,6,19,6,19,5,19,4,20,4,18,4,19,4,17,6,17,6,16,6,15,7,15,8,12,8,12,8,0,0,0,0,0,0]"
CSI_DATA,3927835,1a:00:00:00:00:00,-61,11,-95,4,46,6,3927835,47,0,128,0,"[0,0,0,0,0,0,0,0,-6,-19,-3,-19,-4,-20,-3,-21,-1,-21,-2,-23,0,-23,2,-22,2,-22,5,-20,3,-22,3,-21,3,-21,2,-22,2,-23,1,-23,0,-21,-2,-23,-1,-22,-1,-21,-2,-22,-2,-22,-3,-22,-3,-22,-3,-23,-6,-23,-6,-25,-6,-22,0,0,-5,-25,-7,-24,-6,-24,-6,-23,-6,-21,-8,-21,-7,-20,-7,-19,-7,-19,-9,-19,-10,-18,-10,-18,-11,-19,-9,-17,-11,-16,-13,-15,-13,-15,-11,-16,-11,-16,-11,-16,-11,-16,-10,-16,-8,-16,-9,-15,-7,-16,-5,-15,-3,-13,-4,-15,0,0,0,0,0,0]"
CSI_DATA,3931835,1a:00:00:00:00:00,-61,11,-95,4,46,6,3931835,47,0,128,0,"[0,0,0,0,0,0,0,0,2,20,2,20,3,20,1,22,1,21,2,23,0,22,-1,22,-1,24,-2,21,0,23,-3,22,0,22,0,23,1,22,2,23,2,21,6,23,6,21,4,19,6,21,7,21,7,21,9,21,10,21,10,21,11,22,12,21,0,0,14,21,15,19,13,19,15,19,14,19,15,17,14,15,12,15,15,15,17,13,18,11,16,11,17,12,16,10,18,8,18,7,18,7,18,9,18,7,17,8,18,9,17,9,17,9,17,8,15,9,15,9,11,9,12,9,0,0,0,0,0,0]"
CSI_DATA,3937835,1a:00:00:00:00:00,-61,11,-95,4,46,6,3937835,47,0,128,0,"[0,0,0,0,0,0,0,0,12,-15,13,-14,14,-15,15,-15,16,-14,17,-17,16,-14,17,-14,17,-14,17,-13,18,-14,16,-13,19,-13,19,-14,17,-15,16,-15,16,-16,15,-17,13,-17,13,-16,12,-19,13,-18,12,-19,10,-20,12,-20,11,-21,12,-22,12,-21,0,0,9,-23,8,-22,9,-23,8,-23,6,-21,5,-21,6,-21,4,-20,3,-22,2,-21,3,-21,1,-20,1,-20,-1,-19,-1,-18,-2,-20,-3,-19,-2,-20,-3,-20,-2,-18,-3,-19,-2,-19,-1,-18,-1,-17,1,-16,1,-17,2,-14,2,-15,0,0,0,0,0,0]"
CSI_DATA,3947835,1a:00:00:00:00:00,-61,11,-95,4,46,6,3947835,47,0,128,0,"[0,0,0,0,0,0,0,0,18,-6,19,-5,19,-6,20,-6,21,-5,22,-6,22,-4,22,-3,23,-4,22,-1,23,-4,22,-2,23,-5,22,-4,22,-5,21,-7,20,-7,21,-11,19,-10,18,-10,19,-11,19,-12,18,-13,18,-13,20,-14,18,-16,18,-17,18,-16,0,0,17,-18,15,-18,13,-18,15,-20,13,-17,14,-19,12,-18,11,-17,9,-19,8,-21,6,-20,5,-19,4,-20,3,-18,3,-20,2,-19,1,-19,2,-20,1,-19,2,-19,2,-20,1,-19,3,-17,1,-18,2,-18,4,-17,3,-13,4,-14,0,0,0,0,0,0]"
CSI_DATA,3957963,1a:00:00:00:00:00,-61,11,-95,4,46,6,3957963,47,0,128,0,"[0,0,0,0,0,0,0,0,-2,20,-4,18,-5,20,-7,21,-9,20,-9,21,-11,18,-11,18,-14,18,-15,16,-16,17,-16,14,-16,16,-17,16,-15,16,-16,17,-15,15,-15,17,-15,15,-15,14,-16,15,-15,15,-16,15,-16,17,-19,16,-17,17,-18,17,-20,17,0,0,-20,17,-19,15,-17,15,-17,16,-16,13,-17,14,-16,12,-16,12,-16,13,-17,14,-15,15,-15,11,-15,14,-13,12,-15,15,-14,13,-14,14,-16,12,-15,12,-16,11,-18,10,-16,9,-16,7,-16,6,-17,5,-16,4,-14,2,-14,1,0,0,0,0,0,0]"
CSI_DATA,3958124,1a:00:00:00:00:00,-61,11,-95,4,46,6,3958124,47,0,128,0,"[0,0,0,0,0,0,0,0,14,13,13,14,12,17,13,18,11,19,12,21,10,21,7,21,8,22,5,21,5,23,3,21,2,21,2,22,3,22,4,23,3,21,4,22,4,21,3,20,5,22,5,23,5,22,6,22,3,22,5,24,4,25,2,23,0,0,3,25,1,24,1,25,1,23,1,22,2,24,1,22,2,20,0,20,1,22,2,22,2,20,2,21,2,19,2,18,2,19,2,19,0,19,0,19,-1,19,0,19,-3,19,-2,18,-4,17,-6,17,-7,15,-7,13,-9,13,0,0,0,0,0,0]"
CSI_DATA,3962760,1a:00:00:00:00:00,-61,11,-95,4,46,6,3962760,47,0,128,0,"[0,0,0,0,0,0,0,0,-13,-14,-12,-16,-10,-17,-10,-17,-10,-19,-9,-21,-8,-22,-6,-21,-6,-22,-4,-21,-5,-22,-3,-22,-4,-22,-3,-23,-3,-21,-4,-22,-3,-20,-4,-22,-4,-21,-2,-21,-5,-21,-6,-22,-5,-22,-5,-22,-5,-23,-6,-24,-6,-23,-3,-21,0,0,-4,-25,-5,-24,-4,-24,-4,-23,-3,-21,-3,-24,-4,-22,-3,-20,-3,-19,-4,-22,-5,-21,-5,-20,-6,-20,-6,-18,-5,-19,-4,-19,-6,-20,-5,-18,-4,-19,-2,-18,-4,-19,-2,-19,-1,-18,-1,-19,2,-16,2,-16,3,-14,3,-14,0,0,0,0,0,0]"
CSI_DATA,3969058,1a:00:00:00:00:00,-61,11,-95,4,46,6,3969058,47,0,128,0,"[0,0,0,0,0,0,0,0,-18,-9,-16,-8,-17,-10,-17,-12,-17,-16,-17,-16,-15,-17,-14,-18,-14,-18,-12,-18,-11,-19,-10,-19,-11,-20,-10,-20,-10,-19,-11,-21,-10,-19,-11,-20,-10,-20,-9,-19,-10,-19,-11,-20,-12,-19,-10,-21,-12,-20,-11,-21,-12,-22,-9,-21,0,0,-11,-21,-9,-23,-10,-22,-7,-22,-8,-21,-10,-22,-7,-20,-8,-20,-8,-19,-8,-20,-8,-20,-8,-19,-7,-19,-8,-18,-7,-18,-7,-17,-8,-19,-6,-18,-7,-19,-6,-17,-6,-19,-3,-18,-3,-18,-1,-18,1,-18,2,-17,4,-13,4,-14,0,0,0,0,0,0]"
CSI_DATA,3972404,1a:00:00:00:00:00,-61,11,-95,4,46,6,3972404,47,0,128,0,"[0,0,0,0,0,0,0,0,9,-17,11,-15,11,-17,13,-18,13,-17,14,-18,15,-18,17,-14,17,-15,18,-12,18,-15,17,-12,17,-14,19,-13,17,-14,18,-15,16,-14,17,-16,16,-15,15,-15,14,-15,14,-17,15,-16,15,-17,17,-18,13,-20,16,-19,16,-17,0,0,16,-20,14,-19,13,-18,14,-19,13,-17,14,-19,11,-17,12,-15,11,-17,11,-18,10,-19,10,-18,9,-18,7,-18,7,-19,7,-17,7,-19,8,-18,8,-19,9,-17,9,-17,9,-16,10,-15,9,-15,11,-15,11,-12,11,-9,10,-10,0,0,0,0,0,0]"
CSI_DATA,3983072,1a:00:00:00:00:00,-61,11,-95,4,46,6,3983072,47,0,128,0,"[0,0,0,0,0,0,0,0,-5,18,-7,16,-8,17,-11,18,-9,17,-11,20,-12,20,-13,15,-17,17,-14,18,-15,16,-14,19,-15,17,-20,16,-10,18,-10,18,-6,17,-8,21,-8,20,-16,12,-11,24,-9,25,-11,9,-10,16,-7,12,-4,17,-15,29,-6,19,0,0,-6,17,-1,19,-4,24,-4,15,-16,15,-11,25,0,18,-4,25,-5,18,-7,25,-5,13,-3,21,-2,22,-2,26,-3,24,-2,23,1,17,-2,15,-4,22,-1,19,0,20,-6,19,-3,17,-6,16,-6,17,-7,15,-6,13,-7,12,0,0,0,0,0,0]"
CSI_DATA,3991322,1a:00:00:00:00:00,-61,11,-95,4,46,6,3991322,47,0,128,0,"[0,0,0,0,0,0,0,0,18,6,17,6,19,7,19,8,18,8,20,8,22,12,19,8,20,9,21,12,21,9,18,12,20,8,20,2,19,12,20,9,15,11,19,3,17,-1,25,9,24,-3,24,-5,14,3,19,-2,19,-10,22,-13,25,1,27,-10,0,0,32,-15,33,-3,22,-3,30,-7,23,-16,21,-16,11,-3,13,-15,13,-6,21,-18,11,-11,14,-18,14,-18,17,-14,16,-15,13,-14,9,-19,8,-16,8,-18,12,-15,11,-16,11,-16,9,-14,10,-16,10,-14,10,-12,10,-12,9,-12,0,0,0,0,0,0]"
CSI_DATA,3994076,1a:00:00:00:00:00,-61,11,-95,4,46,6,3994076,47,0,128,0,"[0,0,0,0,0,0,0,0,-17,-12,-15,-12,-16,-13,-15,-14,-16,-17,-16,-17,-14,-17,-13,-18,-13,-20,-10,-18,-12,-18,-9,-21,-13,-19,-11,-19,-12,-18,-12,-18,-12,-17,-16,-17,-14,-16,-13,-15,-15,-17,-14,-18,-14,-16,-15,-16,-17,-17,-18,-15,-18,-18,-17,-16,0,0,-18,-17,-19,-16,-18,-15,-19,-16,-16,-14,-18,-15,-17,-13,-15,-14,-16,-12,-17,-11,-19,-10,-17,-10,-19,-9,-16,-8,-19,-7,-17,-7,-19,-7,-17,-9,-19,-7,-16,-9,-17,-9,-16,-9,-15,-11,-15,-10,-14,-11,-12,-10,-10,-10,-9,-10,0,0,0,0,0,0]"
CSI_DATA,3997835,1a:00:00:00:00:00,-61,11,-95,4,46,6,3997835,47,0,128,0,"[0,0,0,0,0,0,0,0,-16,12,-15,11,-17,12,-18,11,-18,11,-19,11,-20,11,-20,10,-20,11,-20,8,-21,9,-19,9,-21,10,-20,10,-19,12,-18,12,-18,12,-19,14,-16,13,-17,13,-16,15,-15,16,-14,16,-15,17,-15,19,-14,19,-14,21,-14,18,0,0,-14,21,-13,21,-11,19,-12,21,-9,19,-9,21,-9,20,-7,19,-9,20,-5,22,-4,22,-3,19,-3,20,-1,19,-2,20,-1,20,0,20,-1,19,0,20,0,18,0,19,-1,18,0,18,-1,18,-3,18,-3,16,-4,15,-4,13,0,0,0,0,0,0]"
CSI_DATA,4001887,1a:00:00:00:00:00,-61,11,-95,4,46,6,4001887,47,0,128,0,"[0,0,0,0,0,0,0,0,-1,19,-2,18,-4,20,-6,19,-8,20,-9,20,-10,20,-12,19,-13,19,-14,17,-16,17,-14,16,-15,16,-15,17,-13,17,-14,17,-13,16,-15,18,-15,16,-14,15,-13,17,-14,17,-14,17,-15,16,-16,17,-14,18,-16,18,-16,19,0,0,-16,18,-17,16,-18,17,-18,16,-16,14,-18,15,-17,13,-16,12,-17,13,-16,16,-15,16,-13,15,-14,14,-13,14,-15,14,-14,13,-16,14,-15,13,-16,13,-17,11,-16,11,-15,9,-16,9,-16,8,-17,6,-16,5,-13,2,-14,1,0,0,0,0,0,0]"
CSI_DATA,4014365,1a:00:00:00:00:00,-61,11,-95,4,46,6,4014365,47,0,128,0,"[0,0,0,0,0,0,0,0,18,8,17,9,19,7,19,10,19,10,22,11,19,12,18,13,19,13,17,14,18,12,18,14,17,13,19,13,19,12,19,11,19,10,22,9,21,9,19,7,21,6,21,7,21,6,22,5,24,6,23,3,25,4,24,4,0,0,26,3,24,-1,23,-1,24,-1,21,0,23,-2,22,-2,21,0,20,-4,20,-7,21,-6,18,-5,19,-7,18,-6,18,-9,18,-8,17,-9,18,-8,18,-10,18,-9,17,-9,18,-8,17,-6,16,-7,17,-6,17,-4,14,-3,14,-4,0,0,0,0,0,0]"
CSI_DATA,4019835,1a:00:00:00:00:00,-61,11,-95,4,46,6,4019835,47,0,128,0,"[0,0,0,0,0,0,0,0,8,-18,8,-16,10,-16,11,-17,13,-18,13,-19,13,-18,14,-17,15,-19,15,-16,15,-17,15,-16,14,-18,14,-18,12,-19,11,-19,11,-18,11,-22,10,-18,9,-19,8,-20,8,-21,6,-21,6,-21,6,-24,4,-23,5,-24,5,-24,0,0,3,-24,3,-24,2,-22,2,-24,2,-21,0,-22,0,-21,0,-21,-1,-20,-2,-21,-4,-21,-5,-19,-5,-19,-6,-18,-6,-19,-7,-18,-9,-19,-8,-17,-8,-19,-6,-17,-7,-19,-6,-18,-8,-18,-7,-17,-6,-17,-4,-14,-3,-14,-4,-14,0,0,0,0,0,0]"
CSI_DATA,4021835,1a:00:00:00:00:00,-61,11,-95,4,46,6,4021835,47,0,128,0,"[0,0,0,0,0,0,0,0,20,-2,19,-1,20,1,21,0,21,2,24,2,22,4,22,5,23,6,22,6,22,7,20,8,21,6,22,8,21,7,21,5,20,6,23,5,21,4,20,4,23,3,21,3,21,2,22,3,24,2,23,2,25,4,23,2,0,0,26,2,23,2,25,2,25,2,23,1,23,0,20,0,21,1,21,0,21,-2,23,-1,19,-1,20,-2,19,-3,19,-3,20,-4,20,-3,20,-4,20,-5,18,-4,19,-5,17,-2,17,0,18,2,18,1,16,1,13,4,14,5,0,0,0,0,0,0]"
CSI_DATA,4027395,1a:00:00:00:00:00,-61,11,-95,4,46,6,4027395,47,0,128,0,"[0,0,0,0,0,0,0,0,-6,-20,-3,-19,-3,-20,-1,-22,0,-22,0,-24,2,-23,4,-21,4,-23,4,-22,5,-22,5,-21,5,-21,5,-22,4,-22,2,-22,4,-21,3,-23,4,-21,2,-21,2,-22,2,-22,1,-22,2,-22,0,-23,0,-23,-1,-24,2,-23,0,0,-1,-26,0,-25,-1,-24,0,-24,0,-22,-1,-23,-1,-22,-2,-21,0,-20,-3,-21,-3,-20,-4,-20,-5,-20,-5,-18,-5,-20,-4,-19,-6,-19,-4,-18,-5,-19,-3,-17,-3,-19,-3,-19,-3,-18,-1,-18,0,-17,2,-17,2,-15,3,-14,0,0,0,0,0,0]"
CSI_DATA,4027536,1a:00:00:00:00:00,-61,11,-95,4,46,6,4027536,47,0,128,0,"[0,0,0,0,0,0,0,0,-5,19,-5,17,-7,19,-9,20,-10,19,-12,21,-11,18,-13,17,-14,18,-15,14,-16,17,-14,14,-15,16,-16,16,-14,15,-15,18,-14,17,-13,18,-12,18,-13,16,-12,17,-12,18,-12,18,-11,19,-13,19,-11,20,-14,21,-12,19,0,0,-13,22,-13,20,-11,21,-11,20,-11,18,-11,20,-10,18,-11,19,-10,18,-10,19,-8,20,-6,18,-6,19,-6,18,-5,19,-5,18,-5,19,-7,17,-6,18,-7,17,-8,17,-7,17,-8,16,-9,15,-10,15,-10,13,-10,11,-10,11,0,0,0,0,0,0]"
CSI_DATA,4035191,1a:00:00:00:00:00,-61,11,-95,4,46,6,4035191,47,0,128,0,"[0,0,0,0,0,0,0,0,1,20,0,19,-2,21,-4,22,-4,21,-5,21,-7,22,-9,20,-12,20,-13,18,-13,19,-14,16,-13,19,-14,19,-12,18,-13,18,-13,17,-14,20,-13,18,-13,17,-13,17,-13,17,-14,17,-13,18,-16,18,-14,18,-15,20,-15,19,0,0,-17,20,-16,19,-15,17,-17,18,-15,15,-17,15,-16,13,-17,12,-17,12,-16,12,-14,17,-14,14,-14,14,-14,13,-14,15,-14,14,-14,14,-15,13,-16,12,-16,10,-17,9,-16,9,-17,8,-16,8,-16,7,-15,4,-14,1,-13,1,0,0,0,0,0,0]"
CSI_DATA,4039835,1a:00:00:00:00:00,-61,11,-95,4,46,6,4039835,47,0,128,0,"[0,0,0,0,0,0,0,0,16,-11,15,-10,18,-11,19,-10,18,-9,23,-10,21,-6,21,-5,23,-6,21,-3,23,-4,22,-1,22,-1,24,-1,22,-1,22,-1,22,-2,23,-4,24,-3,21,-3,22,-3,22,-2,22,-3,22,-2,23,-3,22,-2,26,-2,26,-1,0,0,25,-2,24,-1,24,-1,24,-2,22,-1,23,-2,20,0,22,0,20,-1,21,-1,22,-3,19,-1,19,-2,18,-2,19,-3,19,-3,19,-3,20,-3,20,-2,19,0,19,-1,18,1,18,2,17,3,17,5,16,5,13,6,13,7,0,0,0,0,0,0]"
CSI_DATA,4045835,1a:00:00:00:00:00,-61,11,-95,4,46,6,4045835,47,0,128,0,"[0,0,0,0,0,0,0,0,-19,-4,-18,-5,-20,-6,-21,-8,-20,-10,-21,-11,-19,-12,-17,-13,-19,-14,-17,-13,-15,-14,-14,-16,-15,-16,-14,-18,-15,-16,-16,-17,-15,-16,-16,-17,-15,-16,-14,-15,-15,-17,-15,-16,-15,-15,-16,-16,-16,-18,-16,-17,-18,-19,-13,-18,0,0,-16,-19,-14,-19,-13,-19,-14,-20,-12,-17,-14,-19,-12,-17,-12,-17,-11,-16,-12,-16,-12,-16,-11,-16,-13,-16,-12,-15,-12,-15,-11,-15,-11,-15,-11,-17,-11,-16,-10,-16,-9,-17,-7,-17,-8,-17,-5,-16,-4,-17,-3,-17,0,-15,1,-15,0,0,0,0,0,0]"
CSI_DATA,4052699,1a:00:00:00:00:00,-61,11,-95,4,46,6,4052699,47,0,128,0,"[0,0,0,0,0,0,0,0,17,-11,16,-8,19,-11,19,-9,19,-9,22,-10,22,-8,21,-7,23,-8,21,-5,22,-7,20,-5,22,-8,22,-8,20,-9,19,-10,19,-9,19,-13,18,-11,18,-12,17,-13,18,-13,16,-13,17,-15,18,-16,17,-16,17,-19,18,-16,0,0,17,-19,14,-19,13,-18,14,-22,12,-18,12,-18,11,-18,11,-17,9,-18,7,-20,7,-20,6,-18,4,-19,3,-17,3,-19,2,-18,2,-19,2,-19,2,-20,4,-18,3,-19,2,-18,4,-19,3,-18,4,-17,5,-16,5,-12,5,-13,0,0,0,0,0,0]"
CSI_DATA,4055835,1a:00:00:00:00:00,-61,11,-95,4,46,6,4055835,47,0,128,0,"[0,0,0,0,0,0,0,0,-11,-16,-10,-16,-9,-18,-8,-20,-8,-20,-6,-22,-5,-22,-4,-22,-5,-22,-2,-22,-3,-21,-2,-22,-1,-21,0,-22,-1,-23,-2,-22,-2,-22,-3,-22,-1,-23,-1,-20,-3,-22,-4,-23,-5,-22,-5,-22,-2,-23,-3,-24,-3,-25,-2,-23,0,0,-3,-23,-5,-24,-3,-24,-3,-24,-3,-21,-3,-23,-4,-20,-4,-21,-3,-20,-3,-21,-4,-20,-5,-20,-5,-20,-5,-19,-4,-18,-5,-19,-5,-18,-5,-19,-4,-19,-3,-18,-3,-18,-3,-20,-1,-18,1,-18,2,-16,4,-16,4,-13,5,-14,0,0,0,0,0,0]"
CSI_DATA,4059835,1a:00:00:00:00:00,-61,11,-95,4,46,6,4059835,47,0,128,0,"[0,0,0,0,0,0,0,0,12,16,10,16,11,18,11,18,9,19,11,22,8,21,8,21,7,21,5,21,7,21,5,20,5,22,6,22,6,22,7,21,7,21,9,20,10,20,7,18,10,20,10,20,11,20,12,20,12,20,11,20,12,23,11,20,0,0,15,21,12,21,13,21,13,19,12,20,15,19,13,18,12,17,13,16,15,16,15,14,14,14,14,14,15,13,15,11,15,12,16,12,14,14,16,12,14,12,15,12,14,13,12,14,11,14,10,14,9,14,8,12,7,14,0,0,0,0,0,0]"
CSI_DATA,4063835,1a:00:00:00:00:00,-61,11,-95,4,46,6,4063835,47,0,128,0,"[0,0,0,0,0,0,0,0,-11,-16,-12,-14,-13,-16,-12,-18,-12,-19,-14,-19,-12,-19,-11,-20,-12,-19,-9,-19,-11,-19,-8,-20,-11,-20,-11,-20,-10,-19,-13,-18,-12,-17,-16,-16,-15,-16,-14,-14,-15,-16,-17,-15,-17,-15,-17,-14,-18,-15,-18,-13,-19,-16,-20,-14,0,0,-22,-12,-22,-12,-20,-11,-21,-9,-20,-9,-21,-10,-20,-9,-20,-8,-19,-5,-19,-5,-21,-5,-20,-4,-21,-3,-20,-2,-19,0,-18,0,-20,1,-20,-1,-20,0,-19,1,-19,0,-19,-1,-18,-2,-17,-3,-17,-2,-17,-3,-14,-3,-13,-4,0,0,0,0,0,0]"
CSI_DATA,4069835,1a:00:00:00:00:00,-61,11,-95,4,46,6,4069835,47,0,128,0,"[0,0,0,0,0,0,0,0,-4,19,-6,18,-6,20,-6,20,-8,20,-7,22,-10,22,-10,20,-10,20,-11,18,-11,20,-10,18,-11,20,-10,18,-10,20,-8,22,-8,19,-6,21,-6,21,-6,19,-5,20,-3,21,-4,22,-3,23,-3,22,-3,24,-1,25,-3,23,0,0,-1,26,-2,25,1,24,1,25,1,21,2,23,3,21,2,20,4,21,5,20,6,20,6,19,6,20,8,16,7,18,8,17,9,18,7,17,8,17,7,17,8,19,7,17,7,18,6,18,5,16,3,17,3,14,2,13,0,0,0,0,0,0]"
CSI_DATA,4071836,1a:00:00:00:00:00,-61,11,-95,4,46,6,4071836,47,0,128,0,"[0,0,0,0,0,0,0,0,-17,7,-18,5,-19,6,-21,5,-21,4,-23,5,-23,2,-23,1,-23,2,-23,-1,-23,0,-21,-2,-24,-2,-23,-2,-21,-2,-21,-1,-21,-1,-23,2,-22,0,-21,1,-22,0,-22,2,-22,2,-22,3,-24,2,-23,2,-24,1,-22,0,0,0,-25,4,-25,1,-24,2,-24,2,-23,3,-23,2,-20,3,-21,2,-20,2,-21,2,-22,3,-19,3,-19,3,-18,4,-18,5,-18,6,-18,5,-19,5,-19,7,-18,4,-20,5,-18,3,-18,0,-17,0,-17,-1,-18,-1,-13,-3,-14,-5,0,0,0,0,0,0]"
CSI_DATA,4079835,1a:00:00:00:00:00,-61,11,-95,4,46,6,4079835,47,0,128,0,"[0,0,0,0,0,0,0,0,-13,13,-12,12,-15,14,-17,14,-16,14,-18,15,-19,13,-19,12,-20,13,-20,10,-19,12,-18,10,-19,12,-20,13,-18,14,-16,15,-15,14,-15,18,-14,16,-13,16,-14,18,-13,19,-12,18,-12,19,-12,20,-11,20,-11,23,-10,22,0,0,-9,22,-8,22,-7,23,-6,23,-6,20,-5,22,-5,21,-5,19,-1,21,0,20,0,22,1,18,2,20,3,19,3,19,5,18,4,19,4,20,5,20,4,20,3,19,4,18,4,18,3,17,2,18,1,16,0,13,2,15,0,0,0,0,0,0]"
CSI_DATA,4085129,1a:00:00:00:00:00,-61,11,-95,4,46,6,4085129,47,0,128,0,"[0,0,0,0,0,0,0,0,19,-2,19,-1,20,1,21,2,22,7,23,5,21,8,18,10,20,8,15,10,18,12,18,12,23,16,18,13,17,12,24,13,15,15,17,13,8,18,16,17,19,17,11,9,11,10,19,18,10,12,26,24,23,19,19,15,0,0,20,17,14,23,18,7,15,20,12,18,10,32,11,20,11,16,16,24,19,14,13,12,5,12,14,13,7,14,15,14,10,20,11,17,11,17,9,14,8,17,7,20,5,19,5,18,5,18,1,15,0,16,-3,14,-3,15,0,0,0,0,0,0]"
CSI_DATA,4087597,1a:00:00:00:00:00,-61,11,-95,4,46,6,4087597,47,0,128,0,"[0,0,0,0,0,0,0,0,-19,-6,-18,-7,-18,-8,-21,-9,-19,-11,-21,-11,-18,-13,-19,-13,-18,-12,-17,-13,-18,-13,-16,-15,-17,-15,-17,-15,-15,-15,-18,-14,-17,-13,-19,-12,-18,-12,-16,-11,-19,-13,-20,-11,-19,-10,-20,-10,-21,-11,-20,-11,-22,-12,-20,-10,0,0,-24,-10,-22,-11,-22,-11,-21,-10,-20,-11,-21,-8,-19,-9,-19,-8,-19,-7,-21,-5,-20,-7,-19,-6,-19,-6,-18,-3,-18,-4,-19,-3,-19,-3,-19,-4,-20,-3,-17,-3,-19,-4,-17,-6,-17,-7,-16,-8,-14,-8,-15,-8,-12,-9,-12,-10,0,0,0,0,0,0]"
CSI_DATA,4095515,1a:00:00:00:00:00,-61,11,-95,4,46,6,4095515,47,0,128,0,"[0,0,0,0,0,0,0,0,-13,-14,-11,-15,-13,-16,-13,-16,-11,-17,-13,-19,-12,-18,-12,-18,-13,-18,-11,-18,-12,-18,-11,-17,-13,-19,-13,-19,-14,-16,-15,-15,-14,-15,-17,-14,-16,-12,-15,-12,-17,-10,-19,-11,-19,-10,-20,-9,-21,-8,-20,-7,-22,-8,-23,-7,0,0,-25,-6,-24,-6,-24,-4,-22,-4,-20,-4,-21,-2,-22,-1,-19,1,-21,2,-21,4,-20,4,-18,4,-19,4,-18,7,-18,8,-16,7,-17,9,-16,9,-16,11,-15,10,-17,10,-16,8,-16,8,-15,8,-14,8,-15,7,-14,3,-14,6,0,0,0,0,0,0]"
CSI_DATA,4105836,1a:00:00:00:00:00,-61,11,-95,4,46,6,4105836,47,0,128,0,"[0,0,0,0,0,0,0,0,18,7,17,9,18,11,17,12,17,14,18,15,16,16,14,17,15,20,10,18,12,19,10,20,11,19,11,19,11,19,12,20,10,19,12,20,12,17,11,17,11,18,11,19,11,19,12,19,11,20,14,20,13,20,11,19,0,0,10,23,11,21,10,21,12,21,10,20,9,22,9,19,8,19,9,18,11,17,12,17,10,17,11,18,10,16,10,15,10,16,9,17,9,17,8,18,7,17,6,18,5,17,6,18,4,18,3,17,2,16,-1,15,0,16,0,0,0,0,0,0]"
CSI_DATA,4112346,1a:00:00:00:00:00,-61,11,-95,4,46,6,4112346,47,0,128,0,"[0,0,0,0,0,0,0,0,-17,-9,-16,-10,-17,-9,-19,-11,-17,-12,-19,-12,-20,-13,-18,-12,-19,-13,-17,-13,-19,-13,-18,-12,-18,-12,-20,-12,-19,-11,-19,-9,-18,-8,-22,-9,-20,-7,-19,-7,-22,-6,-23,-5,-21,-3,-21,-4,-24,-1,-23,0,-24,0,-23,-1,0,0,-25,4,-23,1,-23,3,-25,3,-21,2,-22,4,-21,5,-19,5,-19,8,-19,11,-19,10,-16,9,-17,10,-14,11,-15,11,-15,13,-14,13,-15,14,-14,12,-13,12,-14,14,-14,12,-15,12,-13,12,-14,11,-14,9,-13,7,-12,7,0,0,0,0,0,0]"
CSI_DATA,4115836,1a:00:00:00:00:00,-61,11,-95,4,46,6,4115836,47,0,128,0,"[0,0,0,0,0,0,0,0,7,18,5,18,5,19,4,21,2,23,2,23,1,22,-1,22,-1,22,-5,21,-3,22,-4,21,-5,22,-4,22,-3,22,-2,23,-2,21,-3,23,-2,21,-3,21,-3,22,-1,23,-2,22,-1,22,-1,24,0,25,-1,24,-3,25,0,0,-2,26,-1,25,-1,24,-1,24,-1,22,-2,23,-1,21,-2,21,-1,19,-1,21,1,20,2,20,3,20,3,17,2,19,2,19,3,19,1,20,1,19,0,19,1,20,-1,18,-2,19,-1,18,-5,17,-4,16,-6,14,-5,14,0,0,0,0,0,0]"
CSI_DATA,4119836,1a:00:00:00:00:00,-61,11,-95,4,46,6,4119836,47,0,128,0,"[0,0,0,0,0,0,0,0,-9,-16,-6,-17,-6,-19,-6,-20,-4,-20,-5,-23,-3,-23,-1,-22,-2,-23,0,-21,-1,-22,0,-21,-1,-23,0,-23,-2,-22,-3,-22,-3,-21,-5,-22,-4,-20,-4,-21,-5,-21,-6,-22,-6,-21,-7,-21,-7,-21,-9,-22,-9,-22,-8,-22,0,0,-10,-22,-10,-22,-9,-21,-9,-23,-10,-20,-10,-20,-10,-20,-9,-17,-10,-18,-13,-16,-13,-16,-12,-15,-12,-15,-12,-14,-14,-13,-13,-13,-14,-14,-13,-15,-13,-14,-12,-14,-12,-15,-11,-14,-11,-13,-12,-13,-8,-15,-7,-15,-6,-14,-6,-13,0,0,0,0,0,0]"
CSI_DATA,4121836,1a:00:00:00:00:00,-61,11,-95,4,46,6,4121836,47,0,128,0,"[0,0,0,0,0,0,0,0,11,-15,12,-14,13,-16,16,-14,19,-14,17,-14,18,-12,21,-11,20,-12,20,-10,21,-9,20,-8,22,-10,21,-9,19,-9,19,-9,19,-8,21,-10,19,-9,20,-8,19,-9,20,-9,20,-9,20,-10,22,-10,21,-11,21,-11,20,-10,0,0,22,-9,24,-10,21,-10,21,-9,20,-7,21,-8,20,-7,19,-7,18,-8,18,-11,19,-11,17,-9,17,-10,16,-9,17,-10,17,-9,17,-9,17,-10,17,-9,18,-7,17,-7,16,-5,17,-5,16,-4,18,-3,16,-2,15,1,15,1,0,0,0,0,0,0]"
CSI_DATA,4125836,1a:00:00:00:00:00,-61,11,-95,4,46,6,4125836,47,0,128,0,"[0,0,0,0,0,0,0,0,-10,16,-10,15,-12,17,-14,17,-14,16,-16,16,-17,14,-17,13,-19,14,-18,11,-19,13,-18,12,-18,13,-18,13,-17,13,-16,15,-16,13,-17,16,-16,13,-16,14,-15,15,-16,15,-16,15,-15,16,-16,17,-14,20,-15,20,-16,18,0,0,-17,17,-15,17,-14,18,-15,19,-13,16,-14,18,-14,16,-13,16,-13,17,-11,18,-10,19,-8,16,-8,19,-8,18,-8,19,-7,19,-6,17,-8,18,-9,18,-9,17,-9,17,-8,15,-9,15,-9,14,-11,14,-11,12,-10,10,-10,11,0,0,0,0,0,0]"
CSI_DATA,4131836,1a:00:00:00:00:00,-61,11,-95,4,46,6,4131836,47,0,128,0,"[0,0,0,0,0,0,0,0,19,-4,19,-3,20,-3,21,-2,21,-1,23,2,22,4,23,3,24,3,22,5,22,5,21,5,23,5,22,5,21,5,21,3,19,4,23,3,21,3,21,3,21,2,22,3,22,2,22,2,23,1,24,2,24,1,23,2,0,0,25,0,23,2,24,1,24,2,22,1,22,0,21,0,21,1,20,-1,21,-4,22,-3,20,-3,19,-3,19,-2,19,-2,20,-3,19,-3,18,-3,19,-3,20,-2,19,-3,17,0,18,0,17,0,17,2,15,2,13,5,14,3,0,0,0,0,0,0]"
CSI_DATA,4133836,1a:00:00:00:00:00,-61,11,-95,4,46,6,4133836,47,0,128,0,"[0,0,0,0,0,0,0,0,16,10,15,12,15,13,14,16,13,17,14,19,11,20,10,19,10,21,6,22,6,21,6,22,6,21,6,22,5,22,7,21,5,20,6,23,5,20,3,21,6,21,6,22,5,21,5,22,5,23,6,23,7,24,5,23,0,0,4,24,4,24,3,23,2,25,2,21,2,23,2,21,1,21,0,20,2,22,2,21,3,20,2,21,4,19,2,19,2,18,1,21,1,19,1,20,-1,19,-1,19,-3,18,-3,18,-4,17,-6,17,-7,15,-8,12,-7,13,0,0,0,0,0,0]"
CSI_DATA,4137836,1a:00:00:00:00:00,-61,11,-95,4,46,6,4137836,47,0,128,0,"[0,0,0,0,0,0,0,0,-16,-11,-14,-11,-16,-14,-14,-16,-13,-17,-14,-18,-11,-19,-10,-19,-10,-20,-8,-19,-9,-21,-7,-21,-9,-20,-8,-21,-9,-19,-10,-21,-8,-19,-10,-20,-9,-18,-7,-19,-10,-19,-11,-20,-11,-20,-11,-20,-12,-21,-13,-21,-13,-21,-10,-20,0,0,-13,-21,-13,-23,-12,-21,-11,-21,-9,-20,-11,-21,-10,-19,-10,-19,-10,-18,-13,-17,-13,-17,-12,-16,-12,-17,-12,-15,-12,-15,-11,-14,-13,-16,-11,-15,-12,-16,-9,-17,-9,-16,-8,-15,-9,-15,-8,-16,-5,-17,-4,-15,-2,-14,-1,-14,0,0,0,0,0,0]"
CSI_DATA,4139836,1a:00:00:00:00:00,-61,11,-95,4,46,6,4139836,47,0,128,0,"[0,0,0,0,0,0,0,0,19,-4,20,-2,20,-4,21,-3,22,-2,22,-2,22,-2,22,0,23,0,22,1,22,-2,22,-1,22,-2,23,-2,20,-4,22,-4,21,-5,23,-7,20,-7,21,-6,20,-9,20,-9,19,-11,20,-12,21,-14,18,-15,19,-15,20,-14,0,0,20,-17,18,-15,16,-16,17,-18,14,-15,15,-17,13,-16,12,-16,12,-17,9,-19,9,-18,8,-17,6,-18,5,-17,6,-18,5,-19,3,-18,4,-18,3,-20,3,-18,4,-18,4,-16,3,-17,3,-17,5,-17,6,-15,6,-13,5,-12,0,0,0,0,0,0]"
CSI_DATA,4141836,1a:00:00:00:00:00,-61,11,-95,4,46,6,4141836,47,0,128,0,"[0,0,0,0,0,0,0,0,16,11,15,12,15,14,16,14,13,16,16,16,14,18,12,17,12,19,11,18,11,18,12,20,13,17,12,20,13,18,14,18,12,17,15,19,14,16,13,15,15,16,15,18,16,16,16,16,18,14,20,16,19,16,18,16,0,0,20,14,19,15,19,15,19,14,17,14,18,14,18,14,17,11,17,11,19,9,19,8,18,8,19,8,17,7,18,7,18,6,20,5,19,6,18,6,17,7,18,6,17,8,17,8,14,7,15,9,14,9,11,11,11,9,0,0,0,0,0,0]"
CSI_DATA,4154228,1a:00:00:00:00:00,-61,11,-95,4,46,6,4154228,47,0,128,0,"[0,0,0,0,0,0,0,0,-4,-18,-3,-18,-3,-20,-2,-21,-2,-22,0,-22,1,-23,2,-22,5,-22,7,-20,6,-22,5,-20,5,-21,7,-21,5,-22,4,-23,5,-21,5,-22,5,-21,4,-20,4,-21,3,-22,4,-22,3,-22,3,-23,1,-24,2,-25,3,-25,0,0,3,-23,6,-25,2,-24,4,-24,3,-21,3,-23,3,-21,4,-21,4,-19,2,-21,2,-20,0,-19,-1,-20,-1,-19,0,-19,-1,-19,-2,-20,0,-19,1,-20,2,-18,2,-19,3,-18,3,-18,4,-18,5,-16,6,-16,6,-12,7,-13,0,0,0,0,0,0]"
CSI_DATA,4158504,1a:00:00:00:00:00,-61,11,-95,4,46,6,4158504,47,0,128,0,"[0,0,0,0,0,0,0,0,-2,19,-5,18,-6,21,-7,20,-8,21,-9,21,-9,20,-11,18,-11,19,-14,17,-12,18,-13,18,-12,18,-12,20,-10,20,-10,20,-10,19,-10,21,-9,18,-10,18,-9,20,-8,21,-9,22,-8,20,-8,23,-6,23,-6,24,-6,22,0,0,-7,25,-6,23,-6,22,-7,23,-4,20,-5,22,-5,21,-4,20,-4,21,-2,22,0,21,1,20,1,21,1,18,1,20,1,20,2,20,0,20,1,20,-1,19,0,19,-1,19,-1,19,-1,17,-3,18,-3,16,-4,13,-4,13,0,0,0,0,0,0]"
CSI_DATA,4161964,1a:00:00:00:00:00,-61,11,-95,4,46,6,4161964,47,0,128,0,"[0,0,0,0,0,0,0,0,5,-20,6,-18,7,-20,7,-20,7,-19,9,-21,9,-21,10,-20,10,-20,12,-18,11,-20,11,-18,10,-20,11,-20,8,-20,6,-22,5,-20,4,-22,3,-21,3,-20,1,-23,1,-23,1,-21,-1,-23,-1,-23,-2,-23,-3,-24,-1,-24,0,0,-3,-24,-5,-24,-6,-23,-6,-23,-6,-20,-7,-22,-7,-20,-6,-19,-8,-20,-11,-20,-12,-18,-12,-17,-13,-15,-12,-13,-12,-13,-13,-14,-15,-13,-13,-13,-15,-13,-13,-13,-13,-13,-13,-13,-13,-14,-13,-14,-11,-13,-10,-13,-8,-12,-8,-11,0,0,0,0,0,0]"
CSI_DATA,4168389,1a:00:00:00:00:00,-61,11,-95,4,46,6,4168389,47,0,128,0,"[0,0,0,0,0,0,0,0,14,12,14,14,15,14,15,15,14,17,14,19,13,19,13,18,13,19,11,19,11,18,11,18,14,19,13,18,13,18,14,16,13,16,15,18,15,13,15,15,15,15,18,15,17,15,17,14,21,14,19,14,21,12,20,12,0,0,22,12,21,12,20,12,20,10,20,9,21,11,19,8,19,7,19,8,22,5,21,4,19,3,20,2,18,1,19,1,19,2,20,0,19,1,20,0,19,1,19,0,19,2,19,2,17,1,17,3,16,4,13,5,14,4,0,0,0,0,0,0]"
CSI_DATA,4172446,1a:00:00:00:00:00,-61,11,-95,4,46,6,4172446,47,0,128,0,"[0,0,0,0,0,0,0,0,18,6,17,8,18,9,18,10,18,12,19,14,18,16,15,15,15,18,11,17,14,18,10,19,11,18,11,20,10,19,12,19,10,18,11,19,12,17,11,17,12,18,10,19,10,19,12,20,10,21,10,21,12,22,10,21,0,0,10,22,9,22,9,21,9,22,7,20,7,22,7,20,5,20,7,19,7,18,8,20,7,18,8,19,7,17,7,17,7,17,7,19,6,18,6,19,4,18,2,19,2,18,0,18,0,18,-2,17,-3,17,-4,14,-5,15,0,0,0,0,0,0]"
CSI_DATA,4175836,1a:00:00:00:00:00,-61,11,-95,4,46,6,4175836,47,0,128,0,"[0,0,0,0,0,0,0,0,8,-16,10,-16,13,-16,14,-18,14,-16,14,-19,15,-16,17,-15,17,-15,17,-13,18,-15,17,-12,18,-12,19,-11,17,-13,17,-14,17,-14,17,-16,16,-13,15,-13,15,-15,15,-16,16,-16,15,-17,17,-16,16,-17,18,-18,17,-17,0,0,17,-19,16,-17,16,-17,17,-17,15,-15,15,-16,14,-16,15,-14,13,-16,12,-16,14,-16,12,-17,11,-16,10,-16,11,-16,11,-17,11,-18,10,-16,10,-16,11,-15,11,-15,11,-14,12,-13,13,-11,13,-10,14,-10,12,-8,13,-7,0,0,0,0,0,0]"
CSI_DATA,4181836,1a:00:00:00:00:00,-61,11,-95,4,46,6,4181836,47,0,128,0,"[0,0,0,0,0,0,0,0,-19,5,-19,5,-21,4,-21,3,-21,1,-25,2,-22,-2,-22,-3,-24,-3,-21,-5,-22,-4,-20,-6,-22,-5,-22,-7,-20,-6,-21,-5,-21,-5,-23,-3,-22,-3,-20,-4,-21,-4,-22,-3,-21,-4,-22,-2,-23,-4,-23,-3,-24,-3,-22,-4,0,0,-25,-3,-23,-3,-24,-3,-24,-3,-22,-4,-22,-3,-20,-3,-20,-3,-21,-2,-22,0,-21,-1,-19,-1,-20,-1,-20,-1,-19,0,-20,1,-19,0,-19,-2,-19,-1,-19,-2,-19,-2,-18,-3,-17,-5,-16,-4,-15,-6,-16,-6,-12,-7,-13,-7,0,0,0,0,0,0]"
CSI_DATA,4187954,1a:00:00:00:00:00,-61,11,-95,4,46,6,4187954,47,0,128,0,"[0,0,0,0,0,0,0,0,-15,13,-15,11,-17,12,-19,10,-20,9,-21,10,-21,7,-21,5,-23,5,-22,2,-22,4,-21,2,-23,3,-22,1,-22,2,-22,2,-21,1,-23,5,-21,3,-21,3,-22,2,-22,1,-22,2,-22,2,-23,2,-23,3,-25,3,-22,3,0,0,-25,3,-24,1,-23,2,-24,2,-21,1,-23,2,-21,1,-20,1,-20,2,-21,3,-21,3,-18,2,-20,2,-17,2,-18,4,-19,4,-19,3,-19,2,-20,3,-18,0,-19,0,-18,-1,-18,-2,-16,-2,-17,-5,-17,-5,-12,-6,-13,-7,0,0,0,0,0,0]"
CSI_DATA,4191836,1a:00:00:00:00:00,-61,11,-95,4,46,6,4191836,47,0,128,0,"[0,0,0,0,0,0,0,0,-15,-10,-15,-13,-15,-14,-16,-15,-15,-15,-15,-17,-12,-18,-12,-18,-14,-19,-12,-17,-12,-18,-10,-18,-11,-19,-10,-20,-10,-18,-11,-19,-11,-18,-13,-18,-13,-18,-11,-16,-13,-17,-15,-16,-15,-16,-14,-17,-16,-17,-14,-18,-16,-20,-16,-17,0,0,-19,-19,-15,-18,-17,-17,-17,-16,-15,-16,-16,-16,-16,-15,-15,-13,-16,-13,-17,-12,-16,-14,-15,-11,-17,-12,-16,-10,-15,-10,-17,-10,-16,-9,-17,-10,-17,-10,-17,-10,-17,-11,-14,-11,-14,-12,-12,-12,-11,-13,-12,-13,-8,-12,-8,-12,0,0,0,0,0,0]"
CSI_DATA,4193836,1a:00:00:00:00:00,-61,11,-95,4,46,6,4193836,47,0,128,0,"[0,0,0,0,0,0,0,0,-4,-18,-2,-18,-1,-20,0,-22,2,-21,3,-24,5,-22,6,-22,7,-22,9,-20,9,-21,10,-19,11,-19,11,-20,10,-18,10,-20,10,-19,11,-20,10,-19,10,-17,10,-19,9,-19,9,-19,10,-19,11,-20,11,-21,12,-22,13,-20,0,0,15,-22,11,-21,12,-20,12,-20,11,-19,12,-18,12,-17,12,-17,11,-16,11,-17,11,-18,10,-16,10,-18,9,-17,10,-17,10,-16,9,-16,12,-16,12,-16,12,-15,13,-16,12,-13,13,-12,13,-12,15,-10,14,-8,12,-6,12,-6,0,0,0,0,0,0]"
CSI_DATA,4197836,1a:00:00:00:00:00,-61,11,-95,4,46,6,4197836,47,0,128,0,"[0,0,0,0,0,0,0,0,1,19,-1,19,-2,20,-3,22,-3,21,-6,23,-7,22,-8,21,-10,21,-11,18,-10,20,-10,18,-11,19,-11,21,-10,19,-9,21,-8,20,-7,21,-8,20,-7,18,-7,20,-7,21,-7,21,-7,22,-8,22,-5,23,-8,24,-8,23,0,0,-7,23,-6,23,-6,23,-6,22,-5,20,-7,22,-7,20,-6,19,-6,22,-5,22,-4,20,-2,19,-3,20,-2,18,-2,18,-3,19,-1,20,-3,19,-4,19,-4,17,-3,19,-4,18,-5,17,-5,16,-7,16,-8,14,-7,11,-7,12,0,0,0,0,0,0]"
CSI_DATA,4201836,1a:00:00:00:00:00,-61,11,-95,4,46,6,4201836,47,0,128,0,"[0,0,0,0,0,0,0,0,-2,-19,2,-17,2,-20,2,-21,4,-22,4,-23,4,-22,6,-21,5,-21,6,-21,6,-21,6,-21,7,-21,7,-21,6,-21,5,-22,4,-22,4,-22,3,-21,3,-19,2,-23,0,-21,0,-22,0,-21,-1,-23,-1,-24,-2,-25,-1,-23,0,0,-2,-24,-2,-24,-3,-24,-3,-23,-4,-21,-5,-22,-4,-20,-5,-20,-5,-19,-6,-20,-6,-19,-6,-18,-7,-19,-9,-17,-8,-17,-8,-16,-11,-17,-10,-17,-11,-17,-8,-16,-9,-17,-7,-16,-7,-16,-7,-16,-5,-16,-3,-15,-3,-14,-2,-13,0,0,0,0,0,0]"
CSI_DATA,4207836,1a:00:00:00:00:00,-61,11,-95,4,46,6,4207836,47,0,128,0,"[0,0,0,0,0,0,0,0,-14,13,-13,13,-16,13,-16,13,-17,12,-19,13,-18,11,-20,9,-21,11,-20,7,-23,9,-20,7,-21,10,-21,9,-19,9,-19,12,-19,11,-20,12,-18,11,-17,11,-18,13,-18,13,-17,12,-16,14,-18,14,-17,16,-19,16,-18,13,0,0,-19,17,-18,16,-17,17,-18,17,-16,14,-16,17,-15,15,-14,13,-14,16,-14,17,-12,18,-11,16,-10,16,-9,16,-9,17,-9,17,-9,17,-10,17,-10,17,-11,15,-10,16,-11,14,-11,13,-10,13,-12,13,-10,11,-11,8,-10,8,0,0,0,0,0,0]"
CSI_DATA,4211836,1a:00:00:00:00:00,-61,11,-95,4,46,6,4211836,47,0,128,0,"[0,0,0,0,0,0,0,0,14,-13,14,-12,16,-13,16,-12,19,-13,18,-14,19,-11,20,-10,21,-10,20,-8,21,-11,20,-10,20,-10,20,-11,18,-11,18,-14,17,-12,17,-16,15,-14,16,-14,14,-16,15,-16,14,-17,14,-18,14,-18,15,-19,14,-20,13,-18,0,0,12,-20,12,-22,10,-21,12,-22,9,-20,8,-20,9,-19,8,-19,7,-19,6,-21,4,-21,3,-19,2,-20,1,-19,0,-20,0,-19,-1,-19,0,-20,0,-19,2,-19,0,-18,0,-18,0,-18,0,-18,1,-17,3,-16,2,-13,2,-13,0,0,0,0,0,0]"
CSI_DATA,4215839,1a:00:00:00:00:00,-61,11,-95,4,46,6,4215839,47,0,128,0,"[0,0,0,0,0,0,0,0,7,18,5,19,4,20,3,22,2,21,0,24,-1,22,-4,22,-4,23,-7,21,-6,22,-7,20,-8,21,-8,21,-8,20,-7,22,-7,21,-7,21,-7,20,-6,19,-6,21,-6,21,-8,21,-6,22,-8,22,-8,22,-9,23,-8,23,0,0,-10,24,-10,23,-8,22,-10,21,-9,20,-10,21,-9,18,-9,17,-10,20,-8,17,-8,17,-8,17,-9,18,-6,18,-7,17,-7,18,-7,18,-9,18,-10,17,-10,15,-10,16,-10,16,-11,13,-11,13,-13,11,-13,9,-12,7,-12,7,0,0,0,0,0,0]"
CSI_DATA,4224382,1a:00:00:00:00:00,-61,11,-95,4,46,6,4224382,47,0,128,0,"[0,0,0,0,0,0,0,0,7,17,5,18,5,19,4,21,3,22,1,24,1,23,-1,21,0,22,-1,21,-2,21,-2,22,-1,22,-2,23,0,22,0,23,0,22,1,24,1,20,0,20,2,22,3,22,4,22,4,21,4,23,7,23,6,24,5,22,0,0,7,22,5,25,6,23,5,22,5,21,8,21,6,20,6,19,5,20,7,19,8,19,9,17,9,18,9,16,8,17,9,15,11,17,10,16,10,17,10,16,9,16,8,16,8,17,7,16,5,16,3,15,4,14,3,14,0,0,0,0,0,0]"
CSI_DATA,4228448,1a:00:00:00:00:00,-61,11,-95,4,46,6,4228448,47,0,128,0,"[0,0,0,0,0,0,0,0,-17,9,-16,9,-19,9,-19,8,-20,7,-22,8,-22,6,-21,6,-23,5,-22,4,-22,6,-21,5,-22,7,-22,6,-18,8,-19,7,-19,7,-22,11,-20,9,-19,9,-18,11,-18,12,-17,12,-17,13,-19,14,-17,16,-18,16,-16,15,0,0,-17,17,-17,18,-16,17,-17,18,-15,16,-15,18,-14,16,-11,16,-12,17,-10,20,-8,18,-8,17,-6,19,-6,18,-7,19,-5,18,-6,19,-5,19,-6,19,-5,18,-6,18,-6,17,-5,17,-5,16,-7,16,-7,15,-8,13,-7,12,0,0,0,0,0,0]"
CSI_DATA,4232231,1a:00:00:00:00:00,-61,11,-95,4,46,6,4232231,47,0,128,0,"[0,0,0,0,0,0,0,0,-7,18,-9,17,-10,18,-12,17,-14,16,-15,16,-16,15,-16,14,-19,14,-18,12,-18,12,-19,12,-19,11,-19,12,-18,11,-19,11,-17,10,-19,13,-19,10,-18,10,-18,9,-19,10,-18,11,-19,10,-21,13,-20,11,-21,12,-21,11,0,0,-22,11,-23,10,-22,10,-21,9,-18,8,-20,10,-19,7,-18,6,-19,8,-19,11,-19,9,-17,8,-16,9,-15,9,-19,8,-16,8,-17,9,-17,7,-19,8,-17,6,-18,5,-18,4,-17,3,-17,2,-16,1,-17,-1,-14,-2,-13,-3,0,0,0,0,0,0]"
CSI_DATA,4237521,1a:00:00:00:00:00,-61,11,-95,4,46,6,4237521,47,0,128,0,"[0,0,0,0,0,0,0,0,17,7,17,8,17,10,17,13,17,13,17,15,17,16,13,17,15,18,10,18,13,19,11,18,11,19,10,20,11,19,11,18,10,17,12,20,11,17,11,18,11,18,11,19,11,19,12,19,11,21,13,21,13,22,11,21,0,0,11,24,12,22,12,21,10,21,9,20,11,21,10,20,8,18,9,18,11,19,11,17,9,18,10,17,9,15,10,16,10,16,10,18,8,17,9,19,7,16,6,18,5,18,5,18,4,17,2,17,0,16,0,16,0,14,0,0,0,0,0,0]"
CSI_DATA,4247906,1a:00:00:00:00:00,-61,11,-95,4,46,6,4247906,47,0,128,0,"[0,0,0,0,0,0,0,0,-18,-3,-19,-4,-20,-5,-20,-7,-19,-9,-21,-9,-20,-11,-18,-12,-19,-13,-16,-13,-18,-14,-15,-16,-17,-14,-17,-14,-16,-14,-17,-15,-17,-14,-18,-13,-17,-13,-15,-12,-16,-15,-17,-13,-17,-13,-19,-13,-18,-14,-19,-14,-20,-15,-18,-15,0,0,-19,-15,-18,-15,-19,-16,-18,-14,-17,-15,-18,-13,-16,-14,-16,-13,-18,-11,-18,-11,-17,-11,-16,-11,-16,-11,-16,-9,-16,-9,-18,-10,-16,-10,-16,-11,-16,-10,-14,-11,-16,-12,-13,-13,-12,-13,-12,-12,-11,-13,-9,-14,-6,-12,-7,-13,0,0,0,0,0,0]"
CSI_DATA,4254055,1a:00:00:00:00:00,-61,11,-95,4,46,6,4254055,47,0,128,0,"[0,0,0,0,0,0,0,0,8,-17,9,-15,12,-17,15,-17,14,-15,16,-16,17,-14,18,-12,18,-14,19,-11,19,-12,19,-9,20,-10,21,-9,18,-9,20,-10,19,-10,20,-11,19,-10,17,-9,19,-9,18,-10,18,-11,19,-11,21,-9,21,-9,21,-9,21,-10,0,0,23,-11,20,-8,20,-9,21,-9,18,-8,20,-8,19,-7,18,-8,19,-7,19,-8,20,-8,17,-8,18,-8,15,-8,17,-9,18,-8,17,-9,18,-8,18,-8,17,-6,19,-7,17,-5,17,-3,16,-2,17,-1,17,0,14,3,14,4,0,0,0,0,0,0]"
CSI_DATA,4257836,1a:00:00:00:00:00,-61,11,-95,4,46,6,4257836,47,0,128,0,"[0,0,0,0,0,0,0,0,13,-14,14,-11,16,-10,18,-10,18,-10,20,-10,21,-8,20,-8,21,-7,21,-5,21,-6,20,-6,21,-6,21,-7,20,-6,20,-8,19,-6,21,-7,20,-7,20,-8,19,-9,21,-8,18,-9,20,-9,22,-11,20,-10,21,-11,20,-11,0,0,22,-11,21,-9,19,-9,21,-11,19,-9,20,-11,17,-9,17,-9,17,-9,19,-15,17,-13,14,-12,15,-12,13,-12,15,-12,14,-12,14,-12,14,-13,15,-13,15,-10,16,-12,14,-9,15,-10,15,-8,16,-7,15,-6,14,-4,14,-3,0,0,0,0,0,0]"
CSI_DATA,4263836,1a:00:00:00:00:00,-61,11,-95,4,46,6,4263836,47,0,128,0,"[0,0,0,0,0,0,0,0,-18,-4,-18,-6,-19,-5,-19,-8,-19,-10,-20,-10,-18,-13,-18,-12,-19,-14,-16,-14,-16,-14,-15,-15,-17,-15,-17,-15,-16,-14,-16,-14,-16,-13,-19,-13,-16,-13,-15,-13,-16,-12,-18,-13,-17,-12,-18,-13,-18,-13,-19,-13,-19,-14,-21,-12,0,0,-19,-13,-20,-15,-20,-14,-19,-13,-16,-12,-17,-13,-17,-11,-17,-11,-16,-11,-18,-11,-18,-10,-18,-10,-17,-9,-17,-7,-17,-9,-16,-8,-16,-8,-16,-8,-18,-7,-16,-8,-16,-9,-14,-10,-14,-10,-13,-11,-12,-11,-11,-11,-8,-11,-9,-12,0,0,0,0,0,0]"
CSI_DATA,4269836,1a:00:00:00:00:00,-61,11,-95,4,46,6,4269836,47,0,128,0,"[0,0,0,0,0,0,0,0,8,18,7,18,6,19,5,20,4,21,3,24,1,22,1,22,-1,23,-2,21,-1,22,-2,21,-2,22,-2,21,-2,21,-2,21,-1,20,-2,22,-2,21,-1,20,-1,21,-1,23,0,22,-1,21,-1,24,0,23,0,24,-1,24,0,0,-2,24,-1,24,-2,25,-3,23,-1,21,-2,22,-2,21,-1,20,-1,21,0,21,1,21,2,19,1,20,1,18,0,19,1,19,1,20,-1,19,0,19,-2,19,-1,19,-3,18,-4,18,-4,17,-6,15,-6,14,-6,12,-6,12,0,0,0,0,0,0]"
CSI_DATA,4273836,1a:00:00:00:00:00,-61,11,-95,4,46,6,4273836,47,0,128,0,"[0,0,0,0,0,0,0,0,-8,-17,-7,-17,-6,-18,-6,-21,-3,-21,-4,-22,-2,-23,-2,-21,-1,-23,0,-20,2,-21,0,-22,0,-21,0,-22,-1,-22,-2,-22,-2,-21,-2,-22,-2,-21,-2,-21,-4,-22,-3,-22,-3,-21,-5,-21,-5,-23,-6,-23,-7,-23,-6,-21,0,0,-7,-22,-7,-24,-6,-24,-6,-23,-6,-20,-8,-21,-6,-20,-6,-18,-7,-19,-10,-19,-10,-18,-10,-17,-10,-17,-10,-16,-9,-16,-10,-17,-10,-16,-11,-17,-10,-16,-8,-16,-9,-15,-8,-16,-8,-17,-8,-16,-5,-16,-5,-15,-1,-14,-3,-14,0,0,0,0,0,0]"
CSI_DATA,4289057,1a:00:00:00:00:00,-61,11,-95,4,46,6,4289057,47,0,128,0,"[0,0,0,0,0,0,0,0,11,-15,12,-13,14,-15,16,-17,13,-17,16,-16,14,-16,17,-16,17,-16,19,-12,16,-12,16,-12,18,-13,21,-19,21,-15,14,-19,9,-11,21,-14,15,-21,17,-11,4,-16,13,-21,12,-17,18,-8,11,-20,10,-21,16,-32,15,-17,0,0,1,-19,8,-12,12,-19,0,-26,19,-21,3,-20,8,-25,-4,-26,6,-24,9,-19,-2,-17,4,-24,-2,-22,3,-16,1,-24,-3,-22,2,-19,-2,-19,-2,-20,4,-18,0,-20,0,-20,2,-15,0,-17,4,-19,2,-18,3,-14,4,-15,0,0,0,0,0,0]"
CSI_DATA,4291831,1a:00:00:00:00:00,-61,11,-95,4,46,6,4291831,47,0,128,0,"[0,0,0,0,0,0,0,0,-18,-7,-16,-8,-17,-9,-17,-12,-17,-13,-18,-14,-16,-15,-14,-15,-15,-18,-12,-18,-12,-18,-11,-18,-13,-18,-12,-19,-13,-18,-13,-18,-12,-17,-14,-18,-12,-15,-12,-16,-13,-17,-12,-18,-13,-18,-13,-18,-15,-18,-15,-18,-15,-18,-13,-17,0,0,-16,-19,-14,-20,-13,-19,-13,-20,-11,-18,-14,-18,-12,-18,-10,-17,-12,-16,-14,-15,-14,-16,-13,-15,-13,-16,-12,-13,-12,-13,-12,-15,-14,-15,-12,-14,-12,-15,-10,-16,-10,-16,-9,-16,-9,-16,-8,-16,-7,-15,-5,-15,-2,-13,-4,-14,0,0,0,0,0,0]"
CSI_DATA,4295125,1a:00:00:00:00:00,-61,11,-95,4,46,6,4295125,47,0,128,0,"[0,0,0,0,0,0,0,0,-3,20,-2,18,-4,20,-5,21,-6,21,-7,22,-7,22,-9,19,-9,21,-9,19,-9,20,-9,19,-10,20,-10,20,-8,20,-7,21,-7,20,-6,20,-5,21,-7,19,-4,21,-3,22,-3,23,-2,21,-4,23,-4,23,-4,24,-3,23,0,0,0,24,-2,25,-1,24,-1,23,-1,22,1,22,1,21,2,20,1,20,2,20,3,19,4,20,5,20,5,18,6,17,7,18,7,18,5,18,6,18,5,18,6,18,5,17,4,17,3,17,2,17,2,17,1,14,0,14,0,0,0,0,0,0]"
CSI_DATA,4298064,1a:00:00:00:00:00,-61,11,-95,4,46,6,4298064,47,0,128,0,"[0,0,0,0,0,0,0,0,6,-18,8,-17,9,-18,11,-18,13,-17,14,-18,15,-16,17,-15,18,-16,18,-12,18,-13,18,-11,20,-12,20,-12,18,-10,18,-11,18,-11,19,-13,19,-12,18,-11,18,-11,18,-11,18,-12,17,-12,20,-12,19,-13,21,-13,22,-13,0,0,21,-12,20,-10,21,-11,22,-10,20,-9,20,-9,18,-9,18,-8,18,-9,18,-10,18,-10,16,-9,17,-10,16,-8,16,-9,17,-8,17,-9,16,-9,18,-9,17,-6,19,-7,17,-4,17,-4,16,-3,16,-1,17,1,14,2,14,2,0,0,0,0,0,0]"
CSI_DATA,4307570,1a:00:00:00:00:00,-61,11,-95,4,46,6,4307570,47,0,128,0,"[0,0,0,0,0,0,0,0,-20,2,-18,2,-20,1,-23,-1,-20,-2,-24,-2,-22,-4,-22,-5,-22,-5,-21,-7,-20,-7,-19,-8,-21,-8,-20,-8,-20,-8,-21,-7,-20,-7,-21,-5,-21,-5,-19,-4,-21,-6,-22,-4,-21,-5,-22,-4,-23,-5,-22,-4,-24,-5,-22,-5,0,0,-24,-4,-23,-5,-23,-4,-23,-4,-21,-5,-22,-4,-20,-4,-19,-3,-20,-3,-21,-2,-21,-2,-19,-2,-20,-1,-19,-1,-19,1,-20,1,-19,1,-20,0,-19,0,-18,-2,-19,-2,-18,-3,-17,-5,-17,-4,-15,-7,-15,-6,-12,-6,-12,-7,0,0,0,0,0,0]"
CSI_DATA,4310056,1a:00:00:00:00:00,-61,11,-95,4,46,6,4310056,47,0,128,0,"[0,0,0,0,0,0,0,0,6,18,6,18,7,20,6,19,4,21,4,21,3,23,3,21,2,22,1,22,3,22,2,21,4,22,4,22,5,22,7,22,7,20,9,21,9,18,7,19,10,19,11,19,12,18,12,19,14,20,15,18,16,19,15,17,0,0,17,17,19,17,17,17,18,15,17,14,18,14,17,13,16,11,17,11,20,9,20,6,18,7,19,6,17,5,18,5,18,4,18,3,19,4,20,3,18,4,19,3,18,5,17,3,18,3,17,5,15,4,14,6,14,5,0,0,0,0,0,0]"
CSI_DATA,4313837,1a:00:00:00:00:00,-61,11,-95,4,46,6,4313837,47,0,128,0,"[0,0,0,0,0,0,0,0,15,11,13,11,15,14,14,16,13,17,14,19,11,19,10,19,11,20,7,20,9,20,6,19,7,20,7,21,7,20,8,21,7,21,9,20,8,20,7,18,8,20,8,19,8,20,9,21,9,21,10,21,10,24,9,21,0,0,9,24,9,23,7,22,8,21,6,20,8,21,7,19,7,20,7,19,8,18,8,18,8,19,8,18,9,17,8,16,9,18,9,16,7,16,8,17,5,17,7,18,4,18,3,18,3,18,2,18,0,17,-2,13,-2,15,0,0,0,0,0,0]"
CSI_DATA,4319837,1a:00:00:00:00:00,-61,11,-95,4,46,6,4319837,47,0,128,0,"[0,0,0,0,0,0,0,0,-2,-18,-2,-18,0,-20,1,-21,2,-21,3,-23,4,-22,6,-20,8,-21,9,-19,9,-21,10,-19,10,-19,12,-19,10,-19,10,-21,11,-19,9,-20,8,-18,10,-19,9,-20,9,-19,9,-19,11,-20,9,-21,10,-20,10,-22,12,-21,0,0,12,-23,12,-21,11,-20,12,-20,11,-19,11,-18,11,-17,11,-17,11,-18,10,-18,10,-18,8,-16,9,-17,8,-16,10,-17,9,-16,9,-17,10,-16,11,-16,11,-14,12,-15,12,-14,13,-12,13,-12,14,-11,14,-10,12,-6,12,-6,0,0,0,0,0,0]"
CSI_DATA,4321837,1a:00:00:00:00:00,-61,11,-95,4,46,6,4321837,47,0,128,0,"[0,0,0,0,0,0,0,0,15,11,14,13,16,14,15,14,14,15,17,16,16,16,15,16,15,18,13,18,15,17,12,17,15,17,14,17,15,16,15,15,15,15,18,14,18,13,16,12,17,12,19,12,19,12,20,12,20,11,20,10,21,11,22,10,0,0,24,9,21,9,22,8,22,8,21,8,21,6,20,5,19,6,20,3,20,2,20,1,20,2,20,1,19,0,19,-2,18,-2,18,-2,19,-2,19,-2,18,-2,19,-2,18,-1,17,0,18,0,18,1,16,1,14,2,14,3,0,0,0,0,0,0]"
CSI_DATA,4325837,1a:00:00:00:00:00,-61,11,-95,4,46,6,4325837,47,0,128,0,"[0,0,0,0,0,0,0,0,-14,12,-15,10,-18,11,-19,10,-20,9,-20,8,-22,7,-21,4,-22,5,-22,1,-23,2,-21,0,-22,1,-23,-1,-21,-1,-23,0,-21,-1,-23,2,-21,1,-20,1,-20,-1,-21,-1,-21,0,-22,0,-23,0,-22,0,-25,-1,-24,-3,0,0,-24,0,-24,-3,-23,-2,-23,-3,-21,-4,-22,-3,-20,-5,-19,-5,-20,-4,-22,-3,-20,-2,-18,-3,-20,-2,-17,-3,-19,-3,-18,-2,-19,-2,-18,-4,-19,-3,-18,-6,-19,-6,-16,-7,-15,-9,-15,-8,-14,-11,-13,-11,-10,-10,-9,-11,0,0,0,0,0,0]"
CSI_DATA,4327837,1a:00:00:00:00:00,-61,11,-95,4,46,6,4327837,47,0,128,0,"[0,0,0,0,0,0,0,0,-1,-19,0,-17,0,-19,1,-21,3,-21,3,-23,4,-23,6,-21,5,-22,7,-19,5,-22,6,-20,5,-20,6,-20,4,-21,4,-22,5,-20,2,-22,2,-21,2,-20,1,-22,0,-23,0,-22,-1,-22,0,-23,-2,-23,-3,-24,-2,-23,0,0,-5,-24,-4,-24,-5,-23,-5,-22,-4,-21,-6,-22,-5,-21,-4,-20,-6,-20,-9,-19,-8,-18,-8,-17,-10,-18,-9,-16,-9,-16,-10,-15,-11,-16,-10,-16,-11,-16,-8,-15,-11,-16,-9,-15,-8,-17,-8,-16,-7,-16,-5,-15,-4,-13,-4,-14,0,0,0,0,0,0]"
CSI_DATA,4331837,1a:00:00:00:00:00,-61,11,-95,4,46,6,4331837,47,0,128,0,"[0,0,0,0,0,0,0,0,-1,19,-1,19,-2,21,-2,21,-3,22,-2,23,-4,22,-3,21,-4,22,-5,21,-4,22,-6,21,-3,20,-4,22,-3,22,-1,23,0,21,3,22,3,20,3,20,3,21,5,21,6,20,7,21,6,21,7,22,10,25,9,20,0,0,11,22,10,22,12,21,12,20,13,18,14,18,12,16,13,15,13,15,15,16,16,13,16,12,17,12,15,11,17,9,17,8,18,8,17,9,17,8,15,7,17,7,17,7,16,9,16,8,15,9,14,9,11,9,12,9,0,0,0,0,0,0]"
CSI_DATA,4335837,1a:00:00:00:00:00,-61,11,-95,4,46,6,4335837,47,0,128,0,"[0,0,0,0,0,0,0,0,-18,-5,-18,-5,-18,-7,-20,-9,-18,-10,-20,-11,-17,-14,-17,-13,-17,-15,-14,-16,-16,-16,-13,-16,-14,-16,-14,-17,-15,-16,-16,-17,-14,-17,-17,-15,-15,-13,-14,-14,-15,-15,-15,-17,-15,-15,-15,-15,-15,-17,-17,-17,-18,-17,-15,-17,0,0,-15,-18,-17,-19,-17,-17,-16,-17,-14,-17,-15,-17,-13,-17,-12,-15,-14,-16,-15,-14,-16,-13,-13,-12,-14,-14,-13,-12,-14,-12,-15,-13,-15,-13,-13,-13,-13,-13,-12,-15,-12,-15,-10,-15,-9,-15,-10,-14,-8,-16,-6,-15,-3,-13,-3,-13,0,0,0,0,0,0]"
CSI_DATA,4339837,1a:00:00:00:00:00,-61,11,-95,4,46,6,4339837,47,0,128,0,"[0,0,0,0,0,0,0,0,19,4,19,5,19,6,20,7,20,9,21,9,21,10,18,12,20,12,17,13,20,13,16,13,19,12,19,13,18,13,20,12,17,11,21,11,18,9,17,9,18,9,20,10,20,10,21,11,22,9,21,9,22,9,24,8,0,0,23,9,22,9,22,8,23,7,19,9,22,8,20,7,19,7,18,6,20,5,20,3,20,4,20,3,19,3,19,2,19,2,18,1,19,2,19,2,18,4,19,3,18,4,17,5,17,5,16,6,15,6,12,7,13,7,0,0,0,0,0,0]"
CSI_DATA,4345837,1a:00:00:00:00:00,-61,11,-95,4,46,6,4345837,47,0,128,0,"[0,0,0,0,0,0,0,0,-9,-17,-7,-17,-7,-20,-6,-21,-5,-22,-5,-22,-4,-22,-1,-20,0,-23,1,-21,1,-22,1,-22,0,-21,1,-22,0,-21,0,-23,0,-21,-1,-22,-2,-20,-1,-21,-2,-21,-2,-22,-2,-22,-3,-22,-2,-23,-3,-24,-4,-24,-3,-21,0,0,-4,-24,-4,-25,-3,-23,-4,-25,-3,-22,-3,-22,-2,-21,-2,-19,-3,-20,-5,-20,-6,-19,-5,-18,-6,-19,-6,-17,-6,-18,-6,-18,-7,-17,-6,-18,-5,-18,-4,-18,-4,-18,-5,-17,-2,-18,-3,-17,-2,-17,1,-16,2,-13,2,-14,0,0,0,0,0,0]"
CSI_DATA,4353938,1a:00:00:00:00:00,-61,11,-95,4,46,6,4353938,47,0,128,0,"[0,0,0,0,0,0,0,0,6,-19,6,-18,7,-18,9,-19,10,-20,10,-21,10,-19,11,-19,12,-20,12,-17,11,-18,11,-18,10,-20,10,-20,8,-21,8,-21,7,-21,7,-21,6,-20,6,-20,3,-21,3,-22,1,-22,1,-23,1,-25,-2,-23,-2,-24,1,-22,0,0,-3,-24,-4,-25,-3,-22,-3,-24,-4,-21,-6,-22,-6,-20,-5,-18,-8,-19,-10,-20,-10,-18,-10,-16,-12,-17,-12,-14,-12,-15,-11,-14,-13,-14,-12,-14,-13,-15,-10,-13,-13,-14,-11,-13,-13,-14,-12,-14,-11,-13,-9,-12,-6,-12,-8,-12,0,0,0,0,0,0]"
CSI_DATA,4359837,1a:00:00:00:00:00,-61,11,-95,4,46,6,4359837,47,0,128,0,"[0,0,0,0,0,0,0,0,-7,19,-6,18,-8,18,-9,19,-10,20,-10,20,-11,19,-13,18,-14,19,-14,16,-12,19,-14,16,-12,19,-12,19,-10,19,-10,21,-9,19,-8,22,-7,20,-7,19,-7,20,-6,21,-5,22,-3,22,-5,23,-3,24,-2,25,-3,25,0,0,-2,24,0,25,1,23,0,24,3,22,2,22,2,21,2,20,3,21,6,21,7,21,7,18,9,18,8,16,9,17,10,15,10,17,9,17,9,17,8,17,9,16,9,16,7,16,8,16,6,17,6,15,4,13,3,14,0,0,0,0,0,0]"
CSI_DATA,4366552,1a:00:00:00:00:00,-61,11,-95,4,46,6,4366552,47,0,128,0,"[0,0,0,0,0,0,0,0,15,-11,17,-9,18,-9,19,-9,20,-9,21,-10,21,-7,21,-6,23,-6,20,-5,22,-5,21,-5,22,-4,23,-6,21,-6,20,-6,19,-7,21,-8,20,-7,20,-8,19,-10,20,-11,19,-10,20,-12,20,-12,20,-12,20,-12,21,-13,0,0,21,-14,19,-13,17,-13,18,-15,17,-12,17,-13,16,-13,14,-12,15,-14,14,-15,14,-16,12,-14,11,-15,11,-14,11,-16,11,-15,10,-17,11,-16,11,-17,11,-15,11,-15,11,-14,12,-14,12,-13,13,-12,13,-11,12,-8,11,-9,0,0,0,0,0,0]"
CSI_DATA,4370373,1a:00:00:00:00:00,-61,11,-95,4,46,6,4370373,47,0,128,0,"[0,0,0,0,0,0,0,0,-18,4,-18,4,-20,4,-22,3,-21,3,-24,3,-22,2,-22,1,-22,1,-21,1,-23,1,-21,1,-22,2,-23,2,-21,3,-21,4,-20,4,-21,5,-21,7,-19,7,-20,8,-19,10,-19,11,-18,12,-19,13,-19,13,-19,15,-18,14,0,0,-20,17,-19,15,-18,15,-17,16,-15,14,-14,16,-15,17,-12,17,-12,16,-11,17,-11,18,-8,17,-7,19,-6,17,-6,18,-5,17,-4,19,-5,18,-4,20,-4,19,-4,20,-5,17,-4,17,-5,16,-7,16,-6,16,-7,12,-6,13,0,0,0,0,0,0]"
CSI_DATA,4376713,1a:00:00:00:00:00,-61,11,-95,4,46,6,4376713,47,0,128,0,"[0,0,0,0,0,0,0,0,14,-13,15,-12,16,-12,17,-13,17,-12,19,-13,18,-12,19,-11,20,-12,20,-10,19,-11,18,-11,19,-11,21,-10,19,-11,17,-12,17,-13,17,-14,17,-14,15,-13,15,-15,15,-17,14,-18,15,-17,14,-18,14,-19,15,-19,15,-18,0,0,14,-21,13,-20,13,-21,12,-20,11,-19,9,-21,8,-19,8,-18,7,-19,6,-19,6,-20,5,-19,5,-20,3,-18,3,-17,3,-18,1,-19,2,-19,1,-19,2,-18,1,-18,2,-17,2,-18,3,-17,5,-16,4,-15,5,-13,6,-13,0,0,0,0,0,0]"
CSI_DATA,4379837,1a:00:00:00:00:00,-61,11,-95,4,46,6,4379837,47,0,128,0,"[0,0,0,0,0,0,0,0,-16,10,-16,9,-18,9,-19,7,-21,6,-22,5,-22,3,-21,3,-24,1,-21,0,-22,0,-22,-1,-23,0,-23,-1,-22,-1,-22,1,-20,0,-23,0,-20,0,-20,0,-21,0,-22,0,-22,0,-23,-1,-24,0,-23,1,-23,1,-23,0,0,0,-24,0,-24,-2,-23,-1,-23,-1,-20,-2,-22,-2,-21,-2,-19,-3,-18,-1,-21,1,-20,1,-19,0,-20,1,-18,0,-19,0,-19,1,-19,1,-18,0,-20,-1,-18,-1,-18,-2,-17,-3,-17,-4,-17,-4,-16,-5,-15,-6,-12,-7,-12,-7,0,0,0,0,0,0]"
CSI_DATA,4385837,1a:00:00:00:00:00,-61,11,-95,4,46,6,4385837,47,0,128,0,"[0,0,0,0,0,0,0,0,17,8,16,9,18,11,17,13,16,15,17,15,16,16,15,17,13,19,10,19,12,19,10,20,10,19,10,20,10,20,11,20,10,19,12,18,10,17,10,18,11,19,10,19,10,18,10,20,11,21,11,21,12,22,11,19,0,0,9,23,10,23,8,21,8,22,8,21,8,22,7,20,6,20,7,19,10,19,9,19,9,18,9,19,8,17,8,18,8,17,7,19,7,18,6,17,5,18,4,18,3,18,2,19,3,18,1,17,0,15,-3,13,-3,14,0,0,0,0,0,0]"
CSI_DATA,4389837,1a:00:00:00:00:00,-61,11,-95,4,46,6,4389837,47,0,128,0,"[0,0,0,0,0,0,0,0,-17,-8,-17,-9,-17,-9,-17,-12,-17,-15,-19,-14,-15,-16,-14,-16,-15,-17,-13,-17,-13,-17,-13,-18,-14,-17,-14,-17,-13,-16,-14,-17,-13,-16,-15,-17,-14,-15,-13,-15,-14,-16,-15,-15,-14,-16,-15,-16,-16,-15,-17,-17,-18,-17,-18,-17,0,0,-16,-17,-17,-17,-17,-17,-17,-18,-15,-15,-16,-17,-15,-15,-15,-15,-14,-13,-17,-13,-17,-13,-16,-11,-17,-11,-15,-11,-15,-10,-15,-10,-17,-10,-14,-11,-16,-12,-13,-12,-15,-11,-13,-13,-13,-12,-12,-13,-10,-12,-9,-12,-7,-13,-7,-13,0,0,0,0,0,0]"
CSI_DATA,4395837,1a:00:00:00:00:00,-61,11,-95,4,46,6,4395837,47,0,128,0,"[0,0,0,0,0,0,0,0,6,19,3,19,2,20,2,21,0,22,0,23,-3,22,-3,21,-5,22,-7,21,-7,21,-5,21,-7,22,-7,21,-6,21,-4,21,-4,20,-6,22,-6,20,-6,20,-4,21,-5,21,-3,21,-4,21,-4,23,-3,23,-3,24,-4,24,0,0,-6,26,-6,24,-6,22,-6,24,-5,20,-5,23,-5,21,-5,20,-4,21,-1,22,-3,21,-2,19,-1,19,-1,18,-4,19,-3,18,-2,19,-3,18,-3,20,-4,18,-4,19,-6,17,-5,18,-5,18,-7,16,-7,14,-8,12,-7,11,0,0,0,0,0,0]"
CSI_DATA,4397837,1a:00:00:00:00:00,-61,11,-95,4,46,6,4397837,47,0,128,0,"[0,0,0,0,0,0,0,0,-16,-9,-16,-10,-17,-11,-17,-12,-17,-13,-18,-14,-17,-15,-17,-15,-18,-15,-17,-15,-17,-15,-16,-14,-18,-13,-19,-13,-17,-13,-18,-12,-18,-11,-21,-10,-19,-8,-19,-8,-20,-8,-20,-8,-20,-6,-21,-6,-24,-5,-23,-5,-24,-3,-22,-4,0,0,-23,-1,-25,-3,-23,-3,-24,-1,-21,0,-22,1,-21,0,-20,2,-19,3,-19,5,-19,6,-18,5,-17,7,-16,8,-17,9,-17,9,-16,9,-17,11,-17,11,-15,9,-17,10,-16,8,-17,9,-15,8,-15,7,-16,6,-14,5,-14,4,0,0,0,0,0,0]"
CSI_DATA,4399837,1a:00:00:00:00:00,-61,11,-95,4,46,6,4399837,47,0,128,0,"[0,0,0,0,0,0,0,0,-5,-19,-2,-19,-3,-19,-1,-21,1,-21,0,-23,2,-21,2,-21,3,-22,5,-20,5,-22,3,-21,5,-21,5,-21,4,-21,2,-23,2,-20,1,-22,2,-21,2,-19,0,-21,-1,-22,-1,-23,-1,-22,-2,-24,-2,-23,-2,-24,0,-23,0,0,-2,-22,-2,-25,-3,-23,-2,-24,-3,-22,-5,-23,-4,-21,-5,-19,-3,-20,-5,-20,-6,-21,-8,-18,-7,-19,-8,-16,-7,-18,-7,-17,-8,-17,-7,-17,-7,-18,-6,-16,-7,-17,-7,-17,-6,-17,-5,-17,-3,-17,-2,-17,-1,-14,0,-13,0,0,0,0,0,0]"
CSI_DATA,4405837,1a:00:00:00:00:00,-61,11,-95,4,46,6,4405837,47,0,128,0,"[0,0,0,0,0,0,0,0,-13,14,-13,13,-16,12,-16,13,-19,11,-18,12,-19,10,-20,9,-21,10,-20,8,-21,7,-20,8,-21,8,-22,8,-20,9,-19,9,-18,7,-22,11,-18,9,-19,8,-19,10,-19,11,-19,10,-19,11,-20,13,-18,13,-20,12,-19,12,0,0,-21,14,-20,13,-19,13,-20,13,-17,11,-20,12,-16,12,-16,11,-16,12,-15,13,-17,14,-13,13,-14,14,-13,13,-13,13,-13,13,-13,14,-13,14,-14,14,-13,14,-15,14,-13,11,-14,11,-14,10,-14,10,-13,7,-12,6,-13,5,0,0,0,0,0,0]"
CSI_DATA,4409837,1a:00:00:00:00:00,-61,11,-95,4,46,6,4409837,47,0,128,0,"[0,0,0,0,0,0,0,0,16,-10,17,-10,17,-8,20,-9,20,-8,22,-9,21,-7,22,-6,23,-8,20,-4,22,-7,20,-5,22,-6,22,-6,20,-6,21,-8,20,-8,20,-10,19,-9,19,-8,18,-12,17,-12,16,-12,18,-13,19,-13,18,-13,19,-13,20,-15,0,0,17,-17,18,-15,17,-16,15,-16,15,-15,14,-18,13,-16,12,-15,12,-15,12,-18,13,-18,10,-17,10,-16,7,-18,9,-16,8,-17,6,-17,7,-18,6,-19,6,-17,6,-18,7,-16,8,-16,10,-15,10,-14,9,-14,9,-11,9,-12,0,0,0,0,0,0]"
CSI_DATA,4417837,1a:00:00:00:00:00,-61,11,-95,4,46,6,4417837,47,0,128,0,"[0,0,0,0,0,0,0,0,-9,-18,-7,-16,-7,-19,-6,-20,-4,-21,-4,-24,-1,-23,0,-22,-1,-22,2,-21,2,-22,2,-21,3,-21,2,-22,2,-22,1,-22,1,-21,2,-22,2,-21,3,-21,-1,-21,1,-22,0,-23,0,-22,1,-23,0,-23,0,-25,1,-24,0,0,1,-25,2,-25,1,-24,2,-23,0,-21,0,-23,1,-21,1,-21,2,-20,0,-22,0,-21,-1,-19,-2,-21,-2,-19,0,-19,-1,-19,-2,-19,0,-19,-1,-20,0,-17,1,-20,2,-18,3,-18,3,-17,5,-16,6,-16,6,-12,7,-13,0,0,0,0,0,0]"
CSI_DATA,4420035,1a:00:00:00:00:00,-61,11,-95,4,46,6,4420035,47,0,128,0,"[0,0,0,0,0,0,0,0,1,19,1,18,1,22,-1,21,-2,22,-2,23,-2,23,-3,22,-4,23,-5,20,-4,22,-5,21,-3,22,-4,21,-3,22,-1,22,-1,21,3,22,2,21,3,21,3,21,4,22,4,23,5,23,6,23,8,23,10,22,8,21,0,0,9,24,9,24,10,21,12,21,10,19,11,20,10,18,10,17,13,17,15,18,14,14,15,14,15,13,13,11,16,12,16,10,17,10,15,11,16,11,15,11,16,12,15,10,14,11,14,10,13,11,12,12,10,10,10,11,0,0,0,0,0,0]"
CSI_DATA,4426391,1a:00:00:00:00:00,-61,11,-95,4,46,6,4426391,47,0,128,0,"[0,0,0,0,0,0,0,0,10,-17,10,-15,11,-16,13,-16,14,-17,15,-19,15,-16,15,-15,16,-16,16,-13,18,-16,16,-13,17,-14,17,-15,15,-15,15,-17,13,-17,14,-19,11,-16,12,-17,11,-18,12,-19,11,-19,11,-19,11,-21,9,-20,11,-21,11,-20,0,0,9,-24,8,-23,7,-21,8,-22,6,-21,6,-21,7,-20,5,-20,5,-19,5,-21,2,-21,1,-19,0,-20,-1,-18,0,-19,-2,-19,-1,-19,-1,-19,0,-19,-1,-18,-1,-19,-1,-17,0,-19,0,-17,2,-16,2,-16,2,-13,3,-12,0,0,0,0,0,0]"
CSI_DATA,4430003,1a:00:00:00:00:00,-61,11,-95,4,46,6,4430003,47,0,128,0,"[0,0,0,0,0,0,0,0,9,-17,9,-16,11,-15,15,-17,15,-15,17,-17,18,-13,19,-13,20,-13,20,-11,20,-11,19,-8,22,-8,21,-8,20,-8,20,-8,19,-8,21,-9,21,-8,20,-7,20,-9,20,-9,20,-8,20,-10,21,-9,23,-7,22,-9,24,-7,0,0,22,-7,22,-5,22,-7,22,-6,21,-5,21,-6,20,-4,19,-4,20,-5,21,-6,22,-6,19,-5,19,-4,17,-5,19,-5,20,-4,18,-5,20,-4,20,-3,18,-3,20,-3,17,-1,19,1,17,2,17,4,16,4,12,6,12,6,0,0,0,0,0,0]"
CSI_DATA,4436249,1a:00:00:00:00:00,-61,11,-95,4,46,6,4436249,47,0,128,0,"[0,0,0,0,0,0,0,0,-12,15,-13,13,-15,15,-15,15,-16,14,-17,15,-17,14,-18,13,-18,13,-19,10,-18,14,-18,11,-18,13,-18,13,-17,15,-16,17,-15,15,-15,18,-11,17,-13,16,-12,17,-13,18,-11,19,-10,20,-10,22,-9,22,-9,23,-8,23,0,0,-8,25,-7,23,-6,23,-6,23,-5,19,-3,22,-3,21,-3,19,-2,22,1,22,1,21,2,18,2,20,4,17,5,19,4,17,6,18,5,18,6,19,5,18,5,19,5,17,6,18,5,17,4,17,2,16,1,14,2,15,0,0,0,0,0,0]"
CSI_DATA,4441060,1a:00:00:00:00:00,-61,11,-95,4,46,6,4441060,47,0,128,0,"[0,0,0,0,0,0,0,0,-9,-18,-7,-17,-5,-19,-4,-21,-5,-22,-3,-23,-1,-22,2,-22,4,-23,6,-20,4,-22,6,-20,6,-22,7,-23,6,-20,6,-20,6,-21,6,-22,4,-21,5,-20,6,-21,7,-21,7,-21,6,-22,8,-21,7,-22,7,-24,10,-20,0,0,11,-22,9,-23,9,-21,10,-22,8,-19,10,-21,9,-19,9,-18,10,-18,12,-20,10,-19,8,-18,8,-17,7,-17,8,-18,9,-18,8,-18,11,-17,10,-16,10,-16,13,-15,11,-14,12,-14,11,-13,13,-11,14,-9,12,-6,13,-6,0,0,0,0,0,0]"
CSI_DATA,4447090,1a:00:00:00:00:00,-61,11,-95,4,46,6,4447090,47,0,128,0,"[0,0,0,0,0,0,0,0,12,-14,12,-13,14,-15,15,-15,16,-14,17,-16,17,-15,17,-14,19,-14,18,-11,18,-14,17,-13,17,-14,18,-14,16,-15,16,-15,14,-16,13,-19,12,-16,12,-17,10,-18,11,-19,10,-20,8,-21,10,-22,7,-21,8,-23,7,-22,0,0,7,-24,5,-24,4,-24,4,-24,3,-22,3,-23,2,-20,1,-20,0,-21,-2,-22,-4,-21,-4,-19,-5,-20,-6,-17,-6,-19,-6,-17,-9,-18,-7,-17,-7,-18,-6,-18,-6,-18,-7,-16,-6,-19,-6,-16,-5,-17,-4,-16,-2,-13,-4,-14,0,0,0,0,0,0]"
CSI_DATA,4453625,1a:00:00:00:00:00,-61,11,-95,4,46,6,4453625,47,0,128,0,"[0,0,0,0,0,0,0,0,-16,11,-16,11,-18,11,-19,10,-20,9,-21,10,-20,8,-20,9,-23,8,-21,6,-22,7,-19,5,-22,8,-22,8,-19,9,-20,8,-19,9,-20,11,-19,11,-18,10,-19,12,-18,12,-18,12,-17,15,-18,15,-18,17,-18,17,-17,16,0,0,-18,17,-16,17,-16,17,-16,18,-14,16,-15,17,-14,17,-12,16,-12,16,-9,19,-9,20,-8,17,-6,18,-6,16,-7,17,-6,18,-5,18,-5,19,-7,19,-6,17,-6,18,-7,16,-6,15,-7,16,-7,15,-7,14,-7,10,-7,11,0,0,0,0,0,0]"
CSI_DATA,4456944,1a:00:00:00:00:00,-61,11,-95,4,46,6,4456944,47,0,128,0,"[0,0,0,0,0,0,0,0,9,18,6,17,6,19,4,21,2,22,2,23,1,23,-2,21,-2,23,-5,21,-4,23,-4,21,-6,23,-5,22,-5,21,-3,22,-5,21,-4,21,-5,21,-6,20,-3,21,-4,23,-5,23,-5,21,-5,21,-3,23,-6,25,-6,22,0,0,-8,25,-7,22,-7,23,-9,22,-8,20,-8,22,-7,19,-6,19,-6,20,-5,21,-4,21,-5,20,-3,19,-3,19,-6,19,-4,18,-4,19,-6,19,-8,18,-8,18,-7,17,-8,16,-10,15,-9,16,-11,13,-10,13,-12,9,-11,10,0,0,0,0,0,0]"
CSI_DATA,4467837,1a:00:00:00:00:00,-61,11,-95,4,46,6,4467837,47,0,128,0,"[0,0,0,0,0,0,0,0,4,20,2,18,2,21,0,22,-1,21,-3,23,-4,22,-5,21,-7,22,-9,20,-9,21,-9,19,-10,20,-11,20,-9,19,-9,21,-9,19,-10,21,-9,20,-9,18,-9,19,-9,21,-9,19,-9,20,-10,21,-8,21,-10,22,-11,20,0,0,-11,22,-11,22,-10,22,-12,22,-11,18,-12,20,-11,17,-10,17,-10,17,-11,18,-9,18,-9,17,-9,19,-8,17,-8,18,-8,17,-8,17,-10,18,-10,17,-11,15,-12,17,-11,14,-13,13,-11,12,-13,11,-13,11,-12,8,-12,8,0,0,0,0,0,0]"
CSI_DATA,4471837,1a:00:00:00:00:00,-61,11,-95,4,46,6,4471837,47,0,128,0,"[0,0,0,0,0,0,0,0,-3,-19,-1,-18,-1,-20,0,-20,0,-21,1,-23,3,-23,5,-20,6,-23,7,-19,6,-22,8,-20,8,-19,9,-21,6,-21,6,-22,5,-20,4,-22,5,-21,4,-20,5,-22,4,-23,3,-22,3,-23,4,-23,2,-22,3,-25,4,-23,0,0,3,-23,4,-25,1,-24,2,-24,3,-21,2,-23,2,-21,2,-20,1,-21,0,-21,0,-21,-1,-20,-1,-19,-1,-18,-2,-19,-2,-19,-3,-19,0,-19,-2,-19,1,-18,1,-20,1,-18,2,-18,2,-18,4,-17,5,-17,4,-14,6,-13,0,0,0,0,0,0]"
CSI_DATA,4481837,1a:00:00:00:00:00,-61,11,-95,4,46,6,4481837,47,0,128,0,"[0,0,0,0,0,0,0,0,12,-14,14,-12,16,-15,16,-14,17,-13,18,-13,18,-13,19,-10,21,-12,21,-9,20,-12,19,-9,20,-10,21,-10,19,-10,18,-11,17,-11,19,-13,17,-12,16,-12,17,-14,17,-14,16,-14,17,-16,19,-15,16,-15,17,-18,18,-16,0,0,17,-17,15,-17,15,-18,16,-19,14,-15,14,-18,13,-15,13,-16,12,-16,11,-17,10,-17,8,-17,10,-17,7,-16,8,-17,7,-17,7,-18,8,-17,7,-18,8,-18,8,-17,8,-15,8,-15,9,-15,9,-14,10,-14,10,-10,10,-10,0,0,0,0,0,0]"
CSI_DATA,4491837,1a:00:00:00:00:00,-61,11,-95,4,46,6,4491837,47,0,128,0,"[0,0,0,0,0,0,0,0,19,5,17,6,20,6,20,7,19,9,21,9,21,11,19,10,21,11,19,12,20,11,18,13,20,12,20,11,19,10,20,9,19,9,23,7,20,6,20,6,20,6,21,5,22,5,23,4,22,4,23,3,25,2,22,3,0,0,26,0,24,2,23,2,23,-1,21,-1,23,-2,21,-1,21,-1,20,-3,21,-4,21,-6,18,-6,19,-6,17,-6,18,-8,16,-9,17,-9,16,-10,18,-10,16,-8,18,-8,17,-7,16,-7,16,-7,16,-6,15,-5,14,-2,15,-2,0,0,0,0,0,0]"
CSI_DATA,4498194,1a:00:00:00:00:00,-61,11,-95,4,46,6,4498194,47,0,128,0,"[0,0,0,0,0,0,0,0,-11,-16,-9,-17,-9,-17,-10,-20,-7,-19,-10,-22,-7,-20,-6,-21,-6,-22,-4,-21,-6,-21,-3,-20,-4,-22,-3,-22,-5,-21,-6,-22,-7,-22,-9,-21,-9,-19,-7,-18,-9,-19,-10,-19,-10,-19,-10,-20,-11,-19,-11,-19,-12,-20,-11,-19,0,0,-15,-21,-13,-20,-14,-20,-13,-19,-13,-18,-14,-19,-12,-16,-13,-16,-14,-14,-15,-15,-15,-14,-14,-14,-15,-13,-15,-13,-15,-11,-16,-11,-16,-9,-16,-12,-16,-11,-14,-11,-15,-11,-15,-12,-14,-11,-12,-12,-11,-12,-11,-12,-8,-12,-8,-12,0,0,0,0,0,0]"
CSI_DATA,4501837,1a:00:00:00:00:00,-61,11,-95,4,46,6,4501837,47,0,128,0,"[0,0,0,0,0,0,0,0,8,18,7,17,8,19,6,20,5,22,6,23,4,23,5,21,4,23,1,21,3,21,4,21,6,22,7,21,7,21,8,20,8,21,10,20,11,18,9,19,11,19,12,19,12,19,14,19,15,18,16,18,17,17,17,17,0,0,19,16,18,16,18,15,18,14,18,12,19,14,18,13,18,11,17,9,20,8,20,6,19,5,20,4,18,3,18,4,18,2,20,1,18,2,19,2,18,2,19,2,19,2,18,1,18,2,17,3,16,3,14,4,15,3,0,0,0,0,0,0]"
CSI_DATA,4508067,1a:00:00:00:00:00,-61,11,-95,4,46,6,4508067,47,0,128,0,"[0,0,0,0,0,0,0,0,-13,13,-14,12,-15,14,-18,13,-17,14,-18,13,-19,12,-19,11,-20,11,-20,10,-20,10,-19,9,-20,11,-20,11,-18,12,-19,14,-17,12,-19,15,-15,15,-16,13,-14,16,-15,16,-13,17,-14,18,-14,19,-14,20,-13,21,-14,19,0,0,-13,21,-12,21,-11,21,-10,21,-10,19,-10,21,-8,19,-7,18,-5,20,-5,21,-4,21,-3,18,-2,20,-1,18,-1,20,0,19,1,19,-1,20,0,19,-1,19,0,20,1,18,0,17,-1,17,-3,18,-3,16,-3,13,-3,13,0,0,0,0,0,0]"
