type,seq,mac,rssi,rate,noise_floor,fft_gain,agc_gain,channel,local_timestamp,sig_len,rx_state,len,first_word,data
CSI_DATA,501116,1a:00:00:00:00:00,-63,11,-95,4,50,6,501116,47,0,128,0,"[0,0,0,0,0,0,0,0,12,-2,11,-2,12,-3,14,-2,13,-1,14,-2,14,0,13,-1,15,0,13,-1,14,0,13,-1,15,-1,15,-1,13,-2,15,-3,12,-3,14,-4,13,-4,13,-5,13,-6,13,-6,13,-8,11,-8,12,-8,12,-8,11,-10,11,-11,0,0,13,-10,11,-10,11,-11,10,-10,10,-11,11,-11,9,-11,8,-12,8,-11,7,-12,6,-14,4,-13,5,-12,4,-11,3,-13,4,-14,3,-13,3,-12,2,-14,4,-13,4,-14,4,-13,4,-12,3,-12,4,-12,3,-11,5,-9,4,-9,0,0,0,0,0,0]"
CSI_DATA,502312,1a:00:00:00:00:00,-63,11,-95,4,50,6,502312,47,0,128,0,"[0,0,0,0,0,0,0,0,-7,-10,-7,-10,-6,-10,-6,-10,-6,-14,-5,-13,-4,-14,-4,-12,-4,-14,-2,-13,-3,-14,-2,-13,-4,-15,-4,-14,-3,-14,-5,-11,-4,-12,-5,-12,-6,-12,-5,-11,-6,-11,-7,-12,-8,-12,-8,-12,-9,-13,-9,-12,-9,-12,-10,-10,0,0,-11,-11,-10,-12,-10,-12,-10,-11,-9,-11,-12,-10,-10,-9,-11,-8,-10,-9,-13,-9,-13,-7,-11,-6,-13,-7,-12,-6,-12,-6,-12,-5,-12,-6,-12,-6,-13,-5,-12,-5,-14,-6,-11,-6,-10,-6,-11,-6,-8,-6,-9,-7,-7,-6,-7,-6,0,0,0,0,0,0]"
CSI_DATA,504304,1a:00:00:00:00:00,-63,11,-95,4,50,6,504304,47,0,128,0,"[0,0,0,0,0,0,0,0,4,-12,5,-11,5,-12,6,-11,6,-12,8,-11,9,-11,9,-10,9,-11,11,-9,10,-10,11,-7,11,-10,11,-8,11,-9,10,-8,10,-9,11,-10,9,-9,11,-9,11,-9,10,-10,10,-9,10,-11,12,-10,10,-12,11,-10,11,-9,0,0,13,-13,12,-9,10,-11,12,-12,10,-11,11,-11,11,-10,10,-9,10,-9,13,-9,9,-12,9,-10,9,-11,8,-11,8,-11,10,-10,9,-12,9,-11,10,-10,10,-9,10,-9,8,-9,11,-8,10,-8,11,-6,11,-6,9,-3,9,-2,0,0,0,0,0,0]"
CSI_DATA,506567,1a:00:00:00:00:00,-63,11,-95,4,50,6,506567,47,0,128,0,"[0,0,0,0,0,0,0,0,-4,-10,-3,-10,-3,-13,-2,-14,-1,-14,-1,-13,-1,-14,0,-14,1,-14,1,-14,0,-14,1,-12,0,-13,1,-14,1,-13,-1,-14,0,-13,-3,-13,-3,-14,-1,-12,-4,-13,-4,-13,-5,-12,-6,-14,-5,-12,-6,-13,-4,-15,-5,-15,0,0,-9,-12,-8,-12,-8,-13,-7,-12,-7,-13,-9,-11,-8,-10,-8,-11,-10,-11,-10,-12,-12,-12,-9,-10,-11,-10,-11,-8,-10,-8,-12,-8,-10,-7,-12,-8,-12,-7,-11,-8,-12,-8,-11,-8,-10,-8,-9,-7,-8,-8,-8,-8,-6,-8,-6,-8,0,0,0,0,0,0]"
CSI_DATA,508304,1a:00:00:00:00:00,-63,11,-95,4,50,6,508304,47,0,128,0,"[0,0,0,0,0,0,0,0,-12,3,-12,2,-12,2,-13,1,-14,-1,-14,0,-14,-3,-13,-3,-13,-4,-13,-3,-14,-3,-13,-5,-14,-4,-13,-4,-14,-4,-12,-3,-13,-3,-14,-3,-14,-2,-12,-3,-13,-2,-14,-2,-14,-2,-14,-1,-14,-2,-14,0,-15,-1,-14,-1,0,0,-18,1,-15,-1,-16,-1,-14,-1,-13,-1,-16,-1,-14,-1,-14,0,-14,1,-12,0,-13,2,-13,0,-14,1,-12,0,-14,1,-13,2,-13,1,-13,0,-14,1,-12,-1,-13,1,-12,-1,-12,-2,-12,-2,-12,-3,-10,-4,-10,-4,-8,-5,0,0,0,0,0,0]"
CSI_DATA,510316,1a:00:00:00:00:00,-63,11,-95,4,50,6,510316,47,0,128,0,"[0,0,0,0,0,0,0,0,11,5,11,5,12,6,12,7,10,7,12,7,11,8,12,7,12,8,10,9,11,8,10,8,11,8,12,9,12,6,13,7,12,6,14,4,11,5,13,4,13,2,13,4,14,2,14,2,15,1,16,0,16,0,14,-1,0,0,14,-2,16,-1,15,-3,15,-3,15,-3,14,-4,14,-5,13,-4,13,-5,12,-8,12,-7,12,-6,11,-8,11,-7,11,-8,9,-9,10,-8,11,-9,11,-9,10,-8,10,-10,10,-8,9,-7,11,-8,10,-6,10,-7,8,-6,9,-4,0,0,0,0,0,0]"
CSI_DATA,512304,1a:00:00:00:00:00,-63,11,-95,4,50,6,512304,47,0,128,0,"[0,0,0,0,0,0,0,0,8,10,7,9,6,10,6,10,5,11,6,13,5,13,5,12,4,13,3,13,4,15,1,13,4,14,2,13,4,13,5,12,4,13,6,13,5,12,6,11,5,12,6,12,6,13,7,12,8,13,7,13,7,14,7,14,0,0,8,14,9,15,7,12,9,12,7,11,8,13,8,12,7,10,10,11,10,10,10,10,9,9,10,9,9,8,11,8,10,8,12,10,11,8,10,9,10,9,10,10,10,9,9,10,9,9,8,10,6,10,5,9,4,8,0,0,0,0,0,0]"
CSI_DATA,514304,1a:00:00:00:00:00,-63,11,-95,4,50,6,514304,47,0,128,0,"[0,0,0,0,0,0,0,0,-9,9,-8,9,-11,8,-11,8,-12,6,-13,6,-14,4,-14,4,-15,3,-13,2,-13,4,-14,1,-13,0,-13,2,-14,0,-13,2,-12,2,-14,2,-14,2,-13,1,-13,1,-13,1,-14,1,-14,1,-13,2,-14,2,-15,1,-14,2,0,0,-18,0,-15,0,-15,1,-16,1,-14,0,-15,-1,-15,0,-14,-2,-13,1,-12,2,-12,2,-11,0,-13,2,-12,0,-13,1,-13,0,-14,1,-13,0,-14,0,-13,-2,-13,-2,-12,-1,-12,-3,-11,-3,-11,-5,-10,-4,-8,-5,-9,-5,0,0,0,0,0,0]"
CSI_DATA,516304,1a:00:00:00:00:00,-64,11,-95,4,50,6,516304,47,0,128,0,"[0,0,0,0,0,0,0,0,4,-12,3,-10,5,-13,5,-11,7,-12,6,-13,7,-12,8,-12,9,-11,9,-8,8,-10,8,-10,8,-11,9,-11,9,-10,8,-11,6,-11,5,-12,6,-11,5,-13,6,-12,5,-13,6,-11,5,-13,5,-13,3,-14,4,-16,3,-14,0,0,3,-15,3,-15,3,-13,2,-16,2,-14,2,-15,2,-13,2,-13,2,-12,2,-15,0,-15,-1,-14,-1,-13,-1,-13,-2,-14,-3,-12,-3,-14,-2,-13,-3,-15,-1,-14,-1,-12,0,-12,0,-13,0,-11,0,-13,1,-11,1,-10,1,-10,0,0,0,0,0,0]"
CSI_DATA,518304,1a:00:00:00:00:00,-63,11,-95,4,50,6,518304,47,0,128,0,"[0,0,0,0,0,0,0,0,11,3,12,4,12,4,12,4,12,7,12,8,11,8,10,8,11,10,9,11,9,11,9,11,10,11,9,9,10,11,11,11,9,11,10,10,9,9,8,10,10,9,11,8,10,9,10,10,11,11,12,11,12,10,12,12,0,0,13,12,11,11,12,10,10,11,10,10,11,11,9,10,9,11,10,10,13,9,11,9,11,8,10,9,10,9,11,7,10,8,10,10,10,9,8,11,9,9,7,11,7,11,7,11,7,11,5,11,5,11,2,10,3,9,0,0,0,0,0,0]"
CSI_DATA,520304,1a:00:00:00:00:00,-63,11,-95,4,50,6,520304,47,0,128,0,"[0,0,0,0,0,0,0,0,-11,0,-12,0,-12,1,-13,0,-13,-2,-14,-2,-15,-3,-14,-3,-13,-4,-12,-4,-13,-4,-13,-4,-13,-3,-14,-3,-14,-2,-15,-2,-14,-2,-13,1,-13,1,-13,0,-13,-1,-14,1,-16,1,-13,3,-14,2,-13,4,-15,2,-13,2,0,0,-13,7,-14,5,-14,7,-14,6,-13,4,-13,5,-13,6,-11,4,-10,6,-10,6,-10,9,-10,8,-10,9,-9,7,-9,9,-8,9,-9,10,-8,9,-10,9,-9,10,-10,8,-9,8,-10,9,-8,9,-9,9,-10,7,-10,5,-9,6,0,0,0,0,0,0]"
CSI_DATA,528304,1a:00:00:00:00:00,-64,11,-95,4,50,6,528304,47,0,128,0,"[0,0,0,0,0,0,0,0,-8,-8,-7,-8,-7,-10,-6,-11,-5,-14,-4,-13,-4,-14,-3,-13,-3,-15,-1,-13,-1,-14,1,-12,0,-14,0,-15,0,-13,0,-13,-1,-12,-1,-14,0,-13,0,-13,0,-14,-1,-14,0,-14,0,-12,-1,-15,-2,-15,-1,-14,1,-15,0,0,0,-16,0,-17,1,-16,1,-15,1,-13,1,-15,2,-14,1,-14,3,-13,2,-16,0,-15,1,-13,0,-12,-1,-12,0,-13,1,-12,1,-13,2,-12,3,-14,3,-12,3,-12,3,-10,5,-11,6,-11,6,-11,7,-8,7,-8,7,-7,0,0,0,0,0,0]"
CSI_DATA,532304,1a:00:00:00:00:00,-64,11,-95,4,50,6,532304,47,0,128,0,"[0,0,0,0,0,0,0,0,-5,12,-6,11,-6,10,-8,10,-8,11,-10,10,-10,9,-11,10,-11,8,-11,7,-11,8,-11,6,-11,7,-12,5,-12,7,-12,7,-11,6,-11,8,-12,8,-11,7,-11,7,-12,9,-11,8,-11,9,-12,9,-11,9,-13,8,-11,8,0,0,-13,10,-13,8,-13,10,-14,9,-11,6,-12,7,-11,7,-13,8,-11,7,-11,7,-12,8,-11,7,-11,7,-10,7,-10,8,-10,7,-11,10,-11,7,-12,8,-11,7,-12,6,-13,6,-13,5,-11,5,-12,3,-11,2,-10,0,-10,-1,0,0,0,0,0,0]"
CSI_DATA,538304,1a:00:00:00:00:00,-64,11,-95,4,50,6,538304,47,0,128,0,"[0,0,0,0,0,0,0,0,-12,4,-11,2,-14,2,-12,2,-13,1,-14,1,-13,1,-14,1,-14,0,-12,-2,-14,0,-12,-1,-13,0,-14,0,-12,-1,-12,2,-13,1,-15,4,-12,5,-12,4,-12,4,-12,6,-11,5,-11,6,-13,8,-11,8,-13,7,-12,7,0,0,-12,10,-13,10,-11,11,-11,11,-11,9,-11,11,-9,11,-8,10,-8,9,-9,12,-9,12,-7,11,-6,12,-6,11,-5,12,-3,12,-4,14,-4,14,-5,13,-5,12,-4,12,-4,12,-4,12,-4,12,-5,10,-4,10,-5,8,-5,8,0,0,0,0,0,0]"
CSI_DATA,542304,1a:00:00:00:00:00,-64,11,-95,4,50,6,542304,47,0,128,0,"[0,0,0,0,0,0,0,0,11,-5,10,-4,12,-3,12,-3,13,-1,14,-2,14,1,14,1,13,3,13,3,12,4,12,4,13,3,12,4,13,5,13,3,12,5,13,3,12,4,11,5,12,4,12,5,13,2,13,4,13,4,15,4,12,6,13,4,0,0,14,5,14,5,13,6,13,5,13,6,14,6,13,6,12,7,11,4,11,5,13,5,13,6,13,5,12,6,11,6,12,5,11,5,10,7,11,7,10,6,10,7,10,9,9,8,8,9,7,8,6,10,5,10,4,9,0,0,0,0,0,0]"
CSI_DATA,546304,1a:00:00:00:00:00,-64,11,-95,4,50,6,546304,47,0,128,0,"[0,0,0,0,0,0,0,0,-8,-7,-8,-8,-8,-10,-8,-9,-7,-11,-6,-11,-6,-12,-5,-12,-3,-13,-2,-13,-3,-14,-2,-12,-3,-12,-3,-14,-4,-12,-3,-14,-3,-13,-4,-14,-4,-12,-3,-12,-3,-11,-4,-13,-3,-11,-5,-13,-4,-13,-5,-14,-4,-15,-4,-15,0,0,-3,-15,-5,-14,-4,-15,-2,-15,-2,-14,-3,-14,-1,-12,-2,-13,-4,-14,-5,-15,-5,-13,-4,-11,-4,-13,-6,-12,-4,-13,-4,-13,-4,-13,-4,-13,-3,-13,-2,-13,-3,-13,0,-12,0,-11,-1,-12,2,-11,3,-11,3,-9,4,-9,0,0,0,0,0,0]"
CSI_DATA,552005,1a:00:00:00:00:00,-64,11,-95,4,50,6,552005,47,0,128,0,"[0,0,0,0,0,0,0,0,6,-9,7,-10,8,-11,8,-9,9,-10,8,-10,9,-9,10,-10,9,-8,10,-9,9,-9,9,-10,9,-10,8,-12,8,-10,7,-10,6,-10,6,-13,5,-11,6,-10,4,-12,5,-13,3,-12,2,-13,2,-13,2,-14,1,-15,1,-14,0,0,-1,-14,-1,-15,0,-14,0,-15,1,-14,-2,-14,-2,-14,-2,-12,-4,-14,-8,-14,-6,-12,-7,-11,-7,-11,-6,-11,-6,-11,-7,-11,-7,-11,-7,-10,-8,-11,-7,-10,-8,-11,-7,-11,-8,-11,-7,-11,-6,-10,-4,-10,-4,-10,-3,-9,0,0,0,0,0,0]"
CSI_DATA,556304,1a:00:00:00:00:00,-64,11,-95,4,50,6,556304,47,0,128,0,"[0,0,0,0,0,0,0,0,1,12,-1,11,-1,11,-1,13,-4,13,-4,14,-5,12,-6,12,-6,12,-8,10,-7,12,-8,10,-7,11,-7,11,-8,11,-7,11,-7,10,-9,12,-7,10,-7,10,-8,10,-8,10,-9,10,-8,9,-8,14,-9,12,-9,12,-8,11,0,0,-10,11,-10,9,-10,12,-9,10,-9,10,-10,10,-10,9,-10,8,-9,8,-9,9,-10,8,-9,8,-10,8,-10,8,-9,11,-9,8,-8,9,-10,8,-10,9,-10,7,-11,8,-11,5,-9,6,-11,4,-12,2,-10,1,-9,-1,-11,-1,0,0,0,0,0,0]"
CSI_DATA,558304,1a:00:00:00:00:00,-64,11,-95,4,50,6,558304,47,0,128,0,"[0,0,0,0,0,0,0,0,-5,-10,-6,-10,-5,-11,-6,-12,-3,-13,-4,-13,-3,-13,-2,-14,-2,-12,-1,-12,-2,-12,-2,-12,-2,-13,-3,-13,-3,-13,-4,-12,-2,-11,-3,-13,-5,-12,-4,-13,-4,-12,-5,-11,-5,-11,-5,-13,-5,-11,-6,-11,-7,-13,-6,-13,0,0,-8,-13,-7,-13,-7,-12,-7,-13,-7,-12,-9,-13,-8,-12,-7,-11,-8,-11,-11,-10,-9,-9,-9,-8,-10,-9,-8,-7,-10,-9,-9,-8,-11,-8,-9,-8,-10,-9,-9,-9,-9,-10,-7,-9,-8,-8,-8,-9,-7,-9,-6,-8,-4,-9,-3,-9,0,0,0,0,0,0]"
CSI_DATA,560304,1a:00:00:00:00:00,-64,11,-95,4,50,6,560304,47,0,128,0,"[0,0,0,0,0,0,0,0,10,-5,9,-4,11,-4,11,-5,14,-1,14,-2,12,-1,13,0,14,1,13,1,13,2,13,1,13,2,13,1,13,2,13,1,13,2,13,1,12,2,12,3,13,2,13,2,13,2,14,0,16,0,14,2,14,0,12,0,0,0,14,3,15,3,14,2,14,3,13,2,15,2,14,1,12,2,12,2,12,1,13,1,13,1,14,1,12,1,13,1,13,2,12,1,12,2,13,4,13,3,13,2,11,4,12,5,11,5,9,5,8,6,8,7,6,6,0,0,0,0,0,0]"
CSI_DATA,562304,1a:00:00:00:00:00,-64,11,-95,4,50,6,562304,47,0,128,0,"[0,0,0,0,0,0,0,0,-7,10,-6,8,-8,9,-8,9,-9,9,-10,9,-10,8,-11,8,-12,8,-11,7,-12,7,-11,6,-12,8,-11,7,-10,7,-9,8,-10,7,-9,9,-8,9,-8,9,-9,9,-10,10,-8,9,-8,11,-7,12,-7,12,-7,13,-8,12,0,0,-6,13,-7,14,-7,12,-8,12,-5,12,-6,14,-5,12,-5,12,-4,13,-4,13,-3,14,-2,13,-2,14,-1,12,-1,13,-1,12,-1,12,-1,12,0,13,-1,13,-2,13,-2,12,-1,12,-2,13,-2,11,-2,10,-3,9,-4,9,0,0,0,0,0,0]"
CSI_DATA,564304,1a:00:00:00:00:00,-64,11,-95,4,50,6,564304,47,0,128,0,"[0,0,0,0,0,0,0,0,-10,-7,-8,-7,-10,-8,-9,-10,-7,-10,-8,-10,-8,-11,-7,-11,-6,-13,-5,-11,-6,-14,-4,-12,-5,-11,-4,-13,-4,-11,-5,-11,-5,-11,-5,-11,-6,-12,-7,-10,-6,-11,-5,-12,-5,-10,-6,-11,-5,-10,-8,-12,-7,-11,-5,-12,0,0,-7,-10,-9,-13,-8,-13,-8,-13,-7,-11,-6,-14,-7,-12,-4,-12,-7,-9,-8,-10,-9,-10,-8,-10,-7,-10,-8,-9,-6,-10,-6,-10,-9,-9,-7,-11,-8,-10,-5,-10,-5,-11,-3,-12,-4,-10,-4,-10,-4,-12,-2,-11,0,-8,0,-9,0,0,0,0,0,0]"
CSI_DATA,566304,1a:00:00:00:00:00,-64,11,-95,4,50,6,566304,47,0,128,0,"[0,0,0,0,0,0,0,0,12,3,10,4,11,5,12,5,12,6,11,6,12,7,11,8,11,7,10,7,10,7,11,6,12,6,13,7,12,6,13,6,12,6,14,6,11,5,10,4,11,3,13,3,13,2,12,3,14,1,15,2,14,-1,15,2,0,0,15,0,13,0,14,-3,15,-2,14,-2,14,-2,13,-3,13,-1,11,-3,11,-3,12,-5,11,-6,13,-6,10,-5,11,-7,11,-7,11,-7,10,-7,11,-7,11,-7,11,-6,10,-6,11,-6,10,-6,10,-5,10,-3,10,-3,10,-3,0,0,0,0,0,0]"
CSI_DATA,570304,1a:00:00:00:00:00,-64,11,-95,4,50,6,570304,47,0,128,0,"[0,0,0,0,0,0,0,0,-1,-12,1,-11,0,-10,1,-12,2,-11,1,-13,2,-13,2,-14,2,-14,2,-12,2,-12,2,-12,2,-12,3,-12,1,-13,0,-12,-1,-11,-3,-12,-1,-12,-2,-13,-3,-12,-5,-12,-4,-12,-5,-14,-7,-11,-7,-11,-6,-12,-5,-13,0,0,-10,-10,-7,-13,-10,-13,-8,-11,-9,-10,-11,-10,-9,-10,-9,-7,-11,-9,-12,-8,-11,-6,-10,-6,-10,-5,-10,-5,-12,-6,-11,-5,-12,-4,-13,-4,-12,-5,-11,-3,-12,-4,-12,-4,-11,-3,-10,-3,-10,-4,-10,-5,-9,-6,-8,-6,0,0,0,0,0,0]"
CSI_DATA,574304,1a:00:00:00:00:00,-64,11,-95,4,50,6,574304,47,0,128,0,"[0,0,0,0,0,0,0,0,4,10,3,10,2,12,2,12,0,12,1,12,-1,12,-2,13,-3,12,-3,13,-5,12,-3,12,-5,13,-4,13,-3,11,-3,12,-4,11,-5,13,-5,12,-5,12,-5,13,-4,14,-4,12,-4,12,-5,13,-5,13,-4,13,-4,12,0,0,-3,14,-7,14,-5,14,-6,13,-5,13,-5,14,-6,10,-5,13,-6,11,-5,14,-5,13,-3,11,-4,12,-4,11,-4,11,-5,11,-4,12,-5,10,-5,11,-5,11,-6,11,-7,10,-6,10,-7,9,-7,7,-9,8,-7,5,-8,6,0,0,0,0,0,0]"
CSI_DATA,580304,1a:00:00:00:00:00,-64,11,-95,4,50,6,580304,47,0,128,0,"[0,0,0,0,0,0,0,0,-7,7,-6,7,-8,10,-9,10,-9,9,-10,10,-10,8,-11,9,-11,9,-11,8,-9,8,-10,8,-10,9,-10,8,-9,7,-9,9,-8,9,-9,10,-8,10,-7,8,-6,10,-6,12,-6,12,-6,12,-5,11,-6,13,-3,13,-5,14,0,0,-5,16,-5,14,-4,13,-2,14,-1,14,-3,13,-3,12,-1,13,-1,13,-2,13,-1,13,2,11,2,13,2,13,2,12,2,13,3,12,2,12,4,14,3,11,4,13,1,12,2,12,2,11,2,10,0,11,0,10,-1,10,0,0,0,0,0,0]"
CSI_DATA,586304,1a:00:00:00:00:00,-64,11,-95,4,51,6,586304,47,0,128,0,"[0,0,0,0,0,0,0,0,-4,13,-3,11,-4,13,-6,13,-5,12,-7,14,-7,12,-9,12,-8,12,-8,10,-9,11,-7,10,-8,11,-10,11,-9,11,-8,11,-9,12,-7,12,-8,12,-7,12,-7,12,-6,12,-4,15,-4,13,-5,13,-5,15,-7,16,-4,15,0,0,-5,15,-3,15,-4,15,-5,14,-5,14,-4,16,-4,15,-3,15,-4,13,-3,14,-3,14,-3,14,-1,13,0,13,0,13,1,15,-1,13,-1,15,1,15,0,14,0,14,-2,13,-1,11,-2,11,-4,12,-4,12,-4,9,-3,10,0,0,0,0,0,0]"
CSI_DATA,590305,1a:00:00:00:00:00,-65,11,-95,4,51,6,590305,47,0,128,0,"[0,0,0,0,0,0,0,0,11,-3,11,-3,12,-4,12,-4,13,-3,13,-2,14,-1,14,0,14,0,14,0,14,0,14,0,14,0,14,-1,14,-1,13,-2,13,-2,13,-2,13,-2,13,-3,13,-4,13,-4,13,-4,13,-5,13,-5,14,-5,14,-6,15,-6,0,0,14,-7,13,-7,13,-7,13,-7,13,-7,13,-7,13,-7,12,-7,12,-8,11,-8,10,-9,9,-9,8,-9,8,-9,8,-9,8,-10,8,-10,8,-11,8,-10,8,-10,9,-9,9,-8,10,-8,10,-8,10,-7,10,-6,9,-5,9,-5,0,0,0,0,0,0]"
CSI_DATA,596305,1a:00:00:00:00:00,-65,11,-95,4,51,6,596305,47,0,128,0,"[0,0,0,0,0,0,0,0,8,-8,8,-8,9,-8,10,-7,11,-7,12,-7,12,-7,13,-5,13,-5,13,-4,13,-3,13,-3,13,-4,13,-4,13,-4,13,-4,13,-4,12,-5,12,-5,12,-6,12,-6,11,-5,12,-6,12,-6,12,-6,12,-6,12,-6,12,-7,0,0,12,-8,13,-7,13,-6,14,-6,14,-7,13,-8,13,-7,12,-7,12,-7,11,-6,11,-7,11,-7,10,-8,10,-9,10,-8,10,-9,10,-8,10,-8,10,-8,11,-8,11,-7,11,-7,11,-6,11,-6,11,-4,10,-3,9,-2,9,-2,0,0,0,0,0,0]"
CSI_DATA,600305,1a:00:00:00:00:00,-64,11,-95,4,51,6,600305,47,0,128,0,"[0,0,0,0,0,0,0,0,-12,-3,-9,-5,-11,-6,-11,-6,-12,-7,-12,-9,-11,-9,-11,-9,-12,-8,-10,-9,-10,-10,-9,-10,-9,-10,-10,-12,-11,-8,-9,-10,-10,-8,-10,-8,-11,-8,-11,-7,-12,-8,-11,-7,-12,-7,-13,-7,-13,-7,-11,-7,-14,-9,-15,-10,0,0,-14,-6,-16,-9,-15,-6,-14,-9,-14,-7,-14,-7,-13,-4,-13,-6,-14,-3,-13,-3,-14,-4,-12,-3,-14,-4,-13,-3,-13,-3,-12,-3,-14,-3,-14,-3,-15,-1,-14,-2,-15,-3,-13,-3,-12,-3,-12,-7,-10,-4,-10,-6,-9,-7,-9,-6,0,0,0,0,0,0]"
CSI_DATA,604305,1a:00:00:00:00:00,-65,11,-95,4,51,6,604305,47,0,128,0,"[0,0,0,0,0,0,0,0,-1,12,-3,10,-3,14,-4,13,-4,13,-6,13,-4,11,-7,13,-7,14,-6,13,-6,11,-6,12,-8,12,-6,14,-4,12,-6,12,-4,12,-5,12,-5,13,-5,12,-5,12,-2,13,-2,13,-2,15,-3,14,-3,15,-1,17,-1,16,0,0,0,16,1,15,-1,15,-1,15,0,15,0,15,1,14,2,13,1,16,2,17,3,14,3,13,4,13,4,11,3,14,5,12,5,13,5,13,5,12,4,13,4,14,3,12,2,12,2,11,1,12,1,12,0,10,-1,11,0,0,0,0,0,0]"
CSI_DATA,610305,1a:00:00:00:00:00,-64,11,-95,4,51,6,610305,47,0,128,0,"[0,0,0,0,0,0,0,0,6,11,6,11,5,12,4,13,3,14,2,14,1,14,0,13,-1,13,-1,13,-2,13,-2,14,-2,14,-2,13,-2,14,-1,13,-1,13,0,13,0,13,0,13,0,13,1,13,2,13,2,14,2,14,2,14,1,14,1,15,0,0,3,15,3,15,2,15,1,15,2,14,2,14,2,14,3,14,3,14,4,13,4,13,4,13,3,13,3,13,3,13,3,13,3,13,2,13,2,14,2,14,2,14,1,14,1,13,0,12,-1,11,-2,10,-3,10,-3,10,0,0,0,0,0,0]"
CSI_DATA,614305,1a:00:00:00:00:00,-65,11,-95,4,51,6,614305,47,0,128,0,"[0,0,0,0,0,0,0,0,8,-9,8,-8,10,-9,11,-9,8,-9,13,-8,11,-6,13,-7,13,-7,13,-6,13,-6,13,-4,13,-6,11,-4,13,-5,12,-6,13,-5,12,-8,12,-6,11,-6,10,-6,11,-8,11,-6,12,-9,11,-9,11,-9,13,-9,10,-8,0,0,10,-9,10,-9,12,-10,11,-8,12,-10,11,-9,11,-8,10,-9,10,-9,11,-10,10,-11,9,-11,9,-11,8,-11,8,-11,8,-12,7,-11,7,-11,9,-11,7,-8,9,-11,10,-9,10,-8,9,-7,10,-6,11,-7,8,-5,9,-5,0,0,0,0,0,0]"
CSI_DATA,620305,1a:00:00:00:00:00,-65,11,-95,4,51,6,620305,47,0,128,0,"[0,0,0,0,0,0,0,0,4,-11,4,-11,4,-11,6,-11,7,-11,8,-11,9,-10,10,-10,11,-10,11,-9,11,-9,12,-8,11,-8,11,-7,11,-7,11,-7,11,-7,10,-8,10,-8,10,-9,10,-8,10,-9,10,-8,10,-8,11,-8,11,-9,11,-9,11,-9,0,0,12,-10,12,-9,12,-9,12,-9,12,-8,11,-8,11,-8,11,-9,11,-10,11,-10,11,-10,10,-10,10,-9,10,-9,10,-9,10,-9,10,-9,10,-9,11,-8,11,-8,11,-7,11,-6,11,-5,11,-5,11,-3,10,-2,10,-2,10,-2,0,0,0,0,0,0]"
CSI_DATA,624305,1a:00:00:00:00:00,-65,11,-95,4,51,6,624305,47,0,128,0,"[0,0,0,0,0,0,0,0,-12,0,-12,0,-12,-1,-12,-2,-13,-3,-13,-4,-12,-5,-12,-5,-12,-5,-12,-5,-11,-6,-11,-6,-11,-7,-11,-7,-11,-7,-12,-6,-11,-6,-11,-6,-11,-6,-11,-6,-11,-6,-12,-6,-12,-5,-13,-5,-13,-5,-14,-5,-14,-5,-13,-5,0,0,-15,-5,-15,-5,-14,-5,-14,-5,-13,-5,-14,-5,-13,-5,-13,-4,-12,-4,-12,-4,-12,-4,-12,-4,-13,-3,-13,-3,-13,-3,-13,-3,-12,-2,-13,-3,-12,-3,-12,-4,-12,-4,-11,-5,-10,-6,-9,-6,-9,-6,-8,-6,-8,-7,-8,-7,0,0,0,0,0,0]"
CSI_DATA,628305,1a:00:00:00:00:00,-65,11,-95,4,51,6,628305,47,0,128,0,"[0,0,0,0,0,0,0,0,8,9,9,9,9,10,8,10,6,12,7,12,5,13,6,14,5,11,3,12,3,12,3,13,4,13,4,12,3,12,6,11,5,12,6,11,6,11,7,11,6,10,7,11,6,12,8,12,7,11,9,12,9,12,7,14,0,0,5,14,10,12,7,11,9,13,8,11,7,11,8,11,8,10,9,11,11,11,10,10,9,9,9,10,10,9,10,10,9,7,10,7,11,9,10,10,8,10,8,12,8,10,7,10,8,9,7,10,6,10,2,7,3,9,0,0,0,0,0,0]"
CSI_DATA,638305,1a:00:00:00:00:00,-65,11,-95,4,51,6,638305,47,0,128,0,"[0,0,0,0,0,0,0,0,0,-11,1,-11,1,-12,3,-12,4,-12,5,-13,6,-12,6,-12,7,-11,7,-11,7,-11,8,-11,8,-11,8,-11,7,-10,7,-10,7,-10,7,-11,7,-11,6,-10,6,-10,6,-10,6,-11,5,-11,6,-12,6,-13,7,-14,8,-14,0,0,7,-13,6,-13,6,-13,6,-12,6,-12,6,-12,6,-12,6,-13,6,-14,6,-14,5,-13,5,-13,4,-12,3,-12,3,-12,3,-12,4,-12,5,-12,5,-11,6,-11,6,-10,6,-10,6,-9,7,-9,7,-8,8,-8,7,-7,7,-6,0,0,0,0,0,0]"
CSI_DATA,642305,1a:00:00:00:00:00,-65,11,-95,4,51,6,642305,47,0,128,0,"[0,0,0,0,0,0,0,0,-12,4,-12,3,-12,3,-12,3,-13,2,-13,2,-13,0,-13,0,-12,-1,-12,-1,-13,-1,-13,-2,-13,-2,-12,-3,-13,-3,-13,-2,-13,-1,-13,0,-13,1,-12,1,-12,1,-12,0,-12,1,-12,1,-12,1,-12,1,-13,1,-14,0,0,0,-14,1,-14,1,-14,1,-14,1,-14,1,-13,1,-13,1,-12,1,-12,2,-11,2,-12,3,-12,3,-12,4,-12,5,-13,5,-12,5,-12,5,-12,4,-12,3,-12,3,-12,3,-12,2,-12,2,-11,1,-10,0,-10,-1,-9,-1,-9,-1,0,0,0,0,0,0]"
CSI_DATA,648407,1a:00:00:00:00:00,-65,11,-95,4,51,6,648407,47,0,128,0,"[0,0,0,0,0,0,0,0,-1,-11,0,-12,1,-12,2,-13,3,-12,4,-12,5,-12,5,-12,5,-11,6,-11,7,-11,8,-10,8,-10,8,-10,8,-10,8,-10,7,-10,7,-10,7,-10,7,-10,6,-10,6,-11,6,-11,7,-11,7,-11,8,-11,8,-11,8,-11,0,0,8,-12,8,-11,8,-11,8,-11,8,-10,8,-10,8,-10,7,-11,7,-11,8,-11,8,-11,8,-10,8,-10,8,-9,7,-9,7,-10,7,-10,8,-10,8,-10,9,-10,9,-9,10,-8,10,-7,10,-6,10,-5,10,-4,9,-3,10,-3,0,0,0,0,0,0]"
CSI_DATA,654380,1a:00:00:00:00:00,-65,11,-95,4,52,6,654380,47,0,128,0,"[0,0,0,0,0,0,0,0,-12,3,-12,2,-12,1,-13,-1,-13,-1,-14,-1,-14,-1,-14,-1,-14,-1,-14,-2,-14,-2,-14,-2,-14,-1,-14,-1,-14,-1,-14,0,-14,0,-14,0,-14,1,-13,2,-13,2,-12,3,-13,4,-13,5,-14,6,-14,6,-14,5,-13,5,0,0,-15,6,-15,6,-14,7,-14,8,-14,8,-13,7,-12,8,-11,8,-10,9,-9,10,-9,10,-9,10,-10,10,-10,10,-9,11,-9,11,-8,12,-8,12,-8,11,-8,11,-8,10,-8,11,-8,10,-8,10,-8,9,-8,8,-8,8,-9,8,0,0,0,0,0,0]"
CSI_DATA,656305,1a:00:00:00:00:00,-65,11,-95,4,52,6,656305,47,0,128,0,"[0,0,0,0,0,0,0,0,-2,-12,-2,-12,-1,-13,0,-13,1,-14,1,-15,3,-14,3,-14,4,-14,5,-13,5,-13,5,-13,5,-13,4,-13,4,-14,4,-14,3,-13,4,-13,4,-13,3,-14,3,-14,3,-14,3,-15,3,-14,2,-14,1,-14,1,-15,1,-16,0,0,1,-16,2,-15,2,-15,2,-15,2,-14,2,-14,2,-15,2,-15,1,-16,1,-15,0,-15,0,-15,-1,-14,-1,-14,-1,-14,-1,-14,-1,-14,-1,-14,0,-14,0,-14,1,-14,1,-13,1,-13,2,-12,2,-12,3,-11,3,-10,4,-10,0,0,0,0,0,0]"
CSI_DATA,662305,1a:00:00:00:00:00,-65,11,-95,4,52,6,662305,47,0,128,0,"[0,0,0,0,0,0,0,0,-8,-9,-7,-10,-6,-11,-5,-12,-3,-13,-3,-14,-2,-14,-1,-14,0,-13,0,-14,1,-14,1,-14,1,-14,1,-13,1,-13,1,-14,1,-14,1,-14,1,-14,0,-13,0,-13,0,-13,1,-13,1,-14,1,-15,1,-15,1,-16,1,-16,0,0,0,-15,1,-15,1,-15,1,-16,2,-16,2,-14,2,-14,1,-14,0,-15,0,-15,0,-15,0,-15,1,-14,1,-13,1,-13,0,-14,1,-14,1,-14,2,-13,4,-13,4,-13,6,-12,6,-12,6,-12,7,-11,7,-10,7,-9,7,-8,0,0,0,0,0,0]"
CSI_DATA,666305,1a:00:00:00:00:00,-66,11,-95,4,52,6,666305,47,0,128,0,"[0,0,0,0,0,0,0,0,-7,10,-8,10,-8,10,-10,9,-11,8,-11,8,-12,7,-13,6,-13,5,-13,5,-13,5,-14,5,-14,5,-13,5,-13,5,-12,5,-12,5,-12,5,-12,5,-12,5,-12,5,-12,5,-12,6,-13,6,-12,7,-12,8,-11,8,-11,8,0,0,-15,6,-14,6,-14,5,-14,5,-13,6,-13,6,-13,5,-13,5,-13,6,-13,6,-13,6,-12,6,-11,7,-11,7,-11,7,-12,7,-13,7,-13,7,-13,6,-13,6,-12,5,-12,5,-12,4,-12,3,-11,2,-11,0,-10,0,-10,0,0,0,0,0,0,0]"
CSI_DATA,672305,1a:00:00:00:00:00,-66,11,-95,4,52,6,672305,47,0,128,0,"[0,0,0,0,0,0,0,0,-12,1,-12,0,-12,0,-12,0,-13,0,-13,-1,-14,-2,-14,-2,-14,-2,-13,-2,-14,-2,-13,-2,-13,-2,-13,-1,-13,0,-14,1,-14,1,-13,2,-13,2,-13,3,-12,2,-12,3,-12,4,-14,5,-14,6,-13,7,-13,8,-12,9,0,0,-14,7,-12,8,-12,9,-11,10,-11,10,-11,10,-11,10,-10,10,-9,10,-8,11,-8,11,-7,11,-7,12,-6,12,-6,11,-6,12,-6,13,-6,13,-5,13,-5,13,-5,13,-5,12,-5,12,-5,11,-5,10,-5,9,-5,9,-5,8,0,0,0,0,0,0]"
CSI_DATA,676305,1a:00:00:00:00:00,-66,11,-95,4,52,6,676305,47,0,128,0,"[0,0,0,0,0,0,0,0,12,-3,12,-3,12,-1,13,0,14,1,14,3,14,4,13,4,12,5,12,5,12,6,12,7,12,7,12,7,12,7,12,7,11,6,11,6,11,7,12,6,12,7,12,7,13,7,13,7,13,7,13,7,14,7,14,7,0,0,14,9,13,8,12,7,12,7,12,8,12,8,11,8,11,7,11,7,10,6,11,6,11,6,11,7,12,6,12,6,12,7,12,7,11,8,11,8,10,9,9,9,9,10,8,10,7,11,6,11,5,10,4,10,4,9,0,0,0,0,0,0]"
CSI_DATA,678305,1a:00:00:00:00:00,-66,11,-95,4,52,6,678305,47,0,128,0,"[0,0,0,0,0,0,0,0,-10,5,-10,5,-11,5,-12,4,-13,4,-13,4,-13,4,-13,3,-13,2,-13,2,-13,1,-14,1,-14,2,-14,2,-13,2,-13,3,-12,3,-12,4,-11,5,-11,4,-11,5,-12,5,-12,5,-13,5,-13,6,-13,7,-13,8,-13,8,0,0,-13,9,-13,8,-13,9,-13,9,-12,9,-12,8,-12,8,-12,9,-11,10,-10,11,-10,12,-9,12,-8,12,-7,11,-7,10,-7,11,-7,11,-8,11,-7,11,-8,11,-8,10,-8,10,-8,9,-8,8,-9,7,-9,6,-9,6,-9,6,0,0,0,0,0,0]"
CSI_DATA,680305,1a:00:00:00:00:00,-66,11,-95,4,52,6,680305,47,0,128,0,"[0,0,0,0,0,0,0,0,-7,-10,-6,-10,-5,-11,-4,-12,-4,-13,-3,-14,-1,-14,-1,-14,0,-13,1,-13,1,-13,1,-14,1,-13,0,-13,1,-13,1,-14,1,-13,1,-13,0,-13,0,-13,0,-12,0,-12,0,-13,0,-14,0,-14,0,-15,-1,-14,-1,-14,0,0,-1,-15,0,-14,1,-14,1,-15,0,-14,0,-14,-1,-14,-1,-13,-1,-13,-1,-12,-1,-12,-1,-13,-1,-13,-1,-13,-1,-13,-1,-13,0,-13,0,-13,0,-13,1,-13,2,-13,2,-12,3,-12,3,-11,4,-11,4,-10,4,-9,4,-9,0,0,0,0,0,0]"
CSI_DATA,686305,1a:00:00:00:00:00,-66,11,-95,4,52,6,686305,47,0,128,0,"[0,0,0,0,0,0,0,0,2,-11,3,-11,3,-11,4,-11,5,-11,5,-12,6,-11,6,-11,7,-11,7,-11,7,-11,7,-11,6,-12,5,-12,4,-12,4,-12,3,-12,3,-12,2,-12,2,-12,1,-13,1,-13,1,-14,0,-13,-1,-13,-1,-13,-1,-13,-1,-14,0,0,-3,-14,-3,-14,-3,-14,-3,-14,-4,-14,-4,-13,-5,-13,-6,-12,-7,-11,-8,-11,-9,-10,-9,-10,-8,-9,-8,-9,-8,-9,-8,-9,-8,-8,-9,-9,-9,-9,-9,-9,-9,-9,-9,-9,-9,-9,-9,-9,-8,-9,-7,-9,-5,-8,-5,-8,0,0,0,0,0,0]"
CSI_DATA,690305,1a:00:00:00:00:00,-66,11,-95,4,52,6,690305,47,0,128,0,"[0,0,0,0,0,0,0,0,-11,-1,-11,-1,-11,-2,-12,-3,-12,-3,-13,-3,-12,-4,-12,-4,-12,-4,-12,-4,-12,-4,-12,-3,-13,-3,-12,-2,-13,-2,-12,-1,-12,0,-12,1,-12,1,-12,2,-12,2,-13,3,-13,3,-13,4,-12,5,-12,6,-12,7,-12,8,0,0,-14,7,-14,7,-13,7,-12,8,-11,8,-10,8,-9,9,-9,9,-9,10,-8,10,-8,11,-7,11,-6,11,-5,11,-5,12,-5,12,-4,12,-4,12,-4,12,-4,12,-4,11,-4,11,-4,11,-4,11,-4,10,-3,9,-4,8,-3,8,0,0,0,0,0,0]"
CSI_DATA,696305,1a:00:00:00:00:00,-66,11,-95,4,53,6,696305,47,0,128,0,"[0,0,0,0,0,0,0,0,-19,14,-20,14,-21,14,-23,13,-25,13,-26,12,-27,11,-27,11,-27,9,-27,8,-27,8,-27,8,-27,8,-26,8,-25,9,-25,10,-24,11,-23,12,-23,13,-23,13,-22,14,-21,14,-21,16,-21,17,-21,19,-21,20,-21,21,-20,22,0,0,-21,23,-20,22,-20,22,-20,23,-19,23,-18,22,-16,23,-15,24,-13,26,-12,26,-11,27,-10,26,-9,25,-8,24,-7,25,-7,25,-7,25,-7,26,-7,26,-8,25,-8,24,-9,24,-9,23,-10,22,-10,20,-10,18,-10,17,-10,15,0,0,0,0,0,0]"
CSI_DATA,700305,1a:00:00:00:00:00,-66,11,-95,4,53,6,700305,47,0,128,0,"[0,0,0,0,0,0,0,0,19,13,19,14,20,15,20,18,20,19,20,20,19,22,18,22,17,22,16,22,16,22,16,22,16,21,17,20,18,19,19,17,19,17,20,16,21,16,21,15,21,14,22,13,23,12,25,11,26,10,28,10,28,10,28,10,0,0,30,7,30,7,30,6,29,5,28,3,27,3,27,2,27,2,27,1,27,-1,28,-3,27,-5,27,-6,25,-7,25,-7,25,-7,24,-8,24,-8,24,-8,24,-7,24,-6,23,-6,23,-5,23,-4,22,-3,21,-2,20,-1,19,0,0,0,0,0,0,0]"
CSI_DATA,710308,1a:00:00:00:00:00,-67,11,-95,4,53,6,710308,47,0,128,0,"[0,0,0,0,0,0,0,0,0,-24,1,-23,3,-24,4,-25,5,-26,6,-26,7,-26,9,-26,9,-26,10,-24,11,-24,11,-24,11,-24,10,-25,9,-25,8,-25,6,-25,5,-24,4,-25,3,-25,2,-25,2,-25,0,-26,0,-26,-1,-27,-1,-27,-1,-28,-1,-28,0,0,-4,-29,-4,-28,-4,-28,-5,-28,-5,-28,-5,-28,-6,-27,-8,-25,-9,-24,-10,-23,-11,-23,-12,-22,-12,-22,-12,-22,-13,-21,-14,-21,-14,-21,-14,-21,-13,-21,-13,-22,-12,-22,-11,-21,-11,-21,-9,-20,-7,-19,-6,-18,-4,-17,-4,-17,0,0,0,0,0,0]"
CSI_DATA,720305,1a:00:00:00:00:00,-67,11,-95,4,53,6,720305,47,0,128,0,"[0,0,0,0,0,0,0,0,-12,19,-13,19,-14,19,-16,19,-17,19,-19,20,-20,19,-20,18,-20,17,-21,16,-21,15,-21,14,-21,14,-21,14,-20,14,-19,16,-19,16,-18,17,-18,18,-18,18,-17,17,-16,18,-16,19,-16,20,-16,21,-16,22,-15,22,-15,22,0,0,-16,24,-15,24,-15,24,-14,24,-14,24,-13,24,-12,23,-10,24,-9,23,-8,23,-8,23,-8,22,-8,22,-8,22,-7,22,-7,23,-7,23,-7,23,-7,23,-7,23,-7,22,-8,22,-9,21,-10,20,-10,17,-11,15,-12,13,-12,12,0,0,0,0,0,0]"
CSI_DATA,724305,1a:00:00:00:00:00,-67,11,-95,4,53,6,724305,47,0,128,0,"[0,0,0,0,0,0,0,0,22,3,22,5,23,6,24,7,24,9,25,10,24,11,24,12,23,12,22,13,22,12,23,13,22,13,22,13,22,12,22,11,22,10,22,8,22,7,23,7,23,6,24,5,25,5,26,4,26,3,27,3,27,2,27,2,0,0,29,0,28,0,28,0,27,-1,26,-1,25,-1,25,-1,26,-2,27,-4,26,-5,26,-7,25,-8,23,-8,22,-7,22,-8,22,-8,21,-8,22,-8,21,-8,21,-8,21,-7,22,-6,21,-6,20,-4,19,-3,19,-2,18,-1,18,0,0,0,0,0,0,0]"
CSI_DATA,728305,1a:00:00:00:00:00,-67,11,-95,4,53,6,728305,47,0,128,0,"[0,0,0,0,0,0,0,0,-3,-21,-2,-22,-1,-24,-1,-25,0,-26,1,-26,2,-26,3,-26,4,-25,5,-25,5,-25,4,-25,4,-24,3,-24,2,-24,1,-24,0,-23,-1,-23,-2,-23,-2,-23,-4,-23,-5,-22,-6,-23,-7,-23,-8,-24,-8,-24,-9,-25,-9,-24,0,0,-12,-24,-11,-24,-12,-24,-12,-23,-13,-22,-13,-21,-14,-20,-13,-20,-14,-20,-15,-19,-16,-19,-17,-18,-18,-17,-18,-15,-18,-14,-19,-14,-19,-14,-19,-14,-18,-13,-18,-13,-18,-13,-17,-13,-16,-14,-15,-14,-13,-14,-12,-14,-10,-14,-9,-14,0,0,0,0,0,0]"
CSI_DATA,738305,1a:00:00:00:00:00,-67,11,-95,4,54,6,738305,47,0,128,0,"[0,0,0,0,0,0,0,0,-14,20,-15,19,-17,19,-18,19,-21,18,-22,18,-23,17,-23,17,-23,16,-23,14,-24,14,-24,13,-24,13,-24,14,-23,15,-22,16,-20,17,-20,18,-20,18,-19,18,-19,19,-18,18,-17,19,-17,20,-17,21,-17,23,-17,24,-16,25,0,0,-15,28,-15,26,-14,25,-13,24,-13,23,-12,24,-11,23,-10,22,-9,23,-8,23,-8,23,-7,24,-7,24,-6,25,-5,24,-4,24,-4,24,-4,25,-3,25,-4,25,-5,24,-6,23,-7,22,-8,21,-9,19,-9,18,-9,17,-10,15,0,0,0,0,0,0]"
CSI_DATA,744305,1a:00:00:00:00:00,-67,11,-95,4,54,6,744305,47,0,128,0,"[0,0,0,0,0,0,0,0,-3,25,-4,25,-5,25,-7,26,-9,26,-11,26,-13,26,-14,25,-15,24,-16,22,-16,22,-16,20,-17,20,-17,20,-17,20,-16,21,-16,21,-15,21,-14,21,-13,21,-13,22,-12,22,-11,22,-12,24,-12,24,-12,24,-13,24,-12,24,0,0,-12,28,-12,27,-13,26,-13,25,-13,25,-13,25,-11,25,-10,24,-9,24,-8,23,-9,23,-9,22,-9,23,-8,23,-7,24,-7,25,-7,24,-7,25,-8,24,-9,23,-9,22,-10,20,-11,19,-11,18,-12,15,-13,14,-13,13,-13,11,0,0,0,0,0,0]"
CSI_DATA,748305,1a:00:00:00:00:00,-67,11,-95,4,54,6,748305,47,0,128,0,"[0,0,0,0,0,0,0,0,24,-8,24,-6,25,-5,26,-3,27,-1,27,0,27,1,27,2,27,2,26,3,26,4,26,5,26,6,26,6,26,5,26,3,26,2,26,1,25,0,25,0,25,0,25,-1,25,-1,26,-2,27,-2,28,-3,28,-4,29,-4,0,0,29,-5,28,-5,28,-5,27,-5,26,-5,26,-4,25,-5,25,-6,24,-8,24,-10,23,-10,22,-10,22,-9,22,-9,23,-10,23,-10,23,-10,23,-10,23,-9,23,-8,23,-7,22,-6,22,-5,21,-4,20,-2,19,-1,18,0,18,1,0,0,0,0,0,0]"
CSI_DATA,750306,1a:00:00:00:00:00,-68,11,-95,4,54,6,750306,47,0,128,0,"[0,0,0,0,0,0,0,0,-20,13,-20,12,-21,13,-22,12,-24,12,-25,12,-25,11,-25,11,-25,11,-25,10,-25,10,-25,9,-24,10,-23,11,-22,12,-22,14,-20,16,-20,16,-19,17,-18,18,-17,19,-15,19,-14,21,-13,22,-13,24,-13,25,-13,26,-13,26,0,0,-9,27,-8,26,-7,27,-7,26,-5,27,-4,26,-2,27,-2,27,-2,27,-1,27,1,27,3,26,5,25,6,23,7,23,8,24,8,23,9,24,10,23,11,23,10,22,10,21,9,21,8,20,6,19,5,19,4,18,3,17,0,0,0,0,0,0]"
CSI_DATA,754305,1a:00:00:00:00:00,-68,11,-95,4,54,6,754305,47,0,128,0,"[0,0,0,0,0,0,0,0,16,-16,17,-16,19,-15,22,-15,24,-13,26,-12,26,-10,27,-8,26,-6,26,-4,26,-3,27,-3,27,-3,27,-3,26,-3,26,-4,25,-4,24,-5,24,-4,24,-5,24,-4,24,-4,25,-4,26,-5,26,-5,27,-6,27,-6,27,-6,0,0,28,-6,28,-5,28,-5,28,-5,27,-4,27,-3,27,-4,27,-5,27,-6,26,-7,25,-8,25,-8,23,-7,23,-6,23,-5,23,-5,24,-5,24,-4,23,-4,23,-3,22,-1,22,0,22,2,21,3,20,5,18,6,17,5,16,5,0,0,0,0,0,0]"
CSI_DATA,756773,1a:00:00:00:00:00,-68,11,-95,4,54,6,756773,47,0,128,0,"[0,0,0,0,0,0,0,0,-21,7,-22,7,-23,6,-25,4,-27,3,-28,2,-27,1,-27,0,-26,-1,-25,-1,-25,-1,-25,-1,-25,-1,-26,-1,-26,0,-26,1,-25,2,-25,3,-25,3,-24,5,-24,4,-24,5,-24,7,-24,9,-24,10,-24,10,-24,11,-25,12,0,0,-26,12,-25,12,-25,12,-24,13,-23,13,-23,13,-22,14,-20,14,-19,16,-18,16,-17,17,-17,17,-17,16,-17,16,-16,17,-16,18,-16,18,-16,19,-16,18,-16,17,-16,17,-17,16,-17,15,-16,14,-16,12,-16,10,-15,7,-14,6,0,0,0,0,0,0]"
CSI_DATA,764305,1a:00:00:00:00:00,-68,11,-95,4,54,6,764305,47,0,128,0,"[0,0,0,0,0,0,0,0,-23,-2,-23,-4,-24,-6,-24,-8,-24,-10,-24,-12,-23,-13,-22,-15,-21,-16,-19,-17,-18,-18,-17,-19,-16,-19,-16,-19,-16,-19,-17,-19,-17,-19,-17,-18,-17,-18,-16,-17,-16,-17,-16,-16,-17,-17,-17,-18,-17,-19,-17,-20,-17,-20,-16,-20,0,0,-20,-21,-18,-21,-18,-21,-17,-21,-16,-21,-15,-20,-15,-21,-15,-22,-15,-22,-15,-22,-16,-20,-16,-20,-15,-18,-15,-18,-14,-19,-14,-20,-13,-20,-12,-20,-11,-20,-10,-21,-9,-20,-7,-20,-6,-20,-4,-20,-3,-19,-1,-18,0,-17,2,-17,0,0,0,0,0,0]"
CSI_DATA,780306,1a:00:00:00:00:00,-68,11,-95,4,54,6,780306,47,0,128,0,"[0,0,0,0,0,0,0,0,-7,22,-7,22,-8,22,-9,22,-11,22,-12,23,-13,22,-14,22,-16,20,-17,20,-17,19,-17,19,-17,19,-16,19,-16,19,-14,20,-14,21,-12,21,-12,21,-11,20,-10,20,-10,20,-10,20,-10,21,-10,23,-9,24,-8,25,-8,25,0,0,-8,27,-8,27,-7,27,-7,26,-6,25,-5,23,-6,24,-6,24,-6,25,-5,26,-3,26,-1,25,0,24,1,23,1,23,1,23,0,23,0,24,0,23,-1,23,-2,22,-2,21,-3,20,-3,20,-4,18,-5,18,-5,16,-5,15,0,0,0,0,0,0]"
CSI_DATA,784306,1a:00:00:00:00:00,-68,11,-95,4,54,6,784306,47,0,128,0,"[0,0,0,0,0,0,0,0,23,-3,23,-3,24,-1,25,0,26,1,27,1,26,3,26,4,24,5,24,6,24,7,24,6,24,6,24,6,24,6,24,5,24,3,24,2,24,1,23,0,23,0,22,0,23,-1,23,-2,24,-4,24,-5,25,-6,25,-6,0,0,27,-8,26,-8,26,-9,25,-9,25,-9,24,-9,23,-9,21,-10,20,-11,19,-12,18,-12,18,-13,18,-13,18,-13,18,-14,17,-15,17,-14,17,-14,17,-14,17,-13,17,-12,17,-12,17,-11,17,-10,16,-9,15,-8,15,-7,15,-6,0,0,0,0,0,0]"
CSI_DATA,790306,1a:00:00:00:00:00,-68,11,-95,4,55,6,790306,47,0,128,0,"[0,0,0,0,0,0,0,0,20,-13,21,-13,23,-12,26,-10,27,-9,29,-8,30,-5,29,-4,29,-2,28,-2,28,-2,28,-1,28,-1,28,-1,27,-1,27,-1,26,-2,26,-3,26,-4,26,-4,26,-4,26,-4,26,-5,27,-6,27,-7,27,-9,26,-9,26,-10,0,0,29,-9,29,-9,28,-8,28,-8,28,-7,26,-7,25,-8,23,-9,22,-10,21,-11,21,-11,22,-11,22,-11,22,-11,22,-12,22,-12,22,-12,23,-11,23,-10,23,-9,23,-8,22,-7,21,-6,21,-4,20,-3,20,-2,18,-1,17,-1,0,0,0,0,0,0]"
CSI_DATA,794306,1a:00:00:00:00:00,-69,11,-95,4,55,6,794306,47,0,128,0,"[0,0,0,0,0,0,0,0,-21,-13,-20,-13,-20,-15,-20,-17,-20,-20,-20,-22,-18,-23,-17,-24,-16,-24,-15,-23,-15,-23,-14,-23,-14,-23,-15,-23,-16,-23,-16,-22,-17,-21,-16,-20,-17,-20,-17,-20,-18,-20,-18,-20,-19,-19,-20,-18,-21,-17,-22,-17,-23,-17,-23,-17,0,0,-24,-17,-24,-17,-23,-17,-23,-16,-22,-15,-21,-15,-22,-14,-24,-14,-25,-13,-26,-12,-26,-10,-25,-9,-23,-8,-21,-8,-21,-8,-22,-8,-23,-9,-23,-9,-23,-9,-22,-9,-22,-9,-21,-10,-20,-11,-19,-12,-18,-13,-16,-13,-14,-13,-13,-13,0,0,0,0,0,0]"
CSI_DATA,800306,1a:00:00:00:00:00,-68,11,-95,4,55,6,800306,47,0,128,0,"[0,0,0,0,0,0,0,0,-25,1,-25,0,-26,-1,-27,-3,-28,-5,-28,-7,-27,-9,-25,-11,-25,-13,-23,-15,-23,-15,-23,-16,-23,-15,-22,-15,-23,-15,-23,-14,-23,-14,-22,-13,-22,-13,-22,-12,-22,-12,-22,-12,-23,-12,-23,-11,-24,-11,-24,-11,-25,-12,-25,-13,0,0,-28,-15,-28,-14,-27,-13,-27,-12,-25,-12,-24,-13,-23,-12,-22,-11,-22,-10,-23,-9,-23,-9,-24,-9,-23,-10,-23,-9,-23,-8,-23,-8,-23,-8,-22,-9,-21,-10,-20,-12,-19,-12,-19,-13,-18,-14,-17,-14,-15,-14,-13,-14,-12,-13,-11,-13,0,0,0,0,0,0]"
CSI_DATA,806306,1a:00:00:00:00:00,-69,11,-95,4,55,6,806306,47,0,128,0,"[0,0,0,0,0,0,0,0,-14,-19,-13,-20,-13,-21,-12,-23,-12,-25,-12,-27,-10,-27,-10,-27,-9,-26,-8,-26,-8,-25,-8,-26,-9,-26,-10,-25,-11,-24,-13,-23,-13,-22,-13,-21,-15,-20,-16,-19,-16,-19,-18,-18,-19,-17,-21,-16,-21,-16,-22,-15,-23,-15,-23,-15,0,0,-26,-13,-26,-13,-26,-12,-26,-11,-26,-11,-25,-10,-25,-8,-25,-5,-24,-3,-24,-1,-24,0,-25,0,-24,0,-24,0,-23,2,-24,3,-23,3,-24,4,-24,4,-24,3,-23,2,-23,2,-21,1,-21,0,-19,0,-18,-1,-17,-1,-16,-1,0,0,0,0,0,0]"
CSI_DATA,808306,1a:00:00:00:00:00,-69,11,-95,4,55,6,808306,47,0,128,0,"[0,0,0,0,0,0,0,0,20,-13,21,-12,22,-12,24,-11,26,-10,27,-9,27,-6,28,-4,27,-3,27,-1,27,-2,26,-1,27,-2,27,-3,27,-4,26,-4,25,-5,24,-6,24,-7,24,-7,25,-7,25,-7,26,-8,26,-9,25,-10,25,-11,25,-11,25,-12,0,0,27,-14,26,-13,26,-13,25,-13,24,-13,24,-12,23,-12,23,-12,22,-13,22,-14,22,-15,21,-16,20,-17,18,-17,18,-16,18,-16,18,-16,18,-16,19,-15,19,-14,19,-12,19,-11,19,-11,19,-10,19,-8,17,-7,17,-6,15,-5,0,0,0,0,0,0]"
CSI_DATA,810306,1a:00:00:00:00:00,-69,11,-95,4,55,6,810306,47,0,128,0,"[0,0,0,0,0,0,0,0,13,22,12,22,10,23,9,25,7,26,4,28,2,28,1,28,-1,27,-3,28,-4,27,-5,27,-5,26,-5,26,-5,26,-4,25,-4,25,-4,25,-4,25,-4,24,-4,25,-4,24,-4,26,-4,27,-4,28,-4,28,-4,28,-4,28,0,0,-6,31,-6,28,-6,28,-7,27,-6,26,-7,25,-7,26,-7,26,-6,27,-6,27,-4,27,-4,26,-3,25,-5,24,-6,24,-6,24,-7,23,-7,23,-7,23,-8,22,-9,21,-11,19,-12,18,-12,16,-13,15,-13,13,-13,11,-13,10,0,0,0,0,0,0]"
CSI_DATA,814306,1a:00:00:00:00:00,-69,11,-95,4,55,6,814306,47,0,128,0,"[0,0,0,0,0,0,0,0,11,-20,12,-19,15,-19,18,-19,20,-18,23,-18,24,-16,24,-15,24,-14,24,-12,24,-12,25,-12,25,-11,25,-11,25,-11,24,-11,23,-11,22,-11,22,-11,22,-11,21,-12,22,-12,22,-12,23,-13,22,-13,23,-13,23,-14,23,-15,0,0,24,-13,24,-14,24,-14,24,-14,24,-13,22,-13,23,-12,23,-11,23,-11,23,-12,23,-13,22,-14,20,-14,19,-14,19,-13,19,-13,20,-12,21,-13,21,-12,21,-11,21,-9,21,-8,20,-6,19,-6,18,-4,18,-2,17,0,16,1,0,0,0,0,0,0]"
CSI_DATA,820306,1a:00:00:00:00:00,-69,11,-95,4,55,6,820306,47,0,128,0,"[0,0,0,0,0,0,0,0,25,0,24,1,25,1,25,2,26,4,27,5,26,7,26,7,26,9,25,9,26,9,26,7,27,6,26,5,26,5,25,4,25,3,24,2,24,0,24,-1,24,-2,24,-3,24,-4,25,-6,25,-8,25,-10,25,-11,24,-12,0,0,25,-13,25,-13,24,-13,24,-13,23,-14,22,-14,21,-14,21,-14,20,-15,19,-16,18,-18,16,-19,15,-19,13,-19,12,-19,12,-19,11,-20,11,-20,12,-20,12,-19,12,-19,11,-18,11,-17,11,-16,11,-15,11,-14,12,-13,12,-12,0,0,0,0,0,0]"
CSI_DATA,826306,1a:00:00:00:00:00,-69,11,-95,4,55,6,826306,47,0,128,0,"[0,0,0,0,0,0,0,0,22,-10,23,-9,23,-8,25,-7,26,-6,27,-5,27,-3,27,-2,27,-1,27,1,26,1,26,2,26,1,26,0,26,-1,25,-1,25,-2,24,-3,24,-3,24,-4,24,-5,23,-6,24,-7,24,-8,25,-9,25,-10,25,-10,26,-10,0,0,25,-11,25,-11,25,-12,24,-12,24,-13,23,-12,23,-12,23,-12,22,-13,22,-14,21,-15,19,-16,18,-16,16,-16,16,-16,16,-17,16,-16,16,-16,17,-16,16,-16,16,-15,16,-15,16,-14,16,-13,16,-11,15,-9,15,-7,15,-7,0,0,0,0,0,0]"
CSI_DATA,842306,1a:00:00:00:00:00,-69,11,-95,4,56,6,842306,47,0,128,0,"[0,0,0,0,0,0,0,0,-26,4,-26,2,-26,0,-28,-3,-29,-5,-29,-8,-29,-10,-28,-11,-26,-12,-25,-13,-23,-14,-24,-14,-23,-14,-22,-14,-23,-14,-23,-14,-22,-14,-21,-14,-22,-13,-21,-12,-22,-12,-23,-13,-24,-13,-25,-12,-26,-12,-25,-13,-25,-13,-23,-14,0,0,-27,-15,-27,-15,-26,-15,-26,-15,-26,-15,-25,-15,-23,-14,-23,-14,-21,-13,-21,-13,-21,-12,-22,-12,-22,-12,-22,-12,-21,-11,-23,-11,-22,-12,-22,-13,-20,-13,-20,-14,-18,-14,-18,-15,-17,-15,-16,-15,-14,-15,-12,-15,-9,-15,-8,-15,0,0,0,0,0,0]"
CSI_DATA,844306,1a:00:00:00:00:00,-69,11,-95,4,56,6,844306,47,0,128,0,"[0,0,0,0,0,0,0,0,23,-10,24,-9,24,-9,26,-7,28,-6,29,-6,29,-4,30,-4,29,-3,29,-3,29,-2,28,-1,29,-1,28,-2,27,-2,27,-4,26,-4,26,-5,25,-6,25,-6,25,-7,25,-8,25,-9,25,-11,25,-12,25,-13,25,-13,25,-13,0,0,25,-17,24,-16,24,-17,23,-16,22,-17,21,-16,21,-16,21,-17,21,-19,20,-19,18,-21,17,-21,15,-21,14,-21,13,-21,13,-21,12,-21,13,-21,13,-21,13,-20,14,-19,14,-18,14,-17,14,-16,14,-14,14,-13,14,-12,13,-12,0,0,0,0,0,0]"
CSI_DATA,848306,1a:00:00:00:00:00,-69,11,-95,4,56,6,848306,47,0,128,0,"[0,0,0,0,0,0,0,0,-16,-21,-15,-21,-15,-22,-15,-23,-14,-25,-15,-26,-13,-26,-12,-27,-11,-26,-10,-26,-9,-26,-9,-26,-10,-26,-11,-25,-11,-24,-13,-23,-14,-22,-15,-21,-15,-20,-17,-19,-17,-19,-18,-18,-19,-18,-22,-18,-22,-18,-23,-16,-23,-15,-23,-13,0,0,-26,-15,-25,-14,-26,-13,-26,-12,-26,-10,-26,-9,-26,-9,-25,-9,-24,-9,-24,-7,-24,-6,-24,-5,-25,-3,-25,-1,-24,-1,-25,0,-24,0,-25,1,-25,1,-25,1,-24,1,-23,2,-22,1,-20,0,-19,-1,-18,-3,-17,-4,-16,-4,0,0,0,0,0,0]"
CSI_DATA,852306,1a:00:00:00:00:00,-70,11,-95,4,55,6,852306,47,0,128,0,"[0,0,0,0,0,0,0,0,-7,21,-9,21,-11,21,-14,21,-15,21,-16,22,-17,21,-17,22,-16,21,-16,20,-16,20,-16,20,-14,21,-13,21,-12,22,-11,22,-10,21,-9,21,-9,21,-7,21,-6,22,-5,22,-3,23,-2,24,-1,25,1,25,1,26,2,26,0,0,4,26,4,25,5,25,6,24,6,24,7,23,8,22,9,20,10,19,11,18,12,17,13,17,14,17,15,17,15,16,16,16,16,15,17,16,16,16,16,16,15,15,15,15,14,14,13,14,12,13,11,13,10,13,9,12,0,0,0,0,0,0]"
CSI_DATA,859170,1a:00:00:00:00:00,-70,11,-95,4,56,6,859170,47,0,128,0,"[0,0,0,0,0,0,0,0,-21,-13,-20,-14,-20,-16,-20,-18,-20,-21,-19,-23,-18,-24,-16,-26,-15,-25,-13,-25,-13,-25,-12,-25,-13,-24,-13,-23,-14,-22,-13,-22,-13,-21,-12,-21,-13,-20,-13,-19,-15,-19,-16,-18,-18,-19,-19,-19,-20,-19,-20,-19,-21,-19,-21,-18,0,0,-22,-20,-21,-20,-21,-19,-20,-18,-20,-16,-20,-16,-21,-16,-22,-17,-23,-17,-23,-16,-25,-14,-24,-12,-22,-11,-21,-10,-21,-10,-21,-11,-21,-11,-21,-10,-21,-10,-21,-11,-19,-11,-19,-12,-17,-13,-16,-13,-14,-12,-13,-12,-11,-12,-9,-12,0,0,0,0,0,0]"
CSI_DATA,862306,1a:00:00:00:00:00,-70,11,-95,4,56,6,862306,47,0,128,0,"[0,0,0,0,0,0,0,0,24,-5,24,-5,26,-4,27,-3,28,-2,29,0,29,1,29,2,28,2,27,2,27,2,27,2,27,2,27,1,27,0,27,-1,26,-2,26,-2,25,-4,24,-5,23,-6,23,-8,23,-10,24,-11,24,-12,25,-13,25,-13,25,-14,0,0,25,-17,25,-17,24,-16,23,-17,22,-16,21,-17,19,-18,17,-20,15,-21,14,-22,12,-21,11,-21,11,-20,12,-19,11,-20,11,-21,11,-20,11,-21,10,-20,9,-20,10,-20,10,-20,11,-18,12,-18,12,-15,12,-14,12,-13,12,-11,0,0,0,0,0,0]"
CSI_DATA,864306,1a:00:00:00:00:00,-69,11,-95,4,56,6,864306,47,0,128,0,"[0,0,0,0,0,0,0,0,5,25,3,26,1,27,0,29,-3,29,-4,30,-6,29,-8,29,-9,28,-9,27,-10,26,-10,26,-10,25,-9,24,-9,24,-8,24,-7,24,-6,23,-6,24,-6,24,-5,24,-5,25,-4,25,-3,26,-3,27,-3,28,-4,28,-4,29,0,0,-4,31,-4,30,-3,30,-3,29,-3,28,-3,27,-2,25,-1,24,-1,24,0,23,0,23,1,23,1,23,2,23,2,23,3,24,2,24,3,25,2,24,1,24,0,23,-1,22,-2,21,-3,20,-5,18,-5,17,-6,16,-6,15,0,0,0,0,0,0]"
CSI_DATA,868306,1a:00:00:00:00:00,-70,11,-95,4,56,6,868306,47,0,128,0,"[0,0,0,0,0,0,0,0,21,-14,22,-14,24,-14,25,-12,27,-11,28,-10,28,-8,28,-7,27,-7,26,-6,26,-5,26,-4,26,-4,26,-4,26,-5,27,-6,25,-6,25,-7,24,-7,22,-8,22,-9,23,-10,23,-12,24,-13,23,-13,24,-14,24,-14,24,-14,0,0,25,-16,25,-15,25,-15,23,-15,22,-14,21,-14,20,-16,19,-17,17,-18,17,-19,16,-19,16,-19,16,-17,17,-16,17,-17,16,-17,15,-17,15,-18,15,-18,15,-18,15,-17,15,-15,17,-15,16,-13,16,-11,16,-9,15,-8,15,-6,0,0,0,0,0,0]"
CSI_DATA,874306,1a:00:00:00:00:00,-70,11,-95,4,56,6,874306,47,0,128,0,"[0,0,0,0,0,0,0,0,14,-20,16,-20,17,-20,20,-20,21,-19,23,-18,24,-16,24,-15,25,-14,24,-13,24,-12,24,-10,24,-9,24,-9,24,-9,24,-10,24,-10,23,-11,22,-10,22,-11,22,-11,22,-11,22,-12,23,-13,23,-14,24,-15,24,-16,24,-16,0,0,24,-15,24,-15,23,-14,23,-14,23,-13,23,-12,22,-13,21,-14,20,-15,20,-16,19,-16,19,-16,20,-14,20,-14,19,-14,19,-15,20,-14,21,-14,21,-14,21,-12,21,-9,21,-7,21,-5,19,-4,19,-2,19,-2,19,-1,18,0,0,0,0,0,0,0]"
CSI_DATA,880306,1a:00:00:00:00:00,-70,11,-95,4,56,6,880306,47,0,128,0,"[0,0,0,0,0,0,0,0,24,-2,24,-1,25,-1,26,0,27,1,28,1,29,2,29,3,28,4,28,5,27,5,26,5,26,4,26,3,26,2,27,0,26,-1,25,-2,24,-3,23,-4,23,-5,23,-6,23,-8,24,-10,24,-11,24,-12,24,-13,23,-13,0,0,23,-15,22,-16,22,-17,21,-17,21,-17,20,-16,19,-18,18,-20,16,-22,13,-22,12,-23,11,-22,10,-21,10,-21,8,-22,8,-22,7,-21,7,-21,8,-21,8,-21,8,-21,8,-20,9,-20,9,-18,9,-16,10,-14,10,-13,9,-13,0,0,0,0,0,0]"
CSI_DATA,882306,1a:00:00:00:00:00,-70,11,-95,4,56,6,882306,47,0,128,0,"[0,0,0,0,0,0,0,0,9,27,8,26,6,27,3,28,0,28,-2,29,-4,29,-6,28,-7,26,-7,26,-8,26,-8,26,-8,26,-6,25,-6,25,-4,24,-3,24,-2,25,-2,25,-2,25,-2,24,-1,24,-1,23,0,24,1,25,1,26,2,27,3,27,0,0,4,28,4,27,4,27,4,27,3,27,3,26,3,24,4,23,4,22,5,22,5,21,6,22,6,23,8,23,8,22,9,22,8,22,8,21,7,21,6,21,5,21,4,21,4,20,3,19,2,18,0,17,-1,15,-2,15,0,0,0,0,0,0]"
CSI_DATA,884306,1a:00:00:00:00:00,-70,11,-95,4,56,6,884306,47,0,128,0,"[0,0,0,0,0,0,0,0,-24,6,-25,4,-26,2,-27,0,-28,-2,-29,-3,-27,-6,-27,-7,-26,-9,-24,-11,-23,-12,-22,-13,-23,-14,-22,-14,-22,-14,-22,-13,-22,-13,-21,-12,-21,-12,-21,-11,-21,-11,-21,-11,-22,-12,-24,-11,-24,-11,-24,-11,-24,-11,-24,-11,0,0,-26,-14,-24,-14,-22,-14,-22,-14,-21,-14,-22,-14,-22,-15,-22,-16,-22,-16,-21,-16,-22,-15,-22,-14,-21,-12,-20,-11,-19,-12,-19,-12,-19,-12,-19,-13,-18,-14,-17,-15,-16,-15,-15,-16,-14,-16,-13,-16,-10,-16,-8,-16,-7,-15,-6,-15,0,0,0,0,0,0]"
CSI_DATA,896306,1a:00:00:00:00:00,-70,11,-95,4,56,6,896306,47,0,128,0,"[0,0,0,0,0,0,0,0,-22,-3,-23,-4,-24,-5,-25,-7,-26,-8,-26,-10,-26,-12,-25,-13,-23,-14,-21,-15,-21,-14,-21,-15,-21,-14,-22,-14,-22,-14,-22,-13,-21,-11,-20,-10,-21,-10,-21,-9,-22,-10,-22,-10,-23,-10,-24,-8,-25,-7,-25,-7,-26,-8,-26,-8,0,0,-27,-6,-27,-6,-27,-5,-27,-6,-26,-5,-25,-5,-25,-6,-25,-6,-25,-5,-25,-5,-25,-3,-25,-3,-24,-2,-23,-1,-22,0,-22,0,-22,0,-23,0,-23,-1,-22,-2,-21,-3,-21,-3,-20,-4,-19,-3,-17,-4,-16,-5,-14,-6,-13,-7,0,0,0,0,0,0]"
CSI_DATA,898306,1a:00:00:00:00:00,-70,11,-95,4,56,6,898306,47,0,128,0,"[0,0,0,0,0,0,0,0,2,-25,3,-24,4,-24,6,-24,7,-25,9,-26,12,-24,14,-23,16,-21,17,-21,18,-20,19,-18,18,-18,18,-18,18,-17,17,-17,17,-17,16,-18,15,-18,15,-17,15,-17,16,-17,16,-17,17,-18,18,-18,18,-19,19,-19,19,-19,0,0,19,-19,20,-19,20,-19,20,-18,21,-17,20,-16,19,-16,18,-17,16,-18,16,-18,15,-17,16,-17,16,-15,16,-14,16,-15,16,-15,17,-15,18,-15,18,-13,19,-12,19,-10,19,-9,19,-8,18,-6,17,-5,16,-3,15,-2,14,0,0,0,0,0,0,0]"
CSI_DATA,900306,1a:00:00:00:00:00,-70,11,-95,4,56,6,900306,47,0,128,0,"[0,0,0,0,0,0,0,0,3,24,2,25,2,26,1,27,0,28,-2,28,-4,27,-6,26,-8,25,-10,25,-9,24,-8,24,-7,24,-6,24,-6,24,-5,24,-4,23,-3,23,-3,23,-2,22,-1,23,-1,23,0,24,2,25,3,26,4,26,5,26,5,25,0,0,6,29,6,28,7,27,7,26,7,25,7,24,5,23,5,22,6,22,8,22,9,22,10,21,11,20,12,20,10,19,11,20,11,20,11,20,11,19,11,20,10,19,9,19,8,18,6,18,5,17,4,16,3,15,3,14,0,0,0,0,0,0]"
CSI_DATA,902306,1a:00:00:00:00:00,-70,11,-95,4,56,6,902306,47,0,128,0,"[0,0,0,0,0,0,0,0,-21,12,-23,11,-23,10,-26,8,-26,6,-28,5,-27,3,-28,1,-27,-1,-27,-3,-26,-3,-26,-4,-25,-4,-25,-4,-24,-4,-24,-4,-23,-3,-23,-3,-23,-3,-22,-3,-23,-2,-23,-2,-24,-2,-24,-2,-25,-1,-25,-1,-25,-1,-25,-1,0,0,-28,-1,-28,-1,-27,0,-27,-1,-26,-1,-24,-2,-25,-2,-26,-2,-27,-1,-27,-1,-27,0,-26,0,-23,1,-22,1,-21,0,-21,1,-21,0,-21,-1,-21,-2,-21,-4,-21,-5,-21,-6,-20,-6,-19,-7,-17,-8,-15,-8,-13,-8,-12,-9,0,0,0,0,0,0]"
CSI_DATA,906306,1a:00:00:00:00:00,-70,11,-95,4,56,6,906306,47,0,128,0,"[0,0,0,0,0,0,0,0,11,20,11,21,10,23,10,24,9,25,8,27,6,27,4,27,2,27,1,27,-1,26,-1,26,-1,25,-2,25,-1,25,0,25,1,25,2,24,2,24,2,23,2,22,3,22,4,23,4,24,5,24,6,24,6,25,6,25,0,0,6,27,6,27,6,27,6,27,6,25,6,25,5,25,5,26,6,26,6,26,7,25,7,25,8,23,8,21,8,21,8,21,7,20,5,21,5,21,4,21,4,21,3,21,2,20,0,19,-1,17,-2,16,-3,15,-3,14,0,0,0,0,0,0]"
CSI_DATA,910306,1a:00:00:00:00:00,-70,11,-95,4,57,6,910306,47,0,128,0,"[0,0,0,0,0,0,0,0,14,-24,15,-23,16,-24,18,-23,20,-22,22,-21,23,-19,24,-19,25,-18,25,-16,25,-16,25,-15,25,-14,24,-15,23,-16,22,-17,21,-17,20,-17,20,-18,19,-17,19,-17,19,-18,18,-19,18,-20,18,-21,18,-22,18,-22,19,-22,0,0,19,-23,18,-24,18,-25,17,-25,17,-25,17,-23,16,-21,14,-20,13,-21,12,-21,12,-22,11,-22,11,-22,11,-21,10,-21,9,-22,9,-22,10,-23,12,-23,13,-22,13,-21,13,-20,14,-19,13,-18,13,-16,13,-14,13,-12,13,-10,0,0,0,0,0,0]"
CSI_DATA,920306,1a:00:00:00:00:00,-70,11,-95,4,56,6,920306,47,0,128,0,"[0,0,0,0,0,0,0,0,-21,8,-22,8,-24,7,-26,6,-27,5,-28,3,-27,1,-27,-1,-25,-3,-25,-5,-25,-6,-24,-6,-24,-6,-24,-5,-23,-5,-23,-4,-23,-4,-22,-4,-22,-3,-22,-3,-22,-2,-22,-2,-23,-1,-23,-1,-24,-1,-24,-1,-24,0,-25,0,0,0,-27,1,-27,0,-26,0,-26,-1,-25,-1,-23,-2,-24,-1,-24,1,-25,3,-25,4,-24,5,-24,3,-22,2,-22,0,-22,1,-23,2,-23,2,-23,2,-22,0,-22,-1,-21,-1,-20,-1,-19,-1,-19,-2,-17,-4,-16,-4,-15,-6,-14,-6,0,0,0,0,0,0]"
CSI_DATA,926306,1a:00:00:00:00:00,-70,11,-95,4,57,6,926306,47,0,128,0,"[0,0,0,0,0,0,0,0,-21,16,-22,15,-23,15,-26,12,-27,11,-29,9,-29,6,-28,3,-27,1,-27,-1,-26,-2,-27,-4,-26,-4,-26,-4,-26,-4,-26,-3,-26,-3,-25,-3,-24,-3,-24,-3,-24,-3,-25,-3,-25,-4,-27,-2,-27,-2,-28,-2,-27,-2,-27,-3,0,0,-30,-5,-29,-5,-29,-5,-29,-6,-28,-7,-26,-8,-25,-7,-24,-6,-23,-3,-22,-2,-23,-2,-24,-3,-23,-4,-23,-5,-23,-5,-23,-5,-23,-6,-22,-8,-21,-10,-20,-11,-19,-11,-18,-11,-18,-11,-16,-12,-15,-12,-12,-13,-11,-13,-10,-13,0,0,0,0,0,0]"
CSI_DATA,931433,1a:00:00:00:00:00,-71,11,-95,4,57,6,931433,47,0,128,0,"[0,0,0,0,0,0,0,0,17,19,18,19,19,20,20,21,20,23,19,24,18,25,16,26,14,25,12,24,11,23,11,23,12,22,13,22,15,23,17,23,18,21,18,19,19,18,19,16,20,15,21,14,22,13,24,12,25,12,26,12,27,12,27,13,0,0,30,10,29,8,28,8,27,6,26,6,26,5,27,4,28,1,28,-1,28,-3,27,-4,25,-4,23,-4,22,-3,23,-5,23,-5,22,-6,23,-7,22,-8,22,-7,22,-6,22,-5,21,-4,20,-3,18,-1,17,-1,17,0,17,1,0,0,0,0,0,0]"
CSI_DATA,931573,1a:00:00:00:00:00,-71,11,-95,4,57,6,931573,47,0,128,0,"[0,0,0,0,0,0,0,0,26,-7,27,-7,27,-7,28,-5,29,-3,30,-1,30,1,30,2,29,2,28,2,28,1,28,1,27,1,27,1,27,0,26,-2,25,-3,24,-4,24,-4,24,-6,24,-6,24,-8,24,-9,23,-12,23,-13,23,-14,23,-14,24,-14,0,0,25,-16,24,-17,24,-17,23,-18,23,-18,21,-18,19,-18,16,-17,13,-18,12,-19,12,-20,11,-21,12,-21,11,-21,10,-21,9,-22,8,-22,9,-21,9,-21,9,-21,9,-20,9,-19,10,-18,9,-18,9,-16,9,-14,9,-12,9,-11,0,0,0,0,0,0]"
CSI_DATA,936306,1a:00:00:00:00:00,-70,11,-95,4,57,6,936306,47,0,128,0,"[0,0,0,0,0,0,0,0,-4,27,-5,27,-6,27,-7,28,-8,28,-9,28,-12,27,-13,26,-13,25,-13,25,-14,24,-14,24,-13,24,-11,24,-9,23,-7,24,-7,24,-5,24,-4,24,-4,25,-3,25,-2,25,-1,26,0,26,1,26,3,27,4,27,4,28,0,0,8,28,7,27,8,26,8,26,8,25,7,25,9,25,12,24,14,23,16,22,17,20,17,20,16,18,15,18,15,17,16,17,15,17,16,17,15,17,15,18,15,18,14,18,13,18,12,16,11,16,10,15,9,14,8,14,0,0,0,0,0,0]"
CSI_DATA,940451,1a:00:00:00:00:00,-71,11,-95,4,57,6,940451,47,0,128,0,"[0,0,0,0,0,0,0,0,16,-21,17,-20,18,-21,20,-21,22,-21,23,-20,24,-19,24,-17,24,-16,24,-14,22,-14,22,-15,20,-16,19,-17,19,-18,18,-19,17,-19,16,-19,14,-20,12,-20,11,-21,10,-22,10,-23,9,-24,8,-25,7,-26,6,-27,4,-28,0,0,4,-29,4,-28,4,-29,3,-28,2,-29,1,-28,0,-26,-1,-24,-2,-22,-4,-21,-5,-21,-6,-22,-7,-22,-9,-22,-10,-21,-11,-21,-11,-21,-11,-21,-11,-21,-10,-21,-9,-20,-9,-20,-8,-19,-7,-18,-6,-17,-6,-16,-5,-15,-5,-14,0,0,0,0,0,0]"
CSI_DATA,946376,1a:00:00:00:00:00,-71,11,-95,4,56,6,946376,47,0,128,0,"[0,0,0,0,0,0,0,0,12,-21,12,-21,13,-20,14,-19,16,-19,17,-20,18,-18,20,-18,20,-17,20,-16,21,-14,21,-13,20,-13,20,-14,19,-14,18,-15,16,-17,14,-17,13,-18,12,-17,13,-17,13,-17,13,-18,13,-18,13,-19,12,-20,12,-22,11,-23,0,0,8,-24,9,-24,8,-23,8,-23,7,-21,7,-21,6,-22,6,-23,4,-24,3,-24,1,-23,0,-22,-1,-21,0,-20,0,-20,0,-20,-1,-20,0,-20,0,-19,1,-19,2,-19,2,-18,3,-18,3,-17,3,-16,3,-15,3,-13,4,-12,0,0,0,0,0,0]"
CSI_DATA,950307,1a:00:00:00:00:00,-71,11,-95,4,57,6,950307,47,0,128,0,"[0,0,0,0,0,0,0,0,-24,-11,-23,-12,-22,-14,-22,-17,-22,-19,-22,-20,-21,-20,-20,-20,-18,-20,-17,-19,-17,-19,-17,-20,-17,-19,-17,-18,-18,-17,-19,-16,-20,-15,-20,-14,-21,-13,-21,-13,-21,-11,-21,-11,-23,-10,-25,-10,-25,-8,-25,-7,-25,-6,-24,-5,0,0,-28,-5,-27,-5,-27,-4,-26,-3,-27,-2,-26,-1,-26,-1,-24,-2,-24,-1,-23,0,-23,2,-24,4,-24,6,-23,8,-22,7,-22,8,-21,8,-22,8,-21,7,-20,7,-20,6,-19,7,-20,6,-19,5,-18,4,-17,3,-15,3,-14,3,0,0,0,0,0,0]"
CSI_DATA,956307,1a:00:00:00:00:00,-71,11,-95,4,57,6,956307,47,0,128,0,"[0,0,0,0,0,0,0,0,-24,-5,-24,-6,-25,-7,-25,-10,-25,-12,-25,-14,-24,-15,-23,-16,-22,-16,-21,-17,-22,-17,-20,-18,-20,-17,-20,-16,-20,-15,-20,-13,-20,-12,-20,-11,-20,-11,-20,-11,-21,-10,-22,-10,-23,-9,-24,-8,-24,-8,-25,-8,-26,-9,-26,-9,0,0,-24,-8,-24,-7,-25,-7,-25,-7,-27,-6,-26,-6,-25,-6,-24,-5,-23,-5,-22,-4,-23,-3,-23,-2,-24,-1,-23,0,-22,0,-21,-1,-21,0,-21,0,-21,0,-20,-1,-20,-1,-20,-2,-19,-2,-18,-3,-17,-3,-15,-4,-14,-4,-13,-5,0,0,0,0,0,0]"
CSI_DATA,958307,1a:00:00:00:00:00,-71,11,-95,4,57,6,958307,47,0,128,0,"[0,0,0,0,0,0,0,0,7,-25,8,-25,10,-24,12,-24,14,-23,16,-23,18,-21,20,-20,22,-18,22,-16,22,-16,22,-15,21,-16,21,-15,21,-15,21,-15,21,-15,21,-15,21,-14,21,-14,20,-14,20,-13,19,-14,19,-14,19,-15,20,-16,21,-17,22,-18,0,0,23,-18,22,-16,22,-15,23,-15,22,-14,22,-12,22,-14,23,-15,22,-16,21,-17,20,-17,19,-16,17,-14,17,-12,18,-12,19,-12,19,-12,19,-11,19,-11,19,-10,19,-8,19,-7,19,-6,18,-4,17,-3,16,-1,14,-1,14,0,0,0,0,0,0,0]"
CSI_DATA,961588,1a:00:00:00:00:00,-71,11,-95,4,58,6,961588,47,0,128,0,"[0,0,0,0,0,0,0,0,26,10,27,11,27,14,27,17,26,18,26,20,23,21,22,22,20,22,19,23,18,24,18,24,17,24,17,24,17,24,18,23,18,22,18,21,18,20,18,18,19,18,20,18,21,17,22,18,23,19,23,19,24,19,23,19,0,0,24,19,24,18,25,17,24,16,25,15,24,15,22,16,21,16,20,16,19,16,20,15,21,14,23,13,23,12,23,11,23,11,23,11,22,11,21,11,20,12,20,13,18,14,17,14,15,14,13,13,12,13,11,12,10,12,0,0,0,0,0,0]"
CSI_DATA,966307,1a:00:00:00:00:00,-71,11,-95,4,57,6,966307,47,0,128,0,"[0,0,0,0,0,0,0,0,6,24,4,25,3,26,1,28,-1,28,-3,29,-5,29,-7,28,-9,27,-9,26,-9,26,-9,25,-8,25,-7,25,-6,24,-5,24,-5,23,-5,22,-6,22,-5,21,-5,22,-4,22,-2,24,-2,25,-1,26,-1,26,-1,26,-1,26,0,0,-1,28,-1,28,-1,28,-1,27,-2,26,-2,25,-1,24,1,23,2,23,3,23,4,22,4,21,3,20,1,21,2,21,2,22,2,22,2,23,1,22,1,21,-1,20,-1,19,-2,19,-2,17,-4,17,-5,16,-5,15,-6,15,0,0,0,0,0,0]"
CSI_DATA,972307,1a:00:00:00:00:00,-71,11,-95,4,57,6,972307,47,0,128,0,"[0,0,0,0,0,0,0,0,17,20,16,21,14,23,13,25,10,27,9,28,6,28,4,28,2,27,1,27,0,26,0,26,-1,25,-1,25,-2,25,-1,24,-2,24,-2,24,-2,24,-1,23,-1,23,0,23,0,23,1,24,1,25,1,25,2,26,4,25,0,0,-2,28,-1,28,-1,27,-1,26,-2,26,-3,25,-3,24,-3,23,-3,22,-3,22,-2,22,-2,23,-1,23,-1,23,-1,22,-1,22,-2,22,-3,22,-4,21,-5,21,-5,20,-5,19,-6,18,-6,17,-7,15,-8,13,-9,11,-10,10,0,0,0,0,0,0]"
CSI_DATA,976307,1a:00:00:00:00:00,-71,11,-95,4,57,6,976307,47,0,128,0,"[0,0,0,0,0,0,0,0,15,-19,16,-19,18,-19,21,-18,23,-16,25,-15,26,-13,26,-11,25,-10,25,-9,25,-8,25,-7,26,-7,24,-7,24,-7,23,-7,22,-7,22,-8,22,-9,22,-9,22,-9,21,-9,23,-10,23,-11,23,-11,23,-12,23,-11,22,-11,0,0,25,-13,25,-12,25,-11,25,-10,24,-10,24,-9,23,-10,22,-12,20,-13,20,-13,20,-12,20,-11,19,-10,20,-9,20,-10,20,-11,20,-10,20,-9,20,-8,20,-7,20,-7,20,-6,20,-5,19,-4,17,-2,15,0,14,1,14,1,0,0,0,0,0,0]"
CSI_DATA,980307,1a:00:00:00:00:00,-71,11,-95,4,56,6,980307,47,0,128,0,"[0,0,0,0,0,0,0,0,-23,0,-23,-2,-23,-4,-24,-6,-24,-8,-24,-11,-22,-12,-21,-13,-20,-14,-18,-15,-18,-14,-17,-14,-18,-13,-18,-13,-19,-12,-19,-11,-20,-11,-19,-10,-18,-10,-18,-10,-18,-10,-18,-10,-19,-9,-19,-8,-21,-7,-21,-7,-22,-7,-23,-6,0,0,-23,-9,-22,-9,-22,-9,-21,-8,-21,-7,-19,-7,-20,-7,-21,-8,-22,-8,-21,-7,-22,-6,-21,-6,-20,-5,-18,-4,-18,-4,-19,-5,-18,-4,-18,-5,-17,-5,-16,-6,-16,-6,-16,-7,-15,-7,-14,-7,-12,-7,-11,-7,-10,-7,-9,-8,0,0,0,0,0,0]"
CSI_DATA,986307,1a:00:00:00:00:00,-71,11,-95,4,57,6,986307,47,0,128,0,"[0,0,0,0,0,0,0,0,-25,3,-25,2,-26,0,-26,-2,-27,-4,-27,-6,-27,-9,-26,-11,-25,-12,-24,-13,-23,-15,-22,-15,-22,-16,-21,-15,-21,-14,-21,-13,-20,-12,-20,-12,-19,-12,-19,-12,-20,-13,-20,-12,-20,-12,-21,-12,-21,-13,-21,-13,-22,-14,-22,-14,0,0,-23,-14,-22,-15,-22,-15,-21,-15,-21,-14,-20,-15,-20,-15,-20,-16,-20,-17,-20,-17,-21,-16,-20,-14,-19,-13,-17,-12,-17,-13,-17,-13,-16,-14,-16,-14,-16,-14,-16,-15,-14,-16,-13,-16,-12,-16,-10,-15,-8,-14,-6,-14,-4,-14,-3,-14,0,0,0,0,0,0]"
CSI_DATA,996307,1a:00:00:00:00:00,-71,11,-95,4,57,6,996307,47,0,128,0,"[0,0,0,0,0,0,0,0,-15,21,-15,21,-16,21,-18,21,-19,20,-21,20,-22,19,-22,19,-22,17,-22,16,-21,16,-21,15,-20,15,-19,16,-18,16,-17,17,-16,18,-15,18,-14,18,-13,18,-12,19,-10,20,-9,21,-8,23,-8,24,-7,25,-7,26,-6,27,0,0,-4,24,-4,25,-4,26,-4,26,-2,25,-1,24,0,25,0,25,2,26,3,25,4,25,5,24,6,22,6,21,6,21,7,21,8,20,9,21,9,20,10,19,9,19,8,18,7,18,6,18,5,16,5,15,3,14,3,12,0,0,0,0,0,0]"
CSI_DATA,1002307,1a:00:00:00:00:00,-71,11,-95,4,53,6,1002307,47,0,128,0,"[0,0,0,0,0,0,0,0,-1,15,-2,16,-3,17,-5,17,-6,17,-7,17,-8,16,-9,15,-8,14,-9,14,-8,14,-9,14,-8,14,-8,13,-7,13,-7,13,-6,13,-6,13,-5,13,-4,13,-4,13,-4,14,-3,14,-3,15,-2,15,-2,15,-2,16,-2,16,0,0,-1,17,-1,17,-1,17,0,17,0,16,1,15,1,15,1,15,0,16,1,16,1,16,1,15,2,14,2,14,2,14,4,14,3,13,4,13,4,13,3,12,3,12,2,12,1,12,1,12,0,11,-1,11,-1,10,-1,10,0,0,0,0,0,0]"
CSI_DATA,1008307,1a:00:00:00:00:00,-71,11,-95,4,53,6,1008307,47,0,128,0,"[0,0,0,0,0,0,0,0,1,15,1,15,0,17,-1,17,-2,17,-2,17,-4,17,-5,16,-7,15,-7,15,-8,15,-8,15,-8,14,-8,14,-7,13,-6,13,-6,13,-5,13,-6,13,-5,14,-5,15,-5,15,-5,14,-4,15,-4,15,-4,15,-5,16,-5,16,0,0,-4,17,-4,16,-5,15,-5,15,-5,15,-4,14,-5,14,-5,14,-6,14,-5,14,-5,14,-4,14,-3,14,-2,14,-2,14,-2,14,-2,14,-2,13,-2,13,-3,12,-3,12,-4,12,-4,11,-5,11,-5,10,-5,9,-5,8,-4,8,0,0,0,0,0,0]"
CSI_DATA,1012307,1a:00:00:00:00:00,-71,11,-95,4,53,6,1012307,47,0,128,0,"[0,0,0,0,0,0,0,0,16,-5,16,-4,16,-4,17,-3,18,-2,18,-1,18,0,17,1,17,1,17,2,16,2,16,3,15,3,15,3,15,3,15,2,15,2,15,1,15,0,15,0,15,-1,15,-1,15,-1,15,-2,15,-2,15,-2,16,-2,16,-2,0,0,17,-4,17,-3,18,-3,17,-2,17,-2,16,-3,14,-3,13,-3,13,-3,13,-2,14,-2,14,-3,14,-3,14,-4,13,-4,13,-5,13,-5,12,-5,13,-5,12,-4,12,-3,12,-3,12,-2,11,-2,11,-1,10,0,10,0,9,1,0,0,0,0,0,0]"
CSI_DATA,1018307,1a:00:00:00:00:00,-71,11,-95,4,53,6,1018307,47,0,128,0,"[0,0,0,0,0,0,0,0,10,-13,10,-12,11,-12,12,-11,13,-10,14,-10,15,-9,16,-8,16,-6,16,-5,16,-4,16,-4,16,-3,15,-3,15,-3,14,-3,14,-3,14,-4,14,-4,14,-5,14,-6,14,-6,14,-6,14,-6,14,-6,15,-6,15,-6,16,-5,0,0,15,-6,16,-6,16,-5,16,-5,16,-5,16,-5,15,-5,13,-5,13,-5,13,-5,13,-4,13,-4,13,-4,14,-4,13,-4,13,-4,13,-4,13,-4,13,-3,12,-3,12,-2,12,-1,12,0,11,1,10,1,10,2,9,2,8,2,0,0,0,0,0,0]"
CSI_DATA,1031432,1a:00:00:00:00:00,-71,11,-95,4,53,6,1031432,47,0,128,0,"[0,0,0,0,0,0,0,0,4,-16,5,-15,6,-16,6,-16,8,-15,9,-15,10,-15,10,-14,10,-14,11,-13,11,-13,11,-12,11,-11,11,-11,10,-11,10,-11,10,-11,10,-12,9,-12,9,-13,8,-12,8,-13,8,-13,8,-13,9,-13,9,-13,9,-13,9,-14,0,0,9,-14,9,-14,9,-14,9,-14,9,-14,7,-14,8,-14,8,-13,9,-13,9,-13,8,-13,7,-14,7,-14,6,-15,6,-13,6,-13,7,-13,6,-12,6,-12,6,-12,7,-11,7,-11,8,-10,7,-9,7,-8,7,-7,7,-6,7,-5,0,0,0,0,0,0]"
CSI_DATA,1032307,1a:00:00:00:00:00,-71,11,-95,4,53,6,1032307,47,0,128,0,"[0,0,0,0,0,0,0,0,3,14,3,15,3,16,3,17,1,18,1,19,-2,18,-2,19,-4,18,-5,17,-6,16,-6,15,-7,14,-6,14,-6,13,-6,14,-5,14,-5,14,-5,15,-5,14,-4,14,-4,14,-4,14,-4,15,-4,16,-4,16,-5,16,-5,16,0,0,-5,18,-6,17,-6,16,-7,15,-7,14,-7,14,-6,14,-5,15,-4,16,-4,15,-4,14,-4,14,-4,13,-4,12,-5,13,-5,14,-5,14,-6,13,-6,12,-7,11,-7,10,-7,9,-7,9,-7,9,-7,8,-7,6,-7,6,-7,5,0,0,0,0,0,0]"
CSI_DATA,1038307,1a:00:00:00:00:00,-71,11,-95,4,53,6,1038307,47,0,128,0,"[0,0,0,0,0,0,0,0,-11,12,-12,11,-12,11,-13,11,-13,11,-14,11,-14,10,-15,10,-14,9,-15,9,-15,8,-15,8,-14,8,-13,8,-13,8,-12,10,-11,11,-11,11,-10,12,-10,11,-9,11,-8,11,-8,12,-8,14,-7,15,-7,15,-7,16,-6,16,0,0,-6,17,-6,17,-5,17,-5,16,-4,15,-4,14,-4,15,-3,16,-2,16,-1,16,0,15,0,15,1,13,1,13,1,13,1,14,1,14,1,14,1,13,1,13,1,12,1,12,0,11,0,11,0,11,0,10,0,9,0,8,0,0,0,0,0,0]"
CSI_DATA,1040307,1a:00:00:00:00:00,-71,11,-95,4,53,6,1040307,47,0,128,0,"[0,0,0,0,0,0,0,0,-14,-8,-13,-9,-13,-10,-13,-12,-12,-14,-12,-15,-11,-15,-10,-15,-8,-15,-7,-15,-6,-15,-6,-15,-6,-15,-6,-15,-7,-14,-7,-13,-7,-13,-8,-13,-7,-12,-8,-12,-8,-13,-8,-13,-8,-13,-9,-13,-9,-12,-10,-12,-10,-11,-10,-11,0,0,-12,-13,-11,-13,-11,-14,-11,-13,-11,-13,-11,-12,-11,-11,-11,-10,-11,-9,-11,-9,-11,-9,-11,-9,-10,-10,-10,-10,-10,-8,-10,-8,-9,-8,-9,-8,-8,-9,-8,-9,-8,-10,-9,-10,-8,-9,-7,-9,-6,-8,-5,-8,-5,-7,-4,-7,0,0,0,0,0,0]"
CSI_DATA,1052589,1a:00:00:00:00:00,-71,11,-95,4,53,6,1052589,47,0,128,0,"[0,0,0,0,0,0,0,0,-12,10,-12,10,-13,9,-15,9,-16,8,-17,7,-17,6,-17,5,-16,4,-16,4,-16,4,-16,5,-16,6,-15,6,-15,7,-14,7,-14,7,-13,8,-12,8,-12,8,-11,8,-11,8,-12,9,-12,9,-12,10,-12,11,-11,11,-11,12,0,0,-10,14,-11,13,-10,13,-10,13,-9,12,-9,12,-9,13,-8,14,-7,15,-6,15,-4,15,-4,14,-4,12,-4,13,-3,13,-3,14,-3,13,-4,14,-3,13,-4,12,-3,12,-3,12,-4,12,-4,11,-4,10,-4,9,-4,9,-4,8,0,0,0,0,0,0]"
CSI_DATA,1063997,1a:00:00:00:00:00,-71,11,-95,4,53,6,1063997,47,0,128,0,"[0,0,0,0,0,0,0,0,-15,-5,-14,-6,-15,-6,-15,-7,-15,-8,-15,-9,-14,-11,-13,-11,-12,-12,-11,-13,-10,-13,-10,-13,-10,-13,-10,-13,-9,-13,-10,-12,-9,-11,-10,-10,-10,-10,-10,-9,-10,-9,-11,-10,-11,-10,-11,-10,-11,-10,-11,-11,-11,-11,-11,-11,0,0,-13,-11,-13,-11,-13,-11,-12,-11,-12,-11,-11,-11,-11,-11,-11,-11,-12,-11,-13,-10,-13,-10,-12,-9,-12,-8,-11,-7,-11,-7,-11,-7,-11,-8,-11,-9,-10,-9,-9,-10,-9,-10,-8,-9,-8,-9,-7,-8,-6,-8,-5,-8,-4,-9,-4,-9,0,0,0,0,0,0]"
CSI_DATA,1064307,1a:00:00:00:00:00,-71,11,-95,4,53,6,1064307,47,0,128,0,"[0,0,0,0,0,0,0,0,-14,-8,-14,-8,-14,-10,-14,-11,-13,-12,-13,-13,-11,-14,-11,-14,-9,-14,-8,-14,-7,-14,-7,-14,-7,-15,-7,-14,-7,-14,-8,-14,-7,-13,-7,-13,-7,-13,-7,-13,-8,-13,-8,-13,-8,-13,-9,-13,-9,-13,-10,-13,-10,-13,-10,-13,0,0,-10,-15,-9,-14,-9,-14,-8,-14,-8,-14,-8,-13,-7,-13,-6,-13,-6,-13,-6,-13,-7,-13,-8,-13,-8,-13,-8,-13,-8,-12,-8,-12,-7,-11,-8,-11,-7,-11,-6,-11,-5,-11,-5,-11,-4,-11,-3,-11,-2,-11,-1,-10,-1,-10,0,-9,0,0,0,0,0,0]"
CSI_DATA,1068307,1a:00:00:00:00:00,-71,11,-95,4,53,6,1068307,47,0,128,0,"[0,0,0,0,0,0,0,0,-3,16,-3,16,-4,16,-5,16,-6,16,-8,16,-9,15,-10,15,-11,15,-11,14,-11,14,-11,13,-11,12,-10,12,-10,12,-9,13,-9,13,-9,13,-8,12,-8,12,-8,12,-8,12,-8,12,-8,14,-8,14,-7,14,-7,14,-7,14,0,0,-7,16,-7,16,-7,16,-7,15,-8,15,-8,14,-7,13,-6,13,-4,13,-3,13,-3,13,-4,13,-4,13,-5,14,-4,13,-5,14,-5,13,-5,13,-5,12,-5,12,-5,12,-6,11,-6,11,-7,10,-7,9,-7,8,-7,7,-7,6,0,0,0,0,0,0]"
CSI_DATA,1072307,1a:00:00:00:00:00,-71,11,-95,4,53,6,1072307,47,0,128,0,"[0,0,0,0,0,0,0,0,17,-1,17,0,17,1,17,3,17,4,17,5,17,5,17,6,16,7,16,7,15,8,15,8,15,9,15,8,15,8,15,7,15,6,14,6,13,5,13,5,13,5,14,5,14,4,15,3,16,3,17,2,18,2,18,2,0,0,18,2,17,2,17,2,16,2,16,2,15,1,15,2,16,1,16,1,16,0,16,-1,15,-1,14,-2,13,-2,14,-2,14,-2,14,-2,14,-2,13,-1,12,-1,12,0,12,0,12,1,11,1,11,2,10,2,9,3,8,4,0,0,0,0,0,0]"
CSI_DATA,1076307,1a:00:00:00:00:00,-71,11,-95,4,53,6,1076307,47,0,128,0,"[0,0,0,0,0,0,0,0,-5,-16,-4,-16,-3,-16,-2,-17,-1,-17,0,-18,1,-18,2,-18,2,-17,3,-16,3,-16,3,-15,3,-16,2,-16,2,-15,1,-15,1,-15,0,-15,0,-15,-1,-14,-1,-15,-1,-14,-2,-15,-3,-15,-4,-16,-5,-15,-5,-16,-5,-15,0,0,-5,-17,-6,-16,-6,-16,-6,-15,-6,-15,-5,-14,-4,-15,-4,-14,-4,-14,-5,-14,-6,-14,-7,-13,-8,-13,-8,-11,-8,-11,-8,-10,-8,-10,-9,-11,-8,-10,-8,-11,-7,-11,-7,-11,-6,-11,-6,-10,-4,-9,-4,-9,-4,-9,-3,-8,0,0,0,0,0,0]"
CSI_DATA,1082307,1a:00:00:00:00:00,-71,11,-95,4,53,6,1082307,47,0,128,0,"[0,0,0,0,0,0,0,0,-13,-11,-11,-12,-11,-13,-10,-14,-8,-16,-8,-17,-7,-17,-5,-18,-4,-17,-3,-17,-3,-16,-3,-16,-3,-16,-3,-16,-3,-15,-4,-15,-4,-14,-4,-14,-4,-14,-4,-14,-3,-14,-4,-14,-5,-14,-6,-15,-6,-15,-7,-15,-6,-15,-5,-14,0,0,-8,-17,-7,-16,-6,-16,-6,-16,-6,-15,-6,-14,-5,-14,-5,-14,-4,-14,-4,-14,-5,-14,-6,-14,-7,-13,-7,-13,-7,-13,-7,-13,-6,-13,-6,-13,-5,-13,-5,-13,-5,-12,-4,-12,-3,-11,-2,-11,-1,-10,0,-9,0,-9,0,-8,0,0,0,0,0,0]"
CSI_DATA,1084307,1a:00:00:00:00:00,-71,11,-95,4,53,6,1084307,47,0,128,0,"[0,0,0,0,0,0,0,0,15,9,14,10,14,10,14,11,14,11,14,12,13,12,13,13,12,12,11,12,11,12,11,12,11,12,11,12,11,11,12,10,12,9,12,9,13,8,13,8,14,7,14,6,15,5,16,4,16,4,17,3,17,3,17,3,0,0,18,1,17,2,17,1,17,2,16,1,16,1,16,0,16,-2,16,-4,16,-5,15,-6,14,-5,13,-5,13,-4,13,-5,12,-5,12,-6,13,-6,12,-6,12,-6,11,-6,11,-6,11,-5,11,-4,11,-4,10,-3,9,-3,9,-2,0,0,0,0,0,0]"
CSI_DATA,1086307,1a:00:00:00:00:00,-71,11,-95,4,53,6,1086307,47,0,128,0,"[0,0,0,0,0,0,0,0,-7,14,-8,13,-10,13,-12,12,-13,12,-14,11,-15,10,-16,9,-15,9,-15,7,-14,7,-14,7,-14,8,-13,8,-13,7,-13,8,-12,8,-12,8,-12,8,-12,9,-12,9,-13,10,-12,10,-12,11,-11,11,-12,12,-12,12,-13,12,0,0,-12,12,-12,12,-13,12,-12,11,-12,11,-11,11,-11,10,-10,10,-9,10,-9,10,-9,11,-9,11,-9,11,-9,12,-8,11,-8,12,-8,11,-9,12,-8,11,-8,11,-8,10,-8,10,-8,10,-8,8,-8,7,-8,6,-9,5,-9,4,0,0,0,0,0,0]"
CSI_DATA,1088307,1a:00:00:00:00:00,-71,11,-95,4,53,6,1088307,47,0,128,0,"[0,0,0,0,0,0,0,0,6,-15,6,-16,7,-15,8,-16,9,-16,10,-16,10,-15,10,-15,10,-15,9,-15,10,-14,10,-14,9,-14,8,-14,7,-14,6,-15,5,-15,4,-15,4,-15,3,-14,2,-15,1,-15,1,-16,-1,-15,-2,-16,-3,-16,-3,-16,-4,-16,0,0,-6,-16,-6,-15,-6,-15,-5,-15,-6,-14,-6,-13,-6,-14,-7,-14,-8,-14,-9,-14,-10,-13,-10,-12,-11,-11,-11,-10,-10,-9,-11,-9,-11,-9,-11,-8,-11,-8,-10,-8,-10,-8,-10,-8,-10,-8,-9,-7,-8,-7,-8,-7,-7,-6,-6,-7,0,0,0,0,0,0]"
CSI_DATA,1090307,1a:00:00:00:00:00,-71,11,-95,4,53,6,1090307,47,0,128,0,"[0,0,0,0,0,0,0,0,17,4,17,4,16,5,17,6,17,7,17,8,17,9,16,10,15,10,14,10,14,10,13,10,13,10,13,10,14,9,14,8,14,8,14,7,14,6,14,6,14,6,14,5,15,5,15,4,16,4,16,3,17,3,17,3,0,0,18,2,18,3,17,3,17,4,16,3,16,3,16,2,16,1,16,-1,16,-1,16,-2,15,-1,14,-1,13,-1,13,-1,13,-1,13,-1,14,-1,13,-1,13,-1,13,-1,12,0,12,0,11,1,10,1,9,2,9,3,8,3,0,0,0,0,0,0]"
CSI_DATA,1092307,1a:00:00:00:00:00,-71,11,-95,4,53,6,1092307,47,0,128,0,"[0,0,0,0,0,0,0,0,-4,16,-5,16,-6,16,-8,15,-10,14,-11,14,-12,14,-13,13,-14,12,-14,11,-14,11,-14,10,-14,9,-13,9,-13,9,-12,9,-12,9,-12,9,-12,9,-12,10,-12,10,-12,9,-12,11,-12,11,-12,12,-12,12,-12,13,-12,13,0,0,-13,11,-13,10,-13,10,-13,10,-12,10,-12,10,-12,9,-11,9,-10,8,-10,8,-10,8,-11,8,-10,8,-11,8,-10,8,-11,9,-10,9,-11,9,-11,9,-11,7,-10,7,-11,6,-11,5,-11,4,-10,3,-10,2,-10,2,-9,0,0,0,0,0,0,0]"
CSI_DATA,1098307,1a:00:00:00:00:00,-71,11,-95,4,53,6,1098307,47,0,128,0,"[0,0,0,0,0,0,0,0,-16,4,-16,4,-17,3,-17,2,-17,0,-17,-1,-17,-2,-17,-2,-17,-3,-17,-2,-17,-3,-16,-2,-16,-1,-15,0,-15,0,-15,1,-15,1,-14,2,-14,3,-14,4,-14,4,-14,4,-15,5,-15,6,-14,7,-14,8,-13,8,-12,9,0,0,-15,10,-14,9,-14,9,-14,9,-13,9,-12,9,-12,9,-12,10,-12,10,-11,10,-10,11,-9,11,-8,12,-7,12,-6,12,-7,13,-7,13,-7,13,-7,12,-7,12,-7,11,-7,11,-6,11,-5,10,-5,10,-5,8,-5,8,-6,7,0,0,0,0,0,0]"
CSI_DATA,1104307,1a:00:00:00:00:00,-71,11,-95,4,53,6,1104307,47,0,128,0,"[0,0,0,0,0,0,0,0,-12,11,-12,10,-13,10,-14,9,-16,8,-17,7,-17,7,-17,6,-17,6,-16,5,-16,5,-16,5,-16,5,-15,5,-15,5,-15,5,-14,5,-14,6,-14,7,-14,7,-14,7,-13,8,-12,9,-12,9,-12,10,-12,10,-13,11,-13,11,0,0,-14,11,-14,11,-14,11,-13,11,-12,11,-11,11,-12,10,-12,11,-12,11,-12,11,-11,11,-10,12,-8,11,-8,11,-8,11,-8,11,-9,11,-8,11,-8,11,-8,11,-8,10,-9,10,-9,10,-8,9,-8,8,-7,7,-8,6,-8,5,0,0,0,0,0,0]"
CSI_DATA,1108307,1a:00:00:00:00:00,-71,11,-95,4,53,6,1108307,47,0,128,0,"[0,0,0,0,0,0,0,0,11,11,10,12,10,13,9,15,9,16,8,17,8,18,6,18,6,17,5,17,5,16,5,16,6,15,6,15,7,15,7,14,7,14,7,13,8,12,8,12,9,12,9,11,10,11,11,11,11,12,12,12,12,12,12,11,0,0,13,12,13,12,14,11,14,10,14,10,14,10,13,8,13,7,13,6,13,6,13,5,13,5,12,5,13,4,13,3,13,3,13,3,13,3,13,3,13,4,13,4,13,4,12,4,11,5,10,4,9,4,8,4,8,4,0,0,0,0,0,0]"
CSI_DATA,1112307,1a:00:00:00:00:00,-71,11,-95,4,53,6,1112307,47,0,128,0,"[0,0,0,0,0,0,0,0,6,-15,7,-15,8,-15,9,-15,10,-15,10,-15,11,-14,11,-14,11,-14,12,-14,12,-14,12,-13,11,-13,11,-12,10,-12,9,-13,7,-13,7,-14,7,-14,6,-14,5,-14,5,-14,4,-15,4,-15,3,-15,3,-16,2,-16,2,-17,0,0,0,-18,0,-17,0,-17,0,-17,-1,-16,-1,-16,-2,-16,-4,-17,-5,-17,-5,-16,-5,-15,-5,-14,-5,-13,-5,-12,-6,-13,-7,-13,-7,-13,-7,-12,-7,-12,-7,-12,-7,-12,-6,-12,-5,-12,-4,-11,-3,-11,-2,-10,-1,-9,-1,-9,0,0,0,0,0,0]"
CSI_DATA,1118307,1a:00:00:00:00:00,-71,11,-95,4,53,6,1118307,47,0,128,0,"[0,0,0,0,0,0,0,0,1,-16,2,-16,3,-17,4,-17,6,-16,7,-16,7,-16,8,-15,9,-15,9,-15,9,-15,9,-15,9,-14,8,-14,8,-14,8,-15,7,-14,6,-14,6,-14,5,-14,4,-14,4,-14,4,-14,3,-15,3,-15,3,-17,3,-17,3,-18,0,0,3,-17,3,-17,3,-17,3,-17,2,-16,2,-15,1,-15,0,-15,-1,-15,-2,-14,-2,-14,-2,-15,-1,-14,-1,-14,-1,-14,-1,-14,-1,-14,-2,-14,-1,-14,-2,-13,-1,-13,-1,-13,0,-13,1,-12,2,-11,2,-10,2,-9,3,-9,0,0,0,0,0,0]"
CSI_DATA,1122307,1a:00:00:00:00:00,-71,11,-95,4,53,6,1122307,47,0,128,0,"[0,0,0,0,0,0,0,0,-16,0,-16,0,-17,-1,-17,-2,-18,-3,-18,-4,-18,-5,-18,-5,-17,-6,-16,-6,-16,-6,-15,-6,-15,-6,-14,-7,-14,-6,-15,-5,-15,-4,-15,-2,-14,-2,-14,-2,-14,-2,-14,-1,-15,0,-16,0,-17,1,-17,2,-17,3,-16,3,0,0,-17,3,-17,3,-16,3,-16,3,-15,4,-14,5,-15,5,-16,5,-16,5,-16,5,-15,6,-14,6,-13,7,-12,6,-12,6,-12,7,-12,7,-12,7,-12,7,-12,7,-12,6,-12,6,-11,5,-11,5,-11,4,-10,3,-9,2,-9,1,0,0,0,0,0,0]"
CSI_DATA,1128307,1a:00:00:00:00:00,-71,11,-95,4,53,6,1128307,47,0,128,0,"[0,0,0,0,0,0,0,0,-15,3,-16,3,-16,3,-17,2,-18,1,-18,0,-18,-1,-17,-3,-17,-4,-16,-4,-16,-4,-16,-5,-16,-5,-16,-5,-15,-5,-15,-4,-15,-3,-15,-2,-15,-2,-15,-1,-15,-1,-15,-1,-15,-1,-16,-1,-16,-1,-17,-1,-17,-1,-17,-1,0,0,-17,0,-17,0,-17,-1,-17,0,-16,-1,-15,-1,-16,0,-16,0,-17,1,-17,1,-17,1,-16,1,-15,1,-14,1,-14,2,-14,2,-14,2,-14,2,-14,1,-14,1,-13,1,-12,1,-12,0,-11,-1,-10,-2,-9,-3,-9,-4,-8,-4,0,0,0,0,0,0]"
CSI_DATA,1132307,1a:00:00:00:00:00,-71,11,-95,4,53,6,1132307,47,0,128,0,"[0,0,0,0,0,0,0,0,9,14,8,14,7,15,7,16,6,17,5,18,4,18,4,17,3,17,3,16,2,16,2,16,1,15,1,15,2,15,2,16,3,16,3,16,4,16,4,15,4,14,5,14,6,14,6,14,7,15,7,15,7,16,7,16,0,0,9,16,8,16,8,15,8,15,8,15,9,14,8,14,8,14,7,13,7,13,7,13,7,13,8,12,10,11,9,10,9,10,9,10,9,10,9,11,9,12,8,12,8,11,7,11,6,10,5,10,4,9,4,9,3,8,0,0,0,0,0,0]"
CSI_DATA,1142308,1a:00:00:00:00:00,-71,11,-95,4,53,6,1142308,47,0,128,0,"[0,0,0,0,0,0,0,0,7,-14,8,-14,9,-14,10,-15,11,-14,12,-14,13,-13,13,-12,14,-11,13,-10,14,-9,14,-9,14,-8,13,-9,13,-9,13,-10,12,-9,12,-10,11,-10,11,-10,11,-11,11,-11,11,-11,11,-11,12,-11,12,-11,11,-11,11,-12,0,0,11,-14,11,-14,11,-14,11,-13,11,-12,11,-12,10,-12,9,-11,9,-10,8,-10,8,-10,8,-10,9,-10,9,-11,8,-11,8,-12,8,-12,8,-11,8,-11,8,-10,8,-10,9,-9,9,-9,9,-8,8,-7,8,-6,8,-5,8,-4,0,0,0,0,0,0]"
CSI_DATA,1156308,1a:00:00:00:00:00,-71,11,-95,4,53,6,1156308,47,0,128,0,"[0,0,0,0,0,0,0,0,6,15,5,15,5,16,4,17,3,17,2,19,1,19,1,19,-1,18,-2,17,-2,16,-3,16,-2,15,-2,16,-2,16,-1,16,-1,16,-1,16,-1,15,-1,15,0,15,0,14,0,15,1,16,2,16,2,17,2,17,2,17,0,0,3,19,2,18,2,18,1,17,1,16,1,15,1,15,2,16,3,17,2,17,3,17,3,16,3,14,3,14,3,14,3,14,4,14,3,14,3,14,2,14,1,14,0,13,-1,13,-1,12,-2,11,-2,10,-2,10,-2,10,0,0,0,0,0,0]"
CSI_DATA,1162494,1a:00:00:00:00:00,-71,11,-95,4,53,6,1162494,47,0,128,0,"[0,0,0,0,0,0,0,0,6,-15,7,-15,7,-16,7,-17,8,-17,9,-17,10,-16,11,-15,11,-15,11,-14,10,-14,10,-14,9,-14,9,-14,8,-15,7,-15,5,-15,4,-15,3,-15,3,-15,3,-15,2,-15,1,-16,0,-16,-1,-16,-2,-16,-2,-16,-2,-16,0,0,-4,-18,-5,-18,-5,-17,-6,-16,-6,-16,-6,-15,-6,-14,-6,-14,-7,-12,-8,-12,-8,-11,-9,-10,-9,-11,-9,-10,-10,-10,-11,-9,-12,-9,-13,-9,-12,-9,-11,-9,-10,-9,-9,-9,-9,-8,-9,-7,-8,-7,-8,-7,-7,-8,-7,-9,0,0,0,0,0,0]"
CSI_DATA,1166395,1a:00:00:00:00:00,-71,11,-95,4,53,6,1166395,47,0,128,0,"[0,0,0,0,0,0,0,0,17,2,16,3,17,4,17,7,17,9,16,10,15,11,13,11,12,11,10,11,11,12,11,12,11,12,11,12,11,11,11,11,11,11,11,11,11,11,11,11,11,11,11,11,11,11,11,11,11,11,12,11,12,11,12,11,0,0,12,12,12,12,12,13,13,13,12,13,12,13,11,12,10,11,9,10,9,9,9,9,9,9,10,10,10,10,9,10,10,10,9,10,9,10,9,10,8,11,8,11,7,11,6,11,5,11,4,10,3,10,3,10,2,9,0,0,0,0,0,0]"
CSI_DATA,1172308,1a:00:00:00:00:00,-71,11,-95,4,53,6,1172308,47,0,128,0,"[0,0,0,0,0,0,0,0,16,3,16,4,16,4,16,5,16,5,17,6,16,7,16,8,16,8,14,8,14,8,14,7,15,7,15,6,15,6,15,5,15,4,14,3,15,2,15,2,15,1,15,1,16,0,16,0,16,-1,16,-2,16,-2,17,-2,0,0,17,-5,16,-5,16,-5,15,-6,15,-6,14,-6,14,-5,14,-5,14,-6,14,-6,14,-8,13,-9,12,-9,10,-10,10,-9,10,-10,9,-10,9,-10,8,-9,8,-9,9,-9,9,-9,9,-9,9,-8,8,-7,8,-7,7,-6,6,-5,0,0,0,0,0,0]"
CSI_DATA,1195191,1a:00:00:00:00:00,-71,11,-95,4,53,6,1195191,47,0,128,0,"[0,0,0,0,0,0,0,0,-15,4,-16,4,-16,3,-17,3,-17,2,-17,2,-16,1,-17,0,-16,0,-16,-1,-17,-1,-17,-1,-17,-1,-16,0,-16,1,-16,3,-14,3,-14,4,-14,4,-14,5,-13,5,-13,6,-13,7,-13,8,-13,9,-13,9,-12,10,-13,9,0,0,-12,12,-11,12,-11,13,-10,12,-10,13,-9,12,-9,12,-9,11,-9,11,-8,11,-7,12,-6,12,-5,13,-4,13,-4,12,-3,12,-3,12,-2,13,-3,12,-3,13,-4,12,-3,12,-3,12,-3,11,-3,10,-3,9,-3,9,-3,8,0,0,0,0,0,0]"
CSI_DATA,1195398,1a:00:00:00:00:00,-71,11,-95,4,53,6,1195398,47,0,128,0,"[0,0,0,0,0,0,0,0,10,12,10,13,10,13,10,15,10,16,9,17,8,17,7,17,7,16,6,16,5,15,5,15,6,15,6,15,7,13,8,13,9,12,9,11,10,11,10,10,11,10,11,10,12,10,12,10,13,9,14,8,14,7,14,6,0,0,15,6,15,6,16,6,16,5,16,5,15,5,15,4,15,3,15,2,15,1,15,0,15,0,14,0,13,0,13,0,14,-1,13,-2,13,-2,13,-2,12,-1,12,-1,12,0,12,0,12,0,11,0,10,0,9,0,8,0,0,0,0,0,0,0]"
CSI_DATA,1195595,1a:00:00:00:00:00,-72,11,-95,4,53,6,1195595,47,0,128,0,"[0,0,0,0,0,0,0,0,-3,-16,-2,-16,-2,-16,-2,-17,-1,-18,-1,-18,0,-18,1,-18,2,-17,3,-16,3,-15,2,-15,2,-16,0,-16,0,-16,0,-15,-1,-15,-2,-14,-3,-14,-3,-14,-4,-14,-5,-14,-5,-15,-6,-14,-7,-14,-7,-15,-7,-15,-7,-15,0,0,-10,-15,-9,-14,-9,-14,-9,-13,-9,-12,-9,-12,-10,-12,-11,-11,-12,-11,-12,-10,-13,-9,-12,-8,-12,-7,-12,-7,-12,-7,-12,-6,-12,-6,-12,-6,-12,-5,-12,-6,-11,-6,-11,-6,-10,-6,-9,-6,-8,-6,-7,-6,-7,-5,-6,-5,0,0,0,0,0,0]"
CSI_DATA,1195801,1a:00:00:00:00:00,-71,11,-95,4,53,6,1195801,47,0,128,0,"[0,0,0,0,0,0,0,0,-15,4,-16,4,-16,4,-17,4,-17,3,-17,3,-18,1,-18,0,-18,-1,-17,-1,-16,-2,-16,-1,-15,-1,-15,-1,-15,0,-15,1,-14,2,-14,4,-14,4,-14,5,-14,5,-14,5,-14,6,-14,7,-14,8,-14,8,-15,8,-15,8,0,0,-15,11,-14,10,-13,10,-12,10,-12,11,-12,11,-12,10,-11,10,-11,10,-10,10,-10,10,-9,11,-8,11,-7,12,-6,11,-6,12,-6,12,-6,12,-6,12,-6,12,-6,11,-6,10,-6,10,-6,9,-6,8,-5,8,-5,7,-5,7,0,0,0,0,0,0]"
CSI_DATA,1196007,1a:00:00:00:00:00,-71,11,-95,4,53,6,1196007,47,0,128,0,"[0,0,0,0,0,0,0,0,9,12,8,13,8,14,8,16,8,17,8,17,6,17,5,16,4,16,4,15,4,16,4,16,4,15,5,15,5,14,6,14,7,13,7,12,7,13,7,12,7,12,8,12,8,12,9,12,10,11,10,11,11,11,12,12,0,0,13,11,13,10,13,10,13,10,13,11,13,11,13,9,13,7,13,6,14,5,14,5,13,4,12,4,13,5,13,4,13,4,13,4,13,4,12,3,12,3,11,3,11,4,11,4,11,4,10,4,10,4,9,4,9,4,0,0,0,0,0,0]"
CSI_DATA,1196213,1a:00:00:00:00:00,-71,11,-95,4,53,6,1196213,47,0,128,0,"[0,0,0,0,0,0,0,0,6,-14,7,-14,8,-14,9,-14,10,-14,11,-14,11,-13,12,-13,12,-12,12,-12,12,-11,12,-11,11,-11,10,-11,10,-11,10,-12,9,-12,8,-12,8,-12,7,-12,7,-13,6,-13,6,-14,6,-15,5,-15,5,-15,5,-15,5,-15,0,0,6,-17,5,-16,4,-16,3,-16,3,-15,3,-14,3,-15,2,-15,1,-16,0,-15,-1,-15,-2,-14,-2,-13,-2,-13,-2,-13,-2,-13,-2,-13,-2,-13,-2,-13,-1,-12,-1,-12,-1,-12,-1,-12,-1,-11,0,-10,0,-9,-1,-8,0,-8,0,0,0,0,0,0]"
CSI_DATA,1196410,1a:00:00:00:00:00,-71,11,-95,4,53,6,1196410,47,0,128,0,"[0,0,0,0,0,0,0,0,-14,5,-15,5,-16,5,-17,4,-17,3,-17,2,-17,2,-17,1,-17,0,-17,0,-17,0,-17,-1,-17,-1,-16,0,-16,0,-16,1,-16,1,-15,2,-15,3,-14,4,-14,3,-14,4,-14,5,-15,5,-15,6,-15,6,-15,7,-15,8,0,0,-17,7,-16,7,-15,8,-14,8,-13,9,-13,8,-13,8,-13,7,-13,7,-13,8,-13,8,-13,9,-12,10,-11,10,-10,10,-9,10,-9,10,-9,10,-9,10,-10,9,-9,8,-8,8,-8,7,-8,7,-8,6,-7,6,-8,5,-8,5,0,0,0,0,0,0]"
CSI_DATA,1196634,1a:00:00:00:00:00,-71,11,-95,4,53,6,1196634,47,0,128,0,"[0,0,0,0,0,0,0,0,-12,11,-12,10,-14,10,-15,9,-16,8,-17,8,-17,6,-17,6,-16,5,-16,4,-16,4,-16,4,-15,4,-15,5,-15,5,-15,6,-14,6,-12,7,-13,7,-12,8,-12,8,-12,8,-12,8,-12,9,-12,10,-12,10,-13,10,-14,10,0,0,-13,12,-12,12,-11,11,-11,11,-12,11,-12,11,-12,10,-11,10,-10,10,-9,10,-9,11,-8,11,-8,12,-7,12,-6,12,-6,12,-6,11,-6,11,-7,11,-7,11,-7,11,-6,10,-6,9,-6,9,-6,8,-6,7,-6,7,-6,6,0,0,0,0,0,0]"
CSI_DATA,1200308,1a:00:00:00:00:00,-71,11,-95,4,53,6,1200308,47,0,128,0,"[0,0,0,0,0,0,0,0,3,-15,4,-15,5,-15,7,-16,8,-16,9,-16,9,-15,10,-14,10,-14,10,-13,10,-13,9,-14,9,-14,8,-14,7,-14,6,-14,6,-14,5,-14,4,-14,3,-14,3,-14,3,-14,2,-14,1,-15,1,-15,0,-15,-1,-15,-1,-16,0,0,-2,-17,-2,-16,-2,-16,-2,-16,-3,-15,-3,-14,-3,-15,-3,-14,-4,-15,-4,-15,-5,-14,-6,-14,-6,-13,-7,-12,-6,-12,-7,-11,-7,-11,-8,-11,-8,-11,-7,-11,-7,-11,-6,-11,-5,-10,-5,-9,-4,-9,-4,-8,-4,-8,-3,-7,0,0,0,0,0,0]"
CSI_DATA,1204308,1a:00:00:00:00:00,-71,11,-95,4,53,6,1204308,47,0,128,0,"[0,0,0,0,0,0,0,0,-1,17,-2,17,-3,17,-5,17,-7,17,-9,17,-11,16,-12,15,-12,13,-13,11,-12,11,-13,10,-13,10,-13,10,-13,10,-12,10,-12,9,-11,10,-11,10,-11,10,-11,10,-12,9,-12,9,-13,9,-13,9,-13,9,-13,10,-13,11,0,0,-15,9,-14,10,-13,10,-13,10,-13,9,-13,8,-13,6,-14,6,-14,6,-14,5,-14,6,-14,6,-13,6,-12,6,-11,5,-12,5,-12,5,-12,5,-12,4,-12,4,-13,3,-12,2,-11,1,-11,0,-10,-1,-10,-1,-9,-1,-9,-1,0,0,0,0,0,0]"
CSI_DATA,1210308,1a:00:00:00:00:00,-71,11,-95,4,53,6,1210308,47,0,128,0,"[0,0,0,0,0,0,0,0,-16,3,-16,4,-17,3,-18,1,-18,0,-18,-1,-18,-2,-17,-3,-16,-3,-16,-3,-15,-3,-15,-4,-15,-4,-15,-4,-16,-3,-16,-2,-16,-1,-15,0,-14,1,-14,1,-14,1,-14,1,-15,2,-15,2,-16,3,-16,4,-16,5,-16,5,0,0,-17,5,-17,6,-17,6,-17,6,-16,6,-15,6,-14,5,-15,6,-15,6,-15,7,-15,8,-14,8,-13,8,-11,7,-11,7,-11,8,-11,9,-11,9,-11,9,-11,8,-11,8,-11,7,-11,7,-10,6,-9,5,-8,4,-8,3,-8,3,0,0,0,0,0,0]"
CSI_DATA,1214308,1a:00:00:00:00:00,-71,11,-95,4,53,6,1214308,47,0,128,0,"[0,0,0,0,0,0,0,0,5,15,5,15,5,15,5,16,4,16,4,17,2,17,1,18,0,18,0,17,-1,17,0,16,0,15,1,15,2,15,3,15,4,16,5,15,5,15,5,14,6,14,6,14,6,14,7,14,8,13,10,13,11,14,11,14,0,0,9,14,10,13,11,12,11,12,11,12,11,11,10,10,10,9,10,8,11,8,11,7,11,7,12,7,12,7,12,6,12,6,12,6,12,7,11,6,11,6,10,5,10,5,10,5,9,4,8,4,8,4,8,5,7,5,0,0,0,0,0,0]"
CSI_DATA,1220308,1a:00:00:00:00:00,-71,11,-95,4,53,6,1220308,47,0,128,0,"[0,0,0,0,0,0,0,0,11,14,9,14,9,15,8,16,6,17,6,17,5,17,4,16,4,16,3,16,3,16,3,16,3,16,3,16,3,15,4,15,4,14,4,14,5,13,5,13,6,12,6,12,6,13,7,14,8,15,8,15,8,15,8,15,0,0,10,15,9,15,9,15,8,15,8,14,7,14,8,13,8,11,9,10,9,9,9,9,10,9,9,9,9,10,10,9,10,9,9,9,9,10,9,10,9,10,8,10,7,10,7,10,6,10,6,9,5,9,5,8,4,8,0,0,0,0,0,0]"
CSI_DATA,1224308,1a:00:00:00:00:00,-71,11,-95,4,53,6,1224308,47,0,128,0,"[0,0,0,0,0,0,0,0,10,-13,11,-12,12,-12,14,-12,15,-12,15,-11,15,-10,15,-9,15,-7,15,-7,15,-7,16,-7,16,-7,15,-7,14,-7,13,-7,12,-8,12,-9,12,-10,11,-10,11,-10,11,-10,11,-10,11,-11,11,-12,11,-12,11,-13,11,-12,0,0,11,-15,10,-14,10,-14,10,-13,9,-13,8,-12,8,-13,7,-13,7,-14,6,-15,5,-15,5,-14,5,-14,4,-12,4,-12,4,-12,3,-12,3,-13,4,-13,4,-13,4,-12,5,-11,4,-10,5,-10,5,-9,5,-9,5,-8,5,-8,0,0,0,0,0,0]"
CSI_DATA,1228308,1a:00:00:00:00:00,-71,11,-95,4,53,6,1228308,47,0,128,0,"[0,0,0,0,0,0,0,0,-16,-7,-16,-7,-15,-7,-15,-9,-14,-10,-14,-11,-13,-12,-12,-13,-11,-12,-11,-12,-11,-11,-11,-11,-11,-11,-11,-11,-11,-10,-12,-10,-12,-9,-12,-7,-12,-7,-12,-6,-13,-6,-13,-6,-14,-6,-15,-5,-16,-4,-16,-3,-15,-2,-15,-1,0,0,-17,-3,-16,-3,-16,-2,-16,-2,-15,-1,-15,-1,-15,-1,-16,0,-16,0,-15,1,-15,2,-15,3,-14,4,-13,3,-13,3,-12,4,-12,4,-12,4,-13,4,-13,4,-13,3,-12,2,-12,2,-11,2,-10,1,-10,1,-9,0,-9,0,0,0,0,0,0,0]"
CSI_DATA,1234308,1a:00:00:00:00:00,-71,11,-95,4,53,6,1234308,47,0,128,0,"[0,0,0,0,0,0,0,0,-15,-4,-15,-4,-15,-5,-15,-6,-15,-8,-16,-9,-15,-10,-14,-11,-13,-11,-12,-12,-12,-11,-12,-11,-12,-11,-13,-10,-13,-9,-12,-8,-12,-8,-12,-8,-12,-8,-12,-8,-13,-8,-13,-7,-14,-6,-15,-6,-15,-6,-15,-6,-15,-6,-15,-6,0,0,-18,-5,-17,-5,-16,-5,-15,-5,-14,-5,-13,-6,-15,-5,-16,-5,-17,-3,-16,-3,-16,-2,-15,-2,-14,-1,-12,-1,-13,-2,-13,-2,-13,-2,-13,-2,-12,-2,-12,-2,-12,-3,-11,-3,-11,-3,-11,-4,-10,-4,-9,-4,-8,-5,-8,-5,0,0,0,0,0,0]"
CSI_DATA,1238308,1a:00:00:00:00:00,-71,11,-95,4,53,6,1238308,47,0,128,0,"[0,0,0,0,0,0,0,0,0,16,-1,16,-2,17,-4,17,-5,17,-6,17,-6,17,-6,16,-6,15,-6,15,-7,15,-7,15,-7,15,-6,15,-6,15,-4,15,-4,14,-4,14,-3,15,-3,15,-3,15,-2,15,-2,15,-1,15,0,15,1,16,2,16,2,16,0,0,1,17,0,16,0,15,0,15,1,15,2,15,1,15,0,15,1,15,1,15,2,15,3,14,4,14,4,13,4,12,4,12,5,11,5,12,5,12,5,12,4,12,4,12,3,11,3,11,2,10,2,10,1,9,0,8,0,0,0,0,0,0]"
CSI_DATA,1244308,1a:00:00:00:00:00,-71,11,-95,4,53,6,1244308,47,0,128,0,"[0,0,0,0,0,0,0,0,2,16,1,17,1,17,-1,17,-2,18,-4,18,-5,17,-5,17,-6,15,-7,15,-8,14,-8,15,-8,15,-7,15,-6,14,-6,15,-5,15,-5,14,-5,14,-5,15,-4,14,-4,14,-4,14,-4,15,-4,15,-4,16,-4,16,-4,17,0,0,-5,17,-5,16,-4,16,-3,15,-3,15,-3,15,-3,15,-4,16,-4,16,-4,16,-3,15,-2,15,-2,14,-1,13,-2,13,-2,14,-2,13,-2,13,-2,13,-2,13,-3,13,-3,12,-4,11,-4,11,-4,9,-4,9,-4,8,-4,7,0,0,0,0,0,0]"
CSI_DATA,1247945,1a:00:00:00:00:00,-71,11,-95,4,53,6,1247945,47,0,128,0,"[0,0,0,0,0,0,0,0,5,15,4,16,3,17,3,18,2,18,2,19,1,18,0,17,-1,16,-2,16,-3,16,-3,16,-2,17,-1,17,-1,16,-1,16,0,15,0,14,1,14,1,14,3,14,3,14,3,14,3,15,4,16,4,16,4,16,3,16,0,0,5,15,4,15,4,15,4,15,5,15,5,15,5,14,4,14,4,13,4,13,4,13,5,13,6,13,7,12,7,11,7,11,6,11,6,11,6,11,6,11,6,11,6,10,5,10,4,10,3,10,2,9,2,8,1,8,0,0,0,0,0,0]"
CSI_DATA,1253308,1a:00:00:00:00:00,-71,11,-95,4,53,6,1253308,47,0,128,0,"[0,0,0,0,0,0,0,0,1,-16,3,-16,4,-16,6,-16,7,-16,9,-17,9,-16,10,-15,10,-14,11,-13,10,-13,10,-13,10,-12,10,-12,10,-12,9,-12,9,-12,8,-12,7,-12,7,-13,6,-13,6,-13,7,-13,7,-13,7,-13,7,-14,6,-14,6,-15,0,0,6,-16,6,-15,6,-15,6,-15,6,-15,5,-14,6,-13,6,-13,7,-13,6,-13,6,-14,5,-14,4,-14,3,-13,3,-12,3,-13,3,-12,3,-13,4,-12,4,-12,5,-11,5,-11,5,-10,6,-9,6,-8,6,-7,6,-7,5,-7,0,0,0,0,0,0]"
CSI_DATA,1263308,1a:00:00:00:00:00,-71,11,-95,4,53,6,1263308,47,0,128,0,"[0,0,0,0,0,0,0,0,-15,4,-15,3,-16,2,-17,1,-18,0,-18,-1,-18,-2,-18,-3,-17,-4,-16,-5,-16,-6,-16,-6,-15,-6,-15,-6,-14,-6,-14,-6,-14,-5,-13,-5,-13,-4,-13,-4,-13,-4,-14,-4,-15,-3,-16,-3,-16,-3,-16,-3,-15,-2,-15,-3,0,0,-17,-5,-16,-5,-16,-4,-16,-5,-15,-4,-15,-5,-15,-4,-15,-3,-15,-2,-14,-2,-14,-2,-13,-2,-12,-2,-12,-3,-12,-2,-12,-2,-12,-2,-12,-3,-12,-3,-12,-4,-12,-4,-10,-5,-10,-5,-10,-6,-9,-6,-8,-6,-7,-6,-7,-6,0,0,0,0,0,0]"
CSI_DATA,1268813,1a:00:00:00:00:00,-71,11,-95,4,53,6,1268813,47,0,128,0,"[0,0,0,0,0,0,0,0,15,-6,15,-5,16,-4,16,-2,17,0,18,2,17,4,17,5,16,6,15,7,15,7,14,7,14,7,14,7,14,7,14,7,13,7,13,7,13,7,13,6,13,6,13,7,13,7,13,7,13,7,13,7,14,7,13,7,0,0,14,8,14,8,13,8,13,8,13,9,13,9,12,9,12,8,11,8,10,7,10,7,10,7,11,8,12,8,12,7,12,7,11,8,11,8,10,9,9,9,7,9,7,9,6,10,6,10,5,10,4,9,3,9,2,8,0,0,0,0,0,0]"
CSI_DATA,1271308,1a:00:00:00:00:00,-71,11,-95,4,53,6,1271308,47,0,128,0,"[0,0,0,0,0,0,0,0,12,-11,12,-11,13,-10,14,-10,15,-9,16,-8,17,-7,17,-7,16,-6,16,-6,16,-5,16,-5,16,-5,16,-4,15,-5,15,-5,14,-5,14,-5,13,-5,13,-6,13,-6,13,-7,13,-8,13,-8,13,-9,13,-9,13,-9,13,-9,0,0,13,-10,14,-10,14,-10,14,-9,13,-9,12,-8,12,-8,12,-9,12,-10,12,-11,11,-12,10,-12,9,-10,8,-10,8,-9,9,-9,9,-9,9,-9,9,-9,9,-9,9,-8,9,-8,10,-7,9,-7,9,-6,8,-5,8,-5,7,-4,0,0,0,0,0,0]"
CSI_DATA,1277308,1a:00:00:00:00:00,-71,11,-95,4,53,6,1277308,47,0,128,0,"[0,0,0,0,0,0,0,0,13,-9,14,-8,14,-8,15,-7,16,-6,17,-5,17,-4,17,-3,17,-1,16,-1,16,0,16,0,15,1,15,1,15,1,16,0,15,0,15,-1,15,-1,14,-1,14,-1,15,-1,14,-1,15,-1,15,-2,16,-2,17,-2,17,-2,0,0,17,-1,17,-2,17,-1,16,-1,16,-1,15,-1,14,1,14,1,14,2,15,1,15,1,15,0,15,-1,14,-1,14,-1,13,-2,13,-1,13,-1,13,0,13,1,13,1,12,1,12,2,11,3,10,4,8,4,7,5,7,5,0,0,0,0,0,0]"
CSI_DATA,1287308,1a:00:00:00:00:00,-71,11,-95,4,53,6,1287308,47,0,128,0,"[0,0,0,0,0,0,0,0,-12,-10,-12,-11,-12,-12,-11,-13,-10,-15,-10,-16,-9,-16,-7,-16,-5,-16,-3,-16,-2,-16,-1,-16,0,-16,0,-16,-1,-15,-1,-15,-2,-14,-2,-14,-2,-14,-2,-14,-3,-14,-3,-15,-3,-15,-3,-15,-3,-15,-2,-16,-2,-16,-2,-17,0,0,0,-17,0,-16,-1,-16,-1,-15,-1,-15,-1,-15,1,-15,2,-14,3,-14,3,-14,2,-14,2,-14,1,-15,0,-14,1,-14,1,-13,1,-13,2,-13,2,-13,3,-13,3,-13,4,-12,4,-11,4,-11,5,-10,5,-8,5,-8,6,-7,0,0,0,0,0,0]"
CSI_DATA,1291308,1a:00:00:00:00:00,-71,11,-95,4,53,6,1291308,47,0,128,0,"[0,0,0,0,0,0,0,0,-8,14,-9,14,-10,14,-12,13,-13,13,-14,13,-14,11,-14,10,-14,9,-14,8,-15,7,-15,6,-15,6,-15,6,-14,6,-15,6,-14,6,-14,7,-13,7,-13,6,-12,6,-12,6,-12,7,-13,8,-13,8,-14,8,-14,8,-14,8,0,0,-15,7,-15,7,-15,7,-15,6,-15,6,-14,6,-13,6,-12,6,-12,6,-12,5,-12,5,-12,5,-13,5,-12,6,-12,6,-11,6,-12,6,-12,5,-12,5,-12,4,-12,3,-12,2,-11,2,-10,1,-9,1,-9,0,-9,-1,-9,-1,0,0,0,0,0,0]"
CSI_DATA,1297308,1a:00:00:00:00:00,-71,11,-95,4,53,6,1297308,47,0,128,0,"[0,0,0,0,0,0,0,0,-16,-3,-16,-4,-17,-5,-17,-6,-17,-7,-17,-7,-17,-8,-16,-8,-15,-8,-15,-8,-14,-8,-14,-7,-13,-7,-14,-6,-14,-6,-14,-5,-14,-4,-14,-3,-15,-3,-15,-2,-14,-2,-15,-1,-15,0,-15,0,-16,1,-16,1,-16,1,-16,1,0,0,-15,4,-15,4,-15,4,-15,4,-15,4,-15,4,-14,5,-13,6,-12,6,-11,7,-11,6,-11,7,-12,6,-12,7,-11,8,-11,9,-10,9,-10,9,-9,9,-10,9,-9,8,-9,7,-9,7,-9,6,-9,6,-8,5,-7,4,-7,4,0,0,0,0,0,0]"
CSI_DATA,1301308,1a:00:00:00:00:00,-71,11,-95,4,53,6,1301308,47,0,128,0,"[0,0,0,0,0,0,0,0,17,3,16,4,16,6,16,7,16,9,15,10,14,11,13,11,12,12,11,12,10,12,10,12,9,12,9,12,9,12,9,12,9,12,9,12,9,12,9,12,9,12,9,12,9,12,9,12,10,12,10,13,10,13,10,14,0,0,9,15,9,15,9,14,8,14,8,14,7,14,7,13,7,12,7,11,7,11,6,12,6,12,6,12,5,13,5,12,5,12,5,12,5,12,5,12,4,12,3,11,2,11,1,11,1,11,0,10,-1,10,-1,9,-1,9,0,0,0,0,0,0]"
CSI_DATA,1303309,1a:00:00:00:00:00,-71,11,-95,4,53,6,1303309,47,0,128,0,"[0,0,0,0,0,0,0,0,-17,0,-16,-2,-17,-2,-17,-3,-17,-4,-17,-5,-16,-6,-16,-6,-16,-7,-15,-8,-15,-8,-15,-8,-14,-7,-13,-7,-13,-6,-13,-6,-14,-5,-14,-5,-14,-4,-13,-4,-13,-3,-13,-3,-14,-3,-15,-3,-15,-2,-16,-2,-15,-1,-15,-1,0,0,-18,-1,-18,-1,-18,-1,-17,-1,-16,0,-15,0,-14,-1,-14,-1,-14,-1,-15,-1,-15,1,-15,2,-14,3,-14,3,-13,3,-13,3,-13,3,-13,3,-13,3,-13,3,-12,2,-12,2,-12,2,-11,1,-10,0,-9,-1,-8,-1,-8,-1,0,0,0,0,0,0]"
CSI_DATA,1307577,1a:00:00:00:00:00,-71,11,-95,4,53,6,1307577,47,0,128,0,"[0,0,0,0,0,0,0,0,-3,-15,-4,-15,-4,-16,-3,-17,-3,-18,-2,-19,-1,-19,1,-18,1,-17,2,-16,2,-16,2,-16,1,-15,1,-15,0,-15,0,-15,-1,-15,-1,-15,-1,-15,-2,-15,-3,-14,-3,-14,-4,-13,-4,-14,-4,-14,-4,-15,-4,-15,-4,-15,0,0,-8,-16,-7,-16,-7,-16,-7,-16,-6,-15,-6,-14,-6,-13,-7,-13,-8,-13,-9,-13,-9,-13,-9,-13,-8,-12,-8,-11,-8,-11,-8,-10,-9,-10,-9,-10,-9,-10,-9,-10,-8,-10,-8,-10,-7,-10,-6,-10,-5,-9,-4,-8,-4,-7,-4,-7,0,0,0,0,0,0]"
CSI_DATA,1315309,1a:00:00:00:00:00,-71,11,-95,4,53,6,1315309,47,0,128,0,"[0,0,0,0,0,0,0,0,-10,-14,-10,-14,-11,-13,-11,-14,-11,-15,-10,-16,-9,-16,-9,-16,-8,-16,-7,-15,-8,-14,-7,-14,-8,-14,-8,-13,-8,-13,-10,-13,-11,-12,-11,-11,-11,-10,-11,-10,-12,-9,-13,-8,-13,-8,-14,-8,-15,-7,-15,-7,-15,-7,-14,-6,0,0,-18,-4,-17,-4,-17,-4,-16,-4,-15,-3,-15,-3,-15,-3,-15,-3,-15,-2,-15,-1,-15,0,-15,1,-14,3,-14,3,-14,3,-14,4,-14,4,-14,5,-13,4,-12,4,-12,3,-11,3,-11,3,-11,3,-10,3,-9,3,-9,2,-9,1,0,0,0,0,0,0]"
CSI_DATA,1319309,1a:00:00:00:00:00,-71,11,-95,4,53,6,1319309,47,0,128,0,"[0,0,0,0,0,0,0,0,6,15,6,14,5,15,4,16,3,17,2,18,0,19,-1,19,-2,18,-2,17,-3,16,-3,16,-4,15,-4,15,-4,15,-4,15,-3,15,-3,15,-3,15,-2,14,-2,14,-2,14,-2,15,-2,16,-2,16,-2,16,-3,16,-3,16,0,0,-4,18,-4,17,-4,16,-4,15,-4,15,-4,15,-5,14,-6,13,-6,13,-6,13,-6,13,-5,13,-4,13,-3,13,-4,13,-4,13,-4,13,-4,12,-5,12,-5,12,-6,11,-6,10,-7,10,-7,9,-8,8,-7,7,-7,6,-7,5,0,0,0,0,0,0]"
CSI_DATA,1321309,1a:00:00:00:00:00,-71,11,-95,4,53,6,1321309,47,0,128,0,"[0,0,0,0,0,0,0,0,-13,-10,-12,-10,-12,-11,-12,-12,-11,-12,-11,-13,-10,-13,-10,-14,-9,-14,-8,-15,-8,-15,-8,-15,-8,-15,-8,-14,-8,-14,-9,-13,-10,-12,-10,-11,-11,-11,-10,-10,-11,-10,-11,-10,-12,-10,-13,-10,-14,-9,-14,-9,-14,-8,-14,-8,0,0,-16,-10,-15,-9,-15,-9,-14,-8,-14,-7,-14,-8,-15,-8,-16,-7,-16,-6,-16,-5,-15,-4,-15,-3,-13,-2,-13,-2,-14,-2,-14,-2,-13,-2,-13,-2,-12,-2,-12,-3,-11,-3,-11,-4,-11,-3,-11,-3,-11,-4,-10,-3,-9,-4,-8,-4,0,0,0,0,0,0]"
CSI_DATA,1335309,1a:00:00:00:00:00,-71,11,-95,4,53,6,1335309,47,0,128,0,"[0,0,0,0,0,0,0,0,17,3,17,4,17,5,17,6,16,7,16,8,15,8,15,9,14,9,14,9,14,10,13,10,13,10,13,9,13,9,13,8,14,7,13,6,13,6,13,5,14,4,14,4,14,4,15,4,16,4,16,3,16,3,17,2,0,0,17,3,17,2,17,2,17,1,18,1,17,2,16,2,14,1,13,0,13,0,13,-1,13,-1,14,-1,14,-2,13,-2,13,-3,13,-3,13,-3,13,-3,13,-2,13,-1,12,-1,12,0,11,0,10,0,9,0,9,0,8,0,0,0,0,0,0,0]"
CSI_DATA,1339309,1a:00:00:00:00:00,-71,11,-95,4,53,6,1339309,47,0,128,0,"[0,0,0,0,0,0,0,0,-2,-16,-1,-16,0,-16,1,-17,3,-17,3,-18,4,-18,5,-18,5,-17,5,-17,4,-16,4,-16,4,-15,3,-15,3,-15,2,-15,2,-15,1,-15,0,-14,-1,-14,-2,-14,-3,-14,-4,-15,-4,-16,-5,-16,-5,-16,-5,-16,-5,-16,0,0,-7,-16,-7,-16,-7,-16,-7,-16,-7,-15,-6,-14,-7,-15,-8,-14,-9,-14,-10,-14,-10,-12,-11,-12,-9,-10,-9,-10,-8,-10,-9,-9,-9,-10,-9,-10,-9,-10,-9,-11,-9,-10,-9,-9,-8,-9,-7,-8,-6,-8,-5,-8,-4,-8,-4,-8,0,0,0,0,0,0]"
CSI_DATA,1350674,1a:00:00:00:00:00,-71,11,-95,4,53,6,1350674,47,0,128,0,"[0,0,0,0,0,0,0,0,-14,9,-14,8,-14,7,-15,6,-16,4,-17,4,-17,3,-17,2,-17,1,-16,0,-16,0,-16,-1,-16,-1,-15,-1,-15,0,-15,1,-15,1,-15,1,-15,1,-14,2,-14,2,-14,2,-15,2,-16,2,-16,3,-16,3,-16,4,-16,5,0,0,-18,4,-18,4,-17,3,-17,2,-16,2,-16,3,-15,2,-14,2,-14,1,-14,1,-14,2,-15,2,-14,3,-14,4,-13,4,-13,4,-13,3,-13,3,-13,3,-13,2,-13,2,-12,1,-11,0,-11,0,-9,-1,-8,-1,-7,-1,-7,-1,0,0,0,0,0,0]"
CSI_DATA,1354570,1a:00:00:00:00:00,-71,11,-95,4,53,6,1354570,47,0,128,0,"[0,0,0,0,0,0,0,0,3,-17,3,-16,4,-16,5,-16,6,-16,7,-16,8,-16,9,-15,9,-15,9,-13,9,-13,10,-13,10,-12,10,-12,10,-12,9,-13,8,-13,7,-13,6,-13,6,-14,5,-14,4,-15,4,-15,4,-15,4,-15,5,-15,5,-15,5,-15,0,0,5,-16,5,-16,5,-17,5,-17,4,-16,4,-16,4,-15,4,-16,4,-16,4,-16,3,-16,3,-15,1,-15,1,-14,1,-14,1,-14,2,-13,2,-13,2,-13,2,-13,2,-12,2,-12,2,-11,3,-11,3,-10,4,-9,4,-8,4,-7,0,0,0,0,0,0]"
CSI_DATA,1367854,1a:00:00:00:00:00,-71,11,-95,4,53,6,1367854,47,0,128,0,"[0,0,0,0,0,0,0,0,1,-16,2,-16,3,-16,4,-17,5,-17,5,-17,6,-16,7,-16,8,-15,8,-15,9,-14,8,-14,8,-15,7,-14,6,-15,5,-14,4,-14,4,-14,4,-14,3,-14,3,-14,3,-14,3,-15,2,-15,2,-16,2,-16,2,-16,2,-17,0,0,0,-17,0,-16,1,-17,0,-17,0,-17,-1,-16,0,-15,0,-14,1,-15,0,-15,-1,-15,-2,-15,-3,-14,-3,-13,-3,-12,-3,-12,-3,-12,-4,-13,-4,-13,-3,-13,-2,-12,-2,-12,-1,-12,0,-11,0,-10,0,-10,0,-9,0,-8,0,0,0,0,0,0]"
CSI_DATA,1368078,1a:00:00:00:00:00,-71,11,-95,4,53,6,1368078,47,0,128,0,"[0,0,0,0,0,0,0,0,-6,-15,-5,-15,-5,-16,-3,-16,-2,-17,-1,-17,0,-17,1,-17,1,-16,1,-16,1,-16,1,-16,2,-16,2,-15,1,-15,0,-15,0,-15,-1,-14,-1,-14,-2,-14,-2,-14,-3,-14,-3,-15,-4,-16,-4,-16,-4,-17,-5,-16,-5,-16,0,0,-6,-16,-5,-16,-5,-16,-4,-16,-4,-15,-4,-15,-5,-14,-7,-13,-8,-12,-8,-12,-8,-11,-7,-12,-6,-11,-6,-12,-7,-12,-7,-12,-7,-12,-7,-12,-6,-11,-6,-11,-6,-10,-5,-10,-5,-10,-4,-10,-3,-10,-3,-10,-2,-9,-2,-9,0,0,0,0,0,0]"
CSI_DATA,1374748,1a:00:00:00:00:00,-71,11,-95,4,53,6,1374748,47,0,128,0,"[0,0,0,0,0,0,0,0,-15,1,-16,1,-16,0,-17,-2,-18,-3,-18,-5,-17,-7,-16,-8,-14,-9,-13,-9,-13,-10,-13,-10,-13,-10,-13,-10,-12,-9,-12,-9,-12,-9,-12,-8,-12,-8,-12,-8,-12,-8,-12,-8,-12,-9,-13,-9,-13,-9,-13,-9,-13,-9,-13,-9,0,0,-12,-12,-13,-11,-13,-11,-13,-11,-13,-11,-12,-11,-11,-11,-10,-11,-10,-11,-10,-11,-10,-10,-11,-10,-12,-9,-12,-8,-11,-8,-11,-8,-9,-8,-9,-8,-9,-9,-9,-10,-8,-11,-8,-11,-7,-10,-6,-10,-4,-10,-4,-9,-3,-8,-2,-8,0,0,0,0,0,0]"
CSI_DATA,1374963,1a:00:00:00:00:00,-71,11,-95,4,53,6,1374963,47,0,128,0,"[0,0,0,0,0,0,0,0,-4,16,-5,16,-6,16,-8,16,-10,15,-12,15,-13,13,-13,13,-14,12,-14,11,-13,10,-14,9,-14,9,-14,9,-13,9,-13,10,-12,9,-12,9,-12,9,-12,9,-12,9,-12,9,-12,9,-13,9,-13,9,-13,10,-14,10,-14,10,0,0,-16,10,-16,10,-16,10,-16,9,-15,8,-14,7,-14,7,-14,8,-14,9,-13,9,-13,9,-12,8,-12,7,-12,6,-12,7,-13,7,-13,8,-13,7,-13,6,-13,5,-14,4,-13,2,-13,2,-12,1,-11,0,-10,-1,-10,-1,-9,-2,0,0,0,0,0,0]"
CSI_DATA,1375160,1a:00:00:00:00:00,-71,11,-95,4,53,6,1375160,47,0,128,0,"[0,0,0,0,0,0,0,0,11,-12,12,-11,13,-10,14,-8,15,-7,17,-6,17,-4,17,-4,16,-3,17,-2,16,-2,16,-1,16,-1,16,0,16,0,15,0,15,0,14,0,14,0,14,0,14,0,14,0,14,0,15,0,16,0,17,-1,18,0,18,-1,0,0,17,1,17,1,17,2,16,2,16,1,15,2,16,3,16,4,16,4,16,4,16,3,15,2,14,1,13,2,13,2,13,3,13,3,13,4,13,4,12,4,12,5,11,5,10,6,9,6,8,6,7,6,7,6,6,6,0,0,0,0,0,0]"
CSI_DATA,1375366,1a:00:00:00:00:00,-71,11,-95,4,53,6,1375366,47,0,128,0,"[0,0,0,0,0,0,0,0,6,-15,6,-15,7,-15,8,-16,9,-16,9,-16,10,-15,10,-14,10,-13,10,-13,9,-13,9,-13,8,-13,7,-13,7,-14,6,-14,6,-14,5,-14,4,-14,4,-14,3,-14,2,-14,1,-15,1,-15,1,-16,0,-16,-1,-17,-1,-17,0,0,-2,-17,-2,-16,-3,-16,-4,-15,-4,-15,-5,-15,-5,-14,-6,-13,-6,-12,-6,-12,-6,-12,-8,-11,-8,-11,-9,-11,-9,-10,-9,-10,-9,-9,-9,-9,-9,-10,-9,-10,-9,-9,-8,-9,-8,-9,-7,-8,-6,-8,-6,-7,-5,-7,-5,-7,0,0,0,0,0,0]"
CSI_DATA,1379575,1a:00:00:00:00:00,-71,11,-95,4,53,6,1379575,47,0,128,0,"[0,0,0,0,0,0,0,0,-3,16,-3,16,-3,16,-3,17,-4,17,-4,17,-5,17,-5,16,-5,16,-5,16,-5,16,-5,16,-5,16,-4,16,-3,15,-2,15,-1,15,-1,15,0,14,2,14,3,14,4,14,5,14,6,14,6,14,7,14,8,14,9,15,0,0,10,15,10,14,10,14,10,14,10,13,11,12,11,12,12,12,12,11,13,11,13,10,13,8,13,7,12,5,12,5,13,5,13,4,13,4,13,4,13,4,12,4,12,4,11,4,11,4,10,4,9,4,9,4,9,4,0,0,0,0,0,0]"
CSI_DATA,1385309,1a:00:00:00:00:00,-71,11,-95,4,53,6,1385309,47,0,128,0,"[0,0,0,0,0,0,0,0,1,-16,3,-15,3,-16,5,-16,6,-16,7,-16,9,-16,9,-16,9,-15,9,-14,9,-14,8,-14,8,-14,7,-14,6,-14,6,-14,5,-14,4,-13,4,-14,3,-14,3,-15,2,-14,1,-15,0,-16,0,-16,-1,-16,-1,-16,-2,-16,0,0,-5,-16,-4,-16,-4,-16,-3,-16,-4,-16,-4,-15,-4,-15,-3,-14,-4,-13,-4,-13,-5,-13,-5,-13,-6,-13,-7,-12,-7,-11,-7,-11,-7,-11,-8,-11,-8,-11,-7,-11,-7,-10,-7,-10,-7,-9,-6,-9,-6,-8,-5,-8,-4,-8,-3,-8,0,0,0,0,0,0]"
CSI_DATA,1390414,1a:00:00:00:00:00,-71,11,-95,4,53,6,1390414,47,0,128,0,"[0,0,0,0,0,0,0,0,16,-4,16,-3,17,-3,18,-2,18,-1,19,0,19,1,18,2,17,3,16,3,16,3,16,3,16,2,16,2,16,1,16,0,15,0,15,-1,14,-1,14,-2,15,-2,15,-2,16,-3,16,-4,16,-5,16,-6,15,-7,15,-7,0,0,16,-7,15,-7,15,-8,15,-8,14,-7,14,-6,13,-7,12,-8,12,-9,11,-10,10,-10,10,-11,10,-10,10,-9,9,-10,9,-10,9,-10,10,-11,10,-10,9,-9,9,-9,9,-8,9,-8,9,-7,8,-7,8,-6,8,-5,7,-4,0,0,0,0,0,0]"
CSI_DATA,1395309,1a:00:00:00:00:00,-71,11,-95,4,53,6,1395309,47,0,128,0,"[0,0,0,0,0,0,0,0,-16,2,-16,2,-16,1,-17,1,-16,0,-17,-1,-17,-2,-17,-3,-17,-3,-17,-4,-16,-3,-16,-3,-15,-4,-15,-4,-15,-3,-15,-2,-15,-2,-14,-1,-15,0,-15,1,-14,1,-15,2,-15,3,-15,3,-16,3,-16,4,-16,4,-17,5,0,0,-16,5,-16,5,-16,5,-16,6,-16,6,-15,5,-13,6,-12,7,-11,8,-12,8,-12,7,-12,7,-12,7,-12,7,-12,7,-12,8,-11,8,-11,8,-10,8,-9,8,-9,8,-9,7,-10,6,-10,6,-9,5,-9,4,-9,4,-8,4,0,0,0,0,0,0]"
CSI_DATA,1401309,1a:00:00:00:00:00,-71,11,-95,4,53,6,1401309,47,0,128,0,"[0,0,0,0,0,0,0,0,-15,2,-16,1,-17,1,-18,0,-18,-2,-18,-3,-17,-4,-16,-5,-16,-5,-15,-5,-16,-5,-15,-6,-14,-7,-14,-7,-13,-7,-13,-6,-14,-5,-13,-4,-14,-4,-14,-3,-14,-3,-14,-3,-14,-2,-15,-2,-15,-2,-16,-2,-16,-2,-15,-3,0,0,-17,-1,-17,-2,-17,-3,-17,-3,-17,-3,-16,-2,-14,-2,-14,-1,-13,-1,-12,-1,-12,-1,-12,-1,-13,-2,-13,-2,-13,-1,-13,-1,-13,0,-14,0,-14,0,-13,-1,-12,-1,-11,-2,-10,-2,-10,-3,-9,-3,-9,-4,-8,-4,-8,-4,0,0,0,0,0,0]"
CSI_DATA,1405309,1a:00:00:00:00:00,-71,11,-95,4,53,6,1405309,47,0,128,0,"[0,0,0,0,0,0,0,0,7,13,7,14,6,15,5,15,5,16,4,17,4,17,3,17,2,16,1,16,0,16,0,16,0,16,1,16,1,16,2,15,3,14,3,14,3,14,3,14,4,14,4,14,5,14,6,15,6,15,6,15,6,15,6,15,0,0,7,15,7,15,7,16,8,16,7,15,7,15,8,14,8,13,9,13,9,13,9,13,8,12,7,11,7,11,7,11,8,11,8,10,8,11,8,11,7,11,7,10,6,11,5,10,5,10,4,9,3,9,2,9,2,9,0,0,0,0,0,0]"
CSI_DATA,1409309,1a:00:00:00:00:00,-71,11,-95,4,53,6,1409309,47,0,128,0,"[0,0,0,0,0,0,0,0,14,-8,14,-8,15,-7,16,-7,17,-6,18,-6,17,-5,17,-4,17,-3,16,-2,16,-1,17,-1,16,-1,16,-2,15,-3,15,-4,15,-4,14,-4,14,-5,14,-5,13,-6,13,-7,14,-7,14,-8,14,-8,14,-8,15,-9,15,-9,0,0,14,-9,13,-9,13,-9,13,-9,12,-9,12,-9,12,-9,13,-9,13,-10,13,-10,12,-11,11,-11,9,-11,8,-11,8,-10,8,-11,9,-11,9,-11,8,-11,7,-11,7,-10,7,-10,8,-8,8,-8,7,-7,7,-6,6,-5,6,-5,0,0,0,0,0,0]"
CSI_DATA,1419309,1a:00:00:00:00:00,-71,11,-95,4,53,6,1419309,47,0,128,0,"[0,0,0,0,0,0,0,0,-13,-8,-12,-9,-13,-10,-13,-11,-13,-12,-13,-13,-11,-13,-10,-13,-8,-13,-7,-14,-7,-15,-7,-15,-7,-14,-7,-14,-7,-13,-8,-13,-8,-12,-8,-11,-9,-11,-9,-11,-9,-11,-9,-11,-10,-11,-11,-11,-11,-11,-11,-11,-12,-12,-12,-12,0,0,-12,-11,-12,-11,-12,-10,-12,-10,-12,-11,-12,-10,-11,-10,-10,-10,-9,-9,-9,-8,-10,-8,-11,-8,-12,-8,-13,-7,-12,-7,-12,-6,-11,-6,-11,-6,-11,-6,-10,-6,-10,-6,-9,-7,-9,-6,-8,-6,-7,-6,-6,-7,-6,-7,-6,-7,0,0,0,0,0,0]"
CSI_DATA,1425309,1a:00:00:00:00:00,-71,11,-95,4,53,6,1425309,47,0,128,0,"[0,0,0,0,0,0,0,0,-13,-7,-12,-8,-12,-9,-12,-11,-12,-12,-11,-13,-11,-14,-10,-15,-9,-15,-8,-15,-8,-15,-7,-15,-6,-15,-6,-15,-6,-14,-6,-14,-6,-14,-7,-14,-7,-13,-7,-13,-7,-13,-7,-13,-8,-12,-8,-12,-8,-13,-8,-13,-8,-14,-7,-14,0,0,-8,-15,-8,-15,-8,-15,-8,-15,-8,-14,-8,-14,-7,-13,-7,-13,-7,-14,-7,-14,-7,-14,-8,-14,-8,-12,-8,-12,-7,-12,-7,-11,-5,-11,-5,-12,-5,-12,-5,-12,-4,-11,-4,-11,-4,-11,-3,-11,-1,-10,-1,-9,0,-9,0,-8,0,0,0,0,0,0]"
CSI_DATA,1427309,1a:00:00:00:00:00,-71,11,-95,4,53,6,1427309,47,0,128,0,"[0,0,0,0,0,0,0,0,14,5,14,6,15,7,15,7,15,8,16,8,15,8,16,9,15,9,14,9,13,9,13,9,13,9,13,8,13,8,14,7,14,7,13,5,13,5,13,4,14,4,14,4,14,3,15,3,16,3,16,2,17,2,17,1,0,0,17,0,17,0,17,0,16,0,16,0,15,0,15,-1,15,-3,15,-4,14,-4,14,-5,14,-5,13,-4,13,-4,13,-5,13,-5,13,-5,13,-4,13,-4,13,-4,12,-4,11,-4,11,-4,10,-3,10,-2,9,-2,9,-1,8,-1,0,0,0,0,0,0]"
CSI_DATA,1431327,1a:00:00:00:00:00,-72,11,-95,4,53,6,1431327,47,0,128,0,"[0,0,0,0,0,0,0,0,16,2,16,2,16,3,17,4,17,5,18,6,17,6,16,7,15,7,15,6,14,6,14,6,14,5,14,5,15,4,15,4,16,3,16,2,15,2,14,1,14,0,14,0,15,-1,15,-2,15,-3,15,-3,16,-4,16,-4,0,0,16,-6,16,-5,16,-6,16,-6,16,-7,15,-7,14,-6,12,-6,11,-6,11,-7,11,-8,10,-9,10,-9,10,-10,9,-9,9,-9,9,-9,9,-9,9,-9,8,-9,8,-9,8,-9,7,-8,7,-8,7,-7,7,-6,7,-5,7,-5,0,0,0,0,0,0]"
CSI_DATA,1440399,1a:00:00:00:00:00,-71,11,-95,4,53,6,1440399,47,0,128,0,"[0,0,0,0,0,0,0,0,-16,-4,-16,-5,-17,-5,-16,-6,-15,-7,-15,-7,-15,-7,-14,-7,-14,-8,-14,-8,-14,-8,-13,-8,-13,-8,-14,-8,-14,-7,-15,-6,-15,-4,-14,-3,-15,-2,-14,-2,-14,-2,-14,-1,-15,0,-16,1,-17,2,-16,2,-16,2,-15,1,0,0,-17,4,-16,4,-15,5,-15,5,-15,6,-14,6,-14,5,-15,4,-15,5,-14,5,-13,6,-12,7,-11,8,-10,9,-9,9,-10,9,-9,9,-10,10,-9,9,-10,9,-9,9,-9,8,-8,8,-8,8,-7,7,-7,6,-7,5,-7,4,0,0,0,0,0,0]"
CSI_DATA,1444135,1a:00:00:00:00:00,-71,11,-95,4,53,6,1444135,47,0,128,0,"[0,0,0,0,0,0,0,0,-13,-9,-12,-10,-12,-12,-12,-13,-10,-15,-10,-15,-9,-15,-8,-15,-7,-15,-7,-15,-6,-15,-5,-15,-3,-15,-3,-15,-3,-15,-3,-15,-3,-15,-4,-14,-4,-14,-5,-14,-5,-14,-5,-14,-6,-14,-6,-14,-5,-14,-5,-14,-4,-14,-5,-14,0,0,-5,-15,-4,-16,-4,-16,-3,-16,-3,-15,-3,-15,-4,-14,-4,-13,-5,-13,-4,-13,-4,-13,-3,-14,-2,-14,-2,-13,-3,-13,-3,-13,-3,-12,-3,-13,-2,-12,-2,-12,-1,-12,-1,-11,0,-11,1,-10,2,-9,3,-9,4,-9,4,-8,0,0,0,0,0,0]"
CSI_DATA,1449450,1a:00:00:00:00:00,-71,11,-95,4,53,6,1449450,47,0,128,0,"[0,0,0,0,0,0,0,0,4,-16,5,-16,6,-16,7,-16,7,-16,7,-16,7,-15,7,-15,9,-14,9,-14,9,-14,8,-14,8,-14,7,-14,7,-14,5,-14,4,-14,3,-13,2,-14,1,-14,0,-14,-1,-14,-1,-14,-2,-15,-2,-15,-2,-15,-3,-16,-3,-16,0,0,-4,-15,-5,-15,-5,-15,-6,-14,-6,-14,-6,-13,-7,-13,-8,-13,-10,-13,-11,-13,-11,-12,-10,-11,-9,-10,-9,-9,-9,-9,-10,-8,-10,-9,-10,-8,-10,-8,-9,-8,-9,-7,-9,-7,-9,-7,-9,-7,-8,-7,-7,-6,-7,-6,-6,-6,0,0,0,0,0,0]"
CSI_DATA,1453309,1a:00:00:00:00:00,-71,11,-95,4,53,6,1453309,47,0,128,0,"[0,0,0,0,0,0,0,0,-15,5,-16,4,-16,4,-17,3,-18,2,-18,0,-17,-1,-16,-2,-16,-3,-15,-4,-15,-5,-14,-5,-14,-5,-14,-5,-14,-5,-14,-5,-14,-5,-14,-5,-14,-4,-14,-4,-14,-4,-14,-3,-14,-3,-15,-3,-15,-3,-16,-3,-16,-4,-16,-4,0,0,-15,-6,-15,-5,-15,-5,-15,-5,-15,-5,-14,-5,-14,-6,-14,-7,-14,-6,-14,-6,-14,-5,-14,-4,-13,-3,-12,-3,-12,-4,-12,-4,-12,-4,-12,-5,-12,-5,-11,-5,-10,-6,-10,-6,-9,-7,-8,-7,-8,-6,-7,-6,-6,-6,-6,-6,0,0,0,0,0,0]"
CSI_DATA,1459309,1a:00:00:00:00:00,-71,11,-95,4,53,6,1459309,47,0,128,0,"[0,0,0,0,0,0,0,0,-12,-10,-12,-10,-12,-11,-12,-12,-11,-13,-11,-14,-10,-14,-10,-14,-10,-15,-10,-14,-9,-15,-8,-14,-8,-14,-8,-13,-9,-12,-10,-11,-10,-10,-11,-10,-11,-10,-11,-10,-11,-10,-12,-9,-12,-8,-14,-8,-15,-7,-15,-7,-15,-6,-15,-6,0,0,-17,-6,-16,-5,-16,-5,-15,-4,-15,-4,-14,-4,-15,-4,-16,-3,-16,-2,-16,-1,-16,0,-16,1,-15,1,-14,1,-14,1,-13,2,-13,2,-13,2,-12,2,-12,1,-12,1,-12,1,-12,1,-11,1,-10,1,-10,1,-9,0,-9,0,0,0,0,0,0,0]"
CSI_DATA,1463309,1a:00:00:00:00:00,-71,11,-95,4,53,6,1463309,47,0,128,0,"[0,0,0,0,0,0,0,0,-10,13,-10,13,-11,13,-11,13,-12,12,-13,13,-13,12,-14,11,-13,11,-13,11,-13,10,-13,10,-12,10,-12,10,-11,11,-10,12,-9,12,-8,12,-8,13,-7,13,-6,13,-6,13,-5,14,-5,15,-4,15,-4,16,-3,16,-2,16,0,0,-3,16,-2,16,-1,17,-1,17,0,18,1,17,1,16,1,15,1,14,1,14,2,13,3,12,4,12,5,12,5,12,6,12,6,12,6,12,6,12,7,11,6,11,6,11,5,11,5,10,4,9,4,9,4,8,4,8,0,0,0,0,0,0]"
CSI_DATA,1467754,1a:00:00:00:00:00,-72,11,-95,4,53,6,1467754,47,0,128,0,"[0,0,0,0,0,0,0,0,0,-16,0,-16,2,-16,4,-16,5,-17,6,-17,8,-16,9,-15,10,-13,10,-13,10,-12,10,-12,10,-12,10,-12,10,-11,10,-11,10,-11,10,-10,9,-11,9,-12,9,-12,9,-11,9,-11,10,-11,10,-11,10,-11,10,-11,10,-11,0,0,11,-14,11,-13,11,-13,11,-12,12,-11,12,-10,12,-9,11,-8,10,-8,9,-7,10,-7,10,-8,11,-8,11,-8,10,-8,11,-8,11,-7,11,-7,11,-7,11,-6,11,-5,10,-4,10,-3,10,-3,9,-2,9,-1,9,-1,8,0,0,0,0,0,0,0]"
CSI_DATA,1471654,1a:00:00:00:00:00,-71,11,-95,4,53,6,1471654,47,0,128,0,"[0,0,0,0,0,0,0,0,11,12,10,13,9,14,9,15,8,16,8,17,6,17,5,16,3,16,3,15,2,16,1,15,1,16,2,16,2,15,2,15,2,14,3,13,3,13,3,14,4,14,4,15,4,15,4,15,3,15,3,16,3,16,3,16,0,0,5,16,4,15,4,16,3,15,3,16,2,15,1,16,1,16,1,17,1,17,3,16,3,14,4,13,4,11,3,11,3,12,2,13,1,13,1,12,0,12,-1,12,-1,12,-1,12,-2,11,-2,10,-2,10,-2,8,-2,8,0,0,0,0,0,0]"
CSI_DATA,1474199,1a:00:00:00:00:00,-71,11,-95,4,53,6,1474199,47,0,128,0,"[0,0,0,0,0,0,0,0,5,-15,5,-15,6,-15,7,-15,8,-15,9,-15,10,-14,11,-13,11,-12,12,-12,12,-11,11,-11,10,-11,10,-11,9,-11,9,-11,8,-11,8,-11,7,-11,7,-12,6,-12,6,-12,6,-13,6,-13,6,-14,5,-14,6,-14,6,-15,0,0,5,-16,5,-15,5,-15,5,-15,4,-15,3,-15,4,-14,4,-14,5,-14,4,-13,4,-14,2,-14,1,-14,0,-14,0,-13,0,-12,0,-12,1,-13,1,-13,0,-13,0,-12,1,-12,1,-11,1,-10,2,-10,2,-9,3,-9,3,-8,0,0,0,0,0,0]"
CSI_DATA,1479309,1a:00:00:00:00:00,-71,11,-95,4,53,6,1479309,47,0,128,0,"[0,0,0,0,0,0,0,0,12,7,13,8,13,9,14,10,14,11,14,12,12,12,12,13,10,13,9,13,9,13,9,13,9,13,9,13,9,13,10,12,9,12,9,11,10,11,10,10,11,9,12,9,13,9,13,9,13,9,13,10,13,10,13,10,0,0,14,10,14,9,14,9,14,9,14,8,13,8,13,8,13,8,14,8,14,8,14,7,13,6,13,5,12,5,12,5,12,4,12,4,12,5,12,5,12,5,11,6,11,6,10,6,10,6,9,5,8,6,7,5,6,6,0,0,0,0,0,0]"
CSI_DATA,1481309,1a:00:00:00:00:00,-71,11,-95,4,53,6,1481309,47,0,128,0,"[0,0,0,0,0,0,0,0,-7,16,-8,15,-9,14,-11,13,-13,11,-14,10,-15,9,-16,8,-16,8,-17,7,-16,7,-16,6,-16,6,-15,5,-15,4,-15,4,-15,4,-14,5,-13,5,-13,6,-13,6,-13,5,-14,6,-15,6,-15,6,-15,7,-15,6,-15,6,0,0,-17,6,-17,6,-17,5,-16,4,-16,3,-15,2,-15,3,-15,4,-15,5,-15,6,-14,5,-14,5,-13,3,-13,3,-13,3,-13,3,-13,3,-14,3,-13,2,-13,2,-12,0,-12,0,-11,-1,-11,-2,-10,-2,-10,-2,-9,-2,-8,-2,0,0,0,0,0,0]"
CSI_DATA,1483309,1a:00:00:00:00:00,-71,11,-95,4,53,6,1483309,47,0,128,0,"[0,0,0,0,0,0,0,0,5,-15,6,-15,7,-15,8,-14,9,-14,10,-15,11,-14,11,-13,11,-12,11,-12,11,-12,11,-11,11,-12,10,-12,10,-11,9,-12,9,-12,8,-12,7,-13,7,-13,6,-13,6,-13,5,-13,5,-14,4,-14,4,-15,4,-16,5,-17,0,0,4,-16,4,-17,4,-16,4,-16,4,-16,3,-15,4,-14,3,-13,3,-13,1,-13,1,-13,0,-14,0,-14,0,-14,0,-13,-1,-13,-1,-13,-1,-13,-1,-13,-1,-13,0,-12,0,-12,0,-11,1,-11,1,-10,1,-10,1,-9,1,-8,0,0,0,0,0,0]"
CSI_DATA,1489310,1a:00:00:00:00:00,-71,11,-95,4,53,6,1489310,47,0,128,0,"[0,0,0,0,0,0,0,0,3,-15,4,-15,4,-15,5,-16,6,-16,8,-16,8,-16,9,-15,9,-13,10,-12,10,-12,10,-12,10,-12,11,-12,10,-12,10,-11,9,-11,8,-12,8,-12,7,-13,7,-13,7,-13,7,-13,7,-13,7,-13,7,-14,8,-15,8,-15,0,0,8,-16,8,-15,8,-15,8,-14,7,-15,6,-14,7,-14,7,-13,8,-14,8,-14,8,-14,7,-14,5,-14,4,-13,5,-12,4,-13,5,-12,5,-12,5,-12,5,-11,6,-10,6,-10,7,-9,7,-9,7,-8,6,-7,6,-6,6,-6,0,0,0,0,0,0]"
CSI_DATA,1494032,1a:00:00:00:00:00,-71,11,-95,4,53,6,1494032,47,0,128,0,"[0,0,0,0,0,0,0,0,17,1,17,2,17,3,17,4,17,6,17,7,16,8,16,9,15,9,14,9,13,9,13,10,13,9,13,9,13,9,13,8,13,7,13,7,13,7,13,7,13,7,13,7,15,6,15,6,15,6,16,6,15,5,15,5,0,0,17,8,16,8,16,8,15,7,14,6,14,6,14,6,14,7,15,7,15,7,15,6,15,5,14,3,13,4,13,4,13,4,12,4,12,5,12,5,12,5,11,6,10,6,10,7,9,6,8,6,7,6,7,6,7,6,0,0,0,0,0,0]"
CSI_DATA,1499582,1a:00:00:00:00:00,-71,11,-95,4,53,6,1499582,47,0,128,0,"[0,0,0,0,0,0,0,0,12,9,11,10,11,12,10,14,9,15,8,15,8,16,6,16,5,16,4,16,3,16,2,16,2,16,2,15,2,15,2,15,2,14,2,14,2,14,3,14,3,14,3,14,3,15,4,15,4,15,4,16,4,16,4,16,0,0,3,17,3,17,3,17,3,17,2,17,2,16,1,15,1,14,0,14,1,14,1,14,2,14,2,15,3,14,2,14,2,14,2,13,2,13,1,13,1,12,-1,12,-1,12,-2,11,-3,10,-4,9,-4,9,-4,9,-4,8,0,0,0,0,0,0]"
CSI_DATA,1501310,1a:00:00:00:00:00,-71,11,-95,4,53,6,1501310,47,0,128,0,"[0,0,0,0,0,0,0,0,16,-2,16,-2,16,-1,17,0,17,1,18,2,17,3,17,3,17,3,17,4,16,3,16,3,16,3,16,2,15,2,15,1,15,1,15,0,15,-1,15,-1,15,-2,16,-2,16,-3,15,-3,15,-4,15,-4,16,-5,16,-5,0,0,17,-6,16,-6,16,-6,15,-7,15,-7,14,-6,15,-6,15,-7,15,-7,14,-9,13,-10,12,-10,11,-10,10,-10,9,-10,10,-10,9,-9,9,-10,9,-9,9,-8,9,-8,9,-8,8,-8,8,-7,8,-6,7,-6,7,-5,7,-4,0,0,0,0,0,0]"
CSI_DATA,1505310,1a:00:00:00:00:00,-71,11,-95,4,53,6,1505310,47,0,128,0,"[0,0,0,0,0,0,0,0,-1,-15,0,-15,0,-16,1,-17,2,-18,2,-18,2,-18,3,-17,4,-17,4,-16,4,-16,4,-16,4,-16,2,-15,2,-15,1,-15,1,-14,0,-14,-1,-14,-1,-14,-2,-15,-3,-15,-4,-15,-5,-14,-6,-14,-7,-14,-7,-15,-7,-15,0,0,-9,-14,-8,-14,-9,-14,-8,-13,-8,-14,-8,-13,-8,-13,-8,-13,-8,-12,-8,-11,-9,-10,-10,-9,-11,-9,-12,-9,-11,-8,-11,-9,-10,-8,-11,-8,-11,-7,-11,-8,-11,-7,-11,-7,-10,-6,-9,-7,-7,-6,-7,-6,-6,-5,-6,-5,0,0,0,0,0,0]"
CSI_DATA,1509310,1a:00:00:00:00:00,-71,11,-95,4,53,6,1509310,47,0,128,0,"[0,0,0,0,0,0,0,0,-15,5,-15,5,-16,4,-16,4,-17,3,-18,3,-17,2,-17,1,-17,1,-16,1,-16,1,-16,2,-16,2,-16,2,-15,3,-15,5,-14,5,-13,6,-13,6,-13,7,-13,7,-12,8,-12,9,-12,11,-11,11,-11,12,-12,12,-12,12,0,0,-10,14,-10,13,-9,13,-9,13,-8,13,-8,12,-7,13,-6,14,-5,16,-4,16,-3,16,-2,15,-1,14,-2,13,-1,14,-1,14,0,14,0,14,0,13,0,13,0,13,-1,12,-1,11,-1,12,-1,11,-1,10,-1,9,-1,8,0,0,0,0,0,0]"
CSI_DATA,1513310,1a:00:00:00:00:00,-71,11,-95,4,53,6,1513310,47,0,128,0,"[0,0,0,0,0,0,0,0,15,-7,15,-6,16,-4,17,-3,17,-1,18,-1,18,1,17,1,17,2,16,3,17,3,17,3,16,3,16,4,15,3,15,3,14,3,14,3,14,2,15,2,15,2,16,3,16,2,15,2,15,3,15,3,16,3,17,3,0,0,17,4,17,4,17,4,17,4,15,4,14,5,14,4,15,4,16,3,16,2,15,1,15,1,13,1,13,2,13,3,14,4,13,4,14,4,13,4,12,4,11,5,10,5,10,5,9,6,8,6,7,6,7,6,6,6,0,0,0,0,0,0]"
CSI_DATA,1517310,1a:00:00:00:00:00,-71,11,-95,4,53,6,1517310,47,0,128,0,"[0,0,0,0,0,0,0,0,-5,-16,-4,-15,-3,-16,-2,-17,0,-17,1,-18,2,-18,4,-17,4,-16,5,-16,6,-15,6,-15,6,-14,6,-14,6,-14,5,-14,5,-14,5,-14,5,-14,3,-14,3,-14,3,-15,2,-15,2,-15,2,-16,3,-16,3,-16,4,-16,0,0,2,-16,3,-16,3,-17,4,-17,4,-16,3,-15,4,-15,4,-14,4,-14,4,-14,3,-15,2,-15,1,-15,1,-15,1,-14,1,-14,1,-14,2,-13,2,-13,3,-12,4,-11,4,-10,4,-10,3,-10,4,-10,4,-9,5,-8,5,-7,0,0,0,0,0,0]"
CSI_DATA,1523310,1a:00:00:00:00:00,-71,11,-95,4,53,6,1523310,47,0,128,0,"[0,0,0,0,0,0,0,0,-8,-13,-8,-14,-6,-15,-5,-16,-4,-17,-3,-18,-2,-18,0,-17,1,-17,2,-16,3,-15,4,-15,5,-14,5,-14,4,-14,4,-14,4,-14,4,-14,4,-14,4,-14,4,-14,3,-14,3,-15,3,-16,3,-16,3,-16,4,-17,5,-17,0,0,4,-15,5,-15,6,-15,6,-14,6,-15,6,-14,7,-15,8,-14,8,-15,7,-15,7,-14,6,-14,5,-13,5,-12,6,-12,6,-12,7,-11,7,-11,7,-12,8,-11,7,-10,8,-9,8,-8,8,-7,8,-6,8,-5,8,-4,7,-4,0,0,0,0,0,0]"
CSI_DATA,1527310,1a:00:00:00:00:00,-71,11,-95,4,53,6,1527310,47,0,128,0,"[0,0,0,0,0,0,0,0,-13,9,-14,9,-15,7,-17,6,-17,5,-17,3,-17,2,-17,1,-17,0,-16,-1,-16,-1,-16,-2,-16,-2,-15,-3,-15,-3,-15,-3,-15,-2,-14,-2,-14,-2,-15,-1,-15,-1,-15,-1,-15,-1,-16,-1,-15,-1,-15,-1,-15,-1,-15,0,0,0,-16,0,-16,-1,-17,-2,-17,-2,-17,-3,-16,-3,-15,-3,-14,-3,-13,-3,-13,-3,-13,-3,-13,-2,-14,-2,-14,-2,-13,-2,-14,-2,-13,-2,-13,-3,-13,-3,-12,-3,-11,-4,-11,-4,-10,-4,-9,-5,-8,-5,-7,-6,-7,-6,-7,-6,0,0,0,0,0,0]"
CSI_DATA,1533310,1a:00:00:00:00:00,-71,11,-95,4,53,6,1533310,47,0,128,0,"[0,0,0,0,0,0,0,0,-10,-12,-10,-12,-9,-12,-9,-14,-9,-15,-9,-16,-8,-16,-8,-15,-8,-15,-7,-14,-7,-14,-7,-14,-7,-14,-7,-13,-7,-13,-7,-13,-8,-12,-9,-11,-9,-11,-10,-11,-11,-10,-12,-10,-13,-10,-14,-9,-14,-9,-14,-9,-13,-9,-13,-9,0,0,-16,-6,-15,-7,-15,-7,-15,-7,-15,-6,-15,-5,-14,-5,-14,-5,-13,-5,-13,-5,-14,-4,-14,-4,-15,-3,-15,-2,-14,-1,-13,0,-13,0,-12,1,-13,1,-13,1,-13,0,-12,0,-12,-1,-11,-1,-10,-2,-9,-2,-9,-2,-8,-2,0,0,0,0,0,0]"
CSI_DATA,1537310,1a:00:00:00:00:00,-71,11,-95,4,53,6,1537310,47,0,128,0,"[0,0,0,0,0,0,0,0,-9,14,-9,13,-10,13,-10,13,-11,13,-12,13,-12,13,-13,12,-13,12,-13,11,-12,11,-13,11,-12,12,-11,12,-9,12,-9,12,-7,13,-7,12,-7,13,-6,13,-5,13,-4,14,-4,14,-3,16,-3,16,-2,16,-2,16,-1,16,0,0,0,17,0,17,0,17,1,16,1,17,2,16,3,15,4,13,4,13,4,12,4,13,5,13,5,14,6,14,7,13,7,12,7,12,7,12,7,11,7,10,7,10,7,9,6,9,6,9,4,9,4,9,3,9,3,9,0,0,0,0,0,0]"
CSI_DATA,1541310,1a:00:00:00:00:00,-71,11,-95,4,53,6,1541310,47,0,128,0,"[0,0,0,0,0,0,0,0,9,-14,10,-13,11,-12,13,-12,14,-11,15,-10,16,-9,16,-8,16,-7,16,-5,17,-5,16,-4,16,-4,16,-4,15,-4,15,-4,15,-4,14,-4,15,-5,14,-5,14,-5,14,-5,14,-5,15,-6,15,-6,16,-6,17,-6,17,-5,0,0,17,-5,17,-4,16,-4,16,-4,15,-4,15,-3,15,-4,16,-4,16,-5,15,-4,15,-5,14,-4,14,-3,13,-3,14,-3,14,-4,14,-4,13,-3,13,-3,13,-2,12,-1,12,0,12,1,11,2,10,2,10,3,9,3,9,4,0,0,0,0,0,0]"
CSI_DATA,1545310,1a:00:00:00:00:00,-71,11,-95,4,53,6,1545310,47,0,128,0,"[0,0,0,0,0,0,0,0,-16,-8,-14,-8,-14,-10,-13,-11,-12,-12,-12,-13,-11,-13,-10,-14,-9,-15,-8,-15,-7,-15,-7,-15,-6,-15,-7,-15,-7,-14,-7,-15,-7,-14,-7,-13,-7,-13,-8,-12,-8,-12,-8,-12,-8,-13,-9,-14,-9,-14,-9,-15,-8,-14,-8,-14,0,0,-11,-15,-10,-15,-10,-15,-8,-15,-8,-15,-8,-14,-8,-13,-8,-14,-8,-14,-8,-14,-8,-14,-8,-14,-8,-13,-8,-11,-7,-11,-7,-11,-7,-11,-7,-11,-7,-11,-6,-12,-6,-12,-5,-12,-4,-12,-3,-11,-2,-11,-1,-10,0,-9,0,-8,0,0,0,0,0,0]"
CSI_DATA,1551310,1a:00:00:00:00:00,-71,11,-95,4,53,6,1551310,47,0,128,0,"[0,0,0,0,0,0,0,0,3,-16,3,-16,4,-16,5,-16,6,-16,7,-16,8,-16,8,-16,7,-16,6,-15,7,-15,6,-15,6,-15,6,-15,5,-15,4,-15,3,-15,3,-15,2,-15,1,-15,0,-16,-1,-15,-2,-15,-4,-16,-4,-16,-4,-16,-5,-17,-5,-18,0,0,-5,-16,-5,-17,-6,-17,-6,-17,-7,-16,-7,-15,-8,-14,-9,-14,-10,-14,-10,-14,-11,-13,-10,-12,-9,-11,-9,-10,-10,-10,-10,-10,-11,-10,-11,-10,-11,-9,-10,-9,-10,-8,-9,-8,-9,-8,-9,-7,-8,-8,-7,-7,-6,-7,-5,-6,0,0,0,0,0,0]"
CSI_DATA,1555310,1a:00:00:00:00:00,-71,11,-95,4,53,6,1555310,47,0,128,0,"[0,0,0,0,0,0,0,0,-6,15,-7,14,-9,14,-11,14,-12,14,-12,13,-13,12,-13,11,-14,10,-14,9,-15,8,-15,7,-15,8,-15,7,-14,7,-14,8,-13,7,-14,7,-13,8,-14,7,-14,8,-14,8,-14,8,-15,8,-15,8,-15,8,-15,7,-16,7,0,0,-17,9,-16,8,-16,7,-16,6,-16,6,-16,6,-15,5,-14,3,-14,4,-14,3,-14,4,-14,4,-14,5,-14,6,-14,5,-13,5,-13,5,-13,4,-13,3,-13,2,-13,1,-12,1,-12,1,-12,0,-12,0,-11,-1,-9,-2,-8,-2,0,0,0,0,0,0]"
CSI_DATA,1559310,1a:00:00:00:00:00,-71,11,-95,4,53,6,1559310,47,0,128,0,"[0,0,0,0,0,0,0,0,15,4,15,5,15,7,16,8,16,9,15,10,14,11,13,11,11,11,10,12,9,12,9,13,9,14,10,14,10,13,10,12,10,12,10,12,10,11,11,11,11,11,11,11,11,11,11,11,12,12,12,13,12,13,12,13,0,0,12,14,12,14,12,14,13,13,12,13,11,13,11,12,11,11,11,10,10,10,10,10,10,11,9,11,10,11,10,10,10,10,10,10,9,10,8,11,8,11,7,11,7,10,6,10,5,10,4,10,3,10,3,9,3,9,0,0,0,0,0,0]"
CSI_DATA,1565310,1a:00:00:00:00:00,-71,11,-95,4,53,6,1565310,47,0,128,0,"[0,0,0,0,0,0,0,0,-1,16,-2,16,-4,16,-5,17,-6,17,-7,17,-7,17,-8,17,-7,16,-7,15,-7,14,-6,14,-5,14,-5,14,-4,15,-4,16,-3,16,-2,16,0,16,0,15,1,15,1,15,2,15,3,16,3,16,4,17,5,17,5,18,0,0,7,18,7,18,7,17,8,16,8,16,7,16,7,14,6,13,6,12,7,11,8,12,9,11,10,11,11,10,11,10,12,9,12,9,11,9,10,10,9,10,9,9,9,9,9,9,9,9,9,8,7,7,7,7,6,6,0,0,0,0,0,0]"
CSI_DATA,1569310,1a:00:00:00:00:00,-70,11,-95,4,53,6,1569310,47,0,128,0,"[0,0,0,0,0,0,0,0,0,-16,2,-16,3,-17,5,-17,6,-17,8,-16,9,-16,10,-15,11,-14,12,-12,12,-13,12,-12,12,-12,12,-12,11,-12,10,-11,10,-11,9,-11,10,-11,10,-11,11,-11,11,-10,11,-11,11,-11,11,-12,11,-12,11,-12,12,-12,0,0,14,-11,13,-11,13,-11,12,-11,12,-10,13,-10,13,-10,12,-10,12,-10,11,-11,11,-10,11,-10,11,-9,12,-9,12,-9,12,-9,12,-8,12,-8,11,-7,11,-6,11,-5,11,-4,11,-3,12,-3,11,-2,11,-1,10,-1,9,0,0,0,0,0,0,0]"
CSI_DATA,1576022,1a:00:00:00:00:00,-71,11,-95,4,53,6,1576022,47,0,128,0,"[0,0,0,0,0,0,0,0,-4,16,-5,16,-6,16,-7,16,-8,15,-9,15,-10,14,-11,14,-11,13,-11,13,-11,13,-11,14,-10,13,-10,13,-9,13,-9,13,-8,13,-8,13,-7,14,-7,14,-6,14,-6,14,-6,14,-6,15,-5,16,-5,16,-4,17,-4,17,0,0,-5,17,-5,17,-5,17,-5,17,-5,16,-5,15,-4,15,-3,14,-2,15,-1,14,0,14,0,14,0,13,0,14,0,14,0,15,0,15,0,15,0,15,0,14,-1,13,-1,13,-1,12,-1,12,-2,11,-2,10,-3,9,-3,9,0,0,0,0,0,0]"
CSI_DATA,1579310,1a:00:00:00:00:00,-71,11,-95,4,53,6,1579310,47,0,128,0,"[0,0,0,0,0,0,0,0,-11,-12,-11,-13,-11,-13,-11,-14,-11,-15,-11,-15,-10,-15,-10,-15,-9,-15,-8,-16,-8,-16,-8,-16,-8,-15,-8,-14,-9,-13,-10,-12,-10,-11,-10,-11,-11,-10,-12,-10,-12,-10,-12,-9,-13,-9,-14,-9,-15,-8,-15,-8,-15,-8,-15,-8,0,0,-18,-6,-17,-6,-16,-6,-16,-5,-15,-5,-15,-5,-16,-5,-17,-4,-17,-3,-17,-1,-16,0,-16,1,-14,1,-14,2,-14,1,-14,2,-14,1,-14,1,-14,1,-14,1,-13,1,-13,1,-12,1,-11,1,-11,0,-10,-1,-10,-1,-9,-1,0,0,0,0,0,0]"
CSI_DATA,1585310,1a:00:00:00:00:00,-71,11,-95,4,53,6,1585310,47,0,128,0,"[0,0,0,0,0,0,0,0,-14,-10,-13,-10,-12,-11,-12,-12,-11,-13,-11,-14,-11,-15,-10,-15,-9,-15,-8,-16,-8,-16,-7,-16,-7,-15,-7,-15,-8,-14,-9,-13,-9,-12,-10,-12,-10,-12,-10,-11,-10,-11,-10,-11,-11,-11,-12,-10,-13,-10,-14,-10,-14,-11,-15,-11,0,0,-15,-12,-15,-11,-14,-11,-14,-10,-13,-10,-12,-11,-13,-9,-14,-9,-14,-8,-15,-6,-14,-5,-14,-5,-13,-6,-13,-6,-14,-6,-14,-6,-14,-6,-14,-6,-12,-6,-12,-7,-11,-6,-11,-6,-11,-6,-10,-6,-9,-6,-8,-6,-7,-6,-7,-5,0,0,0,0,0,0]"
CSI_DATA,1589310,1a:00:00:00:00:00,-70,11,-95,4,53,6,1589310,47,0,128,0,"[0,0,0,0,0,0,0,0,-11,11,-12,11,-13,12,-14,12,-15,11,-15,10,-16,9,-16,8,-16,7,-15,6,-16,6,-16,7,-16,7,-15,7,-15,7,-14,8,-13,8,-12,9,-11,10,-11,10,-11,10,-12,10,-12,11,-12,11,-11,12,-11,13,-11,14,-11,14,0,0,-10,16,-9,16,-9,15,-9,15,-8,14,-9,13,-9,14,-9,15,-9,16,-8,16,-6,16,-5,16,-3,15,-3,14,-3,14,-3,14,-3,14,-4,14,-4,14,-4,14,-4,14,-4,13,-5,12,-5,11,-5,10,-4,10,-4,9,-4,8,0,0,0,0,0,0]"
CSI_DATA,1595310,1a:00:00:00:00:00,-71,11,-95,4,53,6,1595310,47,0,128,0,"[0,0,0,0,0,0,0,0,-12,11,-12,11,-13,11,-13,11,-14,10,-15,10,-15,9,-16,8,-16,6,-16,6,-16,5,-16,5,-16,5,-16,5,-16,6,-15,6,-14,6,-13,7,-13,7,-13,8,-13,8,-14,8,-14,8,-15,8,-15,8,-15,8,-15,9,-15,9,0,0,-15,11,-15,10,-15,9,-15,9,-14,9,-13,9,-13,9,-14,10,-14,10,-14,11,-14,11,-14,11,-12,10,-11,9,-11,9,-11,9,-11,8,-11,9,-11,8,-11,8,-11,7,-12,7,-12,7,-11,6,-11,5,-10,4,-9,3,-9,2,0,0,0,0,0,0]"
CSI_DATA,1599448,1a:00:00:00:00:00,-71,11,-95,4,53,6,1599448,47,0,128,0,"[0,0,0,0,0,0,0,0,15,-7,15,-7,16,-7,17,-6,17,-5,18,-4,18,-2,19,-2,19,-2,18,-1,18,-1,16,-1,16,-1,16,-1,16,-1,16,-2,16,-3,15,-4,15,-4,14,-4,15,-5,15,-5,16,-5,16,-5,16,-6,16,-6,16,-6,17,-6,0,0,17,-8,16,-8,16,-8,16,-8,17,-8,17,-7,16,-6,16,-6,16,-5,15,-5,14,-6,14,-7,14,-8,12,-9,11,-8,11,-9,11,-8,11,-8,12,-8,12,-8,12,-7,12,-6,12,-6,11,-5,10,-4,9,-3,9,-3,9,-2,0,0,0,0,0,0]"
CSI_DATA,1605310,1a:00:00:00:00:00,-71,11,-95,4,53,6,1605310,47,0,128,0,"[0,0,0,0,0,0,0,0,15,6,15,7,15,8,15,10,14,12,13,13,12,14,11,15,10,15,10,15,9,15,10,14,9,14,9,13,8,13,9,13,9,13,9,13,9,13,10,13,10,13,10,13,10,13,11,13,11,13,11,13,12,13,12,13,0,0,11,14,11,14,11,14,10,14,11,14,10,14,10,14,10,14,10,15,10,15,11,14,11,14,11,12,10,11,10,10,9,11,8,11,8,12,9,13,9,13,8,13,8,12,7,11,5,11,4,11,3,10,2,10,2,9,0,0,0,0,0,0]"
CSI_DATA,1609310,1a:00:00:00:00:00,-71,11,-95,4,53,6,1609310,47,0,128,0,"[0,0,0,0,0,0,0,0,6,-15,7,-15,8,-15,9,-15,11,-15,12,-15,12,-13,13,-13,14,-11,14,-10,14,-10,14,-11,13,-11,13,-11,13,-11,12,-12,12,-11,12,-10,11,-11,11,-11,11,-11,11,-11,11,-12,11,-12,11,-13,11,-13,12,-14,13,-14,0,0,11,-14,11,-14,12,-14,11,-13,11,-13,11,-12,11,-12,11,-12,11,-12,11,-13,10,-13,9,-13,8,-13,8,-13,8,-12,8,-13,8,-12,8,-12,8,-11,8,-11,8,-10,8,-9,8,-9,9,-8,9,-8,9,-7,8,-6,7,-5,0,0,0,0,0,0]"
CSI_DATA,1613310,1a:00:00:00:00:00,-71,11,-95,4,53,6,1613310,47,0,128,0,"[0,0,0,0,0,0,0,0,-17,-7,-16,-7,-15,-9,-15,-10,-14,-11,-13,-12,-13,-13,-12,-13,-11,-13,-10,-13,-10,-13,-10,-13,-10,-13,-10,-13,-11,-12,-12,-12,-12,-11,-12,-10,-12,-9,-12,-9,-13,-9,-13,-10,-14,-10,-14,-9,-14,-9,-15,-8,-15,-8,-15,-8,0,0,-16,-7,-16,-8,-16,-8,-16,-8,-16,-9,-15,-9,-14,-8,-13,-8,-13,-7,-13,-7,-13,-6,-14,-5,-14,-6,-15,-5,-14,-5,-14,-5,-13,-4,-14,-4,-13,-4,-14,-5,-13,-5,-13,-5,-11,-5,-10,-5,-9,-5,-8,-6,-7,-6,-7,-6,0,0,0,0,0,0]"
CSI_DATA,1619310,1a:00:00:00:00:00,-70,11,-95,4,53,6,1619310,47,0,128,0,"[0,0,0,0,0,0,0,0,-15,-9,-15,-10,-14,-11,-14,-12,-13,-14,-12,-14,-11,-15,-9,-16,-8,-16,-6,-16,-6,-16,-5,-16,-6,-16,-7,-15,-7,-15,-7,-15,-7,-14,-7,-14,-7,-14,-8,-13,-8,-13,-8,-13,-8,-14,-9,-14,-9,-15,-9,-15,-9,-16,-9,-15,0,0,-9,-17,-9,-16,-8,-16,-8,-16,-8,-16,-8,-16,-6,-15,-6,-14,-5,-14,-5,-13,-6,-13,-7,-13,-7,-13,-8,-13,-7,-13,-7,-13,-7,-13,-7,-13,-7,-13,-7,-14,-7,-13,-5,-13,-4,-12,-3,-12,-2,-11,-1,-10,0,-10,0,-10,0,0,0,0,0,0]"
CSI_DATA,1623310,1a:00:00:00:00:00,-71,11,-95,4,53,6,1623310,47,0,128,0,"[0,0,0,0,0,0,0,0,-6,17,-6,16,-7,15,-9,15,-10,14,-12,15,-12,14,-13,13,-13,12,-13,11,-13,11,-13,11,-12,12,-12,12,-12,12,-12,12,-12,12,-12,11,-12,11,-12,12,-11,12,-11,12,-10,13,-10,13,-11,14,-11,14,-11,15,-11,15,0,0,-10,14,-11,14,-11,14,-11,14,-11,14,-11,13,-10,14,-10,14,-9,15,-8,15,-8,15,-8,14,-8,13,-8,11,-7,12,-8,13,-8,13,-9,13,-9,12,-9,11,-9,10,-8,9,-8,9,-8,9,-8,8,-9,7,-8,6,-8,5,0,0,0,0,0,0]"
CSI_DATA,1629310,1a:00:00:00:00:00,-70,11,-95,4,53,6,1629310,47,0,128,0,"[0,0,0,0,0,0,0,0,-6,16,-7,16,-9,16,-11,15,-12,15,-13,14,-13,13,-14,12,-14,10,-15,9,-15,9,-16,8,-16,8,-15,8,-15,8,-15,8,-14,9,-14,9,-14,9,-14,8,-14,8,-14,8,-14,8,-14,9,-14,9,-15,9,-15,10,-15,9,0,0,-16,10,-17,9,-17,8,-17,7,-17,6,-17,5,-16,4,-15,5,-15,5,-14,5,-14,5,-14,6,-13,5,-13,5,-13,5,-13,6,-14,5,-14,5,-15,4,-15,3,-15,2,-14,1,-13,1,-13,0,-12,-1,-11,-2,-10,-2,-9,-3,0,0,0,0,0,0]"
CSI_DATA,1635310,1a:00:00:00:00:00,-70,11,-95,4,53,6,1635310,47,0,128,0,"[0,0,0,0,0,0,0,0,-17,-3,-16,-3,-16,-3,-17,-5,-17,-5,-18,-6,-18,-7,-17,-8,-16,-8,-16,-8,-15,-8,-16,-8,-16,-6,-16,-6,-16,-5,-15,-5,-15,-5,-15,-4,-15,-4,-15,-3,-16,-3,-16,-2,-16,-1,-17,0,-17,1,-18,1,-17,2,-17,2,0,0,-20,2,-19,2,-19,3,-19,3,-18,3,-18,3,-17,4,-15,4,-14,5,-13,5,-13,6,-13,7,-14,6,-14,7,-14,7,-13,8,-13,7,-13,7,-12,7,-12,7,-12,6,-11,6,-11,6,-10,6,-10,4,-10,4,-10,3,-9,3,0,0,0,0,0,0]"
CSI_DATA,1639310,1a:00:00:00:00:00,-70,11,-95,4,53,6,1639310,47,0,128,0,"[0,0,0,0,0,0,0,0,1,16,0,16,-1,17,-2,18,-2,18,-3,18,-3,18,-4,18,-4,18,-4,17,-4,17,-4,17,-2,17,-2,17,-1,17,-1,16,0,16,0,16,1,16,1,16,2,16,3,16,4,17,5,17,6,17,7,16,8,17,9,17,0,0,9,16,9,16,10,15,10,15,9,15,9,15,10,13,11,12,12,11,12,10,13,9,13,9,12,9,12,9,12,9,12,8,12,8,12,8,12,8,12,8,11,8,10,8,10,7,10,7,9,7,9,7,8,7,8,6,0,0,0,0,0,0]"
CSI_DATA,1645310,1a:00:00:00:00:00,-71,11,-95,4,53,6,1645310,47,0,128,0,"[0,0,0,0,0,0,0,0,-1,18,-2,18,-3,17,-4,18,-5,18,-6,18,-7,17,-8,17,-9,16,-9,16,-9,15,-9,15,-8,15,-8,15,-8,15,-7,15,-7,15,-6,15,-6,15,-5,15,-4,15,-3,16,-3,16,-3,18,-3,18,-2,18,-2,19,-1,18,0,0,-1,20,-1,19,-1,19,-1,19,-1,19,-1,19,0,17,0,16,1,15,1,15,2,15,2,15,3,15,3,15,3,14,3,14,3,14,4,14,3,14,3,14,2,14,1,14,1,14,1,13,0,13,0,12,0,11,-1,11,0,0,0,0,0,0]"
CSI_DATA,1649310,1a:00:00:00:00:00,-70,11,-95,4,53,6,1649310,47,0,128,0,"[0,0,0,0,0,0,0,0,17,-5,17,-5,17,-4,18,-2,18,-1,19,0,18,1,19,1,19,1,18,1,18,1,18,1,17,1,16,1,16,0,16,-1,16,-2,15,-2,15,-3,15,-3,15,-3,16,-4,16,-5,17,-6,16,-7,16,-7,15,-8,15,-9,0,0,17,-9,17,-9,17,-9,17,-9,16,-8,15,-8,14,-9,13,-10,12,-10,11,-11,10,-11,10,-12,10,-11,10,-10,10,-11,10,-11,10,-11,9,-11,9,-10,9,-10,9,-10,9,-10,9,-10,9,-9,9,-8,9,-7,8,-6,8,-5,0,0,0,0,0,0]"
CSI_DATA,1659310,1a:00:00:00:00:00,-70,11,-95,4,53,6,1659310,47,0,128,0,"[0,0,0,0,0,0,0,0,-3,-17,-2,-16,-1,-17,0,-17,1,-18,1,-19,3,-18,4,-19,5,-18,5,-17,5,-17,5,-17,4,-16,4,-16,3,-16,2,-16,1,-16,1,-16,1,-16,0,-16,0,-16,0,-16,-1,-16,-1,-17,-1,-17,-1,-17,-1,-18,-1,-19,0,0,-3,-18,-3,-18,-3,-18,-3,-17,-3,-17,-3,-16,-3,-17,-4,-17,-5,-17,-5,-17,-6,-16,-7,-15,-7,-13,-6,-13,-6,-13,-6,-13,-6,-13,-5,-13,-6,-12,-6,-12,-6,-12,-5,-13,-4,-12,-3,-12,-2,-11,-1,-11,-1,-10,-1,-10,0,0,0,0,0,0]"
CSI_DATA,1665516,1a:00:00:00:00:00,-71,11,-95,4,53,6,1665516,47,0,128,0,"[0,0,0,0,0,0,0,0,-14,10,-14,8,-15,7,-17,6,-17,5,-19,4,-19,3,-19,3,-18,2,-18,1,-17,0,-17,-1,-17,-1,-17,-2,-17,-2,-16,-1,-16,0,-15,1,-15,1,-15,2,-15,2,-15,1,-16,1,-16,2,-17,2,-17,2,-18,2,-18,1,0,0,-18,0,-18,0,-18,1,-18,1,-18,2,-17,1,-18,0,-18,0,-18,-1,-18,0,-17,0,-16,1,-15,1,-14,1,-14,1,-14,1,-14,1,-14,1,-14,1,-14,0,-14,0,-14,-1,-13,-1,-12,-2,-11,-3,-9,-4,-8,-4,-7,-5,0,0,0,0,0,0]"
CSI_DATA,1671311,1a:00:00:00:00:00,-70,11,-95,4,53,6,1671311,47,0,128,0,"[0,0,0,0,0,0,0,0,14,-10,14,-9,15,-8,16,-8,17,-8,18,-9,18,-8,18,-7,17,-7,16,-6,16,-6,16,-7,16,-8,16,-8,14,-8,14,-8,14,-9,13,-10,13,-11,12,-11,11,-12,10,-12,9,-14,9,-15,9,-16,8,-16,8,-16,7,-17,0,0,7,-17,7,-17,6,-17,6,-18,6,-17,6,-17,4,-17,2,-16,1,-16,0,-16,-1,-15,-1,-16,-1,-14,-2,-14,-2,-14,-3,-14,-3,-14,-4,-14,-3,-14,-3,-14,-3,-13,-3,-13,-2,-12,-1,-12,-1,-11,0,-11,0,-10,0,-10,0,0,0,0,0,0]"
CSI_DATA,1675310,1a:00:00:00:00:00,-70,11,-95,4,53,6,1675310,47,0,128,0,"[0,0,0,0,0,0,0,0,-17,3,-17,2,-18,2,-18,1,-18,-1,-18,-3,-18,-4,-18,-4,-18,-5,-17,-6,-17,-7,-16,-8,-15,-8,-15,-9,-15,-9,-15,-8,-14,-7,-15,-7,-14,-6,-14,-6,-14,-6,-15,-5,-15,-5,-16,-5,-16,-5,-17,-6,-17,-6,-17,-7,0,0,-17,-8,-17,-8,-17,-8,-17,-9,-16,-9,-15,-9,-15,-9,-15,-10,-16,-9,-15,-9,-16,-8,-15,-8,-14,-6,-13,-6,-13,-7,-13,-7,-13,-8,-13,-8,-13,-8,-12,-8,-11,-8,-10,-8,-9,-9,-8,-9,-6,-10,-5,-10,-5,-9,-5,-9,0,0,0,0,0,0]"
CSI_DATA,1681311,1a:00:00:00:00:00,-71,11,-95,4,53,6,1681311,47,0,128,0,"[0,0,0,0,0,0,0,0,-7,-15,-7,-15,-7,-16,-7,-17,-6,-17,-6,-18,-5,-18,-5,-18,-4,-17,-3,-17,-3,-17,-2,-17,-2,-16,-3,-16,-3,-16,-5,-16,-5,-16,-6,-15,-7,-15,-7,-14,-8,-14,-9,-13,-10,-13,-11,-13,-11,-13,-12,-14,-12,-13,-11,-13,0,0,-14,-12,-13,-13,-13,-13,-13,-13,-13,-13,-13,-12,-14,-10,-15,-9,-15,-8,-16,-7,-16,-6,-15,-6,-15,-6,-15,-6,-15,-5,-15,-4,-15,-4,-14,-3,-14,-4,-13,-4,-13,-4,-13,-4,-13,-5,-13,-5,-12,-6,-10,-5,-8,-6,-7,-6,0,0,0,0,0,0]"
CSI_DATA,1685310,1a:00:00:00:00:00,-71,11,-95,4,53,6,1685310,47,0,128,0,"[0,0,0,0,0,0,0,0,-15,9,-15,8,-16,7,-17,7,-17,6,-17,5,-17,4,-17,5,-17,5,-17,5,-17,5,-17,5,-16,5,-15,5,-14,7,-14,8,-14,9,-14,9,-13,10,-13,10,-12,11,-12,11,-12,12,-12,13,-12,13,-12,14,-12,14,-12,15,0,0,-10,17,-9,16,-8,16,-7,16,-6,17,-6,16,-6,15,-6,14,-5,14,-4,14,-3,14,-2,15,-1,16,-1,16,0,16,0,16,0,15,0,15,0,14,1,14,1,13,1,13,1,12,0,12,-1,11,-1,11,-1,11,0,10,0,0,0,0,0,0]"
CSI_DATA,1689311,1a:00:00:00:00:00,-71,11,-95,4,53,6,1689311,47,0,128,0,"[0,0,0,0,0,0,0,0,16,-8,16,-7,17,-6,17,-5,18,-4,19,-2,19,0,19,0,19,1,18,2,17,3,17,3,16,3,16,4,16,4,16,4,16,3,16,3,16,3,16,2,16,2,16,2,17,2,18,2,18,2,18,3,19,3,19,4,0,0,17,4,17,4,17,5,17,5,18,5,18,5,16,5,15,4,14,5,13,4,13,5,14,5,14,4,15,4,14,4,15,4,14,4,14,5,13,5,13,6,12,6,12,6,11,7,11,8,9,8,8,8,7,8,7,7,0,0,0,0,0,0]"
CSI_DATA,1695311,1a:00:00:00:00:00,-70,11,-95,4,53,6,1695311,47,0,128,0,"[0,0,0,0,0,0,0,0,11,13,11,14,11,14,11,15,10,15,10,15,8,16,8,16,7,16,7,16,7,17,7,16,7,16,8,15,8,15,8,14,9,13,9,12,10,11,10,10,11,10,11,10,12,11,13,11,14,11,15,11,15,10,15,9,0,0,17,10,17,9,16,8,16,7,16,7,15,7,15,7,14,6,13,5,13,4,14,4,14,3,15,2,15,1,15,1,15,0,15,0,15,1,14,2,14,2,13,2,13,2,14,2,13,2,12,2,11,3,10,3,10,4,0,0,0,0,0,0]"
CSI_DATA,1699314,1a:00:00:00:00:00,-70,11,-95,4,53,6,1699314,47,0,128,0,"[0,0,0,0,0,0,0,0,13,-13,13,-12,13,-11,14,-11,15,-10,16,-10,16,-9,16,-9,16,-8,15,-7,15,-7,15,-8,15,-8,15,-8,14,-9,13,-10,12,-11,11,-11,10,-12,10,-12,10,-12,9,-12,9,-13,9,-14,8,-15,8,-16,7,-16,7,-17,0,0,5,-17,5,-18,5,-18,4,-18,5,-17,5,-16,4,-16,3,-15,1,-16,-1,-15,-2,-15,-2,-15,-2,-14,-2,-14,-2,-14,-3,-14,-3,-14,-4,-14,-4,-14,-3,-14,-3,-13,-3,-13,-2,-12,-2,-12,-2,-11,-2,-10,-2,-10,-2,-10,0,0,0,0,0,0]"
CSI_DATA,1701311,1a:00:00:00:00:00,-71,11,-95,4,53,6,1701311,47,0,128,0,"[0,0,0,0,0,0,0,0,10,13,10,13,10,14,9,15,8,16,7,17,6,17,5,17,4,18,3,17,3,17,2,16,2,16,2,16,3,15,4,15,5,15,6,14,6,14,6,14,6,14,6,14,7,15,8,15,8,15,9,15,9,15,8,15,0,0,11,15,11,15,10,15,9,14,9,14,9,13,8,14,8,14,8,15,8,15,9,15,10,14,11,12,11,11,11,11,11,10,10,10,10,10,9,11,8,10,8,10,7,10,7,10,6,10,6,10,5,9,4,9,4,9,0,0,0,0,0,0]"
CSI_DATA,1705311,1a:00:00:00:00:00,-71,11,-95,4,53,6,1705311,47,0,128,0,"[0,0,0,0,0,0,0,0,10,-12,11,-12,13,-12,14,-12,15,-12,15,-12,15,-10,15,-10,15,-8,15,-8,15,-7,15,-7,15,-8,14,-8,14,-8,13,-8,12,-8,12,-9,12,-9,11,-10,11,-11,12,-11,11,-11,12,-12,11,-12,11,-13,11,-13,11,-14,0,0,10,-14,10,-14,10,-14,10,-15,10,-14,11,-14,10,-13,9,-13,8,-13,7,-13,7,-13,6,-14,6,-14,5,-14,5,-13,4,-14,4,-14,5,-14,5,-13,5,-13,6,-12,6,-12,5,-11,5,-10,5,-9,5,-9,6,-8,6,-7,0,0,0,0,0,0]"
CSI_DATA,1709311,1a:00:00:00:00:00,-70,11,-95,4,53,6,1709311,47,0,128,0,"[0,0,0,0,0,0,0,0,-14,-9,-14,-9,-15,-10,-14,-11,-13,-12,-13,-12,-12,-13,-12,-14,-11,-14,-11,-14,-10,-14,-10,-14,-10,-13,-10,-12,-10,-11,-11,-10,-11,-9,-12,-8,-13,-8,-13,-8,-13,-8,-13,-8,-14,-8,-15,-7,-15,-6,-16,-5,-16,-5,-16,-5,0,0,-18,-5,-18,-5,-18,-4,-18,-4,-17,-4,-16,-4,-16,-3,-16,-2,-15,0,-15,1,-15,2,-15,2,-15,2,-15,2,-15,2,-15,2,-15,2,-15,2,-14,2,-13,1,-13,1,-12,1,-12,1,-11,0,-11,0,-11,-1,-10,-1,-10,-1,0,0,0,0,0,0]"
CSI_DATA,1715311,1a:00:00:00:00:00,-70,11,-95,4,53,6,1715311,47,0,128,0,"[0,0,0,0,0,0,0,0,-12,-10,-12,-10,-13,-11,-13,-13,-13,-14,-12,-15,-11,-15,-9,-16,-8,-16,-8,-16,-8,-15,-7,-15,-7,-15,-7,-14,-8,-14,-7,-14,-8,-13,-9,-12,-9,-12,-9,-12,-10,-12,-10,-12,-10,-13,-11,-13,-12,-13,-12,-13,-12,-13,-12,-14,0,0,-12,-13,-13,-13,-13,-12,-13,-12,-13,-12,-13,-12,-12,-11,-12,-10,-12,-9,-11,-9,-11,-8,-11,-8,-11,-9,-12,-9,-12,-8,-12,-8,-12,-7,-11,-8,-12,-9,-12,-9,-12,-10,-11,-9,-10,-9,-9,-9,-7,-8,-6,-8,-6,-8,-6,-8,0,0,0,0,0,0]"
CSI_DATA,1719311,1a:00:00:00:00:00,-70,11,-95,4,53,6,1719311,47,0,128,0,"[0,0,0,0,0,0,0,0,-7,15,-7,16,-8,16,-8,16,-9,15,-10,16,-11,14,-11,14,-12,14,-12,13,-12,12,-12,12,-12,12,-12,12,-11,12,-11,12,-10,13,-9,13,-8,13,-8,13,-8,13,-8,13,-7,14,-7,14,-7,15,-7,16,-7,16,-6,16,0,0,-5,19,-5,18,-5,17,-5,17,-5,15,-6,15,-6,16,-5,17,-3,17,-2,17,-1,17,-1,16,-1,15,-1,14,-1,15,0,16,0,15,-1,16,-1,15,-2,15,-2,14,-2,13,-2,12,-2,11,-2,10,-3,10,-3,10,-3,10,0,0,0,0,0,0]"
CSI_DATA,1725311,1a:00:00:00:00:00,-71,11,-95,4,53,6,1725311,47,0,128,0,"[0,0,0,0,0,0,0,0,-6,16,-7,16,-8,15,-10,15,-11,14,-12,14,-12,13,-13,13,-13,12,-14,11,-13,10,-14,10,-13,10,-13,10,-13,10,-13,10,-12,10,-11,10,-11,11,-10,11,-10,11,-10,11,-10,12,-11,12,-11,13,-11,13,-11,13,-10,13,0,0,-12,14,-12,13,-13,13,-13,12,-13,12,-12,11,-12,11,-11,12,-11,13,-11,13,-10,14,-10,14,-9,13,-9,11,-10,11,-10,11,-10,10,-10,10,-10,10,-10,10,-10,9,-10,9,-10,8,-10,7,-10,6,-10,5,-10,4,-9,4,0,0,0,0,0,0]"
CSI_DATA,1735311,1a:00:00:00:00:00,-70,11,-95,4,53,6,1735311,47,0,128,0,"[0,0,0,0,0,0,0,0,17,0,18,1,17,3,17,5,17,7,17,8,16,9,16,10,15,11,15,11,14,12,13,12,13,12,12,12,12,12,12,11,12,11,12,10,12,9,12,9,12,9,12,9,13,10,13,10,13,11,13,12,13,13,13,13,0,0,15,12,14,12,14,12,13,12,12,12,11,12,11,13,12,13,13,13,13,12,13,11,12,10,11,9,10,9,10,9,11,9,11,9,11,10,10,10,9,11,8,11,7,11,7,11,6,11,5,10,4,10,4,9,3,9,0,0,0,0,0,0]"
CSI_DATA,1739311,1a:00:00:00:00:00,-70,11,-95,4,53,6,1739311,47,0,128,0,"[0,0,0,0,0,0,0,0,1,-17,2,-17,3,-17,5,-17,6,-17,7,-17,8,-16,10,-16,11,-15,11,-14,11,-14,11,-13,11,-13,10,-12,10,-12,9,-12,9,-12,9,-12,9,-13,8,-13,8,-13,8,-13,9,-13,8,-13,9,-14,9,-15,9,-16,9,-16,0,0,8,-16,8,-15,9,-15,9,-14,9,-14,9,-13,9,-13,9,-12,9,-13,9,-13,9,-13,8,-13,7,-13,6,-13,6,-13,6,-14,6,-14,7,-14,7,-13,8,-12,8,-11,8,-10,8,-10,8,-9,8,-8,8,-7,8,-7,7,-6,0,0,0,0,0,0]"
CSI_DATA,1743535,1a:00:00:00:00:00,-70,11,-95,4,53,6,1743535,47,0,128,0,"[0,0,0,0,0,0,0,0,-15,5,-16,4,-17,3,-19,1,-19,0,-19,-1,-19,-2,-17,-3,-17,-3,-16,-5,-16,-5,-17,-5,-16,-4,-16,-4,-16,-4,-16,-4,-15,-3,-15,-3,-15,-3,-15,-2,-14,-2,-14,-2,-15,-1,-16,-1,-17,-1,-17,0,-18,0,-19,0,0,0,-19,0,-18,0,-18,-1,-17,-1,-17,-2,-17,-2,-16,0,-15,0,-15,2,-14,3,-14,3,-15,3,-15,1,-15,0,-15,1,-15,1,-14,1,-15,1,-15,0,-14,0,-14,-1,-13,-1,-12,-1,-11,-2,-11,-2,-10,-3,-9,-3,-9,-3,0,0,0,0,0,0]"
CSI_DATA,1749311,1a:00:00:00:00:00,-71,11,-95,4,53,6,1749311,47,0,128,0,"[0,0,0,0,0,0,0,0,-16,2,-16,1,-17,0,-18,-2,-18,-3,-18,-5,-17,-6,-17,-8,-16,-9,-15,-10,-14,-10,-13,-10,-13,-10,-12,-9,-13,-9,-13,-9,-13,-8,-13,-8,-13,-7,-13,-8,-13,-8,-13,-8,-13,-8,-14,-8,-14,-8,-14,-9,-14,-10,-13,-10,0,0,-16,-11,-15,-11,-15,-11,-15,-11,-14,-11,-13,-10,-12,-11,-12,-11,-12,-11,-12,-11,-12,-11,-12,-10,-12,-10,-12,-9,-12,-9,-12,-8,-11,-8,-11,-9,-10,-10,-9,-11,-9,-11,-8,-11,-7,-10,-6,-9,-5,-9,-4,-9,-3,-9,-3,-10,0,0,0,0,0,0]"
CSI_DATA,1753311,1a:00:00:00:00:00,-70,11,-95,4,53,6,1753311,47,0,128,0,"[0,0,0,0,0,0,0,0,3,16,2,17,1,17,-1,17,-2,17,-4,18,-4,18,-6,18,-6,17,-6,17,-7,17,-8,17,-8,16,-7,15,-7,15,-7,15,-6,15,-5,15,-5,15,-5,15,-5,14,-5,14,-5,15,-5,16,-5,17,-5,18,-5,19,-5,19,0,0,-7,18,-6,18,-6,17,-6,17,-6,16,-7,15,-6,15,-5,16,-4,16,-3,16,-2,15,-3,15,-4,14,-4,13,-4,14,-5,14,-4,14,-5,14,-5,13,-5,13,-6,12,-6,12,-6,12,-7,11,-7,10,-7,9,-7,7,-7,7,0,0,0,0,0,0]"
CSI_DATA,1765311,1a:00:00:00:00:00,-71,11,-95,4,53,6,1765311,47,0,128,0,"[0,0,0,0,0,0,0,0,-15,7,-15,7,-16,7,-17,6,-18,5,-19,4,-18,3,-19,2,-18,1,-17,1,-17,0,-17,1,-17,1,-16,2,-16,3,-16,3,-15,3,-14,4,-14,5,-14,5,-14,5,-15,6,-15,6,-15,7,-15,8,-14,9,-14,10,-14,10,0,0,-16,9,-15,10,-15,10,-14,10,-14,10,-14,10,-14,9,-13,9,-13,9,-12,9,-12,10,-11,10,-11,11,-10,11,-10,11,-10,11,-10,10,-10,10,-10,10,-10,10,-9,10,-9,10,-9,10,-9,8,-8,7,-8,6,-8,5,-7,5,0,0,0,0,0,0]"
CSI_DATA,1769311,1a:00:00:00:00:00,-71,11,-95,4,53,6,1769311,47,0,128,0,"[0,0,0,0,0,0,0,0,8,15,8,15,7,15,6,16,6,17,5,18,5,18,4,19,3,19,3,18,3,18,3,17,3,17,3,16,3,16,4,16,5,15,5,14,6,14,7,14,8,14,9,14,9,14,10,14,10,14,11,14,12,14,12,13,0,0,13,12,13,13,12,13,12,13,12,13,13,12,14,11,14,9,15,8,15,7,14,6,14,6,14,6,14,7,14,6,14,6,13,5,13,5,13,4,13,5,13,5,12,5,12,5,11,5,10,5,9,5,8,5,8,6,0,0,0,0,0,0]"
CSI_DATA,1775311,1a:00:00:00:00:00,-71,11,-95,4,53,6,1775311,47,0,128,0,"[0,0,0,0,0,0,0,0,7,14,6,14,6,16,5,17,4,18,4,18,2,19,1,18,0,18,0,17,-1,17,0,17,0,17,0,17,0,17,0,16,0,16,1,16,1,15,1,16,2,16,2,16,3,16,4,17,5,17,6,17,7,17,7,17,0,0,6,19,6,18,6,18,6,17,6,17,5,17,5,15,5,14,5,14,6,13,6,13,7,12,7,13,7,13,7,12,7,12,7,13,7,13,7,13,6,14,5,13,5,13,5,12,5,11,4,10,3,10,2,9,0,9,0,0,0,0,0,0]"
CSI_DATA,1777311,1a:00:00:00:00:00,-70,11,-95,4,53,6,1777311,47,0,128,0,"[0,0,0,0,0,0,0,0,-16,5,-16,4,-17,3,-18,1,-19,0,-19,-1,-18,-3,-17,-4,-17,-5,-16,-6,-16,-6,-16,-7,-16,-8,-15,-7,-14,-7,-14,-6,-14,-6,-14,-6,-14,-6,-14,-6,-15,-6,-16,-6,-16,-6,-17,-6,-17,-7,-16,-7,-15,-8,-14,-8,0,0,-16,-7,-16,-8,-15,-8,-15,-9,-15,-9,-15,-8,-14,-8,-13,-9,-13,-10,-12,-10,-12,-10,-12,-10,-12,-9,-13,-8,-12,-8,-12,-8,-12,-8,-12,-9,-11,-8,-11,-8,-10,-9,-9,-9,-8,-9,-7,-10,-6,-10,-5,-10,-4,-9,-3,-9,0,0,0,0,0,0]"
CSI_DATA,1780817,1a:00:00:00:00:00,-70,11,-95,4,53,6,1780817,47,0,128,0,"[0,0,0,0,0,0,0,0,-6,-16,-5,-16,-4,-17,-3,-18,-2,-18,-1,-19,0,-19,2,-18,3,-18,4,-17,4,-17,3,-16,3,-16,3,-16,3,-16,3,-16,3,-16,2,-16,2,-16,2,-15,1,-16,1,-15,1,-15,0,-16,0,-16,0,-16,0,-16,0,-16,0,0,2,-19,2,-19,2,-18,1,-17,2,-17,2,-17,2,-15,1,-15,0,-14,0,-14,0,-14,-1,-14,0,-14,0,-15,0,-14,-1,-14,-1,-14,-1,-15,0,-14,1,-14,2,-13,2,-12,3,-12,4,-11,4,-11,4,-10,4,-9,4,-9,0,0,0,0,0,0]"
CSI_DATA,1783311,1a:00:00:00:00:00,-71,11,-95,4,53,6,1783311,47,0,128,0,"[0,0,0,0,0,0,0,0,-7,-16,-6,-16,-5,-16,-4,-17,-3,-17,-3,-18,-2,-18,-2,-18,-1,-18,-1,-17,-1,-17,-1,-16,-1,-16,-2,-16,-3,-16,-3,-16,-4,-16,-5,-15,-5,-15,-6,-14,-6,-14,-7,-14,-7,-13,-8,-14,-9,-14,-9,-14,-10,-14,-11,-13,0,0,-11,-14,-11,-14,-12,-13,-12,-13,-12,-12,-11,-12,-11,-12,-11,-12,-12,-12,-12,-12,-13,-11,-12,-10,-13,-9,-12,-7,-12,-7,-13,-7,-13,-7,-13,-7,-13,-7,-13,-7,-12,-7,-12,-7,-11,-7,-10,-7,-9,-7,-8,-6,-8,-6,-8,-6,0,0,0,0,0,0]"
CSI_DATA,1795311,1a:00:00:00:00:00,-71,11,-95,4,53,6,1795311,47,0,128,0,"[0,0,0,0,0,0,0,0,-7,-15,-7,-15,-6,-16,-6,-17,-5,-18,-4,-19,-2,-18,0,-18,1,-18,1,-17,2,-17,2,-16,2,-16,3,-16,3,-15,2,-16,2,-16,2,-15,2,-15,1,-15,1,-15,1,-15,0,-15,0,-16,1,-16,1,-17,2,-17,2,-18,0,0,2,-18,2,-18,2,-17,3,-17,3,-16,3,-15,3,-16,2,-17,2,-18,2,-18,2,-18,2,-17,2,-16,2,-14,2,-14,1,-14,1,-14,2,-14,2,-14,3,-14,3,-13,4,-12,4,-12,5,-11,6,-10,6,-9,7,-8,7,-7,0,0,0,0,0,0]"
CSI_DATA,1799514,1a:00:00:00:00:00,-70,11,-95,4,53,6,1799514,47,0,128,0,"[0,0,0,0,0,0,0,0,14,9,13,10,13,12,12,13,11,14,11,15,10,16,9,16,8,16,7,15,7,15,6,15,5,15,5,16,6,16,6,16,7,15,7,15,7,14,7,14,8,13,7,13,7,13,8,14,8,14,9,15,9,16,9,16,0,0,9,16,9,16,8,16,8,16,8,16,8,15,7,14,6,13,6,13,6,13,5,14,6,13,7,14,7,13,7,13,7,13,7,12,7,12,6,12,6,12,5,12,4,12,3,12,3,11,1,11,1,10,0,10,0,10,0,0,0,0,0,0]"
CSI_DATA,1805311,1a:00:00:00:00:00,-71,11,-95,4,53,6,1805311,47,0,128,0,"[0,0,0,0,0,0,0,0,-12,-12,-12,-12,-12,-13,-11,-14,-11,-14,-11,-15,-10,-15,-10,-15,-10,-15,-10,-15,-10,-15,-10,-14,-10,-14,-10,-13,-10,-12,-11,-11,-11,-11,-11,-11,-11,-10,-12,-10,-13,-9,-13,-7,-14,-7,-15,-6,-16,-6,-16,-5,-16,-5,-16,-5,0,0,-18,-3,-18,-4,-18,-3,-17,-3,-16,-2,-16,-1,-16,0,-17,1,-17,2,-17,2,-17,4,-16,4,-15,5,-14,5,-13,5,-14,5,-13,5,-13,5,-13,5,-13,5,-12,5,-12,4,-11,4,-11,3,-11,3,-10,3,-10,3,-9,2,0,0,0,0,0,0]"
CSI_DATA,1813311,1a:00:00:00:00:00,-71,11,-95,4,53,6,1813311,47,0,128,0,"[0,0,0,0,0,0,0,0,11,-13,11,-13,12,-13,13,-12,14,-11,15,-10,16,-9,16,-9,17,-8,16,-8,16,-6,16,-6,15,-5,15,-5,15,-5,15,-6,15,-5,15,-6,14,-7,13,-7,13,-7,13,-7,13,-8,14,-8,15,-8,15,-8,15,-9,15,-9,0,0,17,-9,16,-9,16,-8,16,-8,16,-8,16,-7,15,-7,13,-7,12,-7,12,-7,12,-6,13,-6,13,-6,13,-6,13,-7,13,-8,12,-9,13,-8,12,-7,12,-6,12,-5,12,-4,12,-4,12,-4,11,-3,11,-2,10,-2,10,-1,0,0,0,0,0,0]"
CSI_DATA,1819551,1a:00:00:00:00:00,-71,11,-95,4,53,6,1819551,47,0,128,0,"[0,0,0,0,0,0,0,0,4,16,4,16,4,17,3,18,3,18,2,18,1,19,1,18,0,18,-1,18,-1,18,-1,17,0,17,1,16,2,16,3,16,3,15,4,14,4,14,5,14,6,14,6,13,7,14,8,14,9,14,10,13,11,13,11,13,0,0,13,14,12,13,12,13,12,12,12,11,12,11,13,10,14,9,14,9,15,8,15,7,15,6,14,5,13,5,13,5,14,5,12,5,13,5,13,4,13,4,13,4,13,4,12,4,11,4,10,4,10,4,9,4,9,4,0,0,0,0,0,0]"
CSI_DATA,1823311,1a:00:00:00:00:00,-71,11,-95,4,53,6,1823311,47,0,128,0,"[0,0,0,0,0,0,0,0,-10,-12,-10,-13,-10,-14,-9,-14,-9,-15,-8,-16,-6,-16,-4,-17,-3,-17,-2,-17,-2,-17,-1,-16,-1,-16,-1,-16,-1,-16,-1,-16,-1,-14,-1,-14,-1,-15,-2,-15,-2,-15,-3,-15,-3,-15,-3,-15,-3,-15,-2,-16,-2,-17,-1,-17,0,0,-1,-16,-1,-17,-1,-17,-1,-17,0,-17,0,-17,0,-16,0,-15,-1,-14,-1,-14,0,-14,-1,-14,0,-15,-1,-15,-1,-14,-1,-15,0,-14,1,-15,1,-15,1,-14,1,-14,2,-13,2,-12,3,-11,4,-10,5,-9,5,-8,6,-8,0,0,0,0,0,0]"
CSI_DATA,1829448,1a:00:00:00:00:00,-71,11,-95,4,53,6,1829448,47,0,128,0,"[0,0,0,0,0,0,0,0,-13,-8,-13,-8,-14,-9,-15,-10,-15,-11,-14,-11,-13,-13,-13,-13,-12,-12,-12,-13,-12,-12,-12,-12,-12,-12,-12,-12,-12,-12,-13,-11,-13,-10,-13,-9,-13,-8,-13,-7,-13,-6,-14,-6,-15,-6,-16,-5,-17,-5,-17,-5,-16,-4,-15,-4,0,0,-20,-3,-19,-3,-18,-3,-18,-3,-17,-3,-17,-3,-17,-1,-16,0,-16,2,-15,2,-15,2,-14,2,-14,2,-14,2,-14,3,-14,3,-14,3,-14,3,-14,2,-13,2,-13,2,-13,3,-13,3,-12,2,-11,1,-10,1,-9,0,-9,0,0,0,0,0,0,0]"
CSI_DATA,1833311,1a:00:00:00:00:00,-71,11,-95,4,53,6,1833311,47,0,128,0,"[0,0,0,0,0,0,0,0,-16,-3,-16,-4,-16,-4,-17,-4,-17,-4,-18,-4,-17,-5,-17,-5,-16,-6,-16,-6,-16,-6,-16,-6,-16,-6,-16,-5,-15,-4,-15,-3,-15,-2,-15,-1,-15,1,-15,1,-15,2,-16,2,-16,3,-16,4,-16,5,-15,5,-15,6,-16,5,0,0,-17,8,-16,8,-16,8,-16,8,-15,7,-14,7,-14,8,-14,9,-13,10,-12,11,-11,12,-10,12,-9,11,-9,11,-9,11,-8,12,-8,12,-8,12,-8,11,-8,11,-8,11,-8,11,-8,11,-7,10,-7,9,-7,8,-7,7,-6,6,0,0,0,0,0,0]"
CSI_DATA,1837311,1a:00:00:00:00:00,-71,11,-95,4,53,6,1837311,47,0,128,0,"[0,0,0,0,0,0,0,0,16,4,16,5,16,6,16,7,16,8,16,9,14,11,13,12,12,13,11,14,10,14,10,13,9,13,9,13,10,13,10,13,10,12,11,12,10,12,10,12,10,12,9,12,9,13,10,13,10,13,10,13,10,13,10,13,0,0,11,15,11,15,10,15,9,14,9,14,9,14,8,14,7,15,7,16,8,16,8,15,8,14,9,13,9,12,8,12,8,12,7,12,6,12,6,12,5,12,4,12,4,12,4,12,2,12,1,11,0,11,0,10,0,9,0,0,0,0,0,0]"
CSI_DATA,1839311,1a:00:00:00:00:00,-70,11,-95,4,53,6,1839311,47,0,128,0,"[0,0,0,0,0,0,0,0,-16,-5,-16,-6,-15,-7,-15,-8,-15,-9,-15,-10,-14,-10,-15,-10,-14,-11,-14,-11,-13,-12,-12,-11,-12,-11,-11,-10,-12,-9,-13,-8,-13,-7,-14,-7,-14,-6,-14,-6,-15,-6,-14,-6,-15,-6,-15,-5,-16,-5,-16,-4,-17,-4,-17,-3,0,0,-18,-4,-18,-4,-17,-4,-17,-3,-16,-3,-16,-3,-15,-1,-15,0,-15,1,-14,2,-14,2,-14,2,-14,1,-14,1,-14,1,-14,2,-14,2,-14,2,-13,2,-13,1,-12,1,-12,1,-11,1,-11,0,-11,-1,-10,-1,-10,-2,-10,-2,0,0,0,0,0,0]"
CSI_DATA,1843311,1a:00:00:00:00:00,-71,11,-94,4,53,6,1843311,47,0,128,0,"[0,0,0,0,0,0,0,0,-3,16,-4,16,-5,16,-6,16,-7,16,-7,17,-8,16,-8,16,-9,16,-9,15,-9,14,-9,14,-9,13,-8,13,-7,13,-5,14,-5,15,-4,15,-4,16,-3,15,-3,16,-2,15,-2,16,-1,16,-1,16,-1,17,0,18,0,18,0,0,2,18,2,17,3,16,3,16,3,16,2,16,3,17,3,17,4,17,6,16,7,15,7,14,8,12,8,12,8,12,8,12,8,11,8,12,7,11,6,11,6,11,6,11,6,11,5,11,5,10,4,10,4,9,4,8,0,0,0,0,0,0]"
CSI_DATA,1845311,1a:00:00:00:00:00,-71,11,-94,4,53,6,1845311,47,0,128,0,"[0,0,0,0,0,0,0,0,-17,-2,-17,-3,-16,-5,-16,-6,-16,-7,-16,-8,-16,-8,-15,-9,-14,-10,-14,-11,-13,-11,-12,-11,-12,-11,-13,-11,-13,-10,-14,-9,-14,-8,-13,-8,-13,-7,-13,-7,-13,-7,-14,-8,-14,-8,-15,-8,-15,-8,-15,-7,-15,-7,-15,-7,0,0,-16,-7,-17,-7,-16,-7,-16,-7,-16,-7,-15,-7,-14,-8,-13,-7,-12,-7,-13,-6,-13,-6,-13,-5,-13,-6,-14,-6,-14,-6,-14,-5,-13,-5,-14,-5,-13,-6,-13,-6,-12,-6,-12,-7,-11,-8,-10,-8,-8,-8,-8,-7,-7,-6,-7,-6,0,0,0,0,0,0]"
CSI_DATA,1849311,1a:00:00:00:00:00,-71,11,-94,4,53,6,1849311,47,0,128,0,"[0,0,0,0,0,0,0,0,-3,17,-3,17,-3,16,-4,16,-4,16,-6,17,-7,16,-8,15,-9,15,-9,14,-9,14,-9,14,-9,14,-8,13,-8,13,-7,14,-7,14,-6,14,-5,14,-6,13,-5,13,-5,13,-5,14,-4,15,-4,15,-4,16,-4,16,-5,16,0,0,-4,18,-3,17,-3,17,-4,16,-4,15,-4,14,-4,14,-3,15,-2,16,-1,17,-1,16,-1,15,-1,14,-1,13,-1,14,0,14,0,14,-1,14,-1,14,-2,13,-3,13,-3,12,-3,12,-3,12,-3,11,-3,10,-3,9,-4,8,0,0,0,0,0,0]"
CSI_DATA,1853311,1a:00:00:00:00:00,-71,11,-94,4,53,6,1853311,47,0,128,0,"[0,0,0,0,0,0,0,0,16,0,16,0,17,1,17,2,18,2,18,3,17,4,17,4,16,5,15,6,15,6,15,6,15,6,15,6,15,5,15,4,15,3,15,2,15,1,14,1,14,1,15,1,15,1,16,0,17,0,17,-1,17,-2,16,-2,0,0,18,-3,18,-2,18,-2,17,-2,16,-3,16,-3,16,-3,16,-2,16,-3,16,-3,15,-4,15,-5,13,-6,12,-6,12,-6,12,-7,12,-6,13,-6,13,-6,13,-5,13,-4,13,-3,12,-3,12,-3,10,-2,10,-2,9,-2,9,-1,0,0,0,0,0,0]"
CSI_DATA,1857312,1a:00:00:00:00:00,-71,11,-94,4,53,6,1857312,47,0,128,0,"[0,0,0,0,0,0,0,0,1,-16,2,-16,2,-16,3,-17,4,-16,4,-17,5,-16,6,-16,7,-15,8,-15,8,-15,7,-15,7,-15,6,-16,5,-16,4,-15,3,-15,3,-15,3,-15,2,-15,1,-15,1,-16,1,-16,-1,-16,-1,-16,-1,-17,-2,-17,-2,-17,0,0,-3,-18,-3,-17,-3,-17,-3,-16,-4,-16,-4,-15,-3,-15,-3,-15,-4,-15,-4,-15,-5,-15,-6,-15,-7,-14,-8,-13,-8,-12,-8,-12,-8,-11,-8,-12,-7,-11,-7,-11,-7,-11,-7,-10,-7,-10,-6,-10,-5,-9,-5,-9,-4,-9,-4,-9,0,0,0,0,0,0]"
CSI_DATA,1859312,1a:00:00:00:00:00,-71,11,-94,4,53,6,1859312,47,0,128,0,"[0,0,0,0,0,0,0,0,16,-2,16,-2,17,-1,18,0,18,1,19,2,18,3,18,3,16,4,15,5,15,6,15,7,14,8,14,8,14,7,15,6,15,6,15,5,14,4,14,4,14,4,14,3,14,3,15,3,15,4,16,4,16,3,17,3,0,0,18,3,17,3,17,4,16,4,15,4,15,4,15,3,15,3,16,2,15,1,16,1,15,1,14,1,14,1,14,1,14,1,14,1,14,2,13,2,13,2,12,3,11,4,11,4,11,5,10,5,10,5,9,5,9,5,0,0,0,0,0,0]"
CSI_DATA,1863312,1a:00:00:00:00:00,-71,11,-94,4,53,6,1863312,47,0,128,0,"[0,0,0,0,0,0,0,0,-1,-15,0,-16,1,-17,3,-17,4,-17,5,-17,7,-16,7,-16,7,-16,7,-15,7,-15,7,-14,7,-14,7,-14,7,-14,6,-15,5,-14,5,-14,4,-14,4,-14,4,-14,3,-13,3,-14,3,-15,3,-15,3,-16,3,-17,4,-17,0,0,2,-17,2,-17,3,-17,3,-17,3,-16,2,-15,3,-15,3,-15,3,-15,2,-15,2,-15,1,-15,0,-14,-1,-13,-1,-13,0,-13,0,-13,0,-14,0,-13,0,-13,0,-13,0,-12,1,-12,2,-11,3,-10,3,-10,3,-9,3,-9,0,0,0,0,0,0]"
CSI_DATA,1869312,1a:00:00:00:00:00,-71,11,-94,4,53,6,1869312,47,0,128,0,"[0,0,0,0,0,0,0,0,1,-14,2,-14,3,-15,5,-16,6,-16,7,-17,8,-16,8,-15,9,-14,10,-13,10,-12,10,-12,10,-12,10,-11,10,-11,10,-11,10,-11,10,-11,9,-11,9,-11,8,-12,8,-12,8,-13,8,-14,9,-14,9,-13,10,-13,10,-12,0,0,12,-13,12,-12,11,-12,11,-12,10,-11,10,-11,10,-10,10,-10,11,-11,11,-11,11,-11,10,-11,9,-11,8,-10,8,-10,8,-10,8,-9,9,-10,9,-9,9,-9,10,-8,10,-8,10,-7,10,-6,9,-5,8,-4,8,-2,7,-2,0,0,0,0,0,0]"
CSI_DATA,1873312,1a:00:00:00:00:00,-71,11,-94,4,53,6,1873312,47,0,128,0,"[0,0,0,0,0,0,0,0,-16,1,-16,0,-16,-1,-17,-2,-17,-4,-17,-5,-17,-6,-16,-6,-15,-7,-14,-7,-13,-7,-13,-8,-12,-8,-13,-8,-13,-8,-14,-7,-13,-7,-13,-6,-13,-6,-13,-5,-13,-5,-13,-5,-14,-5,-15,-5,-15,-4,-15,-5,-15,-4,-15,-4,0,0,-15,-7,-15,-7,-15,-7,-15,-6,-15,-5,-15,-5,-14,-4,-12,-4,-12,-5,-12,-5,-12,-5,-13,-5,-13,-5,-12,-4,-11,-3,-12,-3,-12,-3,-13,-3,-13,-4,-13,-4,-12,-5,-12,-5,-11,-5,-10,-6,-8,-6,-7,-6,-7,-5,-7,-5,0,0,0,0,0,0]"
CSI_DATA,1877312,1a:00:00:00:00:00,-71,11,-94,4,53,6,1877312,47,0,128,0,"[0,0,0,0,0,0,0,0,2,16,1,16,-1,16,-2,17,-3,17,-4,17,-5,16,-6,16,-7,15,-8,15,-8,14,-8,15,-7,14,-7,15,-6,14,-5,14,-4,13,-4,13,-4,13,-4,14,-4,14,-4,14,-3,14,-2,15,-2,15,-1,16,-2,16,-2,16,0,0,-2,18,-2,17,-1,17,-1,16,-2,16,-2,15,-2,15,-2,14,-2,13,-2,13,-2,13,-1,13,-1,13,0,13,1,14,1,13,1,13,1,13,0,13,0,12,-1,12,-1,11,-2,12,-2,11,-3,10,-3,9,-3,9,-3,8,0,0,0,0,0,0]"
CSI_DATA,1883230,1a:00:00:00:00:00,-71,11,-94,4,53,6,1883230,47,0,128,0,"[0,0,0,0,0,0,0,0,11,13,10,14,9,15,7,16,6,17,5,18,4,18,3,17,1,17,1,16,0,16,0,16,0,16,0,16,0,16,1,15,1,14,1,14,0,14,0,13,1,14,1,15,1,15,2,15,2,16,3,16,2,17,2,18,0,0,1,16,1,16,0,17,0,17,0,17,-1,16,0,15,1,14,1,13,1,12,1,12,0,14,0,14,0,15,0,14,0,14,0,13,0,14,-1,13,-1,14,-2,13,-2,13,-3,12,-3,11,-4,10,-4,9,-4,8,-4,8,0,0,0,0,0,0]"
CSI_DATA,1893312,1a:00:00:00:00:00,-71,11,-94,4,53,6,1893312,47,0,128,0,"[0,0,0,0,0,0,0,0,6,15,6,15,6,15,5,16,4,17,3,18,3,18,3,17,2,16,2,16,2,16,3,16,3,16,4,15,4,15,6,14,6,14,6,13,7,12,7,12,8,11,8,11,9,11,11,12,12,11,13,11,13,10,13,9,0,0,13,9,13,9,13,9,14,9,14,8,14,8,15,6,15,5,15,3,15,2,14,1,14,2,13,2,13,2,13,2,13,1,13,1,13,1,13,1,13,0,13,0,12,0,12,0,11,-1,11,0,10,1,10,1,9,2,0,0,0,0,0,0]"
CSI_DATA,1897312,1a:00:00:00:00:00,-71,11,-94,4,53,6,1897312,47,0,128,0,"[0,0,0,0,0,0,0,0,-3,-14,-2,-15,-1,-15,1,-16,3,-17,4,-17,5,-17,6,-16,7,-15,7,-15,7,-15,8,-14,8,-14,8,-14,8,-13,7,-13,7,-12,6,-12,6,-12,6,-12,6,-13,6,-13,6,-14,6,-14,6,-15,6,-15,6,-15,7,-15,0,0,7,-17,7,-16,8,-15,8,-14,8,-13,8,-12,8,-13,8,-13,7,-14,7,-14,6,-14,6,-14,6,-13,7,-12,7,-12,7,-12,8,-12,8,-12,8,-11,8,-10,8,-9,8,-8,8,-8,9,-8,9,-7,9,-6,8,-6,7,-5,0,0,0,0,0,0]"
CSI_DATA,1903312,1a:00:00:00:00:00,-71,11,-94,4,53,6,1903312,47,0,128,0,"[0,0,0,0,0,0,0,0,15,-7,15,-6,15,-6,16,-5,16,-4,17,-3,16,-3,16,-2,16,-2,15,-3,15,-2,16,-2,15,-2,15,-3,15,-4,14,-4,14,-4,13,-4,13,-5,13,-6,13,-7,12,-8,13,-9,13,-9,12,-10,12,-11,12,-11,12,-11,0,0,13,-11,13,-11,12,-12,11,-12,11,-12,10,-11,9,-12,8,-13,8,-14,7,-15,6,-15,6,-14,5,-13,5,-12,5,-13,5,-13,5,-13,4,-13,4,-13,5,-12,5,-12,5,-11,5,-11,5,-10,5,-9,4,-8,4,-8,5,-8,0,0,0,0,0,0]"
CSI_DATA,1907312,1a:00:00:00:00:00,-71,11,-94,4,53,6,1907312,47,0,128,0,"[0,0,0,0,0,0,0,0,-5,-15,-5,-16,-5,-16,-4,-17,-4,-17,-3,-18,-2,-18,-1,-17,-1,-17,-1,-17,-1,-16,-1,-16,-2,-15,-2,-15,-3,-15,-3,-14,-4,-14,-5,-13,-5,-13,-6,-13,-7,-12,-8,-12,-9,-12,-10,-11,-11,-12,-11,-12,-11,-11,-11,-11,0,0,-13,-11,-13,-11,-13,-11,-13,-10,-13,-10,-13,-8,-13,-9,-13,-9,-13,-9,-14,-7,-15,-7,-15,-5,-14,-4,-14,-2,-14,-2,-14,-2,-14,-2,-14,-2,-13,-2,-13,-1,-13,-1,-12,-1,-11,-1,-11,-2,-10,-3,-10,-3,-9,-3,-9,-3,0,0,0,0,0,0]"
CSI_DATA,1911312,1a:00:00:00:00:00,-71,11,-94,4,53,6,1911312,47,0,128,0,"[0,0,0,0,0,0,0,0,6,15,5,16,4,16,2,17,1,17,-1,17,-1,17,-3,17,-3,17,-4,16,-5,16,-5,15,-5,15,-5,14,-4,14,-5,14,-5,13,-5,14,-5,14,-4,14,-4,14,-4,14,-3,15,-4,15,-4,15,-4,16,-4,16,-4,16,0,0,-6,17,-6,16,-7,16,-7,15,-7,15,-7,14,-7,14,-7,13,-7,13,-7,13,-7,13,-6,13,-5,13,-5,13,-5,12,-5,13,-5,12,-6,12,-6,11,-6,11,-7,10,-7,10,-7,9,-7,9,-7,8,-8,7,-8,6,-8,5,0,0,0,0,0,0]"
CSI_DATA,1917312,1a:00:00:00:00:00,-71,11,-94,4,53,6,1917312,47,0,128,0,"[0,0,0,0,0,0,0,0,-14,7,-14,7,-15,7,-16,6,-16,5,-17,4,-17,3,-17,2,-16,2,-16,1,-16,2,-15,2,-15,3,-16,4,-15,4,-15,4,-15,5,-14,5,-13,6,-13,6,-12,7,-12,7,-13,8,-13,9,-13,10,-13,11,-14,11,-14,11,0,0,-12,12,-11,11,-11,11,-11,11,-10,12,-10,11,-10,12,-11,12,-11,13,-10,13,-9,14,-8,14,-6,14,-5,13,-5,12,-5,12,-5,12,-5,12,-5,12,-5,12,-5,12,-5,11,-4,11,-4,11,-4,10,-4,9,-4,8,-5,8,0,0,0,0,0,0]"
CSI_DATA,1927312,1a:00:00:00:00:00,-71,11,-94,4,53,6,1927312,47,0,128,0,"[0,0,0,0,0,0,0,0,8,14,7,14,6,15,5,16,5,17,4,18,3,18,3,18,2,17,2,17,1,17,2,17,2,16,3,16,3,15,3,15,3,15,3,14,3,14,4,14,5,15,5,14,6,15,7,15,7,14,8,14,8,14,8,14,0,0,10,15,9,14,9,14,8,14,9,13,9,13,8,13,8,13,9,13,9,13,9,12,10,12,10,11,10,10,9,9,10,9,10,9,10,9,10,9,10,9,9,9,9,9,9,9,8,9,7,9,6,8,6,7,5,6,0,0,0,0,0,0]"
CSI_DATA,1931312,1a:00:00:00:00:00,-71,11,-94,4,53,6,1931312,47,0,128,0,"[0,0,0,0,0,0,0,0,13,-10,13,-9,14,-8,16,-8,16,-6,17,-6,18,-5,17,-5,17,-4,16,-4,15,-4,15,-3,15,-4,15,-4,14,-5,14,-6,13,-6,12,-7,12,-7,12,-7,13,-7,12,-7,13,-8,13,-9,12,-10,12,-11,12,-11,11,-12,0,0,13,-11,12,-11,12,-11,10,-12,10,-12,10,-12,9,-12,9,-11,8,-11,8,-11,8,-11,7,-12,6,-11,5,-11,4,-11,4,-12,4,-12,4,-13,5,-13,5,-13,5,-12,5,-11,4,-10,5,-10,5,-9,5,-8,5,-7,5,-7,0,0,0,0,0,0]"
CSI_DATA,1933312,1a:00:00:00:00:00,-71,11,-94,4,53,6,1933312,47,0,128,0,"[0,0,0,0,0,0,0,0,5,16,4,15,3,16,2,17,1,18,0,18,-1,18,-2,17,-2,17,-2,15,-3,16,-3,15,-3,15,-3,16,-3,15,-3,16,-2,15,-2,15,-2,15,-2,15,-1,15,-1,15,0,15,1,15,1,15,0,16,-1,16,-1,17,0,0,0,17,0,17,0,17,0,16,0,16,0,16,-1,16,-1,15,-1,15,-2,14,-1,15,0,14,0,15,1,15,1,14,1,14,1,13,1,13,1,13,1,13,0,12,-1,12,-2,12,-3,11,-3,10,-3,9,-3,9,-3,8,0,0,0,0,0,0]"
CSI_DATA,1935312,1a:00:00:00:00:00,-71,11,-94,4,53,6,1935312,47,0,128,0,"[0,0,0,0,0,0,0,0,-13,-10,-12,-11,-12,-11,-12,-12,-12,-13,-11,-13,-11,-14,-10,-13,-10,-13,-9,-13,-9,-13,-9,-13,-8,-12,-9,-12,-10,-11,-11,-11,-11,-11,-11,-10,-12,-9,-11,-8,-12,-7,-12,-6,-13,-6,-14,-6,-15,-6,-15,-6,-16,-5,-15,-5,0,0,-18,-4,-17,-4,-17,-4,-16,-3,-15,-3,-15,-2,-15,-1,-15,0,-15,2,-14,2,-14,2,-14,2,-13,2,-13,2,-12,3,-13,4,-13,4,-13,4,-13,4,-12,4,-12,4,-11,4,-11,3,-11,3,-10,2,-10,2,-10,1,-10,0,0,0,0,0,0,0]"
CSI_DATA,1939312,1a:00:00:00:00:00,-71,11,-94,4,53,6,1939312,47,0,128,0,"[0,0,0,0,0,0,0,0,10,13,9,13,8,14,8,15,7,16,6,17,4,16,3,17,2,17,1,17,1,17,0,16,-1,16,-1,15,-1,15,-1,15,-1,15,-1,14,0,14,0,15,0,14,0,14,0,15,1,16,0,17,-1,18,-1,18,-2,19,0,0,-2,18,-2,17,-3,17,-3,16,-3,15,-4,15,-4,15,-4,15,-3,16,-3,16,-2,16,-2,15,-2,14,-2,13,-2,13,-3,13,-3,13,-3,13,-4,13,-4,12,-6,12,-6,11,-7,10,-7,9,-6,8,-7,7,-7,6,-7,6,0,0,0,0,0,0]"
CSI_DATA,1945312,1a:00:00:00:00:00,-71,11,-94,4,53,6,1945312,47,0,128,0,"[0,0,0,0,0,0,0,0,-11,12,-11,11,-13,11,-13,10,-15,10,-15,9,-16,8,-16,7,-16,7,-15,6,-15,7,-14,6,-14,7,-13,7,-13,7,-12,8,-12,9,-11,9,-11,10,-11,10,-11,10,-11,11,-11,11,-10,12,-10,13,-9,14,-8,14,-8,15,0,0,-10,15,-9,14,-9,14,-9,14,-7,13,-7,12,-7,13,-7,14,-7,15,-6,15,-5,15,-4,15,-3,15,-2,13,-2,14,-2,14,-2,13,-2,13,-2,13,-2,13,-2,13,-3,12,-3,12,-3,11,-3,11,-3,10,-3,9,-4,8,0,0,0,0,0,0]"
CSI_DATA,1951312,1a:00:00:00:00:00,-71,11,-94,4,53,6,1951312,47,0,128,0,"[0,0,0,0,0,0,0,0,-13,10,-13,8,-14,8,-15,7,-16,6,-16,5,-17,4,-17,4,-17,3,-16,2,-17,2,-17,1,-16,1,-16,1,-15,1,-14,2,-14,3,-14,3,-14,3,-14,4,-14,4,-14,5,-13,5,-14,6,-15,6,-15,6,-16,5,-16,6,0,0,-17,7,-17,7,-16,7,-16,6,-15,6,-15,6,-13,6,-13,7,-13,8,-12,8,-12,8,-12,7,-11,7,-11,6,-11,7,-11,7,-12,8,-12,7,-12,7,-13,7,-12,6,-11,5,-11,5,-10,3,-9,2,-9,2,-9,2,-9,1,0,0,0,0,0,0]"
CSI_DATA,1955312,1a:00:00:00:00:00,-71,11,-94,4,53,6,1955312,47,0,128,0,"[0,0,0,0,0,0,0,0,14,7,14,8,14,9,14,10,13,12,13,13,12,13,11,14,10,14,10,13,9,13,9,13,10,13,10,12,10,12,10,11,10,11,11,10,11,9,11,8,11,8,12,9,13,9,14,9,14,9,14,9,14,9,14,9,0,0,14,9,14,9,15,9,15,8,16,7,15,6,13,7,12,7,13,8,12,7,13,7,13,5,14,4,14,3,13,3,13,3,13,3,13,3,13,3,13,4,13,4,13,4,12,4,11,5,10,5,9,4,9,4,9,5,0,0,0,0,0,0]"
CSI_DATA,1959312,1a:00:00:00:00:00,-71,11,-94,4,53,6,1959312,47,0,128,0,"[0,0,0,0,0,0,0,0,9,-12,10,-12,11,-12,11,-12,12,-12,13,-12,14,-11,14,-10,14,-9,14,-8,14,-8,14,-8,14,-8,13,-8,13,-8,12,-9,11,-9,10,-10,10,-11,10,-11,10,-11,10,-11,9,-11,8,-12,8,-13,8,-14,8,-15,9,-15,0,0,8,-16,7,-16,6,-16,6,-15,6,-15,6,-14,6,-13,5,-13,5,-12,5,-12,4,-12,4,-13,3,-13,2,-14,2,-13,1,-14,1,-13,1,-14,2,-13,2,-13,2,-12,2,-12,2,-11,2,-10,3,-10,3,-9,3,-9,3,-9,0,0,0,0,0,0]"
CSI_DATA,1961312,1a:00:00:00:00:00,-71,11,-94,4,53,6,1961312,47,0,128,0,"[0,0,0,0,0,0,0,0,12,10,12,11,11,12,11,12,10,13,10,14,9,14,8,15,7,16,6,16,6,16,5,15,4,15,4,15,5,15,6,15,6,14,6,14,6,14,7,13,7,13,7,13,8,13,8,14,8,14,8,14,8,15,8,15,0,0,9,16,8,16,8,16,7,16,6,15,6,15,7,14,8,14,9,14,9,14,8,13,8,13,7,12,7,11,7,11,7,12,7,12,7,12,6,12,6,12,6,12,5,12,4,11,3,11,2,10,1,10,1,9,1,9,0,0,0,0,0,0]"
CSI_DATA,1963601,1a:00:00:00:00:00,-71,11,-94,4,53,6,1963601,47,0,128,0,"[0,0,0,0,0,0,0,0,-9,14,-9,14,-10,13,-11,13,-12,12,-13,12,-14,11,-14,10,-13,10,-13,10,-13,10,-13,10,-12,10,-12,10,-12,10,-11,10,-10,11,-10,11,-9,12,-9,12,-8,12,-8,12,-8,13,-8,14,-7,15,-7,15,-6,15,-6,15,0,0,-5,17,-5,16,-5,16,-5,16,-4,15,-4,15,-4,15,-4,16,-4,17,-3,16,-2,16,-1,15,1,14,1,13,1,13,1,14,2,14,2,14,2,13,2,13,2,13,1,12,0,12,0,11,-1,11,-1,10,-2,9,-2,8,0,0,0,0,0,0]"
CSI_DATA,1969312,1a:00:00:00:00:00,-71,11,-94,4,53,6,1969312,47,0,128,0,"[0,0,0,0,0,0,0,0,-14,-7,-13,-8,-13,-9,-13,-11,-13,-12,-13,-13,-12,-13,-11,-14,-10,-14,-8,-14,-7,-14,-8,-14,-8,-13,-8,-13,-8,-12,-9,-12,-9,-11,-9,-10,-10,-10,-10,-10,-11,-10,-11,-10,-11,-10,-12,-10,-12,-10,-12,-10,-13,-10,-13,-9,0,0,-14,-9,-14,-9,-14,-9,-14,-9,-14,-9,-14,-9,-12,-8,-12,-8,-11,-8,-11,-7,-12,-7,-12,-7,-13,-6,-13,-5,-13,-5,-13,-5,-12,-5,-13,-5,-12,-5,-12,-5,-12,-5,-11,-5,-10,-6,-9,-6,-8,-6,-8,-6,-7,-5,-7,-4,0,0,0,0,0,0]"
CSI_DATA,1973312,1a:00:00:00:00:00,-71,11,-94,4,53,6,1973312,47,0,128,0,"[0,0,0,0,0,0,0,0,-7,15,-7,15,-7,14,-9,14,-10,14,-11,14,-12,13,-12,13,-12,12,-12,12,-11,12,-11,12,-11,12,-10,11,-10,12,-9,12,-9,12,-8,12,-8,13,-8,13,-7,13,-7,13,-6,14,-5,14,-5,15,-5,16,-5,17,-5,17,0,0,-5,19,-5,19,-4,18,-4,18,-4,17,-4,16,-2,15,-1,15,1,15,1,15,1,15,0,15,1,14,0,14,2,13,2,14,2,13,2,13,1,13,1,13,1,13,1,13,1,13,0,12,0,11,-1,10,-1,9,-1,9,0,0,0,0,0,0]"
CSI_DATA,1979312,1a:00:00:00:00:00,-71,11,-94,4,53,6,1979312,47,0,128,0,"[0,0,0,0,0,0,0,0,-1,17,-1,17,-2,17,-4,17,-5,16,-5,16,-7,15,-8,14,-9,14,-10,14,-10,13,-10,13,-9,13,-8,12,-8,12,-7,13,-7,13,-6,13,-6,13,-6,14,-6,13,-7,14,-7,14,-7,14,-7,14,-6,15,-6,15,-5,16,0,0,-7,16,-7,16,-7,16,-6,16,-7,15,-7,14,-6,14,-5,15,-4,14,-3,15,-3,14,-3,14,-3,13,-4,13,-2,13,-3,13,-2,13,-3,13,-4,12,-5,12,-5,12,-5,11,-5,11,-5,10,-5,9,-5,8,-5,7,-5,7,0,0,0,0,0,0]"
CSI_DATA,1985616,1a:00:00:00:00:00,-71,11,-94,4,53,6,1985616,47,0,128,0,"[0,0,0,0,0,0,0,0,-17,-1,-17,-1,-17,0,-17,-1,-17,-1,-18,-1,-17,-2,-17,-2,-17,-3,-17,-3,-16,-3,-16,-4,-15,-3,-15,-1,-15,0,-15,1,-15,2,-14,3,-14,3,-13,3,-13,4,-13,4,-14,5,-15,7,-15,8,-15,9,-14,9,-14,9,0,0,-15,10,-14,11,-13,11,-12,12,-12,12,-11,12,-11,11,-10,10,-10,10,-8,10,-8,11,-7,12,-6,13,-6,14,-5,14,-4,14,-4,13,-3,13,-3,13,-3,12,-3,12,-3,12,-3,11,-3,11,-3,10,-3,9,-3,9,-3,9,0,0,0,0,0,0]"
CSI_DATA,2003312,1a:00:00:00:00:00,-71,11,-94,4,53,6,2003312,47,0,128,0,"[0,0,0,0,0,0,0,0,-16,2,-16,2,-16,1,-17,-1,-17,-2,-17,-4,-16,-6,-16,-7,-15,-8,-14,-8,-14,-8,-14,-8,-14,-8,-13,-8,-13,-8,-13,-7,-13,-7,-12,-6,-12,-6,-12,-6,-13,-6,-13,-6,-14,-6,-14,-6,-14,-6,-14,-7,-15,-8,-15,-9,0,0,-15,-7,-15,-7,-16,-8,-15,-8,-15,-8,-13,-8,-13,-9,-13,-9,-13,-9,-14,-9,-14,-8,-14,-7,-12,-6,-12,-5,-12,-5,-12,-6,-12,-6,-13,-7,-12,-7,-11,-8,-10,-8,-10,-8,-9,-8,-8,-8,-8,-8,-7,-7,-6,-7,-5,-7,0,0,0,0,0,0]"
CSI_DATA,2007312,1a:00:00:00:00:00,-71,11,-94,4,53,6,2007312,47,0,128,0,"[0,0,0,0,0,0,0,0,3,15,2,16,1,17,-1,17,-2,17,-2,17,-3,17,-4,16,-5,16,-5,16,-5,16,-6,16,-6,15,-5,15,-5,16,-5,16,-5,15,-4,14,-4,14,-4,13,-4,12,-3,13,-4,14,-3,15,-3,16,-2,17,-2,18,-2,18,0,0,-3,17,-3,17,-3,17,-3,17,-4,16,-4,16,-3,15,-2,14,-1,14,-1,13,-1,14,-1,14,-2,14,-2,14,-1,13,-1,13,0,13,-1,14,-2,13,-2,14,-2,13,-2,13,-2,11,-2,11,-2,10,-3,10,-4,10,-4,10,0,0,0,0,0,0]"
CSI_DATA,2011312,1a:00:00:00:00:00,-71,11,-94,4,53,6,2011312,47,0,128,0,"[0,0,0,0,0,0,0,0,16,-5,16,-5,17,-4,18,-3,18,-2,18,-2,18,-1,17,0,17,2,16,3,16,4,16,4,15,3,15,3,16,2,16,1,15,0,15,-1,15,-1,15,0,15,0,16,0,16,0,17,-1,16,-2,16,-2,16,-2,15,-2,0,0,18,-2,18,-3,17,-3,17,-3,16,-3,16,-2,15,-3,14,-3,13,-3,13,-4,12,-3,13,-4,13,-4,13,-4,13,-5,13,-5,13,-5,13,-5,13,-4,13,-3,13,-3,13,-3,12,-3,11,-2,11,-1,10,0,9,0,9,1,0,0,0,0,0,0]"
CSI_DATA,2017312,1a:00:00:00:00:00,-71,11,-94,4,53,6,2017312,47,0,128,0,"[0,0,0,0,0,0,0,0,16,-4,16,-3,17,-2,18,0,18,2,18,3,18,4,17,5,15,6,14,6,14,7,14,7,14,7,14,7,14,6,14,6,14,5,14,5,14,5,14,6,14,6,14,6,14,6,15,6,15,6,15,6,16,5,16,5,0,0,17,7,16,7,16,7,16,7,15,8,15,8,14,8,13,7,12,6,12,4,12,4,13,4,13,5,13,5,13,5,13,5,12,6,12,6,11,7,11,7,11,7,10,7,10,7,9,8,8,8,7,8,6,8,6,7,0,0,0,0,0,0]"
CSI_DATA,2021312,1a:00:00:00:00:00,-71,11,-94,4,53,6,2021312,47,0,128,0,"[0,0,0,0,0,0,0,0,-8,-13,-8,-14,-7,-15,-6,-16,-5,-17,-4,-18,-3,-18,-1,-18,0,-17,1,-17,1,-16,1,-15,1,-15,1,-15,0,-14,0,-15,-1,-15,-1,-15,-1,-15,-1,-14,-2,-15,-2,-14,-2,-15,-3,-15,-4,-16,-4,-16,-4,-18,-4,-18,0,0,-3,-17,-3,-17,-2,-17,-2,-17,-1,-17,-1,-16,-1,-16,-2,-16,-3,-16,-4,-16,-5,-15,-5,-15,-5,-14,-4,-13,-4,-13,-4,-14,-3,-14,-3,-14,-2,-13,-2,-13,-1,-12,-1,-12,0,-11,1,-12,1,-11,2,-10,2,-9,2,-9,0,0,0,0,0,0]"
CSI_DATA,2027312,1a:00:00:00:00:00,-71,11,-94,4,53,6,2027312,47,0,128,0,"[0,0,0,0,0,0,0,0,11,-11,12,-11,12,-11,13,-11,13,-10,14,-10,14,-10,15,-10,15,-9,15,-8,15,-8,14,-8,13,-9,12,-9,12,-10,11,-11,11,-11,9,-11,9,-11,8,-12,8,-12,7,-13,7,-13,7,-14,6,-15,5,-15,5,-15,4,-16,0,0,4,-17,3,-17,3,-16,2,-16,2,-16,2,-16,1,-15,-1,-14,-2,-14,-4,-14,-4,-13,-4,-13,-4,-14,-3,-13,-4,-13,-5,-12,-5,-12,-6,-12,-6,-12,-6,-12,-6,-12,-6,-12,-5,-11,-5,-10,-4,-10,-3,-9,-2,-9,-2,-9,0,0,0,0,0,0]"
CSI_DATA,2031312,1a:00:00:00:00:00,-71,11,-94,4,53,6,2031312,47,0,128,0,"[0,0,0,0,0,0,0,0,-12,12,-12,10,-13,9,-15,8,-17,6,-18,5,-19,5,-19,4,-18,3,-17,2,-17,1,-17,0,-16,-1,-15,0,-15,0,-15,1,-15,0,-15,1,-14,1,-14,2,-14,2,-14,2,-15,2,-15,3,-16,3,-16,2,-16,2,-16,1,0,0,-17,2,-17,1,-17,0,-17,0,-16,0,-15,0,-16,0,-16,0,-16,0,-16,0,-16,1,-15,1,-15,1,-13,1,-13,0,-14,0,-15,0,-15,-1,-14,-2,-13,-2,-12,-3,-12,-3,-11,-3,-11,-3,-10,-3,-10,-4,-9,-4,-9,-5,0,0,0,0,0,0]"
CSI_DATA,2033413,1a:00:00:00:00:00,-71,11,-94,4,53,6,2033413,47,0,128,0,"[0,0,0,0,0,0,0,0,8,13,8,14,7,15,7,16,6,17,6,17,5,17,5,17,4,17,3,16,2,16,2,15,2,15,2,15,3,16,4,16,4,15,5,14,5,13,6,12,7,12,7,12,7,13,8,13,7,13,8,13,9,13,10,14,0,0,11,14,11,14,11,14,11,13,11,13,11,12,10,13,11,12,12,12,12,11,13,9,12,8,12,7,12,7,11,7,12,7,12,7,13,7,13,7,12,7,11,7,10,6,10,7,10,7,9,7,9,7,8,6,7,6,0,0,0,0,0,0]"
CSI_DATA,2035312,1a:00:00:00:00:00,-71,11,-94,4,53,6,2035312,47,0,128,0,"[0,0,0,0,0,0,0,0,13,12,12,12,11,13,10,14,9,14,8,15,7,16,6,17,5,17,4,16,3,17,3,16,3,16,3,15,4,15,4,14,4,14,4,13,4,14,4,14,5,14,5,15,6,15,6,15,6,15,6,15,5,15,5,15,0,0,6,17,6,16,6,16,6,15,6,16,6,15,5,15,5,15,5,14,5,13,5,13,6,13,6,13,6,13,6,13,6,12,6,12,6,12,5,12,5,12,4,12,4,12,3,12,2,11,1,10,0,9,0,9,0,9,0,0,0,0,0,0]"
CSI_DATA,2037312,1a:00:00:00:00:00,-71,11,-94,4,53,6,2037312,47,0,128,0,"[0,0,0,0,0,0,0,0,-15,-8,-14,-8,-14,-9,-14,-10,-13,-11,-13,-12,-12,-12,-12,-13,-11,-13,-11,-13,-11,-13,-10,-13,-10,-12,-11,-11,-11,-11,-12,-10,-12,-9,-13,-8,-13,-8,-13,-7,-13,-7,-13,-6,-14,-6,-15,-6,-16,-5,-16,-4,-16,-4,-16,-3,0,0,-17,-3,-17,-4,-17,-3,-17,-3,-16,-2,-15,-2,-15,-1,-16,0,-16,2,-16,2,-15,3,-15,3,-14,3,-13,3,-13,3,-13,4,-13,4,-13,4,-13,4,-13,4,-13,4,-12,4,-12,4,-11,3,-10,2,-10,1,-9,1,-9,1,0,0,0,0,0,0]"
CSI_DATA,2041312,1a:00:00:00:00:00,-71,11,-94,4,53,6,2041312,47,0,128,0,"[0,0,0,0,0,0,0,0,11,11,11,12,9,13,8,15,7,17,6,17,5,18,3,18,1,18,0,17,-1,17,-1,17,0,17,0,16,0,15,0,15,1,14,0,14,0,14,0,15,0,15,-1,16,-1,15,0,16,0,15,0,16,-1,17,-1,17,0,0,-2,16,-3,16,-3,16,-4,16,-4,16,-4,15,-5,15,-5,15,-5,15,-4,15,-3,15,-3,16,-2,15,-3,14,-3,13,-4,13,-4,13,-4,13,-5,12,-5,12,-6,11,-6,10,-7,10,-7,9,-8,8,-7,7,-7,6,-6,5,0,0,0,0,0,0]"
CSI_DATA,2051313,1a:00:00:00:00:00,-71,11,-94,4,53,6,2051313,47,0,128,0,"[0,0,0,0,0,0,0,0,13,10,13,10,13,11,13,11,12,12,12,13,11,13,11,13,11,13,10,13,10,13,10,13,9,13,9,13,10,12,11,11,11,10,11,9,11,9,11,8,11,8,12,7,13,7,14,7,14,7,15,7,15,7,15,7,0,0,16,4,16,4,16,4,17,3,17,3,16,2,15,2,14,1,13,1,13,1,13,1,14,1,15,1,15,0,14,0,14,-1,13,-2,13,-2,13,-3,13,-3,13,-3,13,-2,12,-2,12,-1,11,-1,11,0,10,0,10,-1,0,0,0,0,0,0]"
CSI_DATA,2055312,1a:00:00:00:00:00,-71,11,-94,4,53,6,2055312,47,0,128,0,"[0,0,0,0,0,0,0,0,-14,-9,-13,-10,-13,-11,-12,-12,-11,-14,-9,-15,-8,-16,-7,-16,-6,-16,-5,-15,-4,-15,-3,-15,-2,-15,-2,-15,-2,-15,-3,-16,-3,-15,-3,-14,-3,-14,-3,-14,-4,-14,-4,-15,-4,-16,-4,-17,-3,-17,-3,-17,-3,-17,-2,-16,0,0,-3,-17,-2,-17,-1,-17,-1,-17,0,-16,1,-16,0,-16,0,-17,-1,-16,-1,-16,-1,-15,-1,-15,0,-14,1,-13,0,-14,1,-14,2,-14,2,-14,2,-14,3,-13,4,-13,4,-12,4,-12,5,-11,5,-10,6,-9,6,-7,7,-6,0,0,0,0,0,0]"
CSI_DATA,2061313,1a:00:00:00:00:00,-71,11,-94,4,53,6,2061313,47,0,128,0,"[0,0,0,0,0,0,0,0,5,-15,6,-15,7,-14,8,-14,9,-14,10,-14,11,-14,11,-14,11,-13,11,-13,10,-12,10,-12,10,-12,10,-12,10,-12,10,-13,9,-12,8,-13,8,-13,7,-14,7,-14,6,-14,5,-13,5,-14,5,-14,4,-14,5,-15,5,-16,0,0,4,-16,4,-16,4,-16,4,-16,3,-16,2,-15,2,-14,2,-14,2,-14,2,-14,1,-14,0,-14,-1,-15,-2,-14,-1,-13,-2,-13,-1,-13,-1,-13,-2,-13,-2,-14,-1,-13,-1,-13,0,-12,0,-12,1,-11,1,-10,1,-9,1,-9,0,0,0,0,0,0]"
CSI_DATA,2065968,1a:00:00:00:00:00,-71,11,-94,4,53,6,2065968,47,0,128,0,"[0,0,0,0,0,0,0,0,10,14,9,14,8,15,7,16,7,17,6,18,5,17,4,17,4,17,4,16,3,16,3,16,3,16,3,16,4,15,4,15,5,14,6,14,6,13,7,12,8,13,8,12,9,12,9,13,10,13,10,13,10,13,10,13,0,0,12,13,11,13,11,13,11,13,11,12,11,11,11,11,12,11,12,11,13,11,13,11,13,10,13,8,12,7,11,7,12,7,11,7,11,7,11,7,11,7,10,7,10,7,10,7,9,7,8,7,8,7,7,7,7,7,0,0,0,0,0,0]"
CSI_DATA,2079354,1a:00:00:00:00:00,-71,11,-94,4,53,6,2079354,47,0,128,0,"[0,0,0,0,0,0,0,0,-16,-1,-16,-1,-17,-2,-17,-3,-17,-4,-17,-5,-17,-5,-16,-6,-16,-6,-16,-6,-16,-6,-16,-6,-15,-6,-15,-6,-15,-6,-15,-5,-15,-4,-15,-3,-14,-2,-14,-1,-15,0,-15,0,-15,0,-15,1,-16,1,-16,2,-15,2,-15,3,0,0,-18,4,-17,4,-17,4,-17,3,-16,4,-15,4,-15,4,-15,5,-15,6,-15,7,-14,7,-13,7,-12,8,-12,8,-11,8,-11,8,-11,8,-11,8,-10,8,-10,7,-10,7,-10,7,-10,6,-10,6,-9,5,-9,5,-8,4,-8,4,0,0,0,0,0,0]"
CSI_DATA,2085313,1a:00:00:00:00:00,-71,11,-94,4,53,6,2085313,47,0,128,0,"[0,0,0,0,0,0,0,0,15,3,16,4,16,5,16,7,16,8,16,8,15,9,15,10,14,10,13,10,13,11,12,11,12,10,12,10,11,9,12,9,12,9,13,8,13,8,13,7,13,6,14,6,14,6,15,6,15,6,15,6,15,6,15,6,0,0,17,6,16,6,16,6,15,6,15,5,15,5,15,5,15,5,15,5,15,5,16,5,15,4,15,3,14,2,14,2,14,1,14,1,14,1,14,2,13,2,12,3,12,4,12,4,11,4,11,4,10,5,9,5,8,5,0,0,0,0,0,0]"
CSI_DATA,2088049,1a:00:00:00:00:00,-71,11,-94,4,53,6,2088049,47,0,128,0,"[0,0,0,0,0,0,0,0,11,12,10,12,10,13,10,14,10,15,10,16,8,15,8,16,7,15,6,15,6,15,6,15,7,14,7,14,8,13,9,13,10,12,11,11,11,11,11,10,11,10,11,10,12,10,14,10,14,10,14,9,14,8,13,8,0,0,17,6,16,6,17,6,16,6,16,5,15,5,16,5,16,5,16,5,16,4,15,4,14,2,14,0,13,0,14,0,14,0,14,0,14,0,14,0,13,-1,13,-1,13,-1,12,-1,12,0,11,0,11,1,10,1,9,1,0,0,0,0,0,0]"
CSI_DATA,2089352,1a:00:00:00:00:00,-71,11,-94,4,53,6,2089352,47,0,128,0,"[0,0,0,0,0,0,0,0,-5,15,-5,16,-5,17,-6,17,-7,17,-9,16,-10,15,-11,14,-11,13,-11,13,-10,14,-10,14,-10,13,-9,13,-9,12,-8,12,-7,12,-7,12,-6,13,-6,14,-6,14,-5,14,-5,14,-4,15,-3,15,-3,16,-3,16,-4,16,0,0,-2,17,-3,17,-3,17,-3,17,-4,17,-3,17,-4,16,-4,15,-4,14,-3,14,-2,14,-1,14,-1,16,0,16,-1,15,-1,15,0,15,1,14,1,14,1,13,1,13,0,13,0,13,-1,12,-1,11,-1,10,-2,9,-2,9,0,0,0,0,0,0]"
CSI_DATA,2093313,1a:00:00:00:00:00,-71,11,-94,4,53,6,2093313,47,0,128,0,"[0,0,0,0,0,0,0,0,-16,0,-16,0,-16,-1,-17,-2,-17,-3,-17,-4,-17,-4,-17,-5,-16,-5,-15,-6,-15,-6,-16,-6,-16,-5,-16,-5,-16,-4,-16,-3,-15,-2,-15,-2,-14,-1,-14,0,-14,0,-14,1,-15,2,-16,2,-16,3,-16,3,-16,4,-16,4,0,0,-18,5,-18,5,-17,5,-16,5,-16,4,-16,5,-14,5,-13,5,-12,5,-11,6,-11,6,-12,6,-12,6,-12,6,-11,7,-10,8,-10,9,-11,9,-11,9,-11,8,-11,8,-10,7,-10,7,-10,6,-9,6,-9,5,-8,5,-8,4,0,0,0,0,0,0]"
CSI_DATA,2099313,1a:00:00:00:00:00,-71,11,-94,4,53,6,2099313,47,0,128,0,"[0,0,0,0,0,0,0,0,-17,2,-16,1,-16,0,-17,-2,-17,-3,-18,-4,-17,-4,-17,-5,-16,-5,-15,-6,-15,-7,-15,-7,-15,-7,-14,-7,-14,-6,-14,-5,-14,-4,-13,-4,-13,-3,-14,-3,-14,-3,-14,-3,-15,-3,-16,-2,-16,-2,-16,-2,-16,-2,-16,-3,0,0,-17,-1,-17,-1,-17,-1,-16,-1,-16,-1,-16,-1,-15,-1,-14,-1,-13,-2,-13,-1,-13,-1,-13,-1,-14,0,-15,1,-14,2,-14,2,-14,2,-14,2,-14,1,-13,1,-13,0,-13,0,-12,-1,-12,-1,-11,-1,-10,-2,-10,-2,-9,-3,0,0,0,0,0,0]"
CSI_DATA,2101313,1a:00:00:00:00:00,-71,11,-94,4,53,6,2101313,47,0,128,0,"[0,0,0,0,0,0,0,0,-3,-15,-2,-16,-1,-16,0,-17,2,-17,3,-18,4,-17,5,-17,6,-16,7,-16,8,-15,8,-15,9,-14,8,-14,8,-13,8,-14,8,-13,8,-13,7,-13,8,-13,8,-12,8,-13,8,-13,8,-14,8,-14,9,-14,9,-14,9,-14,0,0,10,-16,10,-15,10,-14,10,-14,9,-13,9,-12,10,-13,10,-13,9,-13,10,-13,9,-13,9,-12,9,-11,9,-10,9,-10,10,-10,9,-10,10,-10,10,-10,10,-9,10,-8,10,-7,11,-6,11,-6,11,-5,10,-4,10,-3,9,-3,0,0,0,0,0,0]"
CSI_DATA,2103313,1a:00:00:00:00:00,-70,11,-94,4,53,6,2103313,47,0,128,0,"[0,0,0,0,0,0,0,0,4,16,3,16,2,17,2,18,1,18,1,18,0,17,-1,17,-3,17,-3,17,-3,16,-3,16,-3,15,-2,15,-2,15,-1,15,-1,15,1,15,1,15,1,14,2,14,2,14,2,15,2,16,2,16,3,16,3,16,3,16,0,0,5,19,5,18,6,17,6,16,5,15,4,15,5,15,5,14,7,13,7,13,7,12,7,12,6,12,6,12,7,11,8,12,7,12,7,12,7,12,6,11,6,11,5,10,5,10,5,10,4,10,3,10,3,10,2,10,0,0,0,0,0,0]"
CSI_DATA,2105313,1a:00:00:00:00:00,-71,11,-94,4,53,6,2105313,47,0,128,0,"[0,0,0,0,0,0,0,0,-16,2,-16,1,-16,0,-16,-2,-17,-3,-17,-4,-16,-5,-16,-7,-15,-7,-14,-8,-14,-8,-13,-9,-13,-8,-13,-8,-12,-8,-12,-8,-12,-7,-12,-7,-12,-7,-13,-7,-13,-7,-14,-8,-14,-8,-14,-8,-14,-7,-14,-7,-14,-7,-13,-8,0,0,-16,-8,-16,-9,-15,-9,-14,-9,-14,-9,-13,-8,-12,-9,-11,-9,-11,-9,-11,-9,-11,-9,-12,-8,-12,-7,-13,-6,-12,-7,-12,-7,-11,-7,-11,-7,-10,-8,-10,-8,-9,-8,-9,-8,-8,-8,-8,-8,-7,-8,-6,-8,-5,-9,-4,-9,0,0,0,0,0,0]"
CSI_DATA,2107313,1a:00:00:00:00:00,-71,11,-94,4,53,6,2107313,47,0,128,0,"[0,0,0,0,0,0,0,0,16,-4,17,-3,17,-2,17,-2,18,-1,19,0,18,1,17,2,16,2,16,3,15,3,16,2,16,1,16,1,16,1,15,0,15,-1,15,-1,15,-2,15,-2,15,-3,15,-3,15,-4,15,-5,15,-5,15,-5,15,-6,15,-6,0,0,15,-8,15,-8,14,-8,15,-7,14,-7,14,-6,15,-7,15,-8,14,-9,14,-10,13,-11,12,-11,11,-10,10,-9,10,-9,10,-10,10,-10,10,-10,10,-9,10,-8,10,-8,9,-7,9,-8,9,-8,8,-7,8,-7,8,-6,8,-6,0,0,0,0,0,0]"
CSI_DATA,2109313,1a:00:00:00:00:00,-71,11,-94,4,53,6,2109313,47,0,128,0,"[0,0,0,0,0,0,0,0,2,16,2,17,1,18,0,18,-1,18,-2,17,-3,16,-4,16,-5,16,-6,15,-7,15,-7,15,-7,14,-7,14,-6,14,-5,15,-4,14,-4,14,-4,14,-4,14,-4,14,-4,14,-4,15,-4,15,-4,15,-4,16,-3,16,-3,17,0,0,-6,18,-5,17,-5,17,-5,16,-5,16,-5,16,-5,15,-4,14,-4,13,-4,13,-3,12,-3,13,-4,13,-3,14,-2,14,-1,14,-2,13,-2,14,-3,13,-3,13,-4,12,-4,11,-4,11,-5,10,-6,9,-6,9,-6,8,-6,7,0,0,0,0,0,0]"
CSI_DATA,2113313,1a:00:00:00:00:00,-71,11,-94,4,53,6,2113313,47,0,128,0,"[0,0,0,0,0,0,0,0,14,-8,15,-8,15,-8,16,-8,16,-7,17,-6,17,-4,17,-4,17,-2,16,-2,16,-1,16,0,15,0,16,0,16,0,15,-2,15,-2,15,-3,15,-3,15,-3,15,-3,15,-4,15,-4,15,-4,15,-4,16,-4,17,-5,18,-5,0,0,16,-6,16,-6,16,-6,16,-6,16,-5,15,-5,15,-6,14,-7,14,-8,14,-8,14,-8,13,-8,12,-7,12,-7,13,-7,13,-8,12,-7,12,-7,12,-6,12,-5,12,-4,12,-4,12,-3,12,-3,11,-2,10,-2,9,-2,9,-1,0,0,0,0,0,0]"
CSI_DATA,2117313,1a:00:00:00:00:00,-71,11,-94,4,53,6,2117313,47,0,128,0,"[0,0,0,0,0,0,0,0,-10,-12,-9,-13,-9,-14,-9,-15,-8,-15,-7,-16,-6,-16,-5,-17,-5,-17,-4,-17,-4,-16,-3,-16,-3,-15,-4,-15,-5,-14,-5,-14,-6,-13,-6,-13,-6,-13,-6,-13,-5,-13,-6,-13,-6,-13,-7,-13,-8,-13,-9,-13,-10,-13,-10,-13,0,0,-10,-15,-10,-14,-10,-14,-9,-13,-10,-13,-9,-13,-8,-13,-8,-12,-8,-12,-9,-12,-10,-10,-10,-9,-11,-9,-12,-8,-11,-8,-11,-8,-11,-8,-11,-8,-10,-9,-9,-9,-8,-10,-8,-9,-8,-9,-8,-9,-7,-8,-6,-8,-6,-8,-5,-8,0,0,0,0,0,0]"
CSI_DATA,2121313,1a:00:00:00:00:00,-71,11,-94,4,53,6,2121313,47,0,128,0,"[0,0,0,0,0,0,0,0,-14,8,-14,8,-15,8,-15,7,-16,7,-17,6,-17,6,-17,6,-17,5,-16,4,-15,4,-15,4,-15,4,-15,4,-14,5,-14,6,-14,6,-13,6,-13,7,-13,7,-13,7,-13,8,-13,9,-13,10,-12,11,-12,11,-12,12,-12,11,0,0,-12,12,-12,12,-11,12,-12,12,-12,12,-11,11,-11,11,-11,10,-10,10,-9,10,-8,11,-8,12,-7,13,-6,13,-6,13,-5,13,-5,13,-6,13,-6,13,-6,13,-6,12,-6,12,-6,11,-6,10,-7,9,-7,8,-7,8,-7,8,0,0,0,0,0,0]"
CSI_DATA,2127313,1a:00:00:00:00:00,-71,11,-94,4,53,6,2127313,47,0,128,0,"[0,0,0,0,0,0,0,0,-8,15,-8,14,-9,14,-11,13,-11,13,-13,13,-13,12,-13,11,-14,9,-14,9,-14,8,-14,9,-14,8,-14,8,-14,8,-13,9,-12,8,-11,9,-11,9,-11,10,-11,10,-11,10,-11,11,-11,11,-12,12,-12,12,-12,12,-12,12,0,0,-11,13,-11,13,-12,13,-11,13,-11,13,-11,12,-11,11,-12,10,-12,10,-11,10,-11,10,-9,11,-9,11,-8,12,-8,11,-8,11,-8,11,-8,11,-8,11,-8,11,-8,10,-8,9,-8,8,-8,7,-8,7,-7,6,-8,6,-8,5,0,0,0,0,0,0]"
CSI_DATA,2133313,1a:00:00:00:00:00,-71,11,-94,4,53,6,2133313,47,0,128,0,"[0,0,0,0,0,0,0,0,-10,14,-11,13,-11,13,-12,12,-14,11,-15,11,-16,9,-16,8,-17,6,-17,5,-16,4,-16,4,-16,3,-15,3,-15,3,-15,3,-14,4,-14,5,-13,5,-13,4,-14,4,-13,4,-14,3,-14,4,-15,4,-16,4,-16,5,-17,4,0,0,-16,4,-16,4,-16,3,-16,3,-17,3,-17,2,-17,1,-16,1,-16,0,-16,0,-15,1,-15,2,-14,3,-13,4,-13,4,-14,4,-14,3,-14,3,-14,2,-14,1,-13,1,-13,0,-12,-1,-11,-2,-11,-2,-10,-3,-9,-3,-8,-3,0,0,0,0,0,0]"
CSI_DATA,2137313,1a:00:00:00:00:00,-71,11,-94,4,53,6,2137313,47,0,128,0,"[0,0,0,0,0,0,0,0,15,6,15,8,14,10,14,12,13,13,13,14,12,14,11,14,10,13,9,13,9,15,8,15,8,15,8,14,8,14,7,13,7,13,6,12,7,12,7,12,8,12,8,12,9,12,9,13,10,12,10,13,10,13,10,13,0,0,11,14,10,14,10,14,10,14,10,14,10,14,10,13,9,12,9,11,9,10,9,10,9,11,9,11,9,12,9,11,9,11,8,11,8,11,8,11,8,12,6,12,6,12,5,11,4,11,3,11,2,10,2,9,1,9,0,0,0,0,0,0]"
CSI_DATA,2141313,1a:00:00:00:00:00,-70,11,-94,4,53,6,2141313,47,0,128,0,"[0,0,0,0,0,0,0,0,7,-14,8,-14,9,-14,11,-14,11,-13,13,-14,13,-13,13,-12,14,-11,14,-10,14,-9,15,-8,14,-8,14,-8,13,-9,13,-9,12,-10,11,-10,11,-10,10,-10,10,-10,10,-10,11,-11,11,-11,11,-12,11,-12,11,-13,11,-13,0,0,11,-12,11,-12,12,-13,12,-12,12,-11,12,-11,11,-11,9,-11,8,-11,8,-12,8,-12,8,-12,8,-11,8,-11,7,-11,7,-12,7,-11,8,-11,8,-11,9,-10,9,-10,9,-9,9,-8,9,-8,9,-7,9,-6,8,-5,8,-4,0,0,0,0,0,0]"
CSI_DATA,2151313,1a:00:00:00:00:00,-71,11,-94,4,53,6,2151313,47,0,128,0,"[0,0,0,0,0,0,0,0,-16,-3,-16,-5,-17,-5,-17,-7,-17,-8,-16,-9,-14,-10,-13,-11,-12,-12,-11,-12,-11,-12,-11,-13,-11,-13,-11,-13,-11,-12,-11,-12,-11,-11,-11,-11,-11,-10,-10,-10,-10,-10,-10,-11,-11,-11,-12,-10,-13,-10,-13,-10,-13,-11,-13,-12,0,0,-14,-12,-13,-13,-13,-12,-12,-13,-10,-13,-10,-13,-11,-12,-12,-11,-13,-11,-13,-10,-13,-9,-13,-10,-11,-9,-10,-10,-10,-10,-10,-10,-10,-11,-10,-11,-9,-10,-8,-11,-8,-10,-7,-11,-7,-11,-6,-11,-5,-11,-5,-10,-4,-10,-4,-10,0,0,0,0,0,0]"
CSI_DATA,2157313,1a:00:00:00:00:00,-71,11,-94,4,53,6,2157313,47,0,128,0,"[0,0,0,0,0,0,0,0,-2,-17,-2,-17,-2,-17,-1,-17,-1,-18,0,-18,1,-17,2,-18,3,-17,3,-17,3,-16,2,-16,2,-16,1,-16,0,-16,0,-16,-1,-15,-2,-15,-3,-15,-4,-15,-4,-15,-5,-15,-5,-15,-7,-15,-7,-14,-8,-14,-8,-14,-8,-15,0,0,-9,-14,-10,-13,-10,-13,-10,-13,-10,-13,-10,-13,-10,-11,-11,-9,-10,-8,-11,-7,-11,-7,-12,-8,-12,-8,-12,-8,-13,-7,-13,-6,-13,-5,-13,-6,-12,-6,-12,-6,-11,-6,-11,-5,-11,-5,-11,-5,-10,-5,-9,-5,-8,-5,-8,-5,0,0,0,0,0,0]"
CSI_DATA,2163313,1a:00:00:00:00:00,-71,11,-94,4,53,6,2163313,47,0,128,0,"[0,0,0,0,0,0,0,0,-4,-16,-4,-17,-2,-17,-1,-18,0,-18,0,-19,1,-19,2,-19,3,-18,3,-17,4,-16,4,-16,4,-16,3,-16,3,-15,2,-15,1,-15,1,-15,1,-15,0,-15,-1,-16,-1,-16,-2,-16,-3,-16,-3,-16,-4,-16,-4,-15,-4,-15,0,0,-4,-18,-5,-18,-5,-17,-6,-17,-5,-16,-5,-15,-5,-15,-5,-14,-6,-13,-7,-13,-8,-12,-8,-12,-7,-12,-7,-12,-7,-12,-7,-12,-7,-12,-8,-12,-7,-12,-7,-12,-6,-11,-6,-11,-5,-11,-5,-10,-4,-10,-4,-9,-3,-9,-3,-9,0,0,0,0,0,0]"
CSI_DATA,2170709,1a:00:00:00:00:00,-71,11,-94,4,53,6,2170709,47,0,128,0,"[0,0,0,0,0,0,0,0,2,17,1,17,1,17,0,17,0,17,0,18,-1,18,-2,17,-2,17,-2,17,-2,16,-2,16,-1,16,0,16,1,16,2,16,2,16,3,15,4,15,4,15,6,14,6,14,7,14,7,14,8,15,8,15,9,15,9,14,0,0,12,13,11,13,12,13,12,12,12,11,12,11,13,11,13,10,15,9,15,8,16,7,15,6,14,5,13,4,13,5,13,4,13,3,14,3,13,3,13,3,13,3,12,2,12,2,11,2,11,2,10,3,9,3,8,3,0,0,0,0,0,0]"
CSI_DATA,2181313,1a:00:00:00:00:00,-70,11,-94,4,53,6,2181313,47,0,128,0,"[0,0,0,0,0,0,0,0,14,-9,14,-8,15,-8,16,-7,17,-7,17,-7,17,-6,18,-5,17,-4,17,-3,16,-3,16,-3,15,-3,15,-4,14,-4,15,-5,14,-5,14,-6,13,-7,13,-7,12,-8,13,-9,12,-10,13,-10,13,-11,13,-11,13,-11,13,-11,0,0,12,-13,12,-13,11,-13,11,-13,11,-12,10,-12,9,-12,8,-12,8,-11,7,-12,7,-12,7,-12,7,-12,7,-13,6,-13,5,-13,5,-13,5,-14,5,-14,5,-12,5,-12,5,-11,6,-10,6,-10,6,-9,6,-9,5,-9,6,-8,0,0,0,0,0,0]"
CSI_DATA,2185313,1a:00:00:00:00:00,-71,11,-94,4,53,6,2185313,47,0,128,0,"[0,0,0,0,0,0,0,0,-8,-15,-6,-16,-6,-17,-5,-17,-5,-18,-5,-18,-4,-18,-4,-18,-4,-17,-3,-17,-2,-17,-3,-17,-3,-17,-3,-17,-4,-16,-5,-16,-6,-15,-6,-15,-7,-14,-7,-13,-7,-13,-8,-13,-9,-13,-10,-13,-10,-13,-11,-14,-11,-13,-10,-13,0,0,-14,-11,-14,-11,-14,-11,-14,-11,-14,-11,-14,-10,-14,-9,-14,-7,-14,-6,-14,-6,-14,-5,-14,-5,-13,-5,-13,-6,-13,-5,-13,-4,-13,-3,-13,-3,-13,-3,-13,-3,-13,-3,-13,-3,-13,-4,-12,-4,-11,-4,-10,-5,-10,-5,-9,-5,0,0,0,0,0,0]"
CSI_DATA,2190439,1a:00:00:00:00:00,-71,11,-94,4,53,6,2190439,47,0,128,0,"[0,0,0,0,0,0,0,0,10,14,10,14,10,14,9,15,9,16,8,17,7,17,6,17,4,16,4,16,4,16,4,16,4,16,5,15,5,15,6,14,7,13,7,12,8,12,9,12,9,12,10,12,11,13,12,13,12,12,12,11,12,11,12,11,0,0,13,12,13,12,14,12,14,11,13,11,12,10,11,9,11,8,11,6,12,5,13,5,13,5,13,6,14,6,13,5,14,5,13,4,13,4,13,4,13,4,12,5,12,5,12,4,11,5,10,5,9,5,9,5,9,5,0,0,0,0,0,0]"
CSI_DATA,2191313,1a:00:00:00:00:00,-71,11,-94,4,53,6,2191313,47,0,128,0,"[0,0,0,0,0,0,0,0,-9,-14,-8,-15,-8,-15,-7,-16,-6,-17,-5,-18,-3,-17,-3,-17,-2,-17,-2,-17,-2,-17,-1,-17,-1,-16,-1,-15,-2,-15,-3,-15,-4,-14,-4,-14,-5,-14,-5,-14,-5,-14,-5,-14,-6,-14,-7,-14,-7,-14,-8,-15,-8,-15,-7,-15,0,0,-9,-16,-9,-16,-9,-15,-9,-15,-8,-15,-8,-15,-9,-14,-10,-14,-10,-12,-10,-11,-10,-11,-10,-11,-9,-11,-9,-11,-9,-10,-10,-10,-9,-10,-10,-10,-10,-10,-9,-10,-8,-10,-7,-10,-7,-10,-6,-10,-5,-9,-5,-9,-5,-9,-4,-9,0,0,0,0,0,0]"
CSI_DATA,2197313,1a:00:00:00:00:00,-71,11,-94,4,53,6,2197313,47,0,128,0,"[0,0,0,0,0,0,0,0,-9,-13,-9,-14,-8,-15,-7,-16,-5,-17,-4,-17,-3,-18,-2,-18,-1,-17,-1,-16,0,-16,1,-16,1,-16,1,-15,1,-16,0,-16,-1,-16,-1,-16,-1,-16,-1,-15,-1,-15,-1,-15,-2,-15,-2,-15,-2,-16,-2,-17,-1,-17,-1,-17,0,0,-3,-18,-2,-17,-2,-17,-1,-17,-1,-17,-1,-16,0,-15,0,-15,0,-14,0,-14,0,-14,-1,-15,-1,-15,-2,-15,-2,-15,-2,-15,-2,-15,-2,-15,-2,-14,-1,-14,-1,-13,0,-12,1,-11,1,-11,2,-11,2,-10,2,-10,2,-9,0,0,0,0,0,0]"
CSI_DATA,2201313,1a:00:00:00:00:00,-71,11,-94,4,53,6,2201313,47,0,128,0,"[0,0,0,0,0,0,0,0,-11,12,-12,12,-13,11,-14,11,-15,10,-16,9,-16,8,-17,8,-17,8,-16,7,-16,6,-16,6,-16,5,-16,5,-15,5,-16,5,-15,6,-14,6,-14,6,-14,7,-13,7,-13,7,-13,8,-14,9,-14,9,-15,9,-15,9,-15,9,0,0,-17,10,-16,9,-16,8,-15,8,-15,8,-15,8,-13,9,-12,10,-11,10,-11,10,-11,9,-11,9,-11,9,-11,8,-11,9,-10,10,-10,9,-10,10,-10,9,-11,8,-11,8,-11,7,-12,6,-12,5,-11,4,-10,4,-9,3,-9,3,0,0,0,0,0,0]"
CSI_DATA,2207313,1a:00:00:00:00:00,-71,11,-94,4,53,6,2207313,47,0,128,0,"[0,0,0,0,0,0,0,0,-10,14,-11,13,-12,13,-14,12,-15,11,-16,10,-16,8,-16,7,-16,6,-16,5,-16,4,-16,3,-16,3,-16,2,-16,2,-16,3,-16,3,-16,4,-15,5,-15,4,-14,5,-14,4,-14,4,-16,5,-16,5,-17,4,-16,4,-16,3,0,0,-18,4,-18,4,-17,3,-17,3,-16,2,-17,1,-16,2,-16,2,-15,3,-14,3,-14,2,-14,3,-13,2,-14,1,-14,2,-15,3,-14,2,-14,1,-14,1,-14,0,-14,-1,-14,-1,-13,-1,-12,-2,-11,-3,-11,-3,-10,-3,-10,-4,0,0,0,0,0,0]"
CSI_DATA,2209313,1a:00:00:00:00:00,-71,11,-94,4,53,6,2209313,47,0,128,0,"[0,0,0,0,0,0,0,0,7,-15,8,-15,9,-15,10,-15,11,-15,12,-14,12,-13,12,-13,12,-12,12,-11,12,-11,11,-11,12,-11,12,-11,11,-11,11,-12,10,-12,10,-12,9,-12,8,-12,7,-13,7,-13,7,-14,7,-15,7,-15,7,-15,7,-16,7,-16,0,0,7,-17,7,-17,7,-17,6,-16,5,-16,4,-15,4,-15,4,-15,4,-16,4,-16,3,-17,2,-16,1,-16,0,-14,1,-14,0,-14,0,-14,0,-14,-1,-15,0,-14,0,-13,1,-13,1,-12,2,-12,3,-11,2,-10,2,-9,2,-9,0,0,0,0,0,0]"
CSI_DATA,2211313,1a:00:00:00:00:00,-71,11,-94,4,53,6,2211313,47,0,128,0,"[0,0,0,0,0,0,0,0,16,7,16,8,16,9,15,10,15,11,15,12,14,13,13,13,12,13,10,13,9,14,9,14,9,14,9,14,9,15,9,15,10,14,9,13,10,13,10,12,11,12,11,12,11,12,11,13,12,13,12,13,12,14,13,14,0,0,12,16,11,15,11,14,10,13,10,12,10,13,10,13,10,13,11,13,11,13,11,13,11,13,11,11,10,11,10,11,10,11,9,11,9,12,8,11,8,12,8,11,7,11,6,11,5,11,4,11,3,10,2,10,2,10,0,0,0,0,0,0]"
CSI_DATA,2213313,1a:00:00:00:00:00,-71,11,-94,4,53,6,2213313,47,0,128,0,"[0,0,0,0,0,0,0,0,-16,-2,-17,-2,-17,-3,-18,-5,-18,-6,-18,-7,-17,-7,-16,-7,-15,-7,-14,-8,-14,-8,-14,-8,-14,-7,-14,-7,-15,-7,-15,-6,-14,-5,-14,-4,-15,-3,-15,-2,-15,-2,-16,-1,-16,-1,-17,0,-16,0,-16,1,-15,1,-14,2,0,0,-19,4,-18,3,-17,3,-17,3,-16,3,-17,3,-16,4,-15,5,-14,6,-12,6,-13,6,-12,6,-13,6,-13,6,-12,7,-12,8,-12,9,-12,9,-12,9,-11,9,-10,8,-10,7,-10,7,-10,6,-10,5,-10,4,-9,4,-9,4,0,0,0,0,0,0]"
CSI_DATA,2217313,1a:00:00:00:00:00,-71,11,-94,4,53,6,2217313,47,0,128,0,"[0,0,0,0,0,0,0,0,-2,17,-2,17,-3,17,-3,18,-4,17,-4,18,-5,17,-5,17,-6,17,-7,16,-7,16,-6,15,-6,15,-5,16,-4,15,-3,16,-2,16,-1,16,0,15,0,16,1,16,1,16,2,16,3,16,3,16,3,16,4,16,4,17,0,0,6,16,7,16,7,16,8,16,8,15,8,15,9,13,10,12,10,11,11,11,10,10,11,10,10,10,10,10,10,10,11,10,11,9,11,8,11,8,11,8,11,8,10,8,10,8,9,8,8,8,7,7,7,7,7,6,0,0,0,0,0,0]"
CSI_DATA,2221313,1a:00:00:00:00:00,-71,11,-94,4,53,6,2221313,47,0,128,0,"[0,0,0,0,0,0,0,0,2,-16,3,-16,5,-16,6,-17,8,-17,10,-16,11,-16,11,-15,12,-13,12,-11,12,-10,12,-10,13,-10,13,-10,13,-10,12,-10,12,-10,11,-10,10,-11,10,-11,11,-12,12,-11,12,-11,12,-11,13,-11,13,-10,14,-10,14,-10,0,0,14,-12,14,-11,13,-11,13,-11,13,-10,13,-9,14,-8,15,-7,15,-7,15,-8,14,-9,13,-9,12,-9,12,-9,12,-9,12,-9,12,-8,13,-8,13,-6,13,-6,12,-5,12,-4,12,-4,11,-3,10,-2,10,-1,9,0,9,0,0,0,0,0,0,0]"
CSI_DATA,2227313,1a:00:00:00:00:00,-71,11,-94,4,53,6,2227313,47,0,128,0,"[0,0,0,0,0,0,0,0,17,-3,17,-3,17,-3,18,-2,18,-1,18,-1,17,1,17,1,17,1,17,1,17,1,17,1,17,1,17,1,16,1,16,0,16,-1,15,-3,15,-4,14,-4,14,-4,15,-5,15,-5,15,-5,16,-6,16,-7,16,-8,16,-8,0,0,15,-9,15,-8,14,-8,14,-8,14,-8,14,-8,14,-9,13,-10,13,-10,12,-10,12,-11,11,-11,10,-11,9,-11,9,-11,9,-12,8,-12,8,-12,9,-11,9,-11,9,-10,8,-10,8,-9,8,-9,7,-8,7,-7,7,-6,7,-6,0,0,0,0,0,0]"
CSI_DATA,2231313,1a:00:00:00:00:00,-71,11,-94,4,53,6,2231313,47,0,128,0,"[0,0,0,0,0,0,0,0,-6,-16,-5,-16,-5,-17,-4,-17,-3,-18,-3,-18,-2,-18,-2,-18,-2,-18,-1,-18,-1,-17,-1,-17,-2,-17,-2,-16,-4,-16,-5,-16,-5,-15,-6,-14,-7,-14,-7,-13,-8,-14,-8,-13,-9,-14,-10,-14,-10,-14,-11,-13,-12,-12,-11,-11,0,0,-14,-12,-14,-11,-14,-11,-14,-11,-13,-11,-13,-10,-12,-9,-12,-9,-12,-8,-13,-7,-14,-7,-14,-6,-15,-5,-15,-4,-14,-3,-14,-3,-14,-3,-14,-3,-14,-3,-13,-3,-13,-3,-12,-3,-11,-2,-11,-3,-11,-3,-10,-3,-10,-3,-10,-3,0,0,0,0,0,0]"
CSI_DATA,2237314,1a:00:00:00:00:00,-71,11,-94,4,53,6,2237314,47,0,128,0,"[0,0,0,0,0,0,0,0,-9,-13,-9,-14,-8,-15,-8,-16,-7,-17,-7,-18,-6,-18,-5,-18,-4,-17,-3,-17,-3,-16,-3,-16,-3,-16,-3,-16,-4,-16,-5,-15,-5,-15,-5,-14,-6,-14,-6,-13,-6,-13,-6,-13,-7,-14,-8,-14,-9,-14,-9,-14,-10,-14,-10,-13,0,0,-10,-14,-10,-13,-11,-13,-11,-13,-11,-13,-11,-12,-11,-13,-11,-14,-11,-14,-10,-13,-11,-11,-11,-10,-11,-9,-12,-8,-12,-8,-12,-8,-12,-8,-12,-8,-11,-8,-11,-8,-10,-9,-10,-8,-9,-8,-9,-8,-8,-8,-7,-8,-6,-7,-5,-7,0,0,0,0,0,0]"
CSI_DATA,2241314,1a:00:00:00:00:00,-71,11,-94,4,53,6,2241314,47,0,128,0,"[0,0,0,0,0,0,0,0,-13,10,-13,9,-14,9,-15,8,-16,8,-17,8,-17,7,-17,6,-17,5,-16,4,-16,4,-16,4,-16,5,-15,5,-15,7,-14,7,-13,7,-12,8,-12,8,-11,9,-11,9,-12,9,-12,10,-13,11,-13,12,-12,12,-12,12,-12,12,0,0,-12,13,-12,13,-11,13,-10,13,-10,13,-10,13,-9,11,-8,11,-8,11,-7,12,-7,13,-6,13,-6,14,-5,14,-4,13,-4,14,-4,14,-4,14,-4,14,-4,13,-5,13,-5,13,-5,12,-5,12,-5,11,-5,10,-5,9,-6,8,0,0,0,0,0,0]"
CSI_DATA,2247402,1a:00:00:00:00:00,-71,11,-94,4,53,6,2247402,47,0,128,0,"[0,0,0,0,0,0,0,0,-17,-3,-16,-4,-17,-5,-17,-6,-17,-7,-17,-8,-16,-9,-15,-9,-14,-9,-13,-10,-13,-10,-13,-10,-13,-10,-12,-10,-13,-10,-13,-9,-13,-8,-13,-8,-13,-8,-13,-7,-13,-7,-13,-7,-14,-7,-15,-7,-16,-7,-16,-6,-16,-6,-15,-6,0,0,-17,-7,-16,-7,-16,-7,-16,-7,-16,-6,-15,-6,-15,-6,-14,-7,-14,-8,-15,-7,-15,-7,-16,-6,-15,-4,-14,-3,-14,-4,-13,-4,-13,-4,-14,-4,-14,-4,-14,-4,-13,-4,-13,-4,-12,-4,-11,-4,-10,-5,-10,-5,-9,-6,-8,-6,0,0,0,0,0,0]"
CSI_DATA,2251314,1a:00:00:00:00:00,-71,11,-94,4,53,6,2251314,47,0,128,0,"[0,0,0,0,0,0,0,0,14,7,14,9,14,10,13,11,13,12,13,13,12,14,11,15,11,15,10,15,9,15,9,14,9,13,9,12,9,12,10,12,11,11,11,11,11,10,11,10,11,9,12,10,12,10,13,10,14,10,15,9,15,9,16,8,0,0,15,11,15,9,15,9,15,9,15,9,15,9,14,9,13,7,13,5,13,4,13,4,14,4,14,4,14,5,14,4,14,4,14,4,14,4,13,5,13,5,13,4,13,5,12,4,11,4,10,4,9,5,8,5,8,6,0,0,0,0,0,0]"
CSI_DATA,2257314,1a:00:00:00:00:00,-70,11,-94,4,53,6,2257314,47,0,128,0,"[0,0,0,0,0,0,0,0,15,7,15,9,14,10,14,11,13,13,12,13,11,15,10,15,10,15,9,15,9,15,8,15,8,14,8,13,8,14,9,14,8,13,8,13,8,13,8,13,9,12,9,12,10,12,11,13,11,13,11,14,11,15,11,15,0,0,11,14,11,14,11,14,11,14,10,15,9,14,9,13,9,12,10,11,10,10,10,10,10,10,9,11,9,11,9,11,9,11,9,11,9,11,9,12,8,12,7,11,7,11,6,10,6,10,5,10,4,10,3,10,2,10,0,0,0,0,0,0]"
CSI_DATA,2261314,1a:00:00:00:00:00,-71,11,-94,4,53,6,2261314,47,0,128,0,"[0,0,0,0,0,0,0,0,8,-15,9,-15,10,-15,11,-14,12,-13,13,-13,14,-12,14,-12,14,-11,14,-10,14,-10,14,-9,13,-9,12,-9,13,-9,12,-9,12,-10,11,-10,12,-10,11,-10,11,-10,11,-10,12,-11,11,-12,11,-12,10,-13,10,-13,10,-14,0,0,11,-15,12,-14,12,-14,12,-13,11,-12,11,-12,10,-12,10,-13,9,-14,9,-14,8,-14,8,-13,7,-12,7,-12,7,-12,7,-13,7,-12,7,-12,7,-12,7,-11,7,-11,7,-10,7,-10,7,-9,7,-8,7,-7,7,-6,7,-5,0,0,0,0,0,0]"
CSI_DATA,2265314,1a:00:00:00:00:00,-71,11,-94,4,53,6,2265314,47,0,128,0,"[0,0,0,0,0,0,0,0,-18,-2,-17,-3,-17,-4,-17,-5,-17,-7,-17,-8,-16,-9,-15,-10,-14,-10,-13,-11,-13,-10,-13,-10,-14,-10,-14,-9,-14,-8,-15,-8,-14,-7,-14,-7,-14,-7,-14,-6,-13,-6,-14,-5,-14,-5,-15,-5,-15,-4,-16,-4,-16,-4,-16,-3,0,0,-18,-4,-17,-4,-16,-4,-16,-4,-15,-3,-16,-3,-16,-3,-16,-3,-16,-3,-16,-2,-16,-1,-15,-1,-15,0,-14,0,-14,0,-14,0,-14,0,-13,0,-13,0,-13,-1,-12,-1,-12,-1,-12,-1,-12,-1,-11,-1,-10,-2,-9,-2,-9,-3,0,0,0,0,0,0]"
CSI_DATA,2275314,1a:00:00:00:00:00,-71,11,-94,4,53,6,2275314,47,0,128,0,"[0,0,0,0,0,0,0,0,-1,17,-1,17,-2,17,-3,17,-4,17,-5,17,-7,16,-7,16,-8,15,-9,15,-10,14,-9,15,-9,15,-8,14,-8,14,-7,15,-7,14,-6,14,-6,14,-6,14,-6,14,-6,14,-6,14,-5,15,-5,16,-5,16,-5,17,-4,17,0,0,-6,19,-5,18,-5,17,-5,16,-5,16,-5,15,-6,15,-6,16,-6,16,-4,16,-4,16,-3,16,-1,16,-1,15,-2,15,-2,15,-3,14,-3,14,-3,14,-4,14,-4,13,-4,12,-4,12,-4,11,-5,10,-5,9,-5,9,-6,8,0,0,0,0,0,0]"
CSI_DATA,2287314,1a:00:00:00:00:00,-71,11,-94,4,53,6,2287314,47,0,128,0,"[0,0,0,0,0,0,0,0,-14,9,-15,9,-15,9,-16,8,-17,8,-17,7,-17,6,-17,6,-17,5,-17,4,-17,4,-16,5,-16,5,-15,5,-15,6,-14,6,-14,6,-13,7,-13,8,-12,9,-11,9,-11,9,-12,10,-12,11,-12,12,-12,12,-12,12,-11,13,0,0,-12,14,-11,13,-11,14,-11,13,-10,14,-9,13,-9,14,-9,16,-8,17,-7,16,-6,16,-5,15,-4,14,-3,13,-3,13,-3,14,-3,14,-3,13,-3,13,-3,12,-3,12,-3,12,-3,12,-3,11,-3,10,-3,10,-4,9,-4,9,0,0,0,0,0,0]"
CSI_DATA,2292838,1a:00:00:00:00:00,-71,11,-94,4,53,6,2292838,47,0,128,0,"[0,0,0,0,0,0,0,0,4,16,4,16,4,17,3,17,3,18,2,18,0,18,-1,18,-2,18,-2,17,-2,17,-2,16,-2,15,-1,15,-1,15,0,15,1,15,1,15,1,15,2,15,3,15,3,15,3,15,4,16,4,16,4,17,5,17,5,16,0,0,5,19,5,18,5,17,5,17,5,16,5,16,6,15,6,14,6,13,7,12,7,12,7,12,7,13,7,12,8,11,9,11,8,11,9,11,9,11,8,11,7,11,7,11,7,11,6,11,5,10,5,10,4,9,4,9,0,0,0,0,0,0]"
CSI_DATA,2297314,1a:00:00:00:00:00,-71,11,-94,4,53,6,2297314,47,0,128,0,"[0,0,0,0,0,0,0,0,6,15,5,15,4,17,3,18,2,19,2,20,2,19,1,18,1,18,0,17,0,17,0,17,0,16,0,16,0,16,1,16,2,16,2,15,3,15,3,14,4,14,5,15,6,15,6,16,6,16,6,16,6,16,7,16,0,0,8,16,8,16,8,16,8,15,9,15,9,15,8,14,8,13,7,12,7,12,7,12,7,12,9,12,9,12,10,11,10,10,10,10,10,9,10,10,9,9,9,9,9,9,8,9,7,9,6,9,6,9,5,9,5,10,0,0,0,0,0,0]"
CSI_DATA,2301314,1a:00:00:00:00:00,-71,11,-94,4,53,6,2301314,47,0,128,0,"[0,0,0,0,0,0,0,0,13,-13,13,-12,13,-11,14,-11,15,-10,16,-10,16,-10,17,-9,16,-9,16,-8,16,-8,15,-7,14,-7,14,-7,14,-8,14,-8,13,-9,13,-9,13,-10,12,-11,11,-11,10,-11,9,-11,9,-12,9,-12,10,-13,10,-14,10,-14,0,0,10,-16,9,-16,9,-15,8,-15,9,-15,8,-15,7,-15,5,-15,5,-14,4,-14,4,-14,3,-14,3,-14,3,-14,2,-13,1,-14,1,-14,1,-14,1,-14,1,-14,1,-14,2,-13,2,-13,2,-12,3,-11,2,-10,3,-9,3,-9,0,0,0,0,0,0]"
CSI_DATA,2305314,1a:00:00:00:00:00,-71,11,-94,4,53,6,2305314,47,0,128,0,"[0,0,0,0,0,0,0,0,-12,11,-13,9,-15,9,-16,8,-17,7,-17,5,-17,5,-17,3,-17,3,-17,1,-17,1,-18,-1,-18,-2,-17,-3,-16,-2,-16,-2,-15,-1,-15,-1,-15,-1,-15,-1,-15,-1,-15,-1,-15,-1,-16,-2,-17,-2,-17,-2,-17,-2,-16,-2,0,0,-18,-4,-18,-4,-17,-4,-17,-5,-16,-5,-16,-5,-15,-5,-16,-4,-16,-4,-16,-4,-15,-4,-15,-5,-14,-6,-13,-6,-13,-7,-13,-7,-13,-7,-12,-7,-12,-6,-11,-6,-11,-7,-10,-8,-9,-9,-8,-9,-7,-10,-6,-10,-5,-10,-4,-9,0,0,0,0,0,0]"
CSI_DATA,2311314,1a:00:00:00:00:00,-71,11,-94,4,53,6,2311314,47,0,128,0,"[0,0,0,0,0,0,0,0,-14,-8,-13,-9,-13,-11,-13,-12,-12,-13,-12,-13,-11,-15,-10,-15,-10,-15,-9,-14,-9,-14,-8,-14,-8,-14,-8,-13,-8,-13,-10,-13,-10,-13,-10,-12,-11,-12,-11,-11,-11,-11,-12,-10,-12,-10,-12,-10,-12,-10,-13,-10,-14,-11,-15,-11,0,0,-15,-11,-15,-11,-14,-10,-14,-10,-14,-9,-13,-8,-14,-7,-15,-6,-15,-5,-15,-5,-15,-4,-14,-4,-13,-4,-13,-5,-13,-4,-14,-4,-13,-3,-13,-4,-13,-4,-12,-4,-12,-5,-12,-5,-12,-6,-12,-5,-11,-5,-10,-5,-9,-5,-8,-5,0,0,0,0,0,0]"
CSI_DATA,2317314,1a:00:00:00:00:00,-71,11,-94,4,53,6,2317314,47,0,128,0,"[0,0,0,0,0,0,0,0,-16,-7,-15,-8,-14,-9,-14,-10,-14,-11,-14,-13,-13,-13,-12,-14,-10,-14,-9,-14,-8,-14,-8,-14,-8,-14,-8,-14,-8,-14,-9,-13,-9,-13,-9,-12,-10,-12,-10,-12,-10,-12,-10,-12,-10,-11,-10,-12,-11,-12,-10,-13,-11,-14,-10,-14,0,0,-11,-14,-11,-14,-11,-14,-11,-14,-10,-13,-10,-13,-11,-12,-11,-11,-11,-10,-11,-10,-10,-9,-10,-10,-10,-10,-9,-10,-10,-10,-10,-10,-10,-10,-10,-10,-10,-10,-9,-10,-9,-10,-8,-10,-8,-10,-7,-10,-5,-10,-4,-9,-3,-9,-2,-8,0,0,0,0,0,0]"
CSI_DATA,2319314,1a:00:00:00:00:00,-71,11,-94,4,53,6,2319314,47,0,128,0,"[0,0,0,0,0,0,0,0,15,7,15,8,16,8,16,8,15,9,15,10,14,11,14,12,13,12,12,12,12,12,12,12,12,11,13,11,12,10,13,9,12,8,13,7,13,6,14,5,14,5,15,4,15,4,15,3,16,3,16,3,17,3,18,3,0,0,19,0,19,0,18,-1,17,-1,17,-2,16,-2,15,-2,16,-2,16,-2,16,-1,16,-2,16,-3,15,-5,14,-6,13,-6,13,-7,12,-7,12,-7,12,-6,11,-6,11,-5,11,-6,10,-5,11,-5,11,-4,10,-4,10,-3,9,-3,0,0,0,0,0,0]"
CSI_DATA,2321314,1a:00:00:00:00:00,-71,11,-94,4,53,6,2321314,47,0,128,0,"[0,0,0,0,0,0,0,0,-6,16,-6,16,-7,16,-8,16,-8,16,-9,16,-10,15,-11,15,-12,13,-12,12,-12,12,-12,12,-11,12,-11,12,-11,11,-10,12,-9,12,-9,13,-9,13,-9,13,-8,12,-8,13,-7,13,-7,14,-6,15,-6,16,-7,16,-7,16,0,0,-8,18,-7,17,-8,16,-8,15,-7,14,-7,14,-8,14,-7,15,-7,15,-7,16,-6,16,-6,15,-4,14,-4,13,-5,14,-4,14,-3,15,-4,15,-4,14,-4,13,-5,12,-5,12,-6,11,-5,11,-6,11,-6,9,-7,8,-7,8,0,0,0,0,0,0]"
CSI_DATA,2327314,1a:00:00:00:00:00,-71,11,-94,4,53,6,2327314,47,0,128,0,"[0,0,0,0,0,0,0,0,-4,16,-5,16,-5,16,-7,16,-8,16,-9,16,-10,14,-11,14,-12,13,-13,12,-14,12,-14,11,-14,11,-13,11,-12,11,-12,12,-11,11,-10,11,-10,11,-10,11,-10,11,-11,11,-11,12,-12,12,-11,12,-12,12,-12,12,-13,13,0,0,-14,14,-14,13,-13,12,-13,11,-12,10,-13,10,-13,10,-13,10,-12,11,-12,11,-11,11,-11,11,-10,10,-10,9,-10,9,-11,9,-11,10,-11,9,-11,9,-12,8,-11,7,-11,6,-11,5,-10,5,-10,4,-10,3,-10,2,-11,1,0,0,0,0,0,0]"
CSI_DATA,2331314,1a:00:00:00:00:00,-71,11,-94,4,53,6,2331314,47,0,128,0,"[0,0,0,0,0,0,0,0,17,1,17,1,17,2,17,3,18,5,18,5,18,7,17,7,16,8,15,9,14,9,14,9,13,10,13,10,13,10,13,9,14,8,14,7,14,6,15,6,15,6,15,6,15,6,16,7,15,7,15,7,15,7,15,8,0,0,18,7,17,7,16,7,16,7,15,7,14,7,15,8,15,8,16,8,16,8,16,7,15,6,14,4,13,4,13,4,13,5,13,5,13,6,12,6,12,7,11,7,11,7,11,7,10,8,9,7,8,7,7,7,7,6,0,0,0,0,0,0]"
CSI_DATA,2334496,1a:00:00:00:00:00,-71,11,-94,4,53,6,2334496,47,0,128,0,"[0,0,0,0,0,0,0,0,17,-1,16,0,17,1,17,2,18,3,18,4,18,5,18,4,18,4,17,5,16,5,15,6,15,6,15,6,15,6,15,4,16,3,16,3,15,2,16,2,16,1,17,0,17,0,17,-1,17,-1,17,-1,16,0,17,0,0,0,19,-2,19,-2,19,-2,18,-2,17,-2,16,-2,16,-2,16,-3,17,-4,17,-4,16,-5,15,-5,14,-5,13,-4,12,-5,13,-4,13,-5,14,-5,14,-5,13,-5,13,-5,12,-4,12,-4,12,-3,12,-2,12,-2,11,-1,10,0,0,0,0,0,0,0]"
CSI_DATA,2339314,1a:00:00:00:00:00,-70,11,-94,4,53,6,2339314,47,0,128,0,"[0,0,0,0,0,0,0,0,-16,8,-16,7,-16,7,-17,6,-17,5,-18,4,-17,3,-17,2,-17,1,-17,0,-17,0,-17,0,-17,0,-17,0,-16,1,-16,1,-15,2,-15,2,-15,3,-14,4,-14,4,-14,5,-15,5,-16,6,-16,6,-16,6,-16,7,-16,7,0,0,-16,8,-16,8,-16,7,-16,7,-16,6,-15,6,-14,7,-13,8,-12,9,-11,9,-11,9,-11,9,-12,8,-12,9,-11,9,-11,10,-11,9,-11,9,-10,9,-11,8,-11,8,-11,8,-11,7,-10,7,-10,5,-10,5,-9,4,-10,3,0,0,0,0,0,0]"
CSI_DATA,2345314,1a:00:00:00:00:00,-70,11,-94,4,53,6,2345314,47,0,128,0,"[0,0,0,0,0,0,0,0,-16,6,-16,6,-17,5,-17,4,-18,2,-19,1,-18,0,-18,-1,-17,-2,-16,-3,-16,-4,-16,-4,-16,-4,-16,-4,-16,-3,-16,-3,-15,-2,-15,-2,-16,-1,-16,-2,-16,-2,-16,-3,-16,-2,-16,-1,-16,-1,-17,0,-16,0,-16,-1,0,0,-18,-1,-18,0,-17,0,-17,0,-16,-2,-16,-3,-15,-3,-14,-2,-13,-2,-13,-1,-13,-1,-14,-1,-14,-1,-14,-1,-14,-1,-15,-1,-14,-1,-14,-1,-14,-2,-14,-2,-13,-3,-12,-3,-12,-3,-11,-4,-10,-4,-9,-4,-9,-4,-9,-5,0,0,0,0,0,0]"
CSI_DATA,2351314,1a:00:00:00:00:00,-70,11,-94,4,53,6,2351314,47,0,128,0,"[0,0,0,0,0,0,0,0,-13,-10,-13,-10,-13,-11,-13,-13,-13,-13,-12,-14,-11,-15,-11,-15,-10,-15,-10,-14,-9,-14,-9,-14,-9,-13,-10,-13,-10,-12,-12,-11,-12,-10,-13,-8,-13,-8,-14,-7,-14,-7,-14,-7,-14,-7,-15,-6,-16,-5,-17,-4,-17,-4,-18,-4,0,0,-18,-2,-17,-2,-17,-2,-17,-2,-17,-2,-17,-1,-16,-1,-15,-1,-14,0,-14,1,-14,1,-14,2,-14,3,-14,4,-13,4,-13,5,-13,5,-14,6,-13,6,-13,5,-12,5,-11,5,-11,5,-11,5,-10,4,-10,4,-10,4,-10,3,0,0,0,0,0,0]"
CSI_DATA,2357314,1a:00:00:00:00:00,-70,11,-94,4,53,6,2357314,47,0,128,0,"[0,0,0,0,0,0,0,0,-14,-8,-13,-9,-13,-9,-13,-10,-14,-11,-14,-12,-13,-13,-12,-14,-11,-14,-10,-15,-9,-14,-9,-14,-9,-14,-10,-13,-10,-13,-10,-12,-11,-11,-11,-10,-11,-9,-12,-8,-12,-9,-13,-9,-14,-9,-15,-9,-15,-9,-15,-8,-15,-8,-15,-8,0,0,-17,-7,-16,-7,-16,-7,-15,-6,-16,-7,-15,-6,-15,-6,-14,-6,-14,-5,-14,-4,-14,-4,-14,-3,-15,-3,-14,-2,-14,-1,-14,-2,-14,-2,-14,-1,-13,-1,-13,-1,-13,-1,-13,-1,-12,-2,-11,-3,-10,-3,-10,-3,-9,-3,-9,-3,0,0,0,0,0,0]"
CSI_DATA,2361314,1a:00:00:00:00:00,-70,11,-94,4,53,6,2361314,47,0,128,0,"[0,0,0,0,0,0,0,0,-3,16,-4,16,-4,17,-5,17,-7,17,-8,18,-9,17,-9,16,-9,15,-9,14,-9,14,-9,14,-8,14,-8,14,-8,14,-6,14,-5,14,-5,14,-4,14,-4,14,-3,14,-3,14,-2,15,-1,16,0,16,0,17,1,17,1,17,0,0,2,18,2,18,1,17,1,17,1,16,1,17,3,16,4,15,5,14,6,13,6,12,6,13,6,12,7,13,8,12,8,12,8,12,7,13,7,12,7,13,6,12,7,12,7,12,6,11,5,11,4,10,3,10,3,9,0,0,0,0,0,0]"
CSI_DATA,2365314,1a:00:00:00:00:00,-71,11,-94,4,53,6,2365314,47,0,128,0,"[0,0,0,0,0,0,0,0,17,0,17,1,18,2,18,3,18,3,18,4,17,4,17,5,17,5,16,5,16,5,16,4,16,3,16,3,16,2,16,1,16,1,15,0,15,-1,15,-2,15,-2,15,-3,16,-3,16,-4,16,-5,16,-6,16,-7,16,-8,0,0,16,-6,16,-7,15,-8,15,-8,14,-8,14,-8,14,-9,13,-10,13,-11,12,-12,10,-12,10,-12,9,-11,8,-11,8,-11,7,-12,7,-12,7,-12,7,-12,7,-12,7,-11,7,-11,7,-11,6,-10,6,-9,6,-9,6,-9,5,-8,0,0,0,0,0,0]"
CSI_DATA,2367314,1a:00:00:00:00:00,-70,11,-94,4,53,6,2367314,47,0,128,0,"[0,0,0,0,0,0,0,0,-1,16,-1,16,-2,17,-3,18,-5,18,-6,18,-7,17,-8,17,-9,16,-9,15,-9,14,-9,14,-8,14,-8,14,-7,14,-7,14,-6,14,-5,14,-4,14,-5,15,-4,15,-4,15,-5,16,-4,16,-4,16,-3,16,-3,16,-3,16,0,0,-4,18,-3,18,-3,17,-3,17,-3,17,-3,17,-3,16,-2,15,-1,15,0,14,0,14,0,14,0,15,0,15,0,14,0,14,0,14,0,15,-1,14,-1,15,-1,14,-1,13,0,13,0,12,-1,11,-1,10,-2,9,-3,9,0,0,0,0,0,0]"
CSI_DATA,2371314,1a:00:00:00:00:00,-70,11,-94,4,53,6,2371314,47,0,128,0,"[0,0,0,0,0,0,0,0,18,-3,18,-2,18,-1,18,0,18,1,19,2,18,4,18,4,16,5,16,5,16,4,16,4,16,3,16,3,16,2,15,2,14,1,14,0,14,0,14,0,15,0,15,0,16,0,17,-1,17,-2,18,-3,18,-4,18,-4,0,0,18,-4,18,-4,18,-5,18,-5,17,-4,17,-3,17,-4,16,-5,16,-6,15,-7,14,-8,14,-8,12,-7,12,-6,13,-7,13,-7,13,-7,13,-7,13,-6,13,-6,12,-5,12,-5,12,-5,11,-5,10,-4,10,-4,9,-3,10,-3,0,0,0,0,0,0]"
CSI_DATA,2375314,1a:00:00:00:00:00,-71,11,-94,4,53,6,2375314,47,0,128,0,"[0,0,0,0,0,0,0,0,-6,-15,-5,-16,-5,-17,-4,-18,-4,-18,-3,-19,-2,-19,-1,-18,0,-18,1,-17,1,-16,1,-16,0,-16,-1,-16,-1,-16,-2,-16,-3,-16,-4,-15,-4,-15,-5,-15,-5,-14,-5,-14,-5,-15,-7,-15,-8,-15,-8,-15,-9,-16,-9,-16,0,0,-10,-15,-11,-14,-11,-14,-11,-14,-11,-13,-10,-13,-10,-14,-10,-14,-11,-13,-12,-12,-13,-11,-13,-10,-13,-8,-12,-8,-12,-8,-12,-8,-11,-7,-11,-7,-11,-7,-11,-8,-11,-8,-11,-8,-11,-8,-10,-8,-9,-8,-9,-8,-8,-7,-8,-7,0,0,0,0,0,0]"
CSI_DATA,2379314,1a:00:00:00:00:00,-71,11,-94,4,53,6,2379314,47,0,128,0,"[0,0,0,0,0,0,0,0,-16,6,-16,6,-17,6,-17,5,-17,5,-18,4,-18,3,-17,2,-17,2,-17,2,-17,2,-16,3,-16,3,-16,3,-16,4,-16,5,-15,6,-14,7,-14,7,-13,8,-13,8,-12,8,-12,9,-13,9,-13,11,-13,11,-13,12,-12,13,0,0,-13,14,-12,14,-12,14,-12,14,-11,14,-11,14,-10,13,-9,12,-8,11,-7,12,-7,12,-6,13,-5,14,-4,14,-3,14,-2,14,-2,13,-3,14,-3,14,-3,14,-3,13,-3,13,-3,13,-3,12,-3,11,-3,11,-3,10,-3,9,0,0,0,0,0,0]"
CSI_DATA,2385314,1a:00:00:00:00:00,-71,11,-94,4,53,6,2385314,47,0,128,0,"[0,0,0,0,0,0,0,0,-13,10,-14,10,-15,9,-16,9,-16,9,-17,8,-17,7,-17,6,-17,5,-17,4,-18,4,-18,4,-17,5,-16,5,-15,6,-15,6,-14,6,-13,7,-14,7,-14,7,-14,7,-14,8,-14,9,-14,10,-14,10,-14,11,-14,11,-13,11,0,0,-15,12,-14,12,-14,11,-13,11,-13,11,-13,11,-13,11,-13,10,-14,11,-13,11,-12,11,-11,12,-9,12,-8,12,-8,11,-8,11,-9,11,-9,11,-8,11,-8,11,-7,11,-7,11,-8,10,-8,10,-8,8,-8,7,-8,6,-9,6,0,0,0,0,0,0]"
CSI_DATA,2389314,1a:00:00:00:00:00,-70,11,-94,4,53,6,2389314,47,0,128,0,"[0,0,0,0,0,0,0,0,13,13,12,13,12,13,12,14,11,15,10,16,9,16,8,16,8,16,8,16,8,16,8,15,9,15,9,15,9,14,9,14,10,13,10,13,10,12,11,11,11,10,12,10,13,10,13,10,13,10,14,10,14,9,14,9,0,0,15,9,15,9,16,9,16,9,15,9,15,8,15,7,15,5,15,4,15,3,14,2,14,2,14,3,14,3,14,2,15,2,14,2,14,3,13,3,13,3,13,3,13,3,12,3,12,3,11,3,10,3,9,3,8,3,0,0,0,0,0,0]"
CSI_DATA,2395264,1a:00:00:00:00:00,-71,11,-94,4,53,6,2395264,47,0,128,0,"[0,0,0,0,0,0,0,0,-16,4,-16,4,-17,3,-18,2,-18,1,-18,0,-17,-1,-17,-2,-17,-4,-16,-4,-16,-4,-16,-4,-16,-4,-15,-4,-15,-3,-16,-3,-16,-2,-15,-2,-16,-1,-15,-1,-16,-1,-15,0,-16,1,-16,2,-17,2,-17,2,-17,1,-16,1,0,0,-19,1,-19,1,-18,1,-18,2,-17,1,-17,1,-15,2,-15,2,-14,3,-13,3,-13,3,-13,2,-14,2,-15,2,-14,3,-14,3,-14,3,-14,3,-14,3,-14,3,-14,3,-13,2,-13,2,-12,1,-11,0,-11,-1,-10,-1,-10,-2,0,0,0,0,0,0]"
CSI_DATA,2401314,1a:00:00:00:00:00,-71,11,-94,4,53,6,2401314,47,0,128,0,"[0,0,0,0,0,0,0,0,15,8,14,9,13,10,12,12,11,13,11,14,9,14,9,15,8,15,8,16,7,16,7,15,7,15,6,15,6,15,6,15,6,14,6,14,6,14,6,13,7,14,7,15,7,15,8,15,8,15,9,15,8,16,8,16,0,0,8,17,7,17,7,17,6,17,5,17,5,16,5,15,4,14,4,14,4,14,4,14,5,14,6,14,6,14,5,13,5,14,5,14,5,14,4,14,3,14,3,13,2,13,1,12,1,11,0,11,-1,10,-2,10,-3,9,0,0,0,0,0,0]"
CSI_DATA,2405314,1a:00:00:00:00:00,-71,11,-94,4,53,6,2405314,47,0,128,0,"[0,0,0,0,0,0,0,0,5,-16,6,-15,8,-15,9,-15,11,-14,12,-14,13,-14,14,-13,14,-12,14,-12,14,-11,14,-10,14,-9,13,-9,13,-9,13,-9,13,-9,12,-10,12,-10,12,-10,12,-10,11,-11,11,-11,11,-12,12,-13,12,-13,12,-13,12,-13,0,0,14,-13,14,-12,14,-12,13,-12,13,-11,13,-11,12,-12,11,-12,10,-13,10,-12,10,-12,10,-11,9,-10,9,-9,9,-10,10,-10,10,-11,10,-11,10,-10,10,-9,10,-9,10,-8,10,-8,10,-7,10,-5,10,-4,10,-3,9,-3,0,0,0,0,0,0]"
CSI_DATA,2409314,1a:00:00:00:00:00,-71,11,-94,4,53,6,2409314,47,0,128,0,"[0,0,0,0,0,0,0,0,-17,-4,-16,-5,-16,-6,-16,-7,-16,-8,-16,-9,-15,-10,-15,-11,-14,-11,-13,-11,-13,-11,-13,-11,-13,-12,-12,-11,-12,-10,-12,-10,-11,-9,-11,-8,-11,-8,-11,-8,-12,-8,-13,-7,-14,-7,-15,-7,-15,-8,-16,-8,-16,-8,-16,-8,0,0,-16,-8,-16,-8,-16,-8,-16,-8,-15,-7,-14,-6,-15,-7,-15,-7,-16,-7,-16,-7,-16,-6,-15,-5,-14,-4,-14,-4,-14,-4,-14,-4,-14,-5,-14,-5,-13,-5,-13,-5,-13,-6,-12,-6,-11,-6,-11,-6,-10,-6,-9,-6,-9,-6,-8,-5,0,0,0,0,0,0]"
CSI_DATA,2415314,1a:00:00:00:00:00,-70,11,-94,4,53,6,2415314,47,0,128,0,"[0,0,0,0,0,0,0,0,-16,4,-16,3,-17,1,-18,-1,-18,-3,-18,-4,-18,-5,-18,-5,-17,-6,-16,-6,-15,-7,-15,-8,-15,-9,-15,-8,-15,-8,-15,-7,-14,-7,-13,-6,-13,-7,-14,-7,-14,-7,-14,-6,-15,-6,-15,-6,-15,-6,-15,-6,-15,-6,-16,-6,0,0,-16,-9,-16,-9,-15,-10,-15,-10,-14,-10,-13,-10,-14,-9,-14,-8,-15,-7,-15,-6,-14,-6,-14,-6,-12,-7,-12,-8,-12,-8,-12,-8,-12,-8,-12,-8,-12,-8,-12,-8,-11,-8,-10,-8,-9,-8,-8,-8,-7,-9,-6,-9,-4,-9,-3,-9,0,0,0,0,0,0]"
CSI_DATA,2419314,1a:00:00:00:00:00,-70,11,-94,4,53,6,2419314,47,0,128,0,"[0,0,0,0,0,0,0,0,5,15,5,16,4,17,3,17,2,18,0,18,-2,18,-3,18,-4,17,-4,16,-5,17,-5,16,-5,17,-5,16,-5,16,-4,16,-4,16,-3,16,-4,16,-3,16,-2,15,-2,15,-2,15,-2,16,-2,16,-2,17,-2,18,-2,18,0,0,-3,19,-3,18,-3,17,-4,16,-3,16,-3,16,-4,16,-5,16,-5,17,-5,17,-4,17,-3,16,-1,16,-1,14,-1,13,-1,14,-2,14,-3,14,-3,14,-3,14,-3,13,-4,13,-4,12,-4,11,-5,10,-5,9,-5,8,-5,7,0,0,0,0,0,0]"
CSI_DATA,2431532,1a:00:00:00:00:00,-70,11,-94,4,53,6,2431532,47,0,128,0,"[0,0,0,0,0,0,0,0,6,16,6,16,4,17,3,18,2,18,2,18,1,17,1,18,0,17,-1,17,-1,17,-1,17,-1,17,0,17,0,16,0,16,0,15,1,15,2,16,3,16,3,16,4,16,4,16,4,16,5,16,6,16,6,16,7,16,0,0,7,17,7,17,6,17,6,16,6,16,6,16,7,15,8,15,9,15,10,15,10,14,10,13,9,11,8,11,9,11,10,11,9,12,10,12,9,12,9,11,8,11,8,10,7,11,7,11,6,10,5,10,5,9,4,8,0,0,0,0,0,0]"
CSI_DATA,2435315,1a:00:00:00:00:00,-71,11,-94,4,53,6,2435315,47,0,128,0,"[0,0,0,0,0,0,0,0,12,11,12,12,12,13,12,14,12,14,12,15,11,15,11,15,10,14,9,14,9,14,9,14,8,15,9,14,9,14,10,13,10,12,11,11,12,10,11,9,12,9,12,9,13,9,14,8,15,8,15,8,16,8,16,9,0,0,17,7,16,7,17,7,16,7,17,6,17,6,16,6,15,6,15,5,14,5,15,5,15,3,15,2,15,1,14,0,14,0,14,-1,14,-1,14,-1,14,-1,14,-1,13,0,12,0,11,1,11,1,10,2,10,2,10,3,0,0,0,0,0,0]"
CSI_DATA,2443315,1a:00:00:00:00:00,-71,11,-94,4,53,6,2443315,47,0,128,0,"[0,0,0,0,0,0,0,0,-6,16,-6,16,-8,16,-9,15,-11,15,-12,14,-12,14,-13,12,-13,12,-13,10,-13,10,-14,9,-14,9,-15,9,-15,8,-15,8,-14,8,-14,8,-13,8,-13,9,-13,9,-13,9,-13,9,-14,9,-14,9,-14,9,-14,10,-14,10,0,0,-16,9,-16,8,-16,8,-16,8,-15,7,-15,6,-14,7,-13,7,-13,8,-12,7,-12,7,-13,7,-13,6,-13,5,-14,6,-13,6,-13,5,-13,5,-13,5,-13,4,-13,3,-13,2,-13,1,-12,0,-11,-1,-11,-1,-10,-2,-9,-2,0,0,0,0,0,0]"
CSI_DATA,2449315,1a:00:00:00:00:00,-70,11,-94,4,53,6,2449315,47,0,128,0,"[0,0,0,0,0,0,0,0,-16,-4,-16,-5,-17,-5,-17,-7,-17,-8,-17,-9,-17,-9,-16,-8,-16,-8,-15,-8,-15,-9,-15,-10,-14,-9,-14,-9,-14,-8,-14,-6,-14,-5,-14,-5,-15,-5,-15,-5,-15,-4,-15,-3,-16,-3,-17,-2,-17,-1,-17,-1,-17,-1,-17,0,0,0,-18,0,-17,0,-17,0,-17,1,-17,1,-17,1,-16,2,-15,3,-15,3,-14,4,-14,4,-14,4,-14,4,-14,5,-14,5,-13,6,-13,6,-13,7,-12,6,-12,6,-12,5,-12,5,-12,4,-11,4,-11,3,-10,3,-10,2,-9,1,0,0,0,0,0,0]"
CSI_DATA,2453315,1a:00:00:00:00:00,-71,11,-94,4,53,6,2453315,47,0,128,0,"[0,0,0,0,0,0,0,0,5,15,4,16,4,17,3,19,2,19,2,20,1,20,1,19,0,18,0,18,0,17,0,17,0,17,1,17,2,17,3,17,4,17,4,16,5,15,5,15,6,15,7,14,8,14,9,15,10,15,10,15,10,15,9,14,0,0,13,14,13,14,13,13,12,13,12,12,11,11,12,12,13,11,15,11,15,10,15,9,14,8,14,6,13,5,14,5,14,5,14,5,14,5,13,5,13,5,12,5,12,5,12,5,11,5,11,4,10,4,10,4,10,4,0,0,0,0,0,0]"
CSI_DATA,2459315,1a:00:00:00:00:00,-70,11,-94,4,53,6,2459315,47,0,128,0,"[0,0,0,0,0,0,0,0,7,16,6,16,6,17,5,18,4,18,4,19,3,19,2,19,1,18,1,17,1,17,0,17,0,17,1,17,1,16,2,16,2,16,3,16,4,16,4,15,5,15,6,15,6,15,7,15,7,16,7,16,7,16,6,15,0,0,10,17,9,17,8,17,8,16,7,16,7,15,8,14,10,14,11,13,11,12,11,12,10,12,9,11,9,11,10,10,11,10,11,10,11,10,10,11,9,11,8,11,8,11,8,11,7,11,6,10,6,9,5,9,4,9,0,0,0,0,0,0]"
CSI_DATA,2469315,1a:00:00:00:00:00,-70,11,-94,4,53,6,2469315,47,0,128,0,"[0,0,0,0,0,0,0,0,12,-13,12,-12,13,-11,14,-10,15,-9,16,-9,16,-8,17,-7,17,-6,17,-6,17,-5,17,-5,16,-5,16,-5,15,-5,15,-5,15,-6,14,-7,14,-7,14,-7,14,-7,14,-7,14,-8,14,-9,15,-9,15,-10,16,-10,16,-10,0,0,14,-11,14,-10,15,-10,15,-9,15,-9,14,-9,15,-9,15,-10,15,-10,14,-10,14,-10,12,-10,11,-11,10,-11,11,-10,10,-10,11,-9,11,-9,11,-9,10,-9,11,-8,10,-8,11,-7,10,-6,10,-5,10,-5,10,-4,10,-4,0,0,0,0,0,0]"
CSI_DATA,2471315,1a:00:00:00:00:00,-70,11,-94,4,53,6,2471315,47,0,128,0,"[0,0,0,0,0,0,0,0,-5,16,-6,16,-6,17,-7,17,-7,17,-8,18,-8,17,-9,16,-9,15,-8,14,-8,14,-8,14,-8,14,-8,14,-7,15,-6,16,-5,15,-4,15,-4,15,-3,16,-2,16,-1,16,0,16,1,17,2,17,3,17,3,18,3,18,0,0,6,19,6,18,6,17,7,16,6,16,6,16,7,15,8,14,9,13,9,12,10,12,10,12,10,11,10,11,11,10,12,10,11,9,12,9,11,9,11,9,11,9,10,9,10,8,10,8,9,8,8,7,7,6,7,6,0,0,0,0,0,0]"
CSI_DATA,2473315,1a:00:00:00:00:00,-70,11,-94,4,53,6,2473315,47,0,128,0,"[0,0,0,0,0,0,0,0,-16,-8,-16,-9,-15,-9,-14,-10,-14,-12,-15,-13,-13,-14,-13,-14,-12,-14,-11,-14,-10,-14,-10,-14,-10,-13,-11,-13,-11,-12,-11,-12,-11,-11,-12,-10,-12,-10,-12,-10,-13,-10,-13,-11,-13,-10,-14,-10,-15,-9,-15,-9,-15,-8,-15,-8,0,0,-18,-9,-17,-8,-17,-9,-16,-9,-17,-8,-16,-8,-15,-8,-14,-7,-13,-6,-13,-6,-13,-5,-14,-5,-15,-5,-15,-4,-15,-4,-15,-4,-14,-4,-14,-3,-14,-3,-14,-4,-13,-4,-13,-4,-13,-4,-12,-4,-12,-4,-11,-4,-9,-5,-8,-6,0,0,0,0,0,0]"
CSI_DATA,2477315,1a:00:00:00:00:00,-71,11,-94,4,53,6,2477315,47,0,128,0,"[0,0,0,0,0,0,0,0,-2,17,-3,17,-3,17,-4,17,-5,18,-6,18,-6,17,-7,17,-7,16,-8,16,-7,15,-7,15,-7,16,-7,16,-6,16,-5,16,-4,16,-3,16,-2,16,-2,15,-1,15,-1,15,-1,16,0,17,0,18,0,18,1,19,0,18,0,0,1,19,2,18,2,18,3,18,2,17,2,17,3,17,4,16,5,16,6,15,6,14,6,14,6,13,6,13,6,12,7,13,7,13,7,14,6,14,5,14,5,14,5,13,5,13,4,12,4,11,3,10,3,10,2,10,0,0,0,0,0,0]"
CSI_DATA,2479315,1a:00:00:00:00:00,-70,11,-94,4,53,6,2479315,47,0,128,0,"[0,0,0,0,0,0,0,0,-16,-4,-16,-4,-16,-5,-16,-7,-16,-9,-16,-10,-14,-11,-13,-12,-12,-12,-12,-13,-11,-13,-11,-13,-11,-13,-11,-13,-12,-12,-12,-11,-12,-10,-12,-10,-11,-9,-11,-10,-12,-10,-12,-10,-13,-10,-14,-10,-14,-11,-14,-11,-14,-11,-13,-11,0,0,-15,-13,-14,-12,-14,-12,-13,-12,-13,-12,-13,-11,-11,-11,-11,-11,-10,-11,-10,-10,-11,-10,-11,-10,-12,-10,-13,-9,-11,-8,-12,-8,-11,-8,-11,-9,-11,-9,-10,-10,-9,-10,-9,-10,-8,-10,-8,-10,-7,-10,-6,-9,-5,-9,-4,-9,0,0,0,0,0,0]"
CSI_DATA,2483315,1a:00:00:00:00:00,-70,11,-94,4,53,6,2483315,47,0,128,0,"[0,0,0,0,0,0,0,0,2,17,1,17,1,18,0,18,-1,18,-2,18,-3,18,-4,18,-5,17,-6,16,-6,16,-6,16,-6,16,-6,16,-6,16,-5,16,-4,15,-4,15,-3,15,-2,15,-2,15,-2,15,-2,16,-2,16,-2,16,-2,17,-2,17,-2,17,0,0,-2,20,-1,19,-1,18,-1,18,-3,18,-3,18,-3,17,-1,15,-1,15,0,14,0,14,0,15,0,15,0,15,1,15,1,15,1,15,0,15,0,15,-1,14,-1,14,-2,13,-2,13,-2,13,-2,11,-2,10,-2,9,-3,8,0,0,0,0,0,0]"
CSI_DATA,2487315,1a:00:00:00:00:00,-70,11,-94,4,53,6,2487315,47,0,128,0,"[0,0,0,0,0,0,0,0,15,-8,15,-7,16,-6,17,-5,18,-4,19,-3,19,-2,18,-1,17,-1,17,0,17,0,17,1,18,0,18,1,18,0,17,-1,16,-2,15,-3,15,-4,15,-4,15,-4,15,-3,16,-3,17,-3,17,-4,18,-5,18,-6,18,-7,0,0,18,-6,18,-7,17,-7,17,-7,16,-7,16,-6,16,-6,15,-7,15,-8,14,-9,13,-10,13,-10,12,-9,12,-9,12,-9,12,-9,12,-8,12,-8,12,-7,12,-7,11,-7,11,-7,12,-6,11,-6,11,-5,11,-4,10,-3,10,-3,0,0,0,0,0,0]"
CSI_DATA,2491531,1a:00:00:00:00:00,-70,11,-94,4,53,6,2491531,47,0,128,0,"[0,0,0,0,0,0,0,0,-16,-3,-16,-3,-17,-4,-18,-5,-18,-6,-18,-7,-16,-8,-15,-9,-14,-10,-13,-9,-14,-9,-14,-9,-14,-8,-15,-8,-15,-8,-15,-7,-15,-7,-14,-6,-14,-5,-14,-5,-14,-5,-14,-5,-15,-4,-16,-4,-17,-3,-17,-2,-18,-2,-17,-2,0,0,-18,-4,-18,-3,-18,-2,-17,-2,-17,-1,-16,-1,-17,-1,-17,-1,-18,-1,-18,0,-18,1,-17,1,-16,2,-15,3,-15,3,-15,4,-15,3,-14,3,-13,3,-13,2,-13,2,-13,2,-13,1,-12,0,-12,0,-11,0,-10,0,-9,0,0,0,0,0,0,0]"
CSI_DATA,2497685,1a:00:00:00:00:00,-70,11,-94,4,53,6,2497685,47,0,128,0,"[0,0,0,0,0,0,0,0,-17,-4,-16,-5,-16,-6,-17,-7,-17,-8,-17,-9,-16,-10,-15,-11,-15,-11,-13,-11,-12,-11,-12,-12,-11,-12,-11,-12,-12,-11,-12,-10,-12,-9,-12,-10,-12,-9,-12,-9,-12,-9,-12,-9,-13,-9,-14,-9,-14,-9,-15,-9,-15,-9,-15,-8,0,0,-17,-10,-16,-10,-15,-11,-15,-11,-14,-11,-14,-11,-14,-9,-14,-9,-13,-8,-12,-7,-12,-7,-12,-7,-12,-7,-12,-8,-12,-7,-12,-7,-12,-7,-12,-7,-12,-8,-12,-8,-11,-8,-10,-9,-9,-9,-8,-9,-7,-9,-6,-9,-6,-8,-5,-8,0,0,0,0,0,0]"
CSI_DATA,2497838,1a:00:00:00:00:00,-71,11,-94,4,53,6,2497838,47,0,128,0,"[0,0,0,0,0,0,0,0,-16,2,-17,1,-17,1,-18,-1,-18,-3,-19,-4,-18,-6,-17,-7,-16,-8,-15,-8,-15,-8,-14,-9,-15,-8,-15,-8,-15,-8,-15,-7,-15,-7,-14,-7,-15,-7,-14,-7,-15,-7,-15,-7,-16,-7,-16,-6,-16,-6,-17,-6,-17,-6,-17,-6,0,0,-18,-7,-17,-6,-16,-7,-16,-7,-16,-7,-15,-7,-15,-8,-14,-8,-15,-8,-15,-7,-15,-6,-15,-6,-14,-5,-14,-4,-13,-5,-14,-6,-14,-6,-14,-6,-14,-6,-13,-6,-13,-6,-12,-6,-11,-6,-10,-7,-9,-6,-8,-7,-7,-7,-7,-7,0,0,0,0,0,0]"
CSI_DATA,2501315,1a:00:00:00:00:00,-70,11,-94,4,53,6,2501315,47,0,128,0,"[0,0,0,0,0,0,0,0,-10,15,-10,15,-11,14,-12,13,-13,12,-15,11,-15,10,-16,10,-16,9,-15,9,-15,8,-15,8,-15,8,-14,8,-14,8,-13,8,-13,9,-13,9,-13,10,-12,10,-12,10,-12,11,-12,11,-12,12,-12,13,-12,13,-12,13,-13,12,0,0,-13,14,-13,14,-12,14,-12,13,-12,13,-12,13,-11,12,-11,11,-11,11,-11,11,-10,12,-10,12,-9,13,-8,13,-7,13,-7,13,-7,13,-7,13,-8,13,-8,12,-8,12,-8,11,-8,10,-7,10,-7,9,-7,8,-7,7,-7,6,0,0,0,0,0,0]"
CSI_DATA,2511315,1a:00:00:00:00:00,-70,11,-94,4,53,6,2511315,47,0,128,0,"[0,0,0,0,0,0,0,0,17,2,17,4,17,5,17,7,18,8,17,9,16,9,15,10,13,11,12,11,12,12,11,11,12,11,13,10,13,10,14,9,13,9,13,9,13,9,13,9,13,9,14,8,15,8,15,8,15,8,15,8,16,8,16,9,0,0,17,10,17,10,17,10,16,9,16,10,16,10,15,9,14,7,13,6,13,6,13,5,14,5,14,6,14,6,13,6,13,6,13,6,13,5,13,6,12,6,12,7,11,7,10,7,10,7,9,7,8,7,7,7,6,7,0,0,0,0,0,0]"
CSI_DATA,2521315,1a:00:00:00:00:00,-70,11,-94,4,53,6,2521315,47,0,128,0,"[0,0,0,0,0,0,0,0,-2,-16,-1,-16,0,-17,1,-17,3,-18,4,-19,5,-19,6,-18,6,-17,7,-16,7,-16,7,-15,7,-15,7,-15,7,-16,7,-15,7,-15,7,-15,6,-15,6,-15,6,-15,6,-15,6,-15,6,-16,6,-16,6,-17,5,-17,5,-17,0,0,7,-17,8,-17,8,-17,8,-17,9,-16,8,-15,8,-15,7,-14,6,-14,5,-14,5,-14,6,-14,7,-13,7,-12,7,-12,7,-13,6,-13,7,-13,7,-13,8,-12,8,-12,8,-11,8,-10,8,-9,8,-8,8,-7,8,-6,8,-5,0,0,0,0,0,0]"
CSI_DATA,2527315,1a:00:00:00:00:00,-70,11,-94,4,53,6,2527315,47,0,128,0,"[0,0,0,0,0,0,0,0,12,-12,12,-12,13,-12,14,-11,14,-11,15,-11,16,-10,16,-10,16,-9,15,-9,15,-9,14,-8,13,-10,13,-10,13,-11,12,-11,11,-11,11,-11,10,-12,10,-12,9,-12,8,-13,8,-13,7,-14,7,-14,7,-15,7,-16,7,-16,0,0,7,-18,6,-18,6,-17,5,-17,5,-17,5,-17,4,-17,3,-17,1,-17,0,-16,-1,-15,-2,-15,-1,-14,-1,-14,-1,-14,-2,-15,-2,-15,-3,-15,-3,-15,-3,-14,-2,-13,-3,-13,-2,-12,-2,-12,-1,-11,-1,-10,0,-10,0,-9,0,0,0,0,0,0]"
CSI_DATA,2531315,1a:00:00:00:00:00,-70,11,-94,4,53,6,2531315,47,0,128,0,"[0,0,0,0,0,0,0,0,-13,-11,-13,-12,-13,-13,-13,-13,-13,-15,-13,-15,-12,-16,-12,-16,-11,-15,-10,-15,-10,-14,-9,-14,-11,-13,-11,-12,-12,-12,-13,-11,-13,-10,-13,-9,-13,-9,-13,-8,-14,-7,-14,-7,-15,-6,-16,-5,-17,-5,-17,-4,-18,-3,-18,-2,0,0,-19,-2,-18,-2,-18,-3,-19,-2,-19,-2,-18,-2,-18,0,-18,2,-18,4,-18,5,-16,6,-16,7,-14,7,-14,6,-13,6,-13,6,-13,6,-13,7,-12,7,-13,7,-13,8,-12,7,-12,6,-11,6,-10,5,-10,5,-9,5,-9,5,0,0,0,0,0,0]"
CSI_DATA,2547315,1a:00:00:00:00:00,-70,11,-94,4,53,6,2547315,47,0,128,0,"[0,0,0,0,0,0,0,0,3,18,2,17,0,18,-1,18,-2,18,-2,19,-3,19,-4,19,-4,18,-5,17,-6,17,-6,17,-6,16,-5,16,-4,16,-3,16,-3,15,-3,15,-3,16,-2,15,-1,16,-1,16,0,16,1,17,2,17,2,18,2,19,1,19,0,0,1,18,0,17,1,18,1,18,2,17,2,17,2,17,2,18,2,18,3,18,3,18,4,17,5,15,5,14,5,14,5,15,5,14,5,14,4,13,4,13,4,13,3,13,3,13,2,13,1,12,1,11,0,11,0,11,0,0,0,0,0,0]"
CSI_DATA,2553315,1a:00:00:00:00:00,-70,11,-94,4,53,6,2553315,47,0,128,0,"[0,0,0,0,0,0,0,0,5,17,4,17,3,17,2,18,0,18,-1,19,-2,18,-3,18,-4,18,-4,17,-5,17,-5,17,-5,16,-5,16,-5,16,-4,16,-5,16,-4,16,-4,16,-3,16,-3,15,-2,15,-2,16,-2,17,-3,18,-3,18,-3,18,-3,19,0,0,-3,20,-3,19,-4,18,-4,17,-4,16,-3,16,-3,17,-3,18,-2,19,-3,19,-2,18,-2,17,-2,15,-2,15,-2,15,-2,15,-2,15,-2,15,-2,15,-2,14,-2,14,-3,13,-4,12,-4,12,-5,11,-5,10,-5,9,-5,8,0,0,0,0,0,0]"
CSI_DATA,2555315,1a:00:00:00:00:00,-70,11,-94,4,53,6,2555315,47,0,128,0,"[0,0,0,0,0,0,0,0,-9,-15,-8,-15,-8,-16,-8,-16,-8,-17,-7,-17,-6,-18,-6,-18,-5,-17,-4,-16,-3,-17,-4,-16,-4,-16,-4,-16,-5,-16,-6,-15,-5,-14,-6,-15,-6,-14,-8,-14,-8,-13,-10,-12,-11,-12,-12,-12,-12,-12,-13,-13,-13,-13,-14,-13,0,0,-15,-13,-15,-12,-15,-12,-15,-11,-14,-11,-13,-10,-14,-9,-14,-7,-14,-6,-14,-6,-14,-5,-15,-6,-14,-5,-14,-5,-14,-4,-14,-4,-14,-4,-14,-3,-14,-3,-14,-3,-13,-3,-13,-3,-12,-3,-11,-3,-10,-4,-10,-4,-9,-4,-9,-4,0,0,0,0,0,0]"
CSI_DATA,2557315,1a:00:00:00:00:00,-71,11,-94,4,53,6,2557315,47,0,128,0,"[0,0,0,0,0,0,0,0,15,-8,15,-7,16,-7,17,-6,18,-5,19,-4,19,-3,18,-2,17,-2,17,-1,18,-1,18,0,18,0,17,0,17,0,16,0,15,0,15,-1,15,-2,15,-2,15,-3,16,-3,16,-4,17,-4,17,-4,17,-4,17,-5,16,-4,0,0,19,-5,18,-6,18,-5,18,-5,18,-5,16,-4,16,-4,16,-3,16,-3,17,-4,17,-5,16,-5,15,-6,13,-6,13,-6,13,-6,13,-6,14,-6,13,-6,13,-5,13,-4,13,-4,13,-3,12,-3,11,-2,11,-1,10,0,10,1,0,0,0,0,0,0]"
CSI_DATA,2559315,1a:00:00:00:00:00,-70,11,-94,4,53,6,2559315,47,0,128,0,"[0,0,0,0,0,0,0,0,-13,11,-14,10,-14,11,-15,11,-16,10,-16,10,-16,9,-16,8,-16,8,-16,7,-16,7,-16,7,-15,7,-15,7,-14,8,-14,9,-13,10,-12,10,-12,11,-12,11,-11,11,-10,12,-10,12,-9,14,-9,15,-8,16,-8,17,-8,18,0,0,-7,19,-7,19,-6,18,-6,18,-5,17,-4,17,-3,17,-3,17,-2,18,-1,18,0,18,1,17,2,16,2,15,2,15,3,14,3,14,4,14,5,14,4,13,4,13,3,13,2,13,2,13,1,12,1,12,1,11,1,10,0,0,0,0,0,0]"
CSI_DATA,2561315,1a:00:00:00:00:00,-70,11,-94,4,53,6,2561315,47,0,128,0,"[0,0,0,0,0,0,0,0,-14,-10,-13,-11,-14,-11,-14,-12,-14,-13,-13,-13,-13,-14,-11,-15,-11,-15,-9,-15,-9,-15,-9,-15,-9,-15,-9,-15,-10,-14,-10,-13,-10,-12,-10,-12,-10,-12,-10,-12,-11,-12,-12,-12,-12,-11,-13,-11,-14,-11,-14,-11,-15,-11,-15,-11,0,0,-17,-12,-16,-11,-15,-11,-15,-10,-14,-10,-14,-10,-14,-9,-14,-8,-15,-7,-15,-7,-15,-7,-14,-6,-13,-7,-13,-7,-13,-6,-14,-6,-14,-6,-14,-6,-13,-6,-13,-6,-12,-6,-11,-6,-11,-7,-11,-7,-10,-7,-9,-7,-8,-7,-7,-6,0,0,0,0,0,0]"
CSI_DATA,2567315,1a:00:00:00:00:00,-71,11,-94,4,53,6,2567315,47,0,128,0,"[0,0,0,0,0,0,0,0,-14,-9,-14,-10,-14,-11,-13,-12,-13,-14,-12,-15,-11,-15,-10,-16,-9,-16,-8,-16,-6,-16,-6,-16,-6,-16,-6,-15,-7,-15,-7,-15,-7,-14,-7,-14,-7,-14,-8,-14,-8,-14,-8,-14,-8,-14,-9,-14,-9,-14,-9,-14,-9,-15,-9,-15,0,0,-9,-17,-8,-17,-8,-17,-9,-16,-9,-16,-9,-15,-8,-13,-7,-12,-6,-12,-6,-12,-6,-13,-7,-14,-7,-14,-7,-14,-7,-13,-7,-12,-7,-12,-7,-12,-7,-12,-7,-12,-6,-12,-5,-12,-4,-12,-3,-12,-2,-12,-1,-11,-1,-11,0,-10,0,0,0,0,0,0]"
CSI_DATA,2573315,1a:00:00:00:00:00,-70,11,-94,4,53,6,2573315,47,0,128,0,"[0,0,0,0,0,0,0,0,2,-17,2,-17,3,-18,4,-18,5,-19,5,-19,5,-17,5,-16,6,-15,6,-14,6,-15,6,-15,5,-16,4,-17,3,-17,2,-17,1,-17,0,-16,0,-16,-1,-15,-1,-15,-2,-15,-2,-15,-4,-16,-4,-17,-5,-17,-6,-17,-6,-17,0,0,-7,-17,-8,-17,-8,-16,-9,-15,-8,-15,-8,-15,-8,-14,-9,-13,-9,-12,-10,-11,-10,-12,-11,-11,-10,-11,-11,-11,-11,-9,-12,-8,-12,-7,-13,-7,-13,-7,-12,-7,-11,-7,-11,-8,-10,-8,-10,-8,-9,-7,-9,-7,-8,-7,-8,-7,0,0,0,0,0,0]"
CSI_DATA,2575315,1a:00:00:00:00:00,-70,11,-94,4,53,6,2575315,47,0,128,0,"[0,0,0,0,0,0,0,0,17,0,17,1,17,2,17,3,18,4,18,5,17,6,17,6,16,7,15,7,14,8,14,8,14,8,14,8,14,8,15,6,15,5,14,4,15,3,15,3,15,3,15,3,15,3,16,3,16,3,17,3,18,3,18,3,0,0,18,1,18,1,18,2,18,2,18,2,17,2,17,2,17,2,17,2,17,1,17,1,17,0,17,-2,16,-3,15,-3,15,-3,14,-2,14,-2,14,-1,14,-1,14,0,13,0,12,1,12,1,11,1,10,2,10,2,10,2,0,0,0,0,0,0]"
CSI_DATA,2581315,1a:00:00:00:00:00,-71,11,-94,4,53,6,2581315,47,0,128,0,"[0,0,0,0,0,0,0,0,15,-6,16,-6,17,-5,18,-4,19,-3,19,-2,19,-1,19,0,18,1,17,2,17,3,17,3,16,4,16,4,16,4,16,4,16,3,16,3,16,2,16,1,16,1,16,1,16,1,16,1,16,2,17,1,18,1,18,1,0,0,19,1,19,1,18,2,18,2,17,2,16,2,16,3,16,2,17,2,17,2,17,1,16,1,15,1,14,1,15,1,15,1,15,2,15,1,14,2,14,2,13,2,12,3,12,4,12,4,11,5,9,5,8,5,7,6,0,0,0,0,0,0]"
CSI_DATA,2587315,1a:00:00:00:00:00,-71,11,-94,4,53,6,2587315,47,0,128,0,"[0,0,0,0,0,0,0,0,12,11,13,12,12,13,12,14,12,14,12,14,10,14,10,14,9,15,9,15,8,15,8,14,9,14,10,14,10,14,11,13,11,12,11,11,12,10,12,9,13,9,13,8,14,8,15,7,16,7,16,6,17,6,17,6,0,0,18,5,18,4,18,4,18,4,17,4,16,3,17,3,17,1,18,0,18,-2,18,-2,17,-3,15,-3,14,-4,14,-4,14,-5,14,-6,13,-5,13,-5,13,-5,13,-4,13,-4,13,-3,12,-3,11,-2,11,-2,11,-1,11,-1,0,0,0,0,0,0]"
CSI_DATA,2591315,1a:00:00:00:00:00,-71,11,-94,4,53,6,2591315,47,0,128,0,"[0,0,0,0,0,0,0,0,-10,-11,-11,-12,-11,-14,-10,-15,-9,-17,-8,-18,-6,-18,-4,-17,-2,-17,0,-16,1,-16,1,-16,1,-16,1,-16,0,-16,0,-16,0,-15,-1,-15,-2,-15,-2,-15,-2,-15,-2,-15,-1,-16,-1,-16,-1,-17,-1,-17,-1,-17,-1,-17,0,0,0,-19,0,-18,0,-18,1,-17,1,-17,1,-16,2,-16,3,-16,4,-16,3,-17,3,-17,2,-16,1,-16,0,-15,1,-15,1,-15,2,-14,2,-14,3,-13,4,-13,4,-13,4,-12,5,-12,5,-11,5,-10,6,-9,6,-8,6,-8,0,0,0,0,0,0]"
CSI_DATA,2603315,1a:00:00:00:00:00,-70,11,-94,4,53,6,2603315,47,0,128,0,"[0,0,0,0,0,0,0,0,1,-16,2,-16,4,-18,4,-18,5,-18,6,-18,7,-17,7,-16,9,-16,10,-14,10,-15,10,-14,9,-14,9,-14,9,-14,8,-15,7,-15,7,-15,6,-15,5,-15,5,-15,5,-15,5,-16,5,-17,5,-17,5,-18,5,-18,5,-19,0,0,4,-21,4,-19,4,-18,4,-17,4,-16,4,-15,4,-16,4,-17,3,-18,3,-18,2,-18,2,-17,1,-15,1,-14,1,-14,1,-14,1,-14,1,-14,1,-14,1,-14,1,-14,2,-13,3,-14,3,-13,4,-12,4,-11,4,-10,3,-9,0,0,0,0,0,0]"
CSI_DATA,2607315,1a:00:00:00:00:00,-71,11,-94,4,53,6,2607315,47,0,128,0,"[0,0,0,0,0,0,0,0,-14,8,-15,7,-16,7,-17,6,-17,6,-18,5,-18,4,-19,3,-18,2,-18,1,-18,1,-17,1,-17,1,-17,1,-16,2,-16,3,-16,3,-15,4,-15,5,-14,5,-14,5,-14,5,-15,6,-15,7,-15,7,-15,8,-15,8,-15,7,0,0,-17,9,-16,9,-16,9,-16,9,-15,9,-15,9,-14,8,-13,8,-12,8,-11,8,-11,8,-11,9,-11,10,-11,10,-10,10,-10,11,-10,10,-10,10,-11,9,-11,9,-11,9,-11,9,-10,9,-9,8,-8,7,-8,6,-8,6,-8,6,0,0,0,0,0,0]"
CSI_DATA,2613315,1a:00:00:00:00:00,-71,11,-94,4,53,6,2613315,47,0,128,0,"[0,0,0,0,0,0,0,0,-13,8,-14,7,-16,7,-17,6,-17,6,-17,5,-18,4,-18,3,-18,2,-18,1,-18,0,-17,-1,-17,-1,-16,0,-17,0,-16,0,-15,1,-15,2,-15,2,-15,2,-16,2,-16,2,-17,2,-17,3,-17,3,-17,3,-17,3,-16,2,0,0,-19,2,-18,3,-19,3,-18,3,-18,3,-17,2,-17,1,-16,1,-16,1,-16,2,-16,3,-15,4,-15,5,-14,5,-14,5,-14,4,-14,4,-14,3,-14,3,-14,3,-13,3,-13,1,-13,1,-12,0,-12,-1,-10,-1,-9,-1,-9,-1,0,0,0,0,0,0]"
CSI_DATA,2618966,1a:00:00:00:00:00,-71,11,-94,4,53,6,2618966,47,0,128,0,"[0,0,0,0,0,0,0,0,4,-16,5,-16,7,-16,8,-16,10,-16,11,-16,12,-15,12,-13,12,-12,13,-11,13,-10,13,-10,13,-9,13,-9,13,-9,12,-9,12,-9,12,-9,12,-10,12,-10,12,-10,12,-9,12,-10,12,-10,13,-10,13,-10,14,-10,14,-10,0,0,15,-10,15,-10,15,-10,15,-9,15,-9,16,-8,15,-8,14,-8,13,-9,12,-8,12,-8,12,-8,13,-7,13,-7,13,-7,13,-8,13,-8,13,-8,12,-7,13,-6,12,-5,13,-4,13,-3,12,-2,12,-1,11,0,10,0,10,-1,0,0,0,0,0,0]"
CSI_DATA,2619106,1a:00:00:00:00:00,-71,11,-94,4,53,6,2619106,47,0,128,0,"[0,0,0,0,0,0,0,0,-13,-9,-13,-11,-12,-12,-10,-13,-9,-15,-8,-16,-6,-17,-5,-17,-4,-17,-4,-17,-4,-16,-4,-16,-4,-16,-4,-16,-3,-16,-3,-15,-2,-16,-3,-16,-3,-16,-4,-16,-4,-16,-4,-15,-4,-16,-3,-17,-3,-17,-3,-17,-2,-18,-2,-18,0,0,-2,-18,-1,-18,-1,-18,0,-18,0,-18,0,-17,1,-17,1,-16,1,-17,1,-17,1,-17,0,-17,-1,-16,-2,-15,-1,-14,-1,-14,0,-14,0,-15,1,-15,1,-14,2,-14,2,-13,4,-12,4,-11,5,-10,5,-10,5,-9,5,-9,0,0,0,0,0,0]"
CSI_DATA,2627285,1a:00:00:00:00:00,-70,11,-94,4,53,6,2627285,47,0,128,0,"[0,0,0,0,0,0,0,0,-12,12,-13,11,-13,12,-14,11,-15,10,-16,10,-17,9,-18,8,-17,7,-17,6,-17,5,-16,4,-16,4,-16,4,-16,5,-16,6,-15,6,-14,6,-14,6,-14,6,-14,5,-15,5,-15,6,-15,7,-15,7,-15,7,-15,7,-14,7,0,0,-16,9,-16,9,-16,8,-16,7,-16,6,-15,5,-16,5,-15,6,-16,7,-16,8,-15,8,-14,9,-13,8,-12,7,-12,7,-12,7,-13,6,-13,6,-13,5,-13,5,-13,4,-12,3,-12,3,-12,2,-12,1,-11,1,-10,1,-9,1,0,0,0,0,0,0]"
CSI_DATA,2631520,1a:00:00:00:00:00,-70,11,-94,4,53,6,2631520,47,0,128,0,"[0,0,0,0,0,0,0,0,7,16,6,16,5,17,4,18,3,18,2,19,1,19,-1,19,-2,18,-2,17,-2,17,-2,17,-2,16,-2,16,-2,16,-3,16,-3,15,-1,15,-1,15,0,15,0,15,1,15,1,17,1,17,1,17,1,18,1,18,1,18,0,0,2,19,1,18,1,18,1,18,0,18,0,17,0,17,0,16,1,15,2,15,2,15,3,15,3,15,3,15,3,15,2,15,2,14,2,15,2,15,2,15,2,15,1,14,1,13,0,13,-1,11,-1,11,-2,10,-2,10,0,0,0,0,0,0]"
CSI_DATA,2635797,1a:00:00:00:00:00,-71,11,-94,4,53,6,2635797,47,0,128,0,"[0,0,0,0,0,0,0,0,-16,-3,-16,-4,-17,-5,-18,-5,-18,-6,-18,-7,-17,-8,-16,-9,-15,-9,-14,-10,-14,-10,-14,-11,-14,-11,-13,-11,-14,-10,-14,-9,-14,-9,-13,-8,-13,-7,-13,-7,-13,-7,-14,-7,-14,-6,-15,-6,-16,-6,-16,-6,-17,-7,-17,-7,0,0,-18,-5,-18,-5,-18,-5,-17,-5,-16,-6,-15,-5,-15,-5,-15,-4,-15,-3,-15,-2,-15,-2,-15,-2,-14,-2,-14,-2,-14,-1,-15,-1,-14,-2,-14,-2,-14,-3,-14,-4,-13,-4,-12,-3,-12,-4,-11,-4,-11,-4,-10,-4,-10,-5,-9,-4,0,0,0,0,0,0]"
CSI_DATA,2640629,1a:00:00:00:00:00,-70,11,-94,4,53,6,2640629,47,0,128,0,"[0,0,0,0,0,0,0,0,11,13,11,14,10,15,10,16,10,16,9,17,7,17,6,18,4,18,3,18,2,18,3,17,3,16,4,16,4,15,5,15,5,15,6,14,6,14,6,14,6,14,6,15,6,15,7,16,8,16,8,16,8,16,8,17,0,0,8,17,8,16,9,16,8,16,8,15,7,15,7,16,6,16,7,17,7,16,8,15,9,14,9,13,9,12,8,12,8,11,8,12,8,12,7,12,7,13,7,13,7,13,6,12,5,12,4,12,3,11,2,11,2,10,0,0,0,0,0,0]"
CSI_DATA,2645414,1a:00:00:00:00:00,-70,11,-94,4,53,6,2645414,47,0,128,0,"[0,0,0,0,0,0,0,0,5,15,3,16,2,17,1,18,0,19,-1,19,-2,19,-3,18,-4,17,-5,16,-5,17,-5,17,-5,18,-4,17,-4,17,-4,16,-4,15,-4,16,-4,16,-3,16,-2,16,-2,15,-2,16,-1,16,-1,16,-1,17,-1,18,-1,18,0,0,-2,19,-2,18,-2,18,-2,18,-2,18,-2,17,-1,17,-1,15,-1,15,-1,14,0,14,0,14,0,15,0,15,1,15,1,15,1,15,0,15,0,15,0,14,-1,13,-1,13,-1,12,-2,12,-3,11,-3,11,-3,10,-2,9,0,0,0,0,0,0]"
CSI_DATA,2651316,1a:00:00:00:00:00,-71,11,-94,4,53,6,2651316,47,0,128,0,"[0,0,0,0,0,0,0,0,11,-15,11,-14,12,-14,13,-12,14,-11,16,-10,17,-8,17,-7,17,-5,18,-5,17,-5,17,-4,16,-4,16,-3,15,-4,15,-4,15,-4,16,-4,16,-4,16,-4,16,-4,15,-4,16,-5,16,-6,17,-5,17,-5,17,-5,17,-4,0,0,18,-5,18,-5,19,-4,19,-3,19,-2,18,-2,16,-1,15,-1,14,-1,13,-2,13,-2,14,-2,15,-2,17,-2,16,-2,16,-2,15,-1,15,-1,14,0,14,0,13,1,13,1,12,1,12,3,11,4,10,4,10,5,9,5,0,0,0,0,0,0]"
CSI_DATA,2655316,1a:00:00:00:00:00,-70,11,-94,4,53,6,2655316,47,0,128,0,"[0,0,0,0,0,0,0,0,-17,-4,-17,-4,-17,-6,-17,-7,-17,-9,-17,-10,-16,-11,-15,-12,-15,-12,-14,-12,-13,-13,-12,-13,-11,-13,-11,-12,-11,-12,-12,-11,-12,-11,-12,-10,-12,-11,-12,-10,-12,-11,-11,-11,-12,-11,-13,-11,-13,-11,-14,-11,-15,-11,-15,-11,0,0,-15,-12,-14,-12,-14,-12,-13,-12,-12,-12,-11,-12,-12,-10,-12,-10,-12,-9,-13,-9,-13,-9,-12,-9,-11,-9,-11,-10,-12,-9,-12,-9,-12,-9,-12,-9,-10,-9,-10,-10,-10,-10,-10,-10,-9,-10,-8,-10,-7,-10,-6,-9,-5,-9,-5,-9,0,0,0,0,0,0]"
CSI_DATA,2657316,1a:00:00:00:00:00,-70,11,-94,4,53,6,2657316,47,0,128,0,"[0,0,0,0,0,0,0,0,16,1,16,2,17,4,18,5,18,5,18,5,17,6,17,6,16,7,16,8,16,8,17,7,16,7,16,6,16,5,16,4,16,3,16,3,16,2,16,2,16,1,16,1,17,0,17,0,17,-1,18,-2,18,-2,18,-2,0,0,18,-3,18,-3,18,-4,17,-4,17,-5,17,-5,16,-5,16,-4,15,-4,15,-5,14,-5,14,-7,14,-8,13,-8,12,-8,12,-8,12,-9,12,-8,12,-9,12,-9,11,-8,12,-8,11,-7,11,-7,10,-6,10,-5,9,-5,9,-4,0,0,0,0,0,0]"
CSI_DATA,2659316,1a:00:00:00:00:00,-70,11,-94,4,53,6,2659316,47,0,128,0,"[0,0,0,0,0,0,0,0,0,16,-1,16,-3,17,-4,18,-5,17,-7,17,-8,17,-8,17,-9,16,-9,16,-9,16,-9,15,-9,15,-9,14,-9,14,-8,15,-8,15,-8,15,-8,16,-7,15,-7,15,-7,15,-6,15,-6,16,-6,16,-6,17,-5,17,-5,16,0,0,-6,19,-7,17,-7,17,-7,17,-7,16,-7,16,-7,17,-6,17,-6,18,-4,18,-4,17,-4,17,-4,15,-4,14,-4,14,-4,15,-4,14,-4,15,-5,14,-5,14,-5,13,-6,13,-6,13,-6,12,-6,11,-6,9,-6,8,-7,7,0,0,0,0,0,0]"
CSI_DATA,2661316,1a:00:00:00:00:00,-70,11,-94,4,53,6,2661316,47,0,128,0,"[0,0,0,0,0,0,0,0,-5,-16,-3,-17,-3,-18,-2,-19,-2,-20,-1,-20,0,-20,0,-19,0,-18,0,-17,-1,-17,-1,-17,-2,-17,-2,-17,-3,-16,-4,-16,-3,-15,-4,-14,-5,-14,-5,-14,-7,-13,-8,-13,-9,-14,-10,-14,-10,-14,-11,-13,-11,-13,-11,-13,0,0,-14,-13,-13,-13,-13,-13,-13,-13,-13,-12,-13,-12,-14,-10,-15,-9,-15,-7,-15,-7,-15,-6,-15,-6,-14,-5,-13,-6,-14,-4,-14,-4,-14,-3,-14,-3,-13,-3,-14,-3,-13,-2,-14,-3,-14,-3,-13,-3,-12,-4,-11,-4,-10,-4,-10,-3,0,0,0,0,0,0]"
CSI_DATA,2663316,1a:00:00:00:00:00,-70,11,-94,4,53,6,2663316,47,0,128,0,"[0,0,0,0,0,0,0,0,17,-4,17,-4,18,-3,18,-1,18,0,18,2,18,3,19,3,19,4,19,5,18,4,18,5,17,4,16,4,16,4,16,3,15,2,15,2,15,2,15,2,16,2,16,1,17,1,17,0,17,-1,17,-1,17,-1,17,-1,0,0,18,-2,18,-1,17,-1,17,-1,18,-1,18,-1,18,-1,17,-1,17,-1,17,-1,16,-2,16,-3,16,-4,15,-4,14,-3,15,-4,14,-4,14,-5,14,-5,14,-5,14,-4,13,-3,13,-2,12,-1,11,-1,10,0,10,0,10,0,0,0,0,0,0,0]"
CSI_DATA,2665316,1a:00:00:00:00:00,-71,11,-94,4,53,6,2665316,47,0,128,0,"[0,0,0,0,0,0,0,0,6,17,5,18,4,19,3,20,1,20,0,20,-2,19,-3,18,-4,17,-5,17,-5,16,-6,17,-6,16,-6,16,-6,15,-5,16,-6,15,-5,15,-5,15,-5,15,-4,15,-4,16,-4,17,-4,17,-4,17,-5,17,-5,17,-5,16,0,0,-6,18,-7,17,-8,17,-8,17,-8,16,-7,15,-8,16,-9,16,-10,16,-9,15,-8,16,-8,15,-7,15,-7,13,-7,14,-8,14,-8,13,-8,12,-8,12,-8,11,-8,11,-9,10,-9,9,-10,9,-10,8,-10,7,-10,6,-10,5,0,0,0,0,0,0]"
CSI_DATA,2671316,1a:00:00:00:00:00,-70,11,-94,4,53,6,2671316,47,0,128,0,"[0,0,0,0,0,0,0,0,-13,12,-13,12,-14,12,-14,12,-15,11,-16,10,-16,9,-16,8,-16,8,-15,7,-16,7,-16,7,-16,7,-15,7,-14,7,-14,8,-13,8,-13,9,-13,10,-12,10,-12,10,-11,10,-10,11,-10,13,-10,14,-10,15,-10,16,-10,16,0,0,-10,18,-10,16,-10,16,-9,15,-8,15,-7,15,-7,16,-7,17,-7,18,-7,18,-6,17,-5,16,-4,15,-3,15,-2,15,-2,16,-2,16,-2,16,-2,15,-2,15,-2,15,-2,14,-2,13,-2,13,-3,11,-3,10,-4,9,-4,8,0,0,0,0,0,0]"
CSI_DATA,2681530,1a:00:00:00:00:00,-71,11,-94,4,53,6,2681530,47,0,128,0,"[0,0,0,0,0,0,0,0,11,-14,11,-14,12,-13,14,-12,15,-11,16,-11,16,-11,16,-10,15,-9,15,-8,16,-7,15,-7,16,-8,15,-8,14,-9,14,-9,13,-9,13,-9,12,-10,11,-10,11,-10,11,-10,11,-11,11,-12,12,-12,12,-13,12,-13,12,-13,0,0,13,-15,12,-14,11,-13,11,-13,10,-12,10,-12,11,-13,11,-14,11,-14,10,-14,9,-15,8,-14,7,-14,6,-13,6,-13,6,-13,6,-13,6,-13,7,-13,7,-13,7,-12,7,-11,7,-11,7,-10,7,-9,7,-8,7,-8,7,-8,0,0,0,0,0,0]"
CSI_DATA,2685316,1a:00:00:00:00:00,-70,11,-94,4,53,6,2685316,47,0,128,0,"[0,0,0,0,0,0,0,0,-2,-17,-1,-17,1,-17,2,-17,4,-18,4,-18,5,-18,5,-18,6,-18,5,-18,5,-17,4,-17,5,-17,4,-16,4,-16,3,-16,3,-16,2,-16,1,-16,1,-16,0,-16,-1,-16,-2,-16,-3,-17,-3,-18,-3,-18,-3,-17,-3,-16,0,0,-5,-18,-5,-18,-5,-18,-6,-18,-6,-17,-6,-16,-5,-15,-5,-15,-5,-14,-5,-13,-7,-13,-8,-13,-9,-13,-9,-13,-9,-12,-9,-13,-9,-12,-9,-12,-9,-11,-9,-11,-8,-11,-8,-11,-7,-10,-7,-10,-5,-10,-5,-10,-4,-10,-4,-9,0,0,0,0,0,0]"
CSI_DATA,2691316,1a:00:00:00:00:00,-70,11,-94,4,53,6,2691316,47,0,128,0,"[0,0,0,0,0,0,0,0,-1,-19,0,-19,0,-19,2,-19,2,-19,3,-19,4,-19,5,-18,5,-18,6,-17,6,-16,7,-16,7,-15,7,-15,7,-14,6,-15,6,-15,5,-16,5,-16,4,-16,4,-16,3,-16,3,-16,2,-17,1,-17,2,-17,2,-17,3,-17,0,0,2,-19,2,-19,2,-18,1,-18,2,-18,1,-17,2,-16,2,-16,2,-16,1,-16,1,-15,1,-16,0,-16,0,-16,0,-15,-1,-15,-1,-15,-2,-16,-2,-15,-2,-15,-1,-14,0,-13,1,-13,1,-12,2,-12,3,-11,3,-11,3,-11,0,0,0,0,0,0]"
CSI_DATA,2709316,1a:00:00:00:00:00,-70,11,-94,4,53,6,2709316,47,0,128,0,"[0,0,0,0,0,0,0,0,5,-16,6,-16,7,-17,9,-17,10,-16,10,-16,10,-15,10,-14,10,-14,10,-13,10,-13,11,-12,11,-12,11,-12,11,-12,10,-12,10,-12,9,-13,8,-13,8,-14,7,-14,7,-14,6,-14,7,-15,7,-16,7,-16,8,-17,9,-16,0,0,5,-18,6,-17,6,-17,7,-17,6,-16,6,-15,6,-15,7,-16,6,-16,6,-17,5,-17,4,-17,2,-16,2,-15,2,-14,2,-15,2,-15,2,-15,2,-15,2,-14,2,-13,2,-12,3,-12,3,-12,3,-11,3,-11,4,-10,4,-10,0,0,0,0,0,0]"
CSI_DATA,2715316,1a:00:00:00:00:00,-70,11,-94,4,53,6,2715316,47,0,128,0,"[0,0,0,0,0,0,0,0,-2,-17,-1,-17,0,-18,2,-18,3,-18,4,-19,6,-18,7,-18,8,-17,8,-16,9,-16,9,-15,9,-14,8,-14,8,-14,7,-15,7,-15,6,-15,6,-15,6,-15,6,-15,7,-15,6,-15,6,-15,6,-16,6,-16,6,-16,6,-17,0,0,8,-18,7,-17,6,-17,6,-16,6,-16,6,-15,7,-16,7,-15,7,-16,7,-17,6,-16,5,-15,4,-15,4,-14,4,-14,4,-14,4,-14,5,-14,5,-13,5,-13,6,-12,7,-12,7,-11,8,-11,7,-10,8,-9,7,-8,8,-7,0,0,0,0,0,0]"
CSI_DATA,2719316,1a:00:00:00:00:00,-71,11,-94,4,53,6,2719316,47,0,128,0,"[0,0,0,0,0,0,0,0,-17,6,-17,4,-17,4,-18,2,-19,1,-20,-1,-20,-1,-20,-2,-19,-2,-18,-3,-18,-3,-17,-4,-16,-5,-16,-5,-16,-4,-17,-3,-16,-3,-16,-2,-16,-2,-15,-2,-15,-2,-15,-1,-16,-1,-17,-1,-18,-1,-18,-1,-18,-1,-17,0,0,0,-20,0,-19,0,-19,0,-18,0,-17,0,-17,1,-17,0,-17,0,-17,0,-17,-1,-17,0,-17,1,-16,2,-15,2,-14,2,-14,2,-14,2,-15,1,-15,2,-14,1,-14,1,-14,0,-13,0,-13,0,-12,-1,-11,-1,-10,-2,-9,-3,0,0,0,0,0,0]"
CSI_DATA,2721316,1a:00:00:00:00:00,-70,11,-94,4,53,6,2721316,47,0,128,0,"[0,0,0,0,0,0,0,0,15,-9,15,-9,16,-10,16,-10,17,-10,17,-10,17,-9,17,-8,17,-7,16,-7,16,-7,15,-7,15,-7,15,-7,15,-8,14,-9,14,-9,12,-10,12,-11,11,-11,10,-11,10,-11,9,-12,9,-13,8,-14,8,-15,8,-16,8,-16,0,0,7,-17,6,-17,6,-17,5,-17,5,-16,5,-16,4,-16,4,-17,3,-18,2,-18,1,-18,-1,-17,-1,-15,-2,-13,-2,-13,-2,-14,-2,-14,-2,-14,-2,-15,-3,-14,-3,-14,-2,-13,-2,-13,-1,-12,-1,-12,-1,-11,-1,-11,-1,-10,0,0,0,0,0,0]"
CSI_DATA,2725316,1a:00:00:00:00:00,-71,11,-94,4,53,6,2725316,47,0,128,0,"[0,0,0,0,0,0,0,0,-14,8,-15,7,-16,6,-17,5,-18,4,-19,4,-19,2,-19,1,-19,0,-18,-1,-18,-2,-17,-2,-17,-3,-17,-3,-16,-3,-17,-2,-16,-2,-16,-2,-16,-2,-15,-2,-15,-2,-15,-1,-16,-1,-17,-1,-17,-1,-17,-2,-17,-2,-16,-2,0,0,-19,-3,-19,-3,-18,-3,-17,-3,-17,-3,-16,-3,-15,-4,-15,-5,-15,-5,-15,-6,-16,-5,-16,-5,-15,-4,-15,-3,-14,-3,-13,-3,-13,-3,-14,-3,-14,-4,-14,-5,-13,-5,-13,-6,-12,-7,-11,-7,-10,-7,-9,-7,-7,-7,-7,-7,0,0,0,0,0,0]"
CSI_DATA,2729316,1a:00:00:00:00:00,-70,11,-94,4,53,6,2729316,47,0,128,0,"[0,0,0,0,0,0,0,0,14,10,14,10,13,11,13,12,12,14,11,15,10,16,9,16,8,16,7,17,7,16,6,16,6,16,5,16,6,15,6,16,6,15,7,14,7,14,7,13,8,13,8,13,9,13,9,14,9,14,9,14,10,15,10,15,0,0,9,16,9,16,8,15,8,15,7,16,7,16,7,15,7,14,7,13,8,12,8,13,8,13,7,13,8,13,8,12,7,12,7,12,7,13,7,13,6,13,5,13,4,13,4,13,3,12,2,12,2,11,1,11,0,10,0,0,0,0,0,0]"
CSI_DATA,2735316,1a:00:00:00:00:00,-70,11,-94,4,53,6,2735316,47,0,128,0,"[0,0,0,0,0,0,0,0,0,16,-1,17,-1,17,-2,18,-3,18,-3,19,-4,19,-4,19,-5,18,-5,18,-5,18,-5,17,-4,16,-3,16,-3,16,-1,16,0,16,1,15,1,16,1,16,3,16,3,16,4,16,5,17,6,16,7,16,7,16,7,16,0,0,9,17,9,16,10,15,10,15,11,15,11,14,10,13,10,12,10,11,10,10,11,9,12,9,12,9,13,8,12,7,12,7,12,7,12,7,12,6,12,7,11,7,11,7,11,7,11,7,10,7,9,7,9,6,9,5,0,0,0,0,0,0]"
CSI_DATA,2737316,1a:00:00:00:00:00,-71,11,-94,4,53,6,2737316,47,0,128,0,"[0,0,0,0,0,0,0,0,-17,1,-17,0,-18,-1,-18,-3,-18,-4,-18,-4,-18,-6,-18,-6,-17,-7,-17,-7,-17,-7,-17,-7,-16,-7,-16,-6,-16,-7,-15,-6,-15,-5,-15,-5,-15,-5,-14,-4,-15,-3,-15,-2,-16,-2,-17,-1,-17,-2,-17,-2,-18,-3,-18,-3,0,0,-18,0,-18,-1,-18,-1,-18,-1,-18,-1,-17,-1,-17,-2,-17,-2,-17,-2,-17,-1,-16,0,-16,0,-15,2,-15,3,-15,2,-15,2,-14,2,-14,2,-14,2,-14,1,-14,1,-14,1,-13,0,-12,-1,-11,-1,-11,-2,-11,-2,-10,-2,0,0,0,0,0,0]"
CSI_DATA,2741775,1a:00:00:00:00:00,-71,11,-94,4,53,6,2741775,47,0,128,0,"[0,0,0,0,0,0,0,0,3,17,2,17,1,18,0,18,-1,19,-2,19,-3,19,-3,18,-4,17,-5,17,-6,17,-6,16,-5,16,-4,16,-3,16,-2,16,-1,16,-1,16,-1,16,-1,15,-1,15,-1,15,0,15,0,16,1,17,1,17,2,18,2,18,0,0,3,18,3,18,3,18,3,18,3,18,3,17,2,17,2,17,1,17,2,16,3,17,4,16,6,16,6,14,6,14,6,14,5,13,4,13,4,14,4,14,4,14,3,13,3,13,3,13,2,12,1,11,2,11,1,11,0,0,0,0,0,0]"
CSI_DATA,2745476,1a:00:00:00:00:00,-70,11,-94,4,53,6,2745476,47,0,128,0,"[0,0,0,0,0,0,0,0,17,2,17,2,17,3,18,4,18,5,18,7,18,7,17,8,16,8,15,7,15,7,15,7,15,7,15,7,16,7,16,6,15,5,15,4,14,4,14,3,15,2,15,1,16,1,17,1,17,0,18,0,18,-1,18,-2,0,0,18,-1,18,-2,18,-2,17,-2,17,-3,16,-3,16,-3,17,-3,17,-4,17,-5,17,-6,16,-6,14,-6,13,-6,13,-6,13,-6,13,-7,12,-7,12,-7,12,-6,12,-6,12,-6,11,-5,11,-5,10,-4,9,-3,9,-3,9,-2,0,0,0,0,0,0]"
CSI_DATA,2749680,1a:00:00:00:00:00,-70,11,-94,4,53,6,2749680,47,0,128,0,"[0,0,0,0,0,0,0,0,-12,13,-12,12,-13,12,-14,12,-14,12,-15,12,-15,11,-16,10,-16,9,-16,8,-16,8,-16,8,-15,8,-15,9,-14,10,-13,11,-12,11,-11,11,-10,12,-10,12,-10,12,-9,12,-10,12,-10,13,-10,14,-9,15,-8,15,-8,16,0,0,-8,19,-8,18,-7,17,-7,16,-6,15,-5,15,-5,15,-5,17,-4,17,-3,18,-2,17,-2,17,0,16,0,15,0,16,1,15,1,15,1,15,1,14,1,14,1,14,1,13,1,13,0,12,0,12,-1,11,-1,10,-2,9,0,0,0,0,0,0]"
CSI_DATA,2754074,1a:00:00:00:00:00,-70,11,-94,4,53,6,2754074,47,0,128,0,"[0,0,0,0,0,0,0,0,-3,17,-4,17,-5,16,-6,16,-7,17,-8,18,-8,17,-9,17,-9,16,-9,15,-9,14,-8,14,-8,14,-7,15,-7,15,-6,16,-5,16,-4,16,-3,16,-2,16,-1,16,0,16,0,16,1,17,1,17,2,18,2,19,1,19,0,0,4,19,5,18,6,17,6,17,6,16,6,16,6,16,6,17,6,17,7,17,8,16,8,15,9,13,9,11,9,11,10,11,10,11,10,11,11,11,10,11,10,10,9,10,8,10,8,10,7,10,7,9,6,9,5,8,0,0,0,0,0,0]"
CSI_DATA,2762074,1a:00:00:00:00:00,-70,11,-94,4,53,6,2762074,47,0,128,0,"[0,0,0,0,0,0,0,0,-18,4,-17,3,-18,2,-18,1,-18,0,-19,-1,-18,-3,-18,-4,-17,-4,-17,-5,-16,-6,-16,-7,-15,-7,-16,-7,-16,-7,-16,-6,-16,-6,-16,-5,-15,-5,-14,-5,-14,-5,-15,-5,-16,-5,-16,-5,-17,-4,-17,-4,-17,-4,-17,-4,0,0,-18,-6,-18,-6,-18,-6,-18,-6,-17,-6,-16,-7,-15,-7,-14,-6,-14,-4,-13,-4,-13,-4,-14,-4,-14,-5,-14,-6,-15,-5,-14,-5,-14,-5,-14,-5,-13,-6,-13,-6,-13,-7,-12,-7,-11,-7,-10,-7,-9,-8,-7,-9,-6,-9,-6,-9,0,0,0,0,0,0]"
CSI_DATA,2767335,1a:00:00:00:00:00,-70,11,-94,4,53,6,2767335,47,0,128,0,"[0,0,0,0,0,0,0,0,14,-10,14,-9,15,-9,16,-8,16,-8,18,-8,17,-7,17,-7,17,-7,16,-7,16,-7,15,-7,15,-7,15,-7,14,-8,13,-9,12,-10,11,-11,11,-11,10,-11,10,-12,10,-13,10,-13,9,-14,8,-15,8,-15,8,-16,8,-16,0,0,7,-18,6,-18,6,-18,5,-17,4,-17,4,-16,4,-15,3,-14,2,-14,2,-14,1,-15,0,-15,-1,-16,-3,-15,-3,-14,-4,-14,-4,-14,-5,-14,-4,-14,-4,-13,-4,-13,-4,-13,-3,-12,-3,-12,-3,-11,-3,-10,-2,-10,-1,-9,0,0,0,0,0,0]"
CSI_DATA,2769316,1a:00:00:00:00:00,-70,11,-94,4,53,6,2769316,47,0,128,0,"[0,0,0,0,0,0,0,0,16,-9,16,-8,17,-7,18,-6,18,-4,18,-4,18,-3,18,-2,18,-1,18,0,17,0,17,-1,17,0,17,-1,16,-2,16,-2,15,-2,15,-3,15,-3,15,-4,16,-4,16,-4,16,-5,15,-6,15,-6,15,-7,15,-7,15,-7,0,0,17,-7,16,-7,16,-8,16,-8,16,-8,16,-8,15,-7,14,-6,13,-6,12,-7,12,-8,12,-9,12,-10,12,-10,12,-10,11,-10,11,-9,11,-9,11,-9,12,-8,12,-8,11,-8,10,-8,10,-7,10,-7,10,-6,9,-5,9,-4,0,0,0,0,0,0]"
CSI_DATA,2771316,1a:00:00:00:00:00,-70,11,-94,4,53,6,2771316,47,0,128,0,"[0,0,0,0,0,0,0,0,9,16,9,16,8,16,8,17,7,17,5,19,4,18,1,19,0,18,-1,18,-1,17,-1,17,-1,16,0,16,-1,16,0,17,-1,16,-1,16,0,16,0,15,0,15,0,16,0,16,1,17,1,17,1,18,1,18,0,18,0,0,-1,20,-1,19,-1,18,-1,17,-1,17,-1,17,-1,16,-2,16,-3,17,-3,16,-2,17,-1,16,1,16,1,15,1,15,0,15,-1,14,-2,14,-2,14,-2,14,-3,13,-3,13,-4,13,-4,12,-5,11,-5,10,-5,9,-5,8,0,0,0,0,0,0]"
CSI_DATA,2773316,1a:00:00:00:00:00,-70,11,-94,4,53,6,2773316,47,0,128,0,"[0,0,0,0,0,0,0,0,-12,-10,-12,-11,-12,-12,-12,-13,-12,-14,-12,-15,-11,-15,-11,-15,-9,-15,-8,-15,-8,-16,-8,-15,-8,-15,-9,-14,-9,-14,-11,-13,-10,-12,-10,-11,-10,-11,-11,-10,-11,-10,-11,-10,-13,-10,-14,-9,-14,-9,-15,-8,-15,-8,-14,-8,0,0,-16,-8,-16,-8,-15,-8,-15,-8,-15,-8,-15,-8,-15,-7,-15,-5,-15,-3,-15,-2,-15,-2,-15,-2,-14,-3,-14,-3,-14,-3,-14,-2,-14,-2,-14,-2,-13,-2,-14,-2,-13,-2,-13,-2,-13,-2,-12,-2,-11,-2,-11,-2,-10,-2,-9,-2,0,0,0,0,0,0]"
CSI_DATA,2775316,1a:00:00:00:00:00,-70,11,-94,4,53,6,2775316,47,0,128,0,"[0,0,0,0,0,0,0,0,11,-13,12,-13,13,-12,14,-11,15,-11,16,-10,16,-9,17,-8,17,-7,17,-6,17,-5,17,-5,16,-5,15,-5,15,-5,15,-5,14,-5,14,-6,14,-6,14,-6,14,-7,14,-7,15,-7,15,-8,15,-8,15,-9,16,-9,15,-9,0,0,17,-8,17,-8,17,-8,16,-7,16,-7,16,-7,15,-6,14,-6,14,-6,13,-6,13,-6,13,-7,13,-7,13,-8,13,-8,13,-8,12,-8,13,-7,13,-7,13,-6,13,-5,12,-5,12,-4,12,-3,11,-2,11,-2,11,-1,10,-1,0,0,0,0,0,0]"
CSI_DATA,2787316,1a:00:00:00:00:00,-70,11,-94,4,53,6,2787316,47,0,128,0,"[0,0,0,0,0,0,0,0,16,-5,16,-4,17,-4,17,-3,18,-2,19,-1,19,0,19,-1,18,-1,18,0,17,0,17,0,16,0,16,0,16,-1,16,-2,15,-3,16,-3,15,-3,15,-4,16,-4,16,-4,15,-5,16,-7,15,-7,16,-7,16,-7,16,-8,0,0,16,-8,16,-8,16,-8,16,-9,16,-9,15,-9,14,-9,13,-9,12,-8,11,-8,12,-9,11,-10,12,-11,11,-11,10,-10,10,-11,9,-10,9,-11,9,-11,9,-11,9,-10,9,-10,9,-9,9,-9,8,-7,8,-7,8,-6,7,-6,0,0,0,0,0,0]"
CSI_DATA,2797316,1a:00:00:00:00:00,-71,11,-94,4,53,6,2797316,47,0,128,0,"[0,0,0,0,0,0,0,0,-16,-8,-15,-8,-15,-9,-15,-11,-14,-12,-14,-14,-12,-14,-12,-14,-11,-13,-10,-13,-10,-13,-10,-13,-10,-13,-10,-13,-10,-13,-10,-13,-11,-12,-11,-12,-11,-11,-10,-11,-11,-10,-11,-10,-13,-10,-14,-10,-15,-9,-15,-9,-15,-9,-14,-9,0,0,-15,-9,-15,-10,-16,-10,-16,-9,-15,-10,-14,-10,-13,-9,-13,-7,-13,-6,-13,-5,-14,-4,-14,-4,-14,-5,-14,-5,-13,-5,-13,-5,-13,-5,-13,-4,-13,-4,-13,-4,-12,-4,-12,-5,-11,-5,-11,-6,-10,-6,-9,-6,-8,-6,-8,-6,0,0,0,0,0,0]"
CSI_DATA,2804862,1a:00:00:00:00:00,-71,11,-94,4,53,6,2804862,47,0,128,0,"[0,0,0,0,0,0,0,0,15,7,14,8,14,8,14,9,14,10,15,11,14,12,14,12,14,12,13,12,13,12,13,12,14,11,14,9,15,9,15,8,15,7,14,6,14,6,14,6,15,5,15,4,17,3,17,3,18,3,18,2,18,2,19,2,0,0,18,0,18,0,19,0,19,-1,18,-1,17,-2,17,-1,16,-1,16,-2,16,-3,16,-4,15,-4,14,-5,12,-6,12,-6,12,-7,13,-7,13,-8,13,-7,12,-7,11,-7,11,-7,10,-6,10,-6,10,-5,10,-5,10,-4,10,-4,0,0,0,0,0,0]"
CSI_DATA,2807317,1a:00:00:00:00:00,-71,11,-94,4,53,6,2807317,47,0,128,0,"[0,0,0,0,0,0,0,0,-1,17,-2,17,-3,18,-4,18,-6,18,-7,18,-8,17,-8,16,-8,16,-8,16,-9,15,-9,15,-9,14,-9,14,-8,14,-8,14,-7,14,-7,14,-7,14,-6,14,-6,14,-5,15,-5,15,-5,16,-6,16,-6,16,-7,16,-7,16,0,0,-5,17,-6,17,-7,17,-7,16,-7,16,-6,16,-5,16,-4,17,-3,17,-2,17,-2,16,-2,15,-4,14,-4,13,-4,13,-4,14,-4,14,-3,14,-4,14,-4,13,-4,13,-4,12,-5,12,-5,11,-6,10,-6,9,-6,8,-6,7,0,0,0,0,0,0]"
CSI_DATA,2811317,1a:00:00:00:00:00,-70,11,-94,4,53,6,2811317,47,0,128,0,"[0,0,0,0,0,0,0,0,16,-7,16,-6,16,-6,17,-5,18,-4,19,-3,19,-3,19,-2,18,-1,18,0,17,0,17,0,17,0,16,0,17,0,16,-1,16,-1,16,-2,16,-2,15,-3,15,-3,15,-3,16,-3,17,-5,17,-5,17,-5,17,-5,18,-5,0,0,17,-6,17,-5,18,-6,17,-5,17,-5,15,-5,15,-5,15,-5,16,-6,16,-6,16,-8,15,-8,13,-9,12,-8,12,-8,12,-8,12,-7,12,-7,12,-7,12,-7,12,-6,12,-6,11,-5,10,-4,10,-3,9,-2,9,-2,9,-1,0,0,0,0,0,0]"
CSI_DATA,2817317,1a:00:00:00:00:00,-71,11,-94,4,53,6,2817317,47,0,128,0,"[0,0,0,0,0,0,0,0,12,-13,12,-12,13,-12,15,-11,16,-10,17,-9,18,-7,18,-7,17,-6,17,-5,17,-4,17,-3,17,-2,17,-3,17,-3,16,-4,15,-4,15,-4,15,-4,14,-4,15,-4,15,-4,15,-5,16,-5,16,-6,17,-6,17,-5,17,-5,0,0,17,-4,17,-4,17,-5,17,-4,17,-5,16,-4,17,-4,17,-4,17,-4,16,-4,16,-4,15,-4,14,-4,14,-4,14,-3,14,-3,14,-3,14,-3,14,-3,14,-3,14,-2,13,-2,13,0,12,0,11,1,11,1,10,2,10,2,0,0,0,0,0,0]"
CSI_DATA,2822105,1a:00:00:00:00:00,-70,11,-94,4,53,6,2822105,47,0,128,0,"[0,0,0,0,0,0,0,0,15,-9,16,-8,17,-8,17,-7,18,-6,18,-4,18,-3,18,-1,18,0,17,1,17,1,17,1,17,1,17,2,17,1,17,1,17,1,17,0,17,0,16,0,16,0,16,1,16,0,16,0,17,0,18,0,18,-1,18,0,0,0,18,0,19,0,19,1,18,1,18,2,17,2,16,2,15,1,14,1,14,0,14,1,14,1,15,1,15,1,15,0,15,0,15,0,15,1,15,2,14,2,14,3,13,3,13,3,12,3,11,4,10,4,9,5,9,5,0,0,0,0,0,0]"
CSI_DATA,2823320,1a:00:00:00:00:00,-70,11,-94,4,53,6,2823320,47,0,128,0,"[0,0,0,0,0,0,0,0,14,10,14,11,13,11,13,11,13,11,13,12,13,12,13,13,13,13,12,13,12,13,11,13,11,13,12,12,13,11,13,10,14,10,14,9,14,8,14,7,14,6,15,4,15,5,16,5,17,5,17,5,17,5,17,5,0,0,20,1,19,1,18,2,17,2,16,1,16,1,17,0,18,-1,18,-3,18,-3,17,-3,16,-3,15,-4,13,-4,13,-5,12,-6,12,-7,12,-7,12,-6,13,-6,13,-6,13,-6,12,-5,12,-4,11,-4,10,-3,10,-3,9,-2,0,0,0,0,0,0]"
CSI_DATA,2825317,1a:00:00:00:00:00,-70,11,-94,4,53,6,2825317,47,0,128,0,"[0,0,0,0,0,0,0,0,-8,15,-8,15,-9,15,-10,15,-12,14,-13,14,-14,13,-15,12,-15,12,-14,11,-14,10,-14,10,-14,10,-13,10,-13,10,-13,10,-12,11,-11,11,-11,11,-10,12,-10,12,-10,12,-10,13,-9,14,-9,14,-10,14,-10,14,-10,14,0,0,-10,16,-11,16,-11,15,-10,15,-10,14,-9,14,-8,14,-7,14,-6,14,-5,13,-5,13,-6,13,-7,13,-7,13,-6,13,-5,13,-5,13,-5,14,-5,14,-5,13,-6,13,-6,12,-6,11,-6,10,-6,9,-7,9,-7,8,-7,7,0,0,0,0,0,0]"
CSI_DATA,2827317,1a:00:00:00:00:00,-71,11,-94,4,53,6,2827317,47,0,128,0,"[0,0,0,0,0,0,0,0,-15,-8,-15,-9,-15,-10,-15,-11,-14,-13,-14,-14,-12,-15,-11,-15,-10,-15,-9,-15,-8,-15,-7,-15,-7,-16,-7,-16,-6,-16,-7,-15,-7,-14,-6,-14,-6,-14,-6,-14,-7,-14,-8,-15,-8,-14,-9,-15,-8,-15,-8,-15,-8,-15,-7,-15,0,0,-6,-17,-6,-17,-6,-17,-5,-16,-5,-16,-5,-15,-4,-15,-3,-15,-3,-15,-3,-15,-3,-16,-3,-16,-4,-16,-5,-15,-4,-14,-4,-13,-4,-13,-4,-13,-3,-13,-2,-13,-1,-13,0,-13,0,-13,1,-12,2,-11,3,-10,3,-10,4,-9,0,0,0,0,0,0]"
CSI_DATA,2837317,1a:00:00:00:00:00,-70,11,-94,4,53,6,2837317,47,0,128,0,"[0,0,0,0,0,0,0,0,-15,9,-15,9,-16,9,-17,8,-17,8,-18,7,-18,7,-17,6,-17,6,-16,5,-16,5,-16,6,-15,6,-15,6,-14,7,-14,8,-14,8,-13,9,-13,9,-13,9,-12,10,-12,11,-11,12,-11,13,-11,14,-11,14,-11,15,-11,15,0,0,-10,17,-10,16,-10,16,-10,15,-9,16,-8,16,-7,15,-6,15,-6,15,-6,14,-5,14,-4,15,-3,16,-2,15,-2,15,-2,16,-1,15,-1,15,-1,15,0,14,0,14,0,13,0,13,-1,12,-2,11,-2,11,-2,11,-2,10,0,0,0,0,0,0]"
CSI_DATA,2843317,1a:00:00:00:00:00,-70,11,-94,4,53,6,2843317,47,0,128,0,"[0,0,0,0,0,0,0,0,-7,15,-8,15,-8,15,-10,15,-11,15,-12,15,-13,13,-14,13,-14,12,-14,12,-13,11,-13,11,-13,11,-12,11,-12,12,-11,12,-10,13,-10,13,-9,13,-9,13,-9,13,-8,13,-8,14,-7,14,-7,15,-8,15,-8,16,-8,16,0,0,-8,18,-8,18,-8,18,-7,17,-7,16,-7,16,-6,15,-5,14,-4,13,-4,13,-5,13,-4,14,-4,14,-4,15,-2,15,-2,14,-2,14,-2,14,-2,14,-2,13,-3,13,-3,13,-3,12,-4,12,-3,11,-3,10,-3,9,-3,8,0,0,0,0,0,0]"
CSI_DATA,2847317,1a:00:00:00:00:00,-70,11,-94,4,53,6,2847317,47,0,128,0,"[0,0,0,0,0,0,0,0,17,4,17,4,17,5,17,6,17,7,17,8,17,9,16,10,15,10,14,11,14,10,14,10,14,9,15,9,14,8,14,8,14,7,14,5,14,4,15,4,16,4,16,4,16,3,17,3,17,2,18,2,18,1,18,1,0,0,18,-1,18,-1,18,0,18,-1,17,-1,16,0,16,-1,16,-2,16,-3,16,-4,15,-4,15,-4,14,-4,13,-3,13,-4,14,-5,14,-5,14,-5,14,-4,14,-4,13,-3,13,-3,13,-4,12,-4,11,-3,11,-2,10,-1,9,0,0,0,0,0,0,0]"
CSI_DATA,2851317,1a:00:00:00:00:00,-70,11,-94,4,53,6,2851317,47,0,128,0,"[0,0,0,0,0,0,0,0,-1,-17,0,-17,1,-18,2,-18,2,-19,3,-19,3,-18,4,-17,4,-17,4,-16,4,-16,4,-17,4,-17,3,-16,2,-16,2,-16,1,-16,0,-16,-1,-16,-2,-16,-3,-15,-3,-15,-5,-15,-6,-16,-6,-17,-6,-17,-5,-17,-5,-17,0,0,-10,-16,-9,-17,-8,-17,-8,-16,-8,-15,-9,-15,-11,-13,-12,-13,-13,-12,-13,-13,-13,-12,-12,-12,-11,-10,-10,-10,-11,-9,-11,-9,-11,-9,-11,-9,-12,-8,-11,-8,-11,-7,-11,-7,-10,-7,-9,-7,-8,-8,-7,-8,-7,-8,-6,-8,0,0,0,0,0,0]"
CSI_DATA,2855317,1a:00:00:00:00:00,-71,11,-94,4,53,6,2855317,47,0,128,0,"[0,0,0,0,0,0,0,0,3,17,3,17,2,18,1,18,0,19,-1,19,-3,18,-5,17,-6,16,-7,16,-8,16,-9,15,-8,15,-8,15,-8,15,-8,15,-7,15,-7,15,-7,15,-7,14,-7,14,-7,14,-7,15,-7,15,-8,15,-8,15,-9,15,-10,15,0,0,-10,17,-11,16,-11,15,-11,14,-10,13,-10,13,-11,12,-12,12,-13,11,-13,11,-12,11,-11,12,-10,12,-9,12,-9,11,-10,11,-10,10,-11,9,-11,9,-11,9,-11,8,-11,7,-11,6,-11,6,-11,5,-11,4,-11,3,-10,2,0,0,0,0,0,0]"
CSI_DATA,2865009,1a:00:00:00:00:00,-71,11,-94,4,53,6,2865009,47,0,128,0,"[0,0,0,0,0,0,0,0,16,6,16,7,17,8,17,9,17,10,16,11,16,11,16,11,15,11,14,11,14,11,13,11,13,10,13,10,14,9,15,8,15,6,15,5,15,5,15,4,15,4,15,3,16,3,17,2,18,2,18,1,18,1,18,0,0,0,20,-1,19,-2,18,-1,17,-2,18,-2,17,-2,16,-3,16,-3,15,-4,14,-5,14,-4,14,-6,14,-6,14,-7,13,-7,13,-7,13,-7,12,-8,12,-8,11,-8,11,-8,11,-8,11,-7,10,-7,10,-6,9,-5,9,-5,9,-4,0,0,0,0,0,0]"
CSI_DATA,2865150,1a:00:00:00:00:00,-71,11,-94,4,53,6,2865150,47,0,128,0,"[0,0,0,0,0,0,0,0,12,-12,13,-12,14,-11,14,-11,15,-11,15,-10,15,-9,15,-9,15,-9,15,-8,15,-8,15,-9,14,-9,14,-9,14,-10,13,-10,13,-10,11,-11,11,-11,10,-11,10,-12,10,-13,9,-13,9,-14,9,-15,8,-15,8,-15,8,-15,0,0,8,-17,7,-17,7,-17,6,-17,5,-17,5,-16,5,-16,5,-16,4,-17,3,-17,2,-17,1,-16,0,-15,-1,-14,0,-13,-1,-14,-1,-14,-2,-14,-2,-14,-2,-14,-1,-13,-1,-13,-1,-12,-1,-11,0,-11,0,-10,0,-9,0,-9,0,0,0,0,0,0]"
CSI_DATA,2873389,1a:00:00:00:00:00,-70,11,-94,4,53,6,2873389,47,0,128,0,"[0,0,0,0,0,0,0,0,5,18,5,18,4,18,3,18,1,18,0,19,-2,18,-3,18,-5,18,-5,16,-6,16,-6,15,-6,15,-5,15,-5,16,-5,16,-5,15,-5,15,-6,16,-6,15,-5,16,-5,15,-5,16,-5,16,-5,16,-6,16,-6,17,-6,17,0,0,-7,18,-7,18,-8,17,-8,16,-8,16,-8,15,-8,15,-9,15,-8,16,-8,17,-7,17,-7,16,-7,15,-7,14,-8,14,-7,13,-7,13,-7,13,-8,13,-8,12,-8,11,-8,10,-9,9,-9,8,-9,7,-9,6,-9,5,-8,4,0,0,0,0,0,0]"
CSI_DATA,2873550,1a:00:00:00:00:00,-70,11,-94,4,53,6,2873550,47,0,128,0,"[0,0,0,0,0,0,0,0,-4,16,-5,16,-7,16,-8,15,-10,15,-12,13,-13,13,-13,12,-13,11,-13,11,-13,11,-14,10,-14,10,-14,10,-14,9,-13,9,-13,9,-12,8,-12,9,-12,8,-12,9,-12,9,-12,9,-13,10,-13,10,-14,11,-14,11,-14,11,0,0,-17,11,-16,10,-16,9,-16,9,-16,8,-16,7,-15,7,-14,7,-13,6,-13,6,-13,7,-13,7,-13,6,-13,6,-12,5,-12,6,-12,6,-12,5,-12,5,-13,4,-13,3,-13,2,-13,1,-12,1,-11,0,-11,-1,-10,-1,-10,-2,0,0,0,0,0,0]"
CSI_DATA,2877919,1a:00:00:00:00:00,-70,11,-94,4,53,6,2877919,47,0,128,0,"[0,0,0,0,0,0,0,0,12,-11,13,-11,14,-10,15,-9,16,-7,18,-6,18,-4,18,-4,18,-3,18,-2,17,-1,17,-1,17,0,17,0,17,0,18,-1,17,-1,17,-1,16,-1,16,-1,16,-2,16,-2,16,-2,17,-2,17,-2,17,-1,18,-1,18,-1,0,0,19,-1,18,-1,18,0,17,0,17,0,17,0,16,1,16,1,15,2,15,2,16,2,17,1,17,1,16,0,15,0,15,0,14,0,14,0,14,1,14,2,14,3,13,4,12,4,11,5,11,5,10,5,9,5,9,5,0,0,0,0,0,0]"
CSI_DATA,2881519,1a:00:00:00:00:00,-70,11,-94,4,53,6,2881519,47,0,128,0,"[0,0,0,0,0,0,0,0,-1,17,-2,17,-3,17,-5,18,-6,18,-7,18,-8,17,-8,17,-9,16,-9,15,-10,15,-11,14,-10,14,-10,14,-9,14,-9,14,-8,15,-7,14,-7,15,-7,15,-7,15,-7,14,-7,14,-7,15,-7,15,-7,16,-7,17,-7,17,0,0,-9,18,-8,17,-8,17,-8,16,-8,15,-8,15,-7,15,-7,16,-6,16,-6,17,-5,16,-5,15,-5,14,-6,14,-6,15,-5,15,-5,15,-5,15,-5,14,-6,13,-7,12,-7,11,-7,11,-7,10,-8,10,-8,9,-8,9,-8,8,0,0,0,0,0,0]"
CSI_DATA,2885317,1a:00:00:00:00:00,-70,11,-94,4,53,6,2885317,47,0,128,0,"[0,0,0,0,0,0,0,0,-4,17,-4,18,-5,18,-6,18,-7,17,-8,17,-9,15,-10,15,-10,14,-10,14,-10,14,-10,14,-10,14,-10,14,-10,14,-10,14,-9,14,-8,14,-7,15,-6,14,-6,14,-6,14,-7,15,-6,16,-6,17,-5,17,-5,18,-4,17,0,0,-6,19,-6,18,-6,18,-6,18,-5,16,-6,16,-6,16,-6,17,-5,18,-3,18,-2,17,-1,17,-1,15,-1,15,-2,15,-2,15,-2,15,-2,16,-2,15,-2,15,-3,14,-3,13,-3,13,-4,12,-4,11,-4,10,-4,10,-5,10,0,0,0,0,0,0]"
CSI_DATA,2891317,1a:00:00:00:00:00,-71,11,-94,4,53,6,2891317,47,0,128,0,"[0,0,0,0,0,0,0,0,2,18,1,18,0,18,-2,17,-4,17,-5,17,-7,17,-8,16,-8,16,-8,15,-9,15,-9,14,-9,14,-9,14,-9,14,-9,15,-8,15,-7,15,-7,15,-6,15,-6,15,-7,14,-7,15,-7,15,-8,16,-8,16,-7,16,-7,16,0,0,-9,17,-9,16,-9,16,-9,15,-9,14,-9,14,-9,14,-9,15,-8,16,-8,16,-7,16,-6,15,-5,14,-5,13,-6,14,-6,13,-7,13,-7,13,-8,12,-8,11,-8,11,-8,10,-8,10,-8,9,-9,8,-9,7,-9,6,-9,6,0,0,0,0,0,0]"
CSI_DATA,2895317,1a:00:00:00:00:00,-70,11,-94,4,53,6,2895317,47,0,128,0,"[0,0,0,0,0,0,0,0,16,-5,17,-4,18,-3,19,-1,19,0,19,2,19,3,18,4,17,4,17,5,16,5,16,6,15,5,16,5,16,5,16,4,16,4,16,4,16,3,16,3,16,2,16,2,16,2,17,1,17,1,17,1,17,2,17,2,0,0,18,1,18,2,18,2,18,2,18,2,17,2,16,3,15,4,15,3,15,3,15,3,16,2,16,0,16,0,15,0,15,0,15,0,14,0,14,1,14,2,14,3,13,3,13,3,12,4,11,4,10,4,9,4,9,4,0,0,0,0,0,0]"
CSI_DATA,2897317,1a:00:00:00:00:00,-70,11,-94,4,53,6,2897317,47,0,128,0,"[0,0,0,0,0,0,0,0,-12,10,-13,10,-14,11,-15,11,-15,10,-16,10,-16,9,-17,8,-16,7,-16,6,-16,6,-15,7,-15,7,-14,8,-14,9,-13,10,-12,11,-11,11,-11,11,-11,12,-10,12,-10,12,-10,13,-9,14,-9,15,-8,16,-8,16,-7,17,0,0,-7,18,-7,18,-7,17,-6,17,-6,17,-6,16,-6,17,-5,17,-3,17,-1,17,0,16,0,16,1,15,1,15,1,15,2,15,2,15,1,15,1,14,1,14,2,14,1,13,1,13,1,12,0,12,0,11,1,10,1,9,0,0,0,0,0,0]"
CSI_DATA,2904846,1a:00:00:00:00:00,-70,11,-94,4,53,6,2904846,47,0,128,0,"[0,0,0,0,0,0,0,0,-15,9,-16,8,-16,7,-17,6,-17,5,-18,5,-18,3,-18,3,-18,1,-19,0,-18,0,-18,0,-17,0,-17,0,-16,0,-16,1,-15,1,-15,1,-15,2,-16,2,-16,2,-17,3,-17,2,-18,3,-18,3,-18,3,-18,3,-18,4,0,0,-17,3,-17,3,-18,3,-18,3,-18,1,-17,0,-16,0,-15,1,-14,2,-13,2,-14,2,-15,2,-15,1,-15,2,-15,3,-15,3,-15,3,-15,2,-15,1,-15,0,-14,0,-14,0,-13,-1,-12,-1,-12,-2,-11,-2,-10,-3,-9,-4,0,0,0,0,0,0]"
CSI_DATA,2907301,1a:00:00:00:00:00,-71,11,-94,4,53,6,2907301,47,0,128,0,"[0,0,0,0,0,0,0,0,10,-14,10,-14,11,-14,12,-15,13,-15,13,-15,13,-13,13,-12,13,-12,13,-11,13,-11,13,-11,13,-10,13,-11,12,-11,11,-12,11,-12,10,-13,9,-13,9,-13,8,-14,8,-14,7,-15,6,-15,6,-16,6,-16,6,-17,6,-17,0,0,6,-18,6,-18,5,-18,4,-17,3,-17,3,-16,3,-16,3,-17,3,-17,2,-18,1,-18,0,-17,-1,-16,-1,-15,-1,-15,-1,-15,-1,-15,-1,-14,-2,-14,-2,-13,-2,-13,-1,-13,-1,-13,0,-13,1,-12,1,-11,1,-10,1,-10,0,0,0,0,0,0]"
CSI_DATA,2915317,1a:00:00:00:00:00,-70,11,-94,4,53,6,2915317,47,0,128,0,"[0,0,0,0,0,0,0,0,-15,10,-15,10,-15,10,-16,8,-16,7,-17,6,-17,6,-17,6,-17,6,-16,6,-16,7,-16,6,-16,7,-16,8,-15,8,-14,9,-13,9,-12,10,-12,10,-12,10,-12,11,-10,11,-10,13,-9,14,-8,14,-8,15,-8,15,-9,15,0,0,-9,17,-8,17,-8,17,-7,17,-6,16,-6,16,-4,16,-3,17,-1,18,0,18,1,17,1,17,1,16,1,15,2,15,2,15,2,14,3,15,3,14,3,14,3,14,3,14,3,13,3,13,2,12,2,11,1,10,1,9,0,0,0,0,0,0]"
CSI_DATA,2919317,1a:00:00:00:00:00,-70,11,-94,4,53,6,2919317,47,0,128,0,"[0,0,0,0,0,0,0,0,16,-7,16,-8,17,-7,18,-7,18,-5,19,-4,19,-2,18,0,18,1,17,2,17,3,17,3,17,3,17,3,17,2,17,2,16,1,16,1,15,1,14,1,14,2,15,2,17,2,18,2,18,1,18,1,18,1,17,0,0,0,19,2,19,3,18,3,18,3,17,3,15,4,16,4,16,4,17,3,17,2,17,2,17,2,15,1,14,2,15,2,15,2,15,3,14,3,14,3,13,4,13,4,12,5,12,5,11,5,10,6,9,6,8,6,7,7,0,0,0,0,0,0]"
CSI_DATA,2925317,1a:00:00:00:00:00,-70,11,-94,4,53,6,2925317,47,0,128,0,"[0,0,0,0,0,0,0,0,16,5,15,5,16,6,16,7,16,9,16,9,16,10,16,10,15,10,15,10,15,10,15,11,15,10,14,9,14,8,14,7,14,6,14,5,15,5,15,5,16,4,16,3,17,2,17,1,18,0,18,0,18,1,18,1,0,0,19,-2,19,-1,18,-1,18,-1,18,-2,17,-3,17,-3,17,-3,17,-4,17,-4,16,-5,16,-6,14,-7,13,-7,13,-7,13,-7,13,-7,13,-7,13,-8,13,-7,12,-7,12,-7,11,-7,11,-6,11,-5,10,-4,10,-4,9,-3,0,0,0,0,0,0]"
CSI_DATA,2929317,1a:00:00:00:00:00,-71,11,-94,4,53,6,2929317,47,0,128,0,"[0,0,0,0,0,0,0,0,0,-15,0,-16,0,-17,2,-18,3,-19,4,-19,5,-18,5,-17,4,-17,4,-17,4,-17,4,-17,4,-17,3,-17,2,-17,1,-16,0,-16,-1,-16,-1,-16,-3,-15,-4,-16,-5,-16,-6,-16,-6,-16,-7,-16,-8,-16,-8,-15,-9,-14,0,0,-11,-16,-10,-15,-10,-15,-10,-14,-10,-14,-11,-13,-10,-13,-10,-12,-11,-12,-11,-11,-12,-10,-13,-9,-14,-9,-14,-8,-13,-7,-13,-7,-13,-6,-13,-6,-13,-5,-13,-5,-12,-5,-12,-5,-12,-4,-12,-5,-11,-5,-10,-5,-9,-5,-9,-4,0,0,0,0,0,0]"
CSI_DATA,2935317,1a:00:00:00:00:00,-71,11,-94,4,53,6,2935317,47,0,128,0,"[0,0,0,0,0,0,0,0,-6,-15,-5,-15,-4,-16,-3,-17,-2,-18,-2,-19,-2,-19,-1,-19,0,-19,0,-18,1,-18,1,-17,0,-17,0,-17,-1,-16,-2,-16,-2,-15,-3,-15,-3,-15,-4,-15,-4,-15,-5,-15,-5,-15,-7,-16,-7,-16,-8,-16,-8,-16,-9,-15,0,0,-9,-17,-9,-16,-9,-16,-8,-16,-9,-15,-8,-15,-8,-15,-8,-15,-9,-15,-10,-14,-11,-13,-11,-12,-11,-11,-11,-10,-11,-10,-12,-10,-11,-10,-11,-10,-10,-10,-10,-10,-9,-10,-9,-9,-9,-9,-9,-9,-8,-9,-7,-8,-6,-8,-5,-8,0,0,0,0,0,0]"
CSI_DATA,2937854,1a:00:00:00:00:00,-70,11,-94,4,53,6,2937854,47,0,128,0,"[0,0,0,0,0,0,0,0,17,-3,17,-2,18,-1,18,0,18,2,19,3,18,5,18,5,16,6,16,7,15,7,15,8,15,8,15,8,15,8,15,8,14,8,15,7,14,7,14,7,15,7,14,7,15,7,16,7,16,7,17,7,17,7,17,7,0,0,16,8,17,8,17,8,17,9,16,9,15,10,14,9,14,8,13,7,14,6,13,5,13,5,13,6,13,7,12,7,12,8,12,9,12,9,11,9,11,9,11,9,11,9,10,9,9,9,7,9,6,9,5,8,5,9,0,0,0,0,0,0]"
CSI_DATA,2943317,1a:00:00:00:00:00,-70,11,-94,4,53,6,2943317,47,0,128,0,"[0,0,0,0,0,0,0,0,14,8,15,9,15,10,15,11,15,12,16,12,15,12,15,12,14,11,13,11,13,11,13,11,13,11,13,11,13,10,14,9,14,8,13,7,14,6,14,5,14,4,15,4,16,3,17,3,18,2,19,1,19,0,19,0,0,0,19,-1,19,-1,19,-2,19,-2,18,-3,17,-3,17,-4,17,-5,17,-6,16,-7,15,-7,14,-7,13,-7,13,-7,14,-7,14,-8,13,-8,12,-8,11,-8,11,-8,10,-8,10,-8,11,-7,11,-7,10,-6,10,-5,9,-4,8,-4,0,0,0,0,0,0]"
CSI_DATA,2947745,1a:00:00:00:00:00,-70,11,-94,4,53,6,2947745,47,0,128,0,"[0,0,0,0,0,0,0,0,-14,11,-14,11,-14,11,-15,10,-16,10,-17,9,-17,8,-17,7,-16,8,-16,7,-15,7,-15,8,-15,8,-15,8,-14,9,-14,9,-13,10,-12,10,-11,11,-10,11,-9,12,-9,13,-9,14,-9,15,-8,16,-8,16,-7,17,-7,17,0,0,-6,19,-5,18,-5,18,-4,17,-4,18,-3,17,-3,17,-2,16,-2,16,0,15,1,15,2,15,3,16,4,15,4,14,4,14,5,14,5,14,4,14,5,14,4,14,4,14,5,13,4,12,4,11,3,10,2,10,1,10,0,0,0,0,0,0]"
CSI_DATA,2953317,1a:00:00:00:00:00,-70,11,-94,4,53,6,2953317,47,0,128,0,"[0,0,0,0,0,0,0,0,-1,-18,0,-18,1,-18,2,-18,3,-18,4,-19,4,-18,4,-17,4,-17,4,-16,5,-15,5,-16,5,-16,4,-16,4,-16,2,-16,2,-16,1,-16,1,-16,0,-16,-1,-16,-2,-16,-3,-16,-4,-17,-4,-17,-4,-17,-4,-17,-5,-17,0,0,-7,-18,-7,-18,-7,-17,-7,-17,-7,-16,-7,-16,-7,-16,-7,-16,-7,-16,-8,-16,-9,-15,-9,-14,-10,-12,-10,-11,-9,-11,-9,-11,-10,-11,-10,-10,-11,-10,-10,-10,-10,-10,-9,-10,-9,-10,-8,-10,-7,-10,-6,-9,-6,-8,-5,-8,0,0,0,0,0,0]"
CSI_DATA,2955317,1a:00:00:00:00:00,-70,11,-94,4,53,6,2955317,47,0,128,0,"[0,0,0,0,0,0,0,0,16,-3,16,-3,17,-2,18,-1,18,0,19,1,19,1,18,2,18,2,18,3,18,4,17,4,17,5,16,4,16,4,15,4,15,4,15,3,16,3,16,2,16,2,16,1,16,1,17,0,17,0,17,0,18,0,18,0,0,0,20,2,19,2,18,2,17,1,16,1,16,1,16,0,16,-1,16,-3,16,-3,15,-3,15,-2,15,-1,15,0,15,0,16,-1,15,-1,15,-1,15,0,16,0,15,1,15,1,14,1,13,1,11,2,10,2,9,3,8,4,0,0,0,0,0,0]"
CSI_DATA,2957317,1a:00:00:00:00:00,-70,11,-94,4,53,6,2957317,47,0,128,0,"[0,0,0,0,0,0,0,0,-16,4,-17,4,-17,3,-18,3,-18,2,-18,1,-18,0,-17,0,-17,0,-17,0,-17,0,-17,1,-17,1,-17,1,-17,2,-16,3,-15,3,-15,4,-15,5,-15,6,-15,7,-14,7,-14,7,-13,9,-13,9,-13,10,-14,11,-15,11,0,0,-13,12,-12,12,-12,13,-12,13,-12,13,-11,13,-10,13,-9,13,-9,12,-9,12,-9,12,-8,12,-7,13,-6,13,-5,13,-4,14,-4,14,-4,15,-4,15,-4,15,-4,15,-3,13,-3,13,-3,12,-4,11,-4,10,-4,10,-4,10,0,0,0,0,0,0]"
CSI_DATA,2967317,1a:00:00:00:00:00,-71,11,-94,4,53,6,2967317,47,0,128,0,"[0,0,0,0,0,0,0,0,15,7,15,8,15,9,15,9,15,10,15,10,14,11,14,11,14,11,14,11,13,12,13,11,13,11,12,11,12,11,13,9,14,9,14,8,14,7,14,6,15,5,15,4,16,4,16,3,16,3,16,3,17,4,18,4,0,0,19,2,18,2,18,2,18,2,18,2,17,2,17,0,16,-2,16,-3,15,-3,15,-4,15,-3,14,-2,14,-2,14,-3,14,-4,14,-4,14,-4,14,-4,14,-4,13,-4,13,-4,13,-3,12,-3,11,-2,11,-1,11,-1,10,-1,0,0,0,0,0,0]"
CSI_DATA,2977318,1a:00:00:00:00:00,-70,11,-94,4,53,6,2977318,47,0,128,0,"[0,0,0,0,0,0,0,0,-7,-16,-6,-16,-6,-16,-5,-17,-5,-17,-5,-18,-4,-17,-4,-17,-3,-17,-2,-17,-1,-17,-1,-16,-1,-16,-1,-16,-2,-16,-3,-16,-3,-15,-4,-15,-4,-14,-4,-14,-5,-14,-6,-15,-7,-15,-7,-15,-7,-16,-7,-16,-7,-16,-7,-16,0,0,-10,-16,-10,-17,-10,-16,-9,-16,-9,-15,-8,-15,-9,-14,-10,-13,-11,-12,-12,-12,-12,-11,-12,-11,-11,-10,-10,-11,-10,-10,-11,-10,-11,-10,-11,-10,-11,-9,-10,-9,-10,-9,-9,-10,-9,-10,-8,-10,-7,-9,-6,-9,-4,-8,-3,-8,0,0,0,0,0,0]"
CSI_DATA,2981317,1a:00:00:00:00:00,-70,11,-94,4,53,6,2981317,47,0,128,0,"[0,0,0,0,0,0,0,0,-10,12,-11,12,-11,13,-12,12,-13,12,-14,12,-14,11,-14,11,-15,11,-15,10,-14,10,-14,9,-13,9,-13,9,-12,10,-11,11,-11,12,-10,12,-10,13,-9,13,-9,13,-9,13,-9,13,-9,14,-8,15,-8,15,-7,16,-7,16,0,0,-7,18,-7,18,-7,17,-6,17,-6,17,-5,17,-5,16,-5,15,-5,15,-4,15,-4,15,-3,16,-2,16,-1,16,0,15,0,15,1,14,1,14,1,13,0,13,0,13,0,13,0,14,-1,13,-2,13,-2,12,-2,11,-2,10,0,0,0,0,0,0]"
CSI_DATA,2985825,1a:00:00:00:00:00,-70,11,-94,4,53,6,2985825,47,0,128,0,"[0,0,0,0,0,0,0,0,-3,-16,-2,-16,-1,-17,-1,-17,0,-18,1,-18,1,-18,1,-18,2,-18,2,-17,3,-17,3,-17,2,-16,2,-16,1,-16,0,-16,-1,-16,-1,-16,-1,-16,-2,-15,-3,-15,-4,-15,-5,-15,-6,-15,-6,-15,-6,-15,-6,-16,-6,-16,0,0,-10,-16,-9,-16,-9,-16,-9,-16,-8,-16,-9,-14,-9,-13,-10,-12,-10,-11,-11,-10,-11,-10,-11,-11,-10,-11,-10,-10,-11,-9,-11,-9,-11,-8,-12,-8,-12,-8,-12,-8,-11,-8,-11,-8,-11,-8,-10,-9,-9,-8,-8,-8,-7,-7,-6,-7,0,0,0,0,0,0]"
CSI_DATA,2997951,1a:00:00:00:00:00,-71,11,-94,4,53,6,2997951,47,0,128,0,"[0,0,0,0,0,0,0,0,-12,11,-13,11,-13,11,-14,10,-15,9,-16,8,-16,7,-16,8,-16,7,-15,8,-15,9,-14,9,-14,10,-13,10,-12,10,-11,11,-11,11,-9,11,-9,12,-8,13,-8,13,-7,14,-7,15,-6,16,-5,16,-4,17,-3,17,-2,17,0,0,-1,19,-1,19,-1,18,-1,18,-1,18,0,17,1,16,2,15,3,15,5,14,6,13,6,13,7,13,7,13,8,12,8,13,9,13,9,12,8,12,8,12,9,12,8,11,8,10,8,10,7,9,6,9,5,9,5,9,0,0,0,0,0,0]"
CSI_DATA,3003061,1a:00:00:00:00:00,-71,11,-94,4,53,6,3003061,47,0,128,0,"[0,0,0,0,0,0,0,0,-16,5,-16,4,-17,3,-18,2,-18,0,-19,-1,-18,-3,-18,-4,-17,-5,-16,-5,-15,-6,-15,-6,-14,-7,-14,-7,-14,-7,-15,-7,-14,-6,-14,-6,-14,-6,-14,-6,-14,-6,-14,-6,-15,-6,-16,-6,-16,-6,-16,-6,-16,-6,-16,-6,0,0,-16,-8,-16,-8,-16,-8,-15,-9,-14,-9,-13,-9,-13,-9,-13,-8,-14,-7,-14,-7,-13,-7,-12,-8,-12,-9,-12,-9,-12,-9,-13,-9,-12,-8,-12,-8,-12,-8,-11,-9,-10,-9,-9,-10,-8,-11,-8,-10,-7,-10,-6,-9,-5,-9,-5,-9,0,0,0,0,0,0]"
CSI_DATA,3011643,1a:00:00:00:00:00,-70,11,-94,4,53,6,3011643,47,0,128,0,"[0,0,0,0,0,0,0,0,-16,0,-17,-1,-17,-2,-18,-4,-18,-5,-18,-6,-17,-7,-16,-8,-15,-8,-14,-9,-13,-9,-13,-10,-13,-10,-13,-9,-14,-9,-14,-8,-14,-8,-14,-7,-14,-7,-14,-7,-14,-7,-14,-8,-14,-8,-15,-8,-15,-7,-15,-7,-15,-7,-16,-7,0,0,-16,-9,-16,-9,-15,-9,-15,-9,-15,-9,-15,-9,-14,-8,-14,-8,-13,-7,-13,-6,-13,-7,-13,-7,-13,-7,-13,-7,-13,-7,-14,-7,-13,-7,-13,-7,-12,-8,-12,-8,-11,-8,-10,-9,-10,-9,-8,-9,-7,-9,-6,-9,-5,-9,-5,-9,0,0,0,0,0,0]"
CSI_DATA,3011795,1a:00:00:00:00:00,-71,11,-94,4,53,6,3011795,47,0,128,0,"[0,0,0,0,0,0,0,0,-13,7,-14,6,-15,5,-17,3,-19,1,-19,0,-19,-1,-19,-2,-18,-2,-17,-2,-16,-3,-16,-3,-16,-4,-16,-4,-16,-4,-16,-4,-15,-3,-15,-2,-15,-2,-15,-2,-15,-1,-16,-1,-16,-1,-17,-1,-17,-1,-17,-2,-17,-2,-16,-2,0,0,-18,-2,-18,-3,-18,-4,-17,-4,-17,-4,-17,-4,-16,-5,-16,-5,-16,-5,-16,-5,-16,-5,-16,-4,-15,-4,-15,-3,-14,-3,-14,-3,-13,-3,-14,-4,-14,-4,-13,-4,-13,-4,-13,-5,-12,-5,-12,-6,-10,-6,-9,-7,-7,-7,-6,-7,0,0,0,0,0,0]"
CSI_DATA,3011940,1a:00:00:00:00:00,-70,11,-94,4,53,6,3011940,47,0,128,0,"[0,0,0,0,0,0,0,0,-13,10,-14,8,-15,7,-17,5,-18,4,-19,4,-18,4,-17,3,-16,3,-16,1,-15,1,-15,0,-16,-1,-15,-1,-15,-1,-16,-1,-15,0,-15,0,-15,1,-15,1,-15,1,-15,1,-15,1,-15,2,-16,2,-17,1,-18,1,-19,1,0,0,-18,2,-18,1,-17,0,-17,-1,-16,-1,-17,-2,-16,-1,-15,-1,-14,-1,-14,-1,-14,-1,-14,-1,-14,-1,-15,-1,-15,-1,-15,-1,-14,-1,-14,-1,-14,-1,-13,-2,-12,-3,-12,-4,-12,-5,-12,-5,-11,-5,-10,-5,-9,-5,-8,-6,0,0,0,0,0,0]"
CSI_DATA,3021318,1a:00:00:00:00:00,-71,11,-94,4,53,6,3021318,47,0,128,0,"[0,0,0,0,0,0,0,0,4,-16,5,-16,7,-16,8,-16,9,-16,10,-15,11,-14,12,-13,12,-12,13,-12,13,-11,14,-10,13,-10,13,-9,13,-9,12,-9,11,-9,11,-9,11,-10,11,-10,12,-11,12,-11,12,-11,12,-11,13,-11,13,-11,13,-12,13,-12,0,0,16,-12,15,-12,14,-11,14,-10,14,-9,14,-9,14,-8,15,-7,15,-7,14,-8,14,-8,14,-9,14,-9,13,-9,12,-9,12,-8,11,-8,11,-8,12,-7,12,-6,12,-5,12,-5,12,-4,12,-3,12,-2,11,-2,10,-1,10,-1,0,0,0,0,0,0]"
CSI_DATA,3025318,1a:00:00:00:00:00,-71,11,-94,4,53,6,3025318,47,0,128,0,"[0,0,0,0,0,0,0,0,-15,5,-15,4,-16,2,-17,1,-18,0,-18,-1,-19,-2,-19,-3,-18,-4,-17,-4,-15,-5,-15,-5,-15,-5,-15,-5,-15,-5,-15,-4,-15,-4,-15,-3,-14,-3,-15,-3,-16,-3,-16,-3,-16,-3,-17,-3,-16,-3,-16,-3,-16,-4,-16,-4,0,0,-18,-2,-17,-3,-17,-4,-17,-4,-17,-5,-17,-4,-16,-3,-15,-2,-15,-1,-14,-1,-14,-1,-15,-1,-14,-2,-14,-2,-14,-2,-14,-2,-14,-3,-15,-3,-14,-3,-14,-4,-13,-4,-12,-4,-11,-5,-11,-5,-10,-5,-9,-5,-8,-5,-8,-5,0,0,0,0,0,0]"
CSI_DATA,3027318,1a:00:00:00:00:00,-71,11,-94,4,53,6,3027318,47,0,128,0,"[0,0,0,0,0,0,0,0,15,-9,15,-8,15,-8,16,-7,16,-7,17,-7,17,-6,18,-5,17,-4,17,-3,16,-4,16,-4,16,-5,16,-6,15,-6,15,-7,14,-7,14,-8,14,-9,13,-9,13,-9,12,-10,12,-10,12,-11,12,-12,12,-13,12,-14,11,-13,0,0,11,-15,10,-15,10,-15,10,-15,9,-15,9,-14,9,-13,9,-13,9,-13,9,-13,8,-13,7,-14,5,-15,4,-15,3,-15,2,-15,2,-15,2,-15,2,-15,2,-14,3,-14,4,-13,4,-12,3,-11,3,-10,3,-10,3,-9,3,-8,0,0,0,0,0,0]"
CSI_DATA,3031552,1a:00:00:00:00:00,-71,11,-94,4,53,6,3031552,47,0,128,0,"[0,0,0,0,0,0,0,0,-5,-15,-4,-16,-4,-16,-3,-17,-3,-17,-3,-17,-2,-17,-2,-17,-1,-17,0,-18,0,-18,0,-17,-1,-17,-2,-16,-2,-16,-4,-15,-5,-15,-6,-14,-6,-13,-7,-13,-7,-13,-8,-13,-9,-14,-9,-13,-10,-13,-10,-14,-10,-14,-10,-15,0,0,-13,-13,-13,-13,-13,-13,-13,-13,-14,-12,-13,-11,-13,-11,-12,-9,-12,-9,-12,-9,-13,-8,-14,-7,-14,-6,-15,-4,-14,-4,-14,-3,-14,-3,-14,-4,-14,-5,-14,-5,-14,-5,-14,-4,-13,-3,-12,-3,-11,-4,-10,-4,-10,-4,-9,-4,0,0,0,0,0,0]"
CSI_DATA,3035370,1a:00:00:00:00:00,-71,11,-94,4,53,6,3035370,47,0,128,0,"[0,0,0,0,0,0,0,0,2,-16,2,-16,3,-16,5,-16,6,-16,8,-16,9,-15,10,-14,11,-13,12,-12,12,-12,12,-11,13,-11,12,-10,12,-11,12,-11,12,-11,11,-11,10,-11,10,-11,10,-10,10,-10,10,-11,11,-11,12,-12,12,-13,12,-13,12,-12,0,0,12,-13,12,-12,13,-12,13,-11,13,-10,13,-9,14,-9,14,-9,14,-10,14,-11,13,-11,13,-11,12,-10,11,-9,12,-9,12,-9,12,-8,12,-8,11,-7,11,-6,11,-5,11,-5,11,-4,11,-3,11,-2,11,-1,10,0,9,0,0,0,0,0,0,0]"
CSI_DATA,3037318,1a:00:00:00:00:00,-71,11,-94,4,53,6,3037318,47,0,128,0,"[0,0,0,0,0,0,0,0,-15,-4,-15,-4,-16,-5,-17,-7,-17,-8,-17,-9,-16,-10,-15,-10,-13,-10,-13,-10,-13,-10,-13,-10,-13,-9,-14,-9,-14,-8,-14,-8,-14,-7,-14,-7,-14,-7,-14,-6,-15,-6,-15,-5,-16,-5,-16,-4,-16,-3,-16,-3,-16,-3,-16,-3,0,0,-19,-2,-18,-2,-18,-2,-18,-2,-18,-2,-17,-2,-16,-1,-15,-1,-14,1,-13,2,-14,2,-14,2,-15,2,-15,2,-14,2,-14,2,-14,3,-14,2,-14,2,-14,2,-13,1,-13,1,-12,1,-11,1,-11,1,-11,0,-10,-1,-10,-1,0,0,0,0,0,0]"
CSI_DATA,3047318,1a:00:00:00:00:00,-71,11,-94,4,53,6,3047318,47,0,128,0,"[0,0,0,0,0,0,0,0,12,10,12,11,12,12,12,14,12,15,12,15,11,16,10,17,8,16,7,16,6,16,7,15,7,14,8,13,9,13,10,13,9,13,9,13,9,13,9,13,9,13,9,12,10,12,11,12,12,13,12,13,13,13,13,13,0,0,14,12,13,13,13,13,13,13,13,13,12,12,13,11,14,11,15,10,15,10,15,10,14,10,13,9,12,9,13,9,13,9,13,9,12,9,12,10,11,9,11,9,11,8,11,8,10,8,9,8,8,8,7,8,6,8,0,0,0,0,0,0]"
CSI_DATA,3051318,1a:00:00:00:00:00,-71,11,-94,4,53,6,3051318,47,0,128,0,"[0,0,0,0,0,0,0,0,4,-16,5,-16,6,-16,8,-16,9,-16,9,-16,10,-16,11,-15,11,-14,11,-13,11,-13,10,-13,10,-13,9,-13,9,-13,9,-13,8,-13,7,-14,7,-14,6,-14,6,-15,6,-15,6,-15,5,-16,5,-16,4,-17,4,-17,4,-17,0,0,4,-18,4,-18,3,-18,3,-18,2,-17,2,-16,3,-16,4,-16,4,-17,3,-18,2,-18,0,-17,-1,-16,-1,-15,-1,-14,-1,-14,-1,-14,-1,-14,-1,-14,-1,-14,0,-13,0,-13,0,-12,1,-12,1,-11,1,-10,1,-10,1,-10,0,0,0,0,0,0]"
CSI_DATA,3053318,1a:00:00:00:00:00,-70,11,-94,4,53,6,3053318,47,0,128,0,"[0,0,0,0,0,0,0,0,16,5,16,6,16,7,16,9,16,11,16,12,14,13,13,13,11,12,10,12,9,12,9,13,9,12,10,12,10,12,10,12,10,11,10,11,10,12,10,12,10,12,10,12,11,12,11,12,12,12,12,12,13,12,13,12,0,0,12,15,12,14,11,14,12,14,11,13,10,13,11,13,11,12,11,12,11,11,11,10,11,10,10,11,9,11,10,11,9,11,9,11,9,11,8,11,8,11,7,12,6,11,6,12,5,11,4,11,3,10,2,10,1,10,0,0,0,0,0,0]"
CSI_DATA,3057318,1a:00:00:00:00:00,-71,11,-94,4,53,6,3057318,47,0,128,0,"[0,0,0,0,0,0,0,0,-3,-16,-2,-16,-1,-17,1,-17,2,-18,4,-18,5,-17,6,-16,7,-15,7,-15,7,-15,7,-15,7,-15,6,-14,6,-14,5,-14,5,-14,5,-14,5,-14,5,-14,5,-14,4,-14,4,-15,3,-15,3,-16,3,-16,3,-17,3,-17,0,0,4,-19,5,-18,5,-18,5,-17,5,-16,4,-15,5,-16,5,-16,5,-16,4,-17,3,-17,3,-16,2,-15,1,-14,2,-14,2,-14,3,-14,3,-14,3,-13,3,-13,3,-12,3,-11,4,-11,3,-11,4,-10,5,-9,5,-9,6,-8,0,0,0,0,0,0]"
CSI_DATA,3063318,1a:00:00:00:00:00,-71,11,-94,4,53,6,3063318,47,0,128,0,"[0,0,0,0,0,0,0,0,-9,-13,-8,-14,-7,-15,-7,-16,-5,-17,-5,-18,-3,-18,-2,-18,-1,-17,0,-17,1,-17,1,-16,2,-16,1,-16,1,-15,1,-15,1,-15,1,-15,1,-15,1,-15,1,-15,1,-15,0,-15,0,-16,0,-16,1,-16,1,-17,2,-17,0,0,3,-18,3,-18,4,-18,4,-18,4,-17,4,-16,5,-15,5,-15,6,-15,6,-16,5,-16,4,-16,4,-16,3,-14,4,-14,4,-14,5,-13,5,-14,5,-13,5,-13,5,-13,6,-12,7,-12,7,-11,8,-9,8,-8,8,-7,8,-6,0,0,0,0,0,0]"
CSI_DATA,3067318,1a:00:00:00:00:00,-71,11,-94,4,53,6,3067318,47,0,128,0,"[0,0,0,0,0,0,0,0,-5,14,-6,14,-8,15,-10,14,-12,14,-13,13,-13,13,-14,12,-13,11,-13,9,-13,9,-13,9,-13,9,-13,9,-13,10,-13,9,-12,9,-12,9,-12,9,-12,9,-12,9,-12,10,-13,10,-13,11,-13,11,-13,11,-14,11,-14,12,0,0,-15,12,-15,11,-15,11,-15,10,-15,10,-14,9,-14,8,-14,7,-14,7,-13,7,-13,8,-12,8,-12,9,-12,9,-12,8,-12,8,-12,8,-12,8,-12,8,-12,7,-13,6,-13,5,-13,5,-12,3,-12,2,-11,1,-10,1,-10,0,0,0,0,0,0,0]"
CSI_DATA,3073318,1a:00:00:00:00:00,-71,11,-94,4,53,6,3073318,47,0,128,0,"[0,0,0,0,0,0,0,0,-15,6,-15,6,-16,5,-16,4,-18,3,-19,3,-19,2,-18,2,-17,1,-16,1,-17,1,-16,1,-17,1,-16,2,-16,3,-16,3,-15,4,-15,5,-14,5,-14,6,-13,6,-13,7,-13,8,-13,9,-13,10,-13,11,-13,11,-14,11,0,0,-13,12,-13,12,-13,13,-12,13,-12,13,-11,13,-11,13,-11,12,-11,12,-10,13,-9,14,-8,15,-6,15,-5,14,-4,13,-4,13,-4,14,-4,14,-5,14,-5,14,-4,14,-4,13,-4,12,-4,12,-4,11,-4,10,-5,9,-4,9,0,0,0,0,0,0]"
CSI_DATA,3077318,1a:00:00:00:00:00,-70,11,-94,4,53,6,3077318,47,0,128,0,"[0,0,0,0,0,0,0,0,7,16,7,16,7,16,6,17,5,17,5,18,4,18,4,18,3,17,3,17,3,17,3,17,4,17,5,16,5,16,6,15,6,15,7,14,8,13,8,13,9,13,10,12,11,12,12,12,13,11,13,11,13,11,12,11,0,0,16,8,15,9,15,9,15,9,15,9,15,8,15,7,15,6,15,4,14,2,14,2,14,1,14,1,14,2,14,1,14,0,15,-1,15,-1,15,-1,15,-1,14,-1,14,-1,13,-1,12,-1,12,0,11,0,10,1,10,1,0,0,0,0,0,0]"
CSI_DATA,3083318,1a:00:00:00:00:00,-70,11,-94,4,53,6,3083318,47,0,128,0,"[0,0,0,0,0,0,0,0,13,10,13,10,13,11,13,12,13,14,13,15,12,15,11,15,10,15,10,14,10,14,10,13,10,13,10,13,10,12,10,12,11,11,12,10,11,10,12,9,12,9,13,8,14,8,15,8,16,8,17,8,16,8,16,8,0,0,16,7,16,7,16,7,17,7,17,7,16,6,16,5,16,4,16,2,15,1,15,1,16,2,15,2,15,3,14,2,14,1,14,0,14,0,15,0,15,1,14,1,14,1,13,2,12,2,12,2,11,3,10,3,10,2,0,0,0,0,0,0]"
CSI_DATA,3085318,1a:00:00:00:00:00,-71,11,-94,4,53,6,3085318,47,0,128,0,"[0,0,0,0,0,0,0,0,-9,14,-11,13,-12,13,-13,12,-15,12,-16,12,-15,11,-15,10,-15,8,-15,7,-15,7,-15,6,-15,5,-16,5,-15,6,-15,7,-15,7,-14,8,-14,8,-14,8,-14,7,-14,8,-13,8,-14,9,-14,9,-14,9,-14,9,-14,9,0,0,-16,10,-16,10,-16,9,-16,9,-16,8,-15,8,-15,7,-14,7,-13,7,-13,6,-14,7,-14,8,-14,8,-13,8,-12,8,-12,8,-12,7,-12,7,-13,7,-13,7,-12,7,-12,6,-12,5,-11,4,-11,2,-10,2,-9,1,-9,0,0,0,0,0,0,0]"
CSI_DATA,3087318,1a:00:00:00:00:00,-71,11,-94,4,53,6,3087318,47,0,128,0,"[0,0,0,0,0,0,0,0,2,-16,2,-16,2,-17,3,-18,4,-18,5,-18,5,-18,6,-17,6,-17,6,-16,6,-16,6,-16,6,-16,5,-16,4,-16,3,-16,2,-16,2,-15,1,-15,1,-15,0,-15,-1,-16,-2,-16,-3,-17,-4,-17,-5,-16,-5,-16,-6,-17,0,0,-5,-17,-5,-18,-5,-17,-5,-17,-5,-16,-6,-16,-7,-15,-8,-15,-10,-14,-10,-14,-10,-13,-10,-12,-9,-11,-9,-11,-9,-11,-10,-11,-10,-10,-10,-10,-10,-10,-10,-10,-10,-10,-10,-9,-9,-9,-8,-9,-7,-8,-6,-8,-6,-8,-5,-8,0,0,0,0,0,0]"
CSI_DATA,3097318,1a:00:00:00:00:00,-71,11,-94,4,53,6,3097318,47,0,128,0,"[0,0,0,0,0,0,0,0,-12,12,-12,12,-13,11,-14,10,-15,10,-16,9,-16,8,-16,8,-16,8,-15,8,-15,8,-15,7,-15,7,-15,7,-14,7,-14,8,-13,9,-12,9,-12,10,-11,10,-11,11,-11,11,-11,12,-11,13,-11,13,-11,14,-11,14,-11,14,0,0,-11,15,-11,15,-10,15,-10,15,-10,15,-9,15,-9,15,-8,14,-8,14,-8,14,-8,14,-7,14,-7,15,-5,15,-5,14,-4,14,-3,14,-3,14,-3,14,-3,14,-4,13,-4,13,-4,12,-5,11,-5,10,-5,9,-5,8,-5,7,0,0,0,0,0,0]"
CSI_DATA,3101318,1a:00:00:00:00:00,-70,11,-94,4,53,6,3101318,47,0,128,0,"[0,0,0,0,0,0,0,0,15,8,15,8,15,9,14,10,14,11,14,12,13,13,13,12,12,12,12,12,12,12,11,12,12,12,12,12,13,12,13,11,13,10,12,8,13,7,13,6,14,5,14,6,16,6,17,5,16,5,17,4,17,4,17,4,0,0,19,3,19,3,19,3,18,2,18,2,18,1,17,0,16,-1,15,-1,14,-1,15,-2,15,-2,15,-2,15,-3,15,-4,14,-4,14,-5,14,-5,14,-5,13,-4,13,-4,13,-3,13,-3,13,-3,12,-2,11,-2,10,-1,10,-1,0,0,0,0,0,0]"
CSI_DATA,3107318,1a:00:00:00:00:00,-70,11,-94,4,53,6,3107318,47,0,128,0,"[0,0,0,0,0,0,0,0,17,0,17,1,17,2,18,3,18,5,18,5,18,6,17,7,17,7,16,7,15,8,15,8,14,8,15,8,15,7,15,7,15,6,15,5,15,5,14,5,15,4,15,4,16,3,17,3,17,2,17,2,18,2,17,2,0,0,20,3,19,2,18,2,18,1,17,1,17,1,16,1,15,1,15,1,14,0,15,0,15,-1,15,-1,15,-2,14,-2,14,-2,14,-2,14,-2,14,-2,14,-1,13,-1,13,-1,13,0,12,1,11,1,11,2,10,2,10,2,0,0,0,0,0,0]"
CSI_DATA,3112113,1a:00:00:00:00:00,-70,11,-94,4,53,6,3112113,47,0,128,0,"[0,0,0,0,0,0,0,0,15,7,14,8,13,9,13,10,13,12,13,13,12,14,11,14,10,14,10,15,9,14,9,14,9,14,9,14,10,13,11,13,10,12,11,12,10,11,10,11,11,11,11,11,12,10,13,11,14,10,15,10,16,10,16,10,0,0,15,11,15,11,15,11,15,11,15,11,14,11,15,10,15,11,16,10,16,9,16,8,15,7,14,6,13,6,13,6,13,7,13,7,14,7,13,7,13,7,12,7,12,7,12,8,11,8,9,8,8,7,8,7,7,7,0,0,0,0,0,0]"
CSI_DATA,3117318,1a:00:00:00:00:00,-71,11,-94,4,53,6,3117318,47,0,128,0,"[0,0,0,0,0,0,0,0,-15,-6,-15,-6,-15,-6,-16,-8,-16,-9,-16,-10,-15,-11,-15,-12,-14,-12,-13,-12,-12,-13,-11,-13,-10,-12,-11,-12,-11,-12,-11,-12,-12,-11,-12,-11,-12,-10,-12,-10,-13,-10,-13,-9,-13,-10,-13,-10,-13,-10,-14,-10,-14,-10,-15,-11,0,0,-16,-11,-16,-11,-16,-10,-15,-11,-14,-10,-13,-10,-14,-10,-15,-10,-16,-9,-16,-8,-16,-8,-14,-8,-12,-7,-12,-7,-12,-6,-12,-6,-12,-6,-13,-6,-12,-7,-12,-7,-11,-7,-10,-8,-9,-8,-8,-9,-7,-9,-6,-8,-6,-7,-6,-7,0,0,0,0,0,0]"
CSI_DATA,3125318,1a:00:00:00:00:00,-70,11,-94,4,53,6,3125318,47,0,128,0,"[0,0,0,0,0,0,0,0,15,-6,16,-5,17,-4,18,-3,18,-3,19,-2,18,-2,19,-1,18,0,19,1,18,1,18,2,18,1,18,1,17,0,17,-1,16,-2,16,-3,15,-3,15,-4,15,-4,15,-4,15,-4,16,-4,16,-5,16,-6,17,-6,17,-8,0,0,18,-8,18,-8,17,-8,17,-7,16,-7,16,-7,15,-7,13,-7,13,-7,13,-7,13,-7,12,-8,12,-9,12,-10,11,-10,11,-11,11,-10,12,-10,12,-9,12,-9,11,-9,11,-9,10,-8,10,-8,10,-7,10,-6,10,-5,9,-4,0,0,0,0,0,0]"
CSI_DATA,3131544,1a:00:00:00:00:00,-71,11,-94,4,53,6,3131544,47,0,128,0,"[0,0,0,0,0,0,0,0,6,-15,7,-15,8,-15,9,-16,10,-15,11,-15,12,-14,13,-13,13,-12,13,-11,13,-10,14,-10,14,-9,14,-9,13,-9,13,-10,12,-10,11,-11,11,-11,12,-11,11,-12,11,-12,11,-12,11,-12,12,-12,12,-12,13,-13,14,-14,0,0,14,-14,13,-13,13,-14,12,-13,12,-13,12,-12,13,-11,13,-10,13,-10,13,-10,13,-11,12,-11,11,-11,10,-12,10,-11,10,-11,10,-10,10,-11,10,-10,11,-9,11,-9,11,-9,11,-8,11,-7,10,-6,10,-5,10,-4,9,-4,0,0,0,0,0,0]"
CSI_DATA,3135318,1a:00:00:00:00:00,-70,11,-94,4,53,6,3135318,47,0,128,0,"[0,0,0,0,0,0,0,0,-16,-4,-16,-4,-16,-5,-17,-6,-17,-7,-17,-9,-16,-10,-16,-10,-14,-11,-13,-11,-13,-11,-13,-11,-13,-11,-13,-10,-13,-10,-14,-9,-13,-8,-13,-7,-13,-7,-13,-7,-13,-7,-14,-7,-15,-7,-16,-7,-17,-7,-17,-7,-17,-7,-17,-7,0,0,-18,-7,-18,-6,-17,-6,-17,-6,-16,-6,-15,-6,-15,-6,-15,-5,-15,-4,-16,-3,-15,-2,-16,-2,-15,-3,-15,-3,-15,-3,-15,-2,-14,-2,-14,-3,-14,-3,-14,-3,-13,-4,-13,-4,-13,-4,-12,-5,-11,-5,-10,-5,-9,-5,-9,-5,0,0,0,0,0,0]"
CSI_DATA,3137318,1a:00:00:00:00:00,-71,11,-94,4,53,6,3137318,47,0,128,0,"[0,0,0,0,0,0,0,0,1,-17,2,-17,4,-17,5,-17,7,-17,9,-16,10,-15,11,-15,12,-14,12,-13,12,-13,12,-12,12,-12,12,-11,12,-11,11,-11,11,-11,10,-11,10,-11,10,-11,10,-11,10,-11,11,-11,11,-12,12,-13,12,-13,13,-13,13,-13,0,0,13,-14,13,-13,13,-12,13,-11,14,-11,14,-10,13,-9,13,-8,13,-8,13,-8,13,-8,12,-8,12,-9,12,-9,11,-9,12,-9,12,-9,13,-8,13,-8,13,-7,12,-5,12,-4,11,-3,11,-2,11,-2,11,-1,11,-1,11,0,0,0,0,0,0,0]"
CSI_DATA,3141318,1a:00:00:00:00:00,-70,11,-94,4,53,6,3141318,47,0,128,0,"[0,0,0,0,0,0,0,0,-14,8,-15,8,-16,7,-17,7,-17,6,-18,4,-17,2,-17,1,-17,-1,-17,-2,-16,-3,-16,-3,-16,-2,-16,-2,-16,-2,-16,-1,-16,-1,-16,0,-16,0,-15,0,-15,0,-16,-1,-16,-1,-17,-1,-17,-1,-17,0,-17,0,-17,0,0,0,-20,-1,-19,-1,-19,0,-18,0,-17,-1,-17,-3,-16,-2,-16,-2,-15,-1,-15,0,-15,0,-15,0,-15,-1,-14,-1,-14,0,-14,0,-14,0,-14,-2,-13,-3,-13,-4,-12,-5,-12,-4,-12,-4,-11,-4,-10,-5,-10,-5,-9,-6,-9,-6,0,0,0,0,0,0]"
CSI_DATA,3149318,1a:00:00:00:00:00,-71,11,-94,4,53,6,3149318,47,0,128,0,"[0,0,0,0,0,0,0,0,7,-15,8,-15,9,-15,10,-15,12,-14,12,-14,13,-13,13,-12,14,-11,14,-10,14,-9,14,-9,14,-9,13,-9,13,-9,13,-9,13,-10,11,-11,11,-11,10,-12,10,-12,10,-11,10,-12,10,-13,10,-14,10,-14,11,-14,11,-14,0,0,10,-15,10,-15,10,-14,10,-14,10,-13,10,-13,11,-12,11,-12,11,-12,11,-13,10,-13,9,-13,8,-13,6,-13,6,-13,6,-13,6,-13,7,-13,7,-13,7,-12,7,-11,7,-10,7,-10,8,-9,8,-8,8,-7,7,-7,7,-6,0,0,0,0,0,0]"
CSI_DATA,3155318,1a:00:00:00:00:00,-71,11,-94,4,53,6,3155318,47,0,128,0,"[0,0,0,0,0,0,0,0,-2,-17,-1,-17,0,-17,1,-17,2,-18,3,-18,5,-18,6,-18,7,-17,7,-16,8,-15,8,-14,8,-14,8,-14,8,-14,7,-15,7,-14,6,-14,6,-14,7,-14,7,-14,7,-15,8,-15,7,-15,7,-15,6,-15,6,-16,6,-16,0,0,7,-17,7,-17,8,-16,8,-16,8,-16,8,-15,8,-14,9,-13,10,-13,9,-13,9,-13,8,-14,7,-14,6,-14,6,-13,6,-13,7,-13,8,-13,8,-12,8,-11,8,-10,8,-10,8,-9,8,-8,9,-7,8,-6,8,-5,8,-4,0,0,0,0,0,0]"
CSI_DATA,3159318,1a:00:00:00:00:00,-70,11,-94,4,53,6,3159318,47,0,128,0,"[0,0,0,0,0,0,0,0,-14,12,-14,11,-15,10,-16,8,-16,7,-17,6,-17,5,-17,5,-17,4,-17,4,-16,3,-16,3,-16,3,-16,3,-17,3,-16,4,-16,4,-15,5,-15,5,-15,5,-14,5,-14,4,-15,4,-15,4,-16,5,-16,5,-16,6,-16,6,0,0,-18,5,-17,5,-17,5,-17,5,-17,5,-17,4,-16,4,-15,4,-14,4,-13,4,-13,4,-14,5,-13,5,-14,5,-13,5,-14,5,-14,5,-15,5,-14,4,-14,4,-14,3,-13,2,-13,2,-12,1,-11,0,-11,0,-10,-1,-9,-1,0,0,0,0,0,0]"
CSI_DATA,3161318,1a:00:00:00:00:00,-70,11,-94,4,53,6,3161318,47,0,128,0,"[0,0,0,0,0,0,0,0,12,-13,12,-13,12,-14,13,-13,14,-12,15,-11,16,-10,17,-9,16,-8,15,-7,15,-7,15,-7,14,-8,13,-10,12,-11,11,-12,11,-12,10,-11,10,-12,10,-12,10,-13,10,-13,10,-14,9,-14,9,-15,7,-15,6,-16,6,-16,0,0,7,-17,7,-17,7,-18,7,-18,6,-17,5,-16,5,-15,5,-15,5,-15,4,-16,3,-16,1,-16,0,-16,-1,-15,-1,-15,-1,-15,-1,-15,-1,-15,-1,-15,-1,-14,-1,-14,-1,-13,0,-12,0,-12,0,-11,0,-11,0,-10,0,-9,0,0,0,0,0,0]"
CSI_DATA,3165319,1a:00:00:00:00:00,-70,11,-94,4,53,6,3165319,47,0,128,0,"[0,0,0,0,0,0,0,0,-18,-3,-17,-4,-17,-5,-17,-6,-17,-6,-18,-6,-17,-7,-17,-7,-17,-7,-16,-8,-16,-8,-16,-8,-16,-7,-16,-7,-16,-5,-16,-4,-15,-2,-15,-1,-16,0,-15,0,-15,0,-15,1,-16,2,-16,3,-16,4,-17,4,-17,5,-17,5,0,0,-18,7,-17,8,-17,8,-16,8,-17,8,-16,8,-16,7,-14,7,-13,7,-12,9,-12,9,-11,10,-11,12,-10,13,-9,13,-9,13,-9,13,-9,13,-10,12,-9,12,-9,11,-8,11,-8,10,-7,10,-7,9,-7,8,-7,8,-7,7,0,0,0,0,0,0]"
CSI_DATA,3169318,1a:00:00:00:00:00,-70,11,-94,4,53,6,3169318,47,0,128,0,"[0,0,0,0,0,0,0,0,18,-1,17,0,17,1,17,3,17,4,17,6,17,7,16,8,16,9,15,10,14,10,14,11,14,10,14,9,14,8,14,8,14,8,14,8,14,8,14,8,14,8,14,7,14,8,15,7,16,8,16,8,16,9,16,10,0,0,16,10,15,11,15,11,15,11,14,11,14,11,14,11,14,11,15,10,15,10,14,9,14,9,13,9,12,9,12,9,12,9,12,9,12,10,11,10,10,10,9,10,8,10,7,10,7,10,6,10,5,10,4,9,4,9,0,0,0,0,0,0]"
CSI_DATA,3175322,1a:00:00:00:00:00,-70,11,-94,4,53,6,3175322,47,0,128,0,"[0,0,0,0,0,0,0,0,12,13,12,13,12,13,12,15,11,15,10,16,9,17,8,17,8,17,8,17,7,16,8,16,8,15,8,14,9,14,10,14,10,13,9,12,10,12,11,11,12,11,13,10,15,10,15,10,16,9,16,9,16,9,15,9,0,0,18,8,17,9,17,8,17,9,16,8,15,7,16,6,17,5,17,3,17,2,16,1,16,1,15,0,15,1,15,1,15,1,15,1,15,1,14,1,14,1,14,1,14,2,13,1,14,1,13,1,11,1,10,2,8,2,0,0,0,0,0,0]"
CSI_DATA,3181319,1a:00:00:00:00:00,-70,11,-94,4,53,6,3181319,47,0,128,0,"[0,0,0,0,0,0,0,0,17,1,17,2,18,4,19,4,18,5,19,6,17,7,17,6,15,7,15,7,14,8,14,8,14,8,15,8,15,8,15,7,15,6,15,6,15,5,15,5,16,4,16,4,17,4,17,4,17,3,18,3,18,2,19,2,0,0,18,3,18,3,18,2,19,1,18,1,18,2,18,1,17,0,17,-1,16,-1,16,-2,15,-1,15,-1,14,-1,14,-2,15,-2,15,-2,15,-1,15,-1,14,-1,14,0,15,1,14,1,14,2,12,2,11,2,10,2,9,2,0,0,0,0,0,0]"
CSI_DATA,3185319,1a:00:00:00:00:00,-70,11,-94,4,53,6,3185319,47,0,128,0,"[0,0,0,0,0,0,0,0,-7,-16,-6,-16,-5,-17,-4,-17,-4,-17,-3,-18,-1,-18,-1,-19,0,-18,0,-18,0,-17,0,-17,0,-17,-1,-16,-2,-16,-3,-16,-3,-16,-4,-16,-4,-16,-4,-16,-5,-16,-5,-15,-5,-15,-6,-15,-7,-15,-7,-15,-7,-16,-8,-15,0,0,-10,-16,-10,-16,-10,-17,-9,-17,-10,-16,-9,-15,-9,-15,-9,-15,-10,-15,-10,-14,-12,-14,-11,-14,-11,-13,-11,-12,-10,-12,-10,-11,-10,-11,-11,-11,-10,-10,-10,-10,-10,-10,-9,-9,-9,-9,-8,-9,-7,-9,-6,-9,-5,-9,-5,-9,0,0,0,0,0,0]"
CSI_DATA,3195319,1a:00:00:00:00:00,-70,11,-94,4,53,6,3195319,47,0,128,0,"[0,0,0,0,0,0,0,0,-5,17,-6,16,-7,16,-8,15,-9,15,-10,16,-11,15,-11,15,-11,14,-11,13,-11,13,-12,13,-12,13,-12,13,-12,12,-11,12,-10,12,-10,12,-9,13,-8,14,-8,14,-7,14,-6,15,-7,16,-7,16,-8,16,-8,17,-7,17,0,0,-7,18,-8,18,-9,18,-8,18,-8,17,-7,17,-6,16,-4,16,-4,16,-4,15,-4,14,-4,15,-4,14,-4,15,-3,15,-3,16,-2,15,-3,15,-2,15,-2,14,-2,14,-3,13,-4,12,-6,12,-6,11,-7,10,-6,9,-5,8,0,0,0,0,0,0]"
CSI_DATA,3205319,1a:00:00:00:00:00,-70,11,-94,4,53,6,3205319,47,0,128,0,"[0,0,0,0,0,0,0,0,15,-9,15,-9,16,-8,17,-7,18,-5,18,-5,19,-4,18,-3,18,-3,18,-3,18,-2,18,-1,17,0,17,0,17,-1,16,-1,16,-2,15,-2,15,-2,15,-3,16,-3,16,-3,16,-4,17,-4,17,-5,17,-5,18,-5,18,-4,0,0,19,-5,18,-5,18,-5,18,-5,18,-4,18,-4,17,-5,16,-5,16,-6,16,-6,16,-6,16,-5,15,-5,15,-4,15,-5,15,-5,14,-5,15,-5,14,-4,14,-4,14,-3,14,-2,14,-2,14,-1,13,0,12,1,11,2,10,2,0,0,0,0,0,0]"
CSI_DATA,3211319,1a:00:00:00:00:00,-70,11,-94,4,53,6,3211319,47,0,128,0,"[0,0,0,0,0,0,0,0,6,-15,7,-15,8,-15,10,-15,12,-14,13,-14,14,-13,15,-12,15,-12,15,-11,15,-10,15,-9,15,-8,14,-8,14,-8,14,-9,14,-8,14,-8,14,-8,14,-8,14,-8,14,-9,14,-10,15,-10,15,-10,15,-10,16,-10,15,-10,0,0,17,-11,17,-9,17,-8,17,-7,16,-6,16,-6,16,-7,15,-7,15,-7,15,-7,14,-6,14,-6,14,-5,14,-5,14,-5,14,-6,14,-6,15,-6,15,-5,15,-4,15,-3,14,-2,14,-1,13,0,12,1,11,2,10,3,9,4,0,0,0,0,0,0]"
CSI_DATA,3214482,1a:00:00:00:00:00,-70,11,-94,4,53,6,3214482,47,0,128,0,"[0,0,0,0,0,0,0,0,-17,-2,-17,-2,-17,-3,-18,-5,-18,-7,-18,-8,-17,-9,-17,-9,-16,-9,-15,-10,-14,-10,-14,-10,-13,-10,-13,-10,-13,-9,-14,-9,-13,-8,-13,-8,-13,-8,-13,-8,-14,-8,-15,-7,-16,-6,-17,-6,-17,-6,-17,-6,-17,-7,-17,-8,0,0,-20,-7,-18,-8,-17,-8,-16,-8,-16,-8,-15,-8,-16,-7,-17,-7,-17,-7,-17,-8,-17,-7,-16,-7,-16,-5,-14,-5,-14,-5,-14,-5,-14,-5,-14,-5,-14,-5,-14,-5,-13,-5,-12,-5,-11,-6,-11,-6,-10,-7,-9,-7,-8,-7,-7,-7,0,0,0,0,0,0]"
CSI_DATA,3219319,1a:00:00:00:00:00,-70,11,-94,4,53,6,3219319,47,0,128,0,"[0,0,0,0,0,0,0,0,9,15,7,15,7,17,6,17,4,18,3,19,2,20,1,20,0,19,-1,19,-2,19,-2,18,-2,18,-2,17,-2,17,-1,17,0,16,0,16,0,16,1,16,2,16,2,16,2,16,3,17,2,17,2,18,2,19,3,20,0,0,3,21,3,20,3,19,2,18,2,18,2,18,2,17,2,16,2,16,1,16,1,16,1,16,2,16,3,16,2,15,2,15,1,15,1,15,1,15,2,15,1,15,1,14,0,14,-1,13,-2,12,-2,12,-3,11,-3,10,0,0,0,0,0,0]"
CSI_DATA,3223319,1a:00:00:00:00:00,-70,11,-94,4,53,6,3223319,47,0,128,0,"[0,0,0,0,0,0,0,0,11,-11,12,-11,13,-11,14,-11,15,-10,15,-10,16,-9,16,-7,17,-7,16,-6,16,-6,16,-6,16,-5,16,-6,16,-6,15,-7,15,-7,14,-7,14,-8,14,-8,14,-8,13,-9,13,-9,14,-10,14,-10,15,-11,15,-11,15,-12,0,0,16,-14,16,-13,16,-12,16,-11,15,-10,15,-11,13,-11,13,-11,11,-12,11,-11,11,-11,11,-11,12,-10,11,-11,11,-11,10,-12,9,-12,10,-11,10,-11,11,-10,11,-9,11,-8,12,-8,12,-7,11,-6,11,-6,10,-5,9,-4,0,0,0,0,0,0]"
CSI_DATA,3231958,1a:00:00:00:00:00,-70,11,-94,4,53,6,3231958,47,0,128,0,"[0,0,0,0,0,0,0,0,-16,-7,-15,-7,-15,-8,-15,-9,-15,-11,-15,-12,-14,-13,-14,-13,-12,-13,-12,-13,-11,-14,-11,-13,-11,-14,-11,-13,-11,-12,-12,-11,-12,-11,-12,-10,-12,-10,-13,-9,-13,-9,-14,-9,-14,-9,-16,-9,-16,-8,-17,-8,-16,-8,-17,-8,0,0,-18,-7,-18,-7,-19,-8,-19,-7,-18,-7,-17,-7,-17,-6,-17,-5,-16,-4,-16,-3,-16,-3,-16,-3,-16,-3,-16,-3,-15,-2,-16,-2,-16,-2,-16,-3,-15,-3,-14,-4,-14,-4,-13,-4,-13,-4,-13,-5,-12,-5,-11,-5,-10,-5,-10,-6,0,0,0,0,0,0]"
CSI_DATA,3232099,1a:00:00:00:00:00,-70,11,-94,4,53,6,3232099,47,0,128,0,"[0,0,0,0,0,0,0,0,-16,9,-16,8,-17,7,-18,7,-18,6,-18,6,-18,5,-18,4,-17,2,-17,1,-17,1,-17,1,-17,1,-17,2,-16,2,-17,3,-16,3,-16,4,-15,5,-15,5,-15,6,-15,6,-15,7,-16,7,-16,7,-17,8,-17,8,-17,9,0,0,-18,10,-17,10,-17,10,-16,9,-16,9,-15,9,-15,8,-14,7,-14,7,-13,8,-14,9,-13,9,-13,10,-12,10,-11,10,-10,10,-10,10,-10,10,-11,9,-11,9,-11,9,-11,8,-11,7,-11,7,-11,6,-10,5,-10,4,-10,4,0,0,0,0,0,0]"
CSI_DATA,3238009,1a:00:00:00:00:00,-70,11,-94,4,53,6,3238009,47,0,128,0,"[0,0,0,0,0,0,0,0,7,15,6,16,5,16,4,17,3,18,3,19,1,19,0,19,-1,18,-2,17,-3,17,-3,17,-3,16,-3,16,-2,16,-2,16,-1,16,0,16,0,17,0,17,1,17,1,16,1,16,1,17,1,17,1,18,1,18,1,19,0,0,0,20,0,19,0,20,0,19,0,18,0,17,0,18,0,18,0,19,1,19,1,18,1,17,1,16,1,15,1,15,1,16,1,16,1,16,0,15,-1,15,-1,14,-1,14,-2,14,-3,13,-3,12,-4,11,-5,10,-5,10,0,0,0,0,0,0]"
CSI_DATA,3238150,1a:00:00:00:00:00,-70,11,-94,4,53,6,3238150,47,0,128,0,"[0,0,0,0,0,0,0,0,17,-4,17,-4,17,-3,18,-2,18,-1,19,0,18,2,18,3,18,3,17,4,17,5,17,6,17,6,17,5,16,5,16,4,15,4,15,4,16,4,16,4,16,3,16,3,17,2,17,2,17,2,18,2,19,2,19,2,0,0,18,3,19,3,19,4,19,4,19,5,17,4,17,3,16,3,16,1,16,1,15,0,15,1,15,2,15,3,15,3,15,3,16,3,16,3,16,3,15,4,14,4,13,5,12,6,11,6,10,6,9,6,8,6,7,6,0,0,0,0,0,0]"
CSI_DATA,3242015,1a:00:00:00:00:00,-70,11,-94,4,53,6,3242015,47,0,128,0,"[0,0,0,0,0,0,0,0,16,-4,17,-4,17,-3,18,-2,18,-1,19,0,19,1,18,2,17,2,17,2,17,3,17,3,17,4,16,4,16,4,16,3,16,3,16,2,16,1,16,0,16,0,17,-1,17,-1,17,-1,18,-1,18,-1,19,-2,19,-2,0,0,19,0,19,0,19,-1,19,-1,19,-2,18,-2,18,-2,17,-2,18,-1,17,-1,17,-1,17,-2,17,-2,16,-3,16,-3,16,-4,15,-3,15,-3,15,-3,15,-2,15,-1,14,-1,14,0,13,1,12,1,12,2,11,2,10,2,0,0,0,0,0,0]"
CSI_DATA,3245459,1a:00:00:00:00:00,-70,11,-94,4,53,6,3245459,47,0,128,0,"[0,0,0,0,0,0,0,0,-3,18,-3,18,-4,18,-5,18,-6,17,-7,17,-9,15,-9,15,-9,15,-9,15,-9,16,-9,16,-9,15,-8,14,-8,14,-7,15,-6,15,-5,15,-5,16,-5,16,-4,15,-4,15,-4,16,-2,17,-2,18,-1,19,-2,19,-2,19,0,0,0,19,0,18,0,18,0,18,0,19,0,19,-1,18,-1,17,0,16,1,15,1,16,2,16,3,16,4,16,4,15,4,15,4,15,4,15,3,15,2,15,2,14,2,14,3,13,2,12,2,12,1,11,1,11,1,11,0,0,0,0,0,0]"
CSI_DATA,3249883,1a:00:00:00:00:00,-70,11,-94,4,53,6,3249883,47,0,128,0,"[0,0,0,0,0,0,0,0,-16,-4,-16,-5,-17,-6,-18,-7,-18,-8,-18,-8,-18,-9,-17,-9,-16,-9,-15,-9,-15,-8,-14,-8,-14,-8,-15,-8,-14,-8,-15,-7,-15,-6,-15,-5,-16,-4,-16,-4,-16,-3,-16,-3,-16,-2,-17,-2,-17,-1,-18,-1,-18,0,-18,0,0,0,-19,0,-19,0,-19,0,-19,0,-18,0,-18,1,-17,2,-16,3,-14,3,-14,3,-14,3,-14,3,-15,3,-15,4,-15,5,-15,5,-15,5,-15,6,-15,6,-14,5,-13,5,-13,4,-13,4,-12,3,-12,2,-11,2,-10,2,-10,2,0,0,0,0,0,0]"
CSI_DATA,3261909,1a:00:00:00:00:00,-70,11,-94,4,53,6,3261909,47,0,128,0,"[0,0,0,0,0,0,0,0,-6,-16,-6,-16,-5,-17,-4,-18,-2,-19,-1,-19,0,-19,1,-19,2,-19,3,-18,5,-17,5,-16,6,-16,5,-16,5,-15,4,-16,4,-16,4,-16,4,-16,4,-16,3,-16,3,-16,3,-17,3,-17,3,-18,4,-18,5,-18,5,-18,0,0,5,-20,5,-19,5,-18,5,-18,5,-17,5,-16,6,-16,6,-15,7,-16,7,-16,6,-16,6,-16,5,-16,5,-15,5,-15,5,-15,5,-14,6,-14,6,-14,6,-14,6,-13,7,-12,7,-11,8,-10,8,-8,9,-7,9,-7,9,-7,0,0,0,0,0,0]"
CSI_DATA,3262053,1a:00:00:00:00:00,-70,11,-94,4,53,6,3262053,47,0,128,0,"[0,0,0,0,0,0,0,0,-17,-2,-16,-3,-16,-4,-16,-6,-16,-7,-16,-9,-15,-10,-15,-11,-14,-12,-13,-13,-12,-13,-12,-13,-11,-12,-11,-12,-11,-11,-11,-11,-11,-11,-11,-11,-11,-11,-11,-11,-11,-11,-11,-11,-12,-11,-13,-11,-13,-11,-14,-12,-14,-12,-14,-13,0,0,-13,-14,-13,-14,-12,-15,-12,-15,-11,-14,-10,-14,-11,-15,-11,-15,-12,-15,-12,-15,-12,-14,-11,-14,-10,-12,-9,-12,-9,-12,-9,-12,-9,-12,-8,-13,-8,-13,-7,-14,-6,-14,-6,-14,-5,-13,-4,-12,-2,-12,-1,-12,-1,-11,0,-11,0,0,0,0,0,0]"
CSI_DATA,3265319,1a:00:00:00:00:00,-70,11,-94,4,53,6,3265319,47,0,128,0,"[0,0,0,0,0,0,0,0,-13,-10,-13,-10,-13,-11,-13,-12,-12,-13,-12,-14,-10,-15,-9,-16,-8,-17,-7,-16,-6,-16,-6,-16,-6,-16,-7,-15,-7,-15,-8,-14,-8,-14,-9,-13,-9,-13,-9,-13,-10,-13,-10,-13,-10,-13,-11,-13,-10,-14,-10,-15,-10,-15,-10,-16,0,0,-12,-15,-13,-15,-12,-14,-12,-14,-11,-14,-11,-14,-10,-14,-9,-13,-9,-12,-9,-12,-9,-12,-10,-12,-10,-12,-11,-12,-11,-11,-11,-11,-11,-10,-11,-11,-10,-11,-10,-11,-9,-12,-8,-11,-8,-12,-6,-11,-5,-11,-5,-10,-4,-9,-4,-9,0,0,0,0,0,0]"
CSI_DATA,3269319,1a:00:00:00:00:00,-70,11,-94,4,53,6,3269319,47,0,128,0,"[0,0,0,0,0,0,0,0,-2,17,-2,17,-2,17,-3,18,-4,18,-5,18,-6,17,-8,17,-8,16,-9,16,-9,15,-9,15,-9,15,-8,15,-8,14,-7,15,-7,15,-6,15,-6,15,-6,14,-5,15,-5,15,-5,15,-4,16,-4,17,-3,17,-4,18,-3,19,0,0,-3,19,-3,19,-3,18,-3,18,-3,17,-3,17,-2,17,-1,17,1,18,1,17,2,16,1,16,0,14,0,14,0,15,0,15,0,15,1,16,1,14,0,15,0,14,-1,14,-2,14,-2,14,-3,13,-3,12,-3,11,-3,10,0,0,0,0,0,0]"
CSI_DATA,3273319,1a:00:00:00:00:00,-70,11,-94,4,53,6,3273319,47,0,128,0,"[0,0,0,0,0,0,0,0,14,-8,14,-8,15,-8,17,-7,17,-6,18,-6,18,-4,19,-4,19,-3,19,-3,18,-3,18,-2,18,-3,17,-2,17,-3,16,-3,16,-4,15,-5,15,-6,14,-6,14,-6,14,-6,14,-7,14,-8,15,-9,15,-10,16,-10,16,-10,0,0,17,-11,16,-11,16,-11,15,-11,15,-11,14,-11,14,-11,14,-11,14,-11,13,-11,13,-12,12,-12,12,-12,10,-11,10,-11,9,-13,8,-13,8,-13,8,-13,8,-12,9,-12,9,-11,10,-10,10,-9,10,-8,9,-8,9,-7,9,-7,0,0,0,0,0,0]"
CSI_DATA,3277319,1a:00:00:00:00:00,-70,11,-94,4,53,6,3277319,47,0,128,0,"[0,0,0,0,0,0,0,0,-14,-10,-13,-11,-13,-11,-13,-13,-13,-13,-13,-14,-12,-15,-11,-15,-10,-15,-10,-15,-9,-15,-9,-14,-10,-13,-10,-13,-11,-13,-11,-12,-12,-11,-12,-11,-13,-10,-13,-10,-14,-9,-14,-9,-14,-8,-15,-8,-16,-7,-16,-8,-17,-7,-17,-8,0,0,-19,-5,-19,-5,-19,-6,-19,-6,-18,-6,-18,-6,-16,-5,-15,-5,-14,-4,-14,-3,-15,-2,-15,-1,-16,-1,-16,0,-15,1,-15,1,-15,1,-15,1,-15,0,-15,0,-15,0,-14,0,-14,1,-14,0,-13,-1,-12,-1,-11,-2,-11,-2,0,0,0,0,0,0]"
CSI_DATA,3283319,1a:00:00:00:00:00,-70,11,-94,4,53,6,3283319,47,0,128,0,"[0,0,0,0,0,0,0,0,-17,2,-17,1,-18,0,-18,-1,-19,-2,-19,-3,-18,-5,-17,-6,-17,-7,-16,-6,-16,-7,-16,-6,-16,-6,-16,-5,-16,-5,-16,-4,-16,-4,-15,-3,-15,-3,-15,-2,-16,-3,-16,-2,-16,-2,-17,-1,-17,0,-18,0,-18,1,-18,1,0,0,-20,-1,-20,-1,-20,-1,-20,0,-19,0,-19,0,-17,0,-16,0,-15,0,-15,0,-15,0,-15,1,-15,1,-16,2,-16,2,-16,3,-15,3,-15,3,-15,2,-14,2,-14,1,-13,0,-13,0,-13,-1,-12,-1,-12,-1,-11,-2,-10,-2,0,0,0,0,0,0]"
CSI_DATA,3287319,1a:00:00:00:00:00,-70,11,-94,4,53,6,3287319,47,0,128,0,"[0,0,0,0,0,0,0,0,8,14,7,15,6,16,5,17,4,18,3,18,2,19,2,19,2,18,1,17,1,18,1,18,1,18,2,18,2,18,4,17,4,16,5,15,5,15,5,15,6,16,7,15,7,16,8,16,8,15,9,15,9,15,9,16,0,0,12,17,11,17,10,17,10,17,9,16,9,15,9,14,10,14,11,13,12,13,13,12,13,11,12,10,11,10,11,10,12,10,11,10,12,12,11,12,11,12,10,12,9,11,9,11,9,10,8,9,7,9,6,9,5,9,0,0,0,0,0,0]"
CSI_DATA,3303319,1a:00:00:00:00:00,-70,11,-94,4,53,6,3303319,47,0,128,0,"[0,0,0,0,0,0,0,0,-10,-13,-9,-13,-9,-14,-7,-16,-6,-17,-5,-18,-4,-19,-3,-19,-2,-18,0,-18,0,-18,1,-18,1,-17,0,-17,0,-17,-1,-16,-1,-16,-1,-16,-1,-16,-1,-16,-1,-16,-1,-16,0,-17,-1,-18,-1,-18,-1,-18,-1,-18,-1,-18,0,0,-1,-19,0,-19,0,-19,1,-19,1,-18,1,-17,2,-17,2,-17,1,-18,1,-18,0,-18,-1,-17,-1,-16,0,-15,1,-16,1,-16,1,-16,1,-16,1,-15,2,-14,3,-13,3,-13,4,-13,5,-12,5,-12,5,-11,5,-10,5,-9,0,0,0,0,0,0]"
CSI_DATA,3309319,1a:00:00:00:00:00,-70,11,-94,4,53,6,3309319,47,0,128,0,"[0,0,0,0,0,0,0,0,2,-15,3,-16,4,-17,5,-17,6,-18,7,-18,8,-17,8,-17,8,-16,8,-16,8,-16,7,-16,6,-16,5,-16,5,-16,4,-16,3,-17,3,-16,2,-16,1,-16,1,-16,0,-16,-1,-17,-2,-18,-3,-19,-4,-19,-4,-19,-4,-19,0,0,-6,-19,-5,-19,-6,-19,-6,-19,-6,-18,-5,-17,-6,-17,-6,-17,-7,-17,-8,-17,-9,-16,-10,-15,-10,-13,-10,-12,-10,-12,-11,-12,-10,-12,-11,-12,-10,-12,-9,-12,-9,-12,-9,-11,-8,-11,-8,-11,-7,-10,-6,-10,-6,-9,-5,-9,0,0,0,0,0,0]"
CSI_DATA,3313319,1a:00:00:00:00:00,-70,11,-94,4,53,6,3313319,47,0,128,0,"[0,0,0,0,0,0,0,0,1,17,0,17,-1,17,-3,18,-5,18,-6,19,-8,18,-9,17,-10,15,-11,14,-12,14,-12,13,-11,13,-11,13,-10,13,-11,13,-11,12,-10,12,-10,13,-10,13,-10,13,-10,12,-10,13,-11,13,-12,13,-12,14,-13,15,-13,15,0,0,-15,14,-14,14,-14,13,-14,11,-14,11,-14,10,-15,9,-15,9,-15,9,-14,9,-14,10,-14,10,-13,10,-13,10,-13,10,-13,9,-13,8,-14,7,-14,6,-14,6,-14,5,-14,4,-13,4,-13,3,-12,2,-12,1,-11,0,-11,-1,0,0,0,0,0,0]"
CSI_DATA,3319471,1a:00:00:00:00:00,-70,11,-94,4,53,6,3319471,47,0,128,0,"[0,0,0,0,0,0,0,0,-7,15,-8,15,-9,15,-10,14,-11,14,-12,14,-13,13,-13,14,-14,13,-14,12,-14,12,-14,12,-13,12,-12,11,-12,12,-11,13,-11,13,-9,14,-9,14,-8,14,-8,14,-9,14,-9,14,-9,15,-8,16,-8,17,-8,17,-7,18,0,0,-7,19,-7,19,-6,18,-6,18,-5,17,-5,16,-6,17,-6,18,-6,19,-4,19,-3,19,-2,18,-1,17,0,16,-1,16,0,16,0,15,0,16,-1,15,-1,15,-1,15,-1,14,-1,14,-2,14,-3,12,-3,12,-4,11,-4,10,0,0,0,0,0,0]"
CSI_DATA,3323319,1a:00:00:00:00:00,-70,11,-94,4,53,6,3323319,47,0,128,0,"[0,0,0,0,0,0,0,0,17,4,17,4,17,5,17,6,17,7,17,8,17,8,17,9,16,9,16,9,16,9,16,8,16,7,16,7,16,5,16,4,16,4,15,5,15,4,16,3,16,3,16,2,17,0,18,-1,18,-2,18,-2,18,-2,18,-2,0,0,19,-4,19,-4,19,-3,19,-4,19,-3,18,-4,17,-4,16,-5,14,-6,14,-7,13,-8,13,-9,13,-8,13,-8,13,-8,13,-9,13,-9,13,-9,13,-9,13,-9,13,-9,12,-9,12,-8,11,-7,10,-6,10,-5,10,-5,10,-4,0,0,0,0,0,0]"
CSI_DATA,3329319,1a:00:00:00:00:00,-70,11,-94,4,53,6,3329319,47,0,128,0,"[0,0,0,0,0,0,0,0,15,-9,15,-9,15,-8,16,-7,16,-6,18,-6,18,-5,19,-4,18,-4,18,-3,18,-4,18,-3,18,-3,17,-3,17,-3,16,-3,16,-3,16,-4,16,-5,16,-5,15,-6,15,-6,15,-7,16,-7,16,-8,17,-8,17,-9,17,-9,0,0,17,-10,17,-9,18,-9,17,-8,17,-8,16,-8,15,-9,14,-10,12,-10,12,-11,12,-10,11,-10,12,-10,12,-10,12,-10,12,-10,11,-10,12,-11,11,-11,11,-10,11,-10,12,-9,12,-8,12,-8,11,-6,10,-5,10,-4,9,-3,0,0,0,0,0,0]"
CSI_DATA,3333319,1a:00:00:00:00:00,-70,11,-94,4,53,6,3333319,47,0,128,0,"[0,0,0,0,0,0,0,0,-15,-5,-15,-6,-16,-7,-16,-9,-16,-10,-16,-12,-15,-12,-14,-13,-13,-13,-12,-13,-13,-13,-12,-12,-13,-12,-13,-11,-14,-10,-14,-10,-14,-9,-14,-9,-14,-8,-14,-8,-14,-7,-15,-7,-16,-6,-17,-6,-17,-6,-18,-5,-18,-5,-18,-5,0,0,-20,-4,-20,-5,-20,-5,-20,-5,-19,-5,-18,-5,-18,-3,-19,-2,-19,-1,-19,0,-18,2,-17,1,-16,1,-15,0,-16,1,-16,1,-16,1,-16,1,-15,1,-15,1,-14,1,-14,0,-13,-1,-13,-1,-12,-2,-12,-2,-11,-2,-10,-2,0,0,0,0,0,0]"
CSI_DATA,3335319,1a:00:00:00:00:00,-70,11,-94,4,53,6,3335319,47,0,128,0,"[0,0,0,0,0,0,0,0,8,-16,9,-15,10,-15,12,-15,13,-14,15,-13,16,-12,16,-11,16,-10,16,-9,16,-9,16,-9,15,-9,15,-9,14,-9,14,-9,14,-9,14,-9,14,-10,13,-10,14,-9,14,-10,14,-10,14,-11,15,-12,15,-12,15,-12,14,-12,0,0,14,-12,14,-11,15,-11,16,-10,16,-10,17,-9,16,-10,15,-10,14,-11,13,-11,12,-10,12,-10,12,-10,13,-9,12,-10,12,-10,12,-10,12,-10,12,-9,13,-8,14,-7,14,-7,14,-5,13,-5,12,-4,11,-2,11,-1,11,-1,0,0,0,0,0,0]"
CSI_DATA,3337319,1a:00:00:00:00:00,-70,11,-94,4,53,6,3337319,47,0,128,0,"[0,0,0,0,0,0,0,0,-5,17,-5,16,-7,17,-8,17,-9,18,-10,18,-10,17,-10,16,-10,15,-10,14,-10,14,-10,15,-10,14,-9,15,-8,14,-7,15,-6,14,-6,14,-5,15,-4,15,-4,15,-3,16,-2,16,-1,17,-1,17,0,18,0,19,0,20,0,0,1,20,1,20,1,20,1,19,2,19,3,18,3,18,3,17,3,16,3,16,4,16,5,15,5,16,6,15,7,14,7,14,7,14,7,14,7,13,6,13,6,13,6,13,6,13,6,12,5,12,4,11,4,11,3,11,0,0,0,0,0,0]"
CSI_DATA,3339319,1a:00:00:00:00:00,-70,11,-94,4,53,6,3339319,47,0,128,0,"[0,0,0,0,0,0,0,0,-16,-3,-16,-4,-17,-5,-17,-6,-17,-8,-18,-8,-16,-10,-16,-10,-14,-10,-14,-10,-14,-11,-13,-10,-13,-10,-12,-11,-12,-10,-13,-10,-13,-9,-13,-9,-14,-9,-14,-7,-14,-7,-14,-6,-14,-6,-16,-6,-16,-6,-17,-7,-17,-7,-17,-7,0,0,-19,-9,-17,-9,-17,-9,-16,-9,-16,-8,-15,-7,-15,-7,-16,-8,-16,-7,-16,-8,-17,-7,-16,-7,-16,-6,-15,-5,-15,-5,-15,-5,-15,-5,-15,-6,-15,-5,-15,-5,-14,-6,-13,-6,-13,-7,-11,-7,-10,-8,-9,-7,-8,-7,-7,-7,0,0,0,0,0,0]"
CSI_DATA,3343319,1a:00:00:00:00:00,-70,11,-94,4,53,6,3343319,47,0,128,0,"[0,0,0,0,0,0,0,0,6,15,5,15,4,16,3,17,2,18,2,19,1,19,-1,19,-2,19,-3,18,-3,18,-3,17,-2,17,-1,16,0,17,0,17,1,17,1,17,1,17,2,16,2,16,3,16,4,16,4,17,4,18,5,18,5,18,5,18,0,0,5,19,5,19,5,19,5,18,5,18,5,17,5,17,4,17,5,16,4,16,5,16,6,16,7,15,7,14,7,14,7,14,7,14,7,14,7,14,6,14,6,14,5,14,4,14,3,14,2,13,2,12,1,11,1,10,0,0,0,0,0,0]"
CSI_DATA,3349320,1a:00:00:00:00:00,-70,11,-94,4,53,6,3349320,47,0,128,0,"[0,0,0,0,0,0,0,0,16,7,16,7,15,8,15,10,15,11,15,13,13,13,13,14,11,14,10,15,10,15,10,14,10,14,10,14,10,14,10,13,10,13,9,13,10,12,10,12,10,12,10,12,11,13,12,13,12,13,13,13,13,14,12,13,0,0,13,15,12,15,12,15,11,15,11,15,10,15,10,15,10,16,11,16,11,15,12,14,12,13,11,12,10,12,10,12,10,13,10,13,9,13,9,13,8,13,7,13,6,13,5,12,4,12,3,12,2,12,1,11,1,11,0,0,0,0,0,0]"
CSI_DATA,3353320,1a:00:00:00:00:00,-70,11,-94,4,53,6,3353320,47,0,128,0,"[0,0,0,0,0,0,0,0,0,-17,1,-16,2,-16,4,-16,6,-17,7,-17,7,-17,8,-17,9,-16,9,-15,9,-15,9,-15,9,-14,9,-14,8,-14,9,-14,8,-14,8,-15,7,-14,6,-15,5,-15,5,-15,5,-15,5,-16,5,-16,6,-17,7,-17,7,-18,0,0,6,-19,6,-19,6,-18,6,-18,6,-17,6,-17,5,-16,4,-15,4,-15,4,-15,4,-15,5,-15,5,-15,5,-15,4,-14,4,-15,4,-15,4,-15,4,-15,4,-14,5,-13,6,-13,7,-12,7,-12,7,-11,7,-9,7,-8,7,-7,0,0,0,0,0,0]"
CSI_DATA,3357872,1a:00:00:00:00:00,-70,11,-94,4,53,6,3357872,47,0,128,0,"[0,0,0,0,0,0,0,0,-9,-12,-9,-13,-8,-14,-8,-16,-7,-17,-7,-18,-5,-18,-5,-17,-4,-17,-3,-17,-2,-17,-2,-17,-2,-17,-2,-16,-3,-16,-4,-15,-3,-14,-4,-14,-4,-15,-5,-15,-5,-16,-5,-16,-6,-16,-7,-16,-6,-16,-6,-16,-6,-17,-6,-17,0,0,-7,-18,-6,-18,-6,-18,-6,-18,-6,-18,-6,-17,-6,-16,-6,-15,-6,-14,-6,-14,-6,-15,-7,-15,-7,-15,-6,-15,-6,-14,-7,-14,-7,-14,-7,-15,-7,-14,-6,-14,-4,-14,-4,-14,-3,-14,-2,-13,-2,-12,-1,-11,0,-10,0,-9,0,0,0,0,0,0]"
CSI_DATA,3363320,1a:00:00:00:00:00,-70,11,-94,4,53,6,3363320,47,0,128,0,"[0,0,0,0,0,0,0,0,-6,15,-7,15,-8,16,-9,16,-11,16,-12,15,-13,14,-13,13,-14,12,-14,11,-15,10,-15,9,-15,9,-15,9,-14,9,-13,9,-13,9,-12,10,-12,11,-12,10,-12,11,-12,10,-12,11,-13,11,-13,12,-14,12,-15,12,-15,11,0,0,-16,13,-15,12,-15,12,-15,11,-14,11,-14,10,-14,10,-14,10,-15,11,-15,12,-15,12,-14,11,-13,11,-12,10,-12,10,-12,10,-12,10,-12,9,-13,9,-12,8,-12,8,-12,6,-12,6,-12,4,-12,3,-11,2,-11,2,-10,1,0,0,0,0,0,0]"
CSI_DATA,3369320,1a:00:00:00:00:00,-70,11,-94,4,53,6,3369320,47,0,128,0,"[0,0,0,0,0,0,0,0,-14,12,-14,11,-14,12,-14,11,-15,10,-16,10,-16,10,-17,10,-16,9,-16,8,-16,8,-15,7,-15,7,-15,8,-15,9,-14,10,-13,10,-12,11,-11,12,-11,12,-10,13,-10,14,-10,14,-10,14,-9,15,-9,16,-9,17,-10,17,0,0,-6,20,-7,19,-7,19,-7,18,-7,17,-7,17,-5,18,-4,18,-3,19,-1,19,0,18,0,18,1,17,1,16,1,17,1,17,2,17,2,17,2,17,1,16,1,16,0,15,0,15,0,14,0,13,-1,12,-1,12,-1,11,0,0,0,0,0,0]"
CSI_DATA,3373320,1a:00:00:00:00:00,-71,11,-94,4,53,6,3373320,47,0,128,0,"[0,0,0,0,0,0,0,0,11,-14,12,-12,13,-12,14,-11,15,-10,16,-10,16,-8,16,-8,16,-6,17,-5,17,-4,17,-3,17,-3,17,-3,17,-3,17,-4,16,-4,15,-5,16,-5,15,-5,15,-5,15,-4,16,-4,16,-4,17,-4,17,-4,18,-4,19,-4,0,0,19,-4,19,-4,19,-3,19,-2,18,-2,18,-1,17,0,16,0,16,1,16,0,17,0,16,0,17,0,17,0,17,0,17,0,16,0,16,0,15,1,15,1,15,3,14,3,14,4,12,5,11,6,9,6,8,6,8,6,0,0,0,0,0,0]"
CSI_DATA,3381559,1a:00:00:00:00:00,-70,11,-94,4,53,6,3381559,47,0,128,0,"[0,0,0,0,0,0,0,0,-10,14,-11,13,-12,14,-14,13,-14,13,-15,12,-15,10,-15,10,-14,8,-15,7,-16,7,-17,6,-17,6,-17,6,-16,6,-16,7,-14,7,-15,6,-15,7,-15,7,-15,7,-14,8,-13,9,-13,9,-14,8,-16,7,-17,8,-19,9,0,0,-17,10,-17,10,-17,9,-18,9,-18,7,-19,7,-17,6,-16,6,-15,7,-15,8,-15,9,-15,10,-15,10,-14,10,-14,9,-13,8,-13,8,-12,5,-12,5,-12,4,-13,5,-13,5,-14,6,-13,6,-12,5,-10,2,-10,1,-10,-1,0,0,0,0,0,0]"
CSI_DATA,3381700,1a:00:00:00:00:00,-70,11,-94,4,53,6,3381700,47,0,128,0,"[0,0,0,0,0,0,0,0,11,13,10,13,9,14,8,16,7,17,7,17,5,18,4,18,3,18,2,18,1,17,1,17,1,17,2,17,2,17,2,17,2,16,2,16,2,15,3,15,3,15,4,16,4,16,4,17,4,17,4,18,4,18,4,18,0,0,5,20,4,19,4,18,3,17,3,17,3,17,2,17,2,16,1,16,1,16,2,16,3,16,4,16,4,16,3,15,3,16,3,15,3,15,2,15,1,15,0,14,-1,14,-1,14,-2,13,-2,12,-3,11,-3,10,-4,10,0,0,0,0,0,0]"
CSI_DATA,3389320,1a:00:00:00:00:00,-70,11,-94,4,53,6,3389320,47,0,128,0,"[0,0,0,0,0,0,0,0,-16,0,-17,0,-17,-1,-18,-2,-19,-3,-19,-4,-18,-4,-18,-5,-17,-6,-16,-6,-16,-7,-17,-7,-17,-7,-17,-6,-17,-5,-17,-3,-16,-3,-15,-2,-16,-2,-16,-2,-16,-2,-16,-2,-16,-2,-17,-1,-17,0,-18,2,-18,2,-18,3,0,0,-20,2,-19,2,-19,2,-19,2,-19,1,-18,2,-17,2,-16,2,-15,3,-14,4,-13,4,-14,4,-14,3,-15,4,-15,5,-15,6,-15,6,-15,6,-15,5,-15,4,-14,4,-14,3,-14,2,-14,2,-13,1,-12,1,-11,0,-10,0,0,0,0,0,0,0]"
CSI_DATA,3393320,1a:00:00:00:00:00,-70,11,-94,4,53,6,3393320,47,0,128,0,"[0,0,0,0,0,0,0,0,10,13,10,14,10,14,10,15,10,15,9,16,8,16,8,16,7,16,7,16,6,16,5,16,6,16,6,16,6,15,7,14,8,13,9,13,10,12,11,12,11,12,11,12,12,12,12,12,13,12,13,13,14,13,13,13,0,0,14,11,14,11,15,11,15,11,15,11,14,10,15,10,16,9,17,8,17,8,17,7,16,6,15,5,14,4,15,4,15,4,15,4,15,4,15,4,14,4,14,5,13,5,12,6,12,6,11,6,11,6,10,5,9,5,0,0,0,0,0,0]"
CSI_DATA,3397335,1a:00:00:00:00:00,-70,11,-94,4,53,6,3397335,47,0,128,0,"[0,0,0,0,0,0,0,0,15,5,15,6,15,6,15,7,16,7,16,7,16,9,16,9,15,9,15,9,14,9,14,9,14,9,14,8,14,7,15,6,15,5,15,5,16,4,16,4,16,4,16,3,16,2,16,0,16,-1,17,-1,18,-2,18,-2,0,0,19,-3,19,-3,19,-3,19,-3,18,-3,18,-4,16,-5,15,-6,14,-6,13,-7,13,-7,13,-7,14,-7,14,-7,14,-8,14,-8,13,-8,13,-8,13,-8,12,-9,12,-8,12,-8,12,-8,12,-6,12,-5,11,-4,10,-4,9,-4,0,0,0,0,0,0]"
CSI_DATA,3403320,1a:00:00:00:00:00,-70,11,-94,4,53,6,3403320,47,0,128,0,"[0,0,0,0,0,0,0,0,-4,-16,-4,-16,-3,-17,-2,-18,-1,-18,0,-19,1,-18,1,-18,2,-17,2,-16,2,-16,3,-16,3,-16,2,-16,2,-16,1,-16,0,-16,-1,-15,-2,-15,-2,-15,-2,-15,-2,-15,-3,-16,-4,-16,-4,-17,-5,-18,-4,-18,-4,-18,0,0,-6,-18,-5,-18,-6,-18,-6,-17,-6,-17,-6,-16,-6,-16,-5,-16,-4,-16,-5,-15,-5,-15,-6,-14,-7,-13,-7,-13,-7,-13,-7,-13,-7,-12,-7,-13,-7,-13,-7,-13,-7,-13,-6,-13,-5,-13,-4,-12,-3,-11,-2,-10,-2,-10,-1,-10,0,0,0,0,0,0]"
CSI_DATA,3409320,1a:00:00:00:00:00,-70,11,-94,4,53,6,3409320,47,0,128,0,"[0,0,0,0,0,0,0,0,-13,-8,-12,-10,-12,-11,-13,-12,-12,-12,-12,-13,-11,-14,-10,-15,-8,-15,-7,-16,-6,-15,-6,-15,-7,-15,-7,-14,-7,-15,-7,-14,-7,-14,-8,-14,-8,-13,-9,-13,-9,-13,-9,-12,-9,-13,-10,-13,-10,-14,-10,-15,-10,-15,-9,-16,0,0,-11,-15,-10,-15,-10,-16,-10,-15,-9,-15,-8,-14,-8,-15,-8,-15,-8,-16,-9,-16,-10,-15,-10,-14,-9,-13,-9,-12,-8,-12,-8,-13,-8,-12,-8,-13,-7,-12,-7,-13,-6,-12,-6,-12,-5,-12,-4,-13,-3,-12,-2,-11,-1,-10,-1,-9,0,0,0,0,0,0]"
CSI_DATA,3413320,1a:00:00:00:00:00,-70,11,-94,4,53,6,3413320,47,0,128,0,"[0,0,0,0,0,0,0,0,-2,17,-2,17,-3,17,-4,17,-5,16,-6,17,-7,16,-8,16,-10,15,-10,14,-10,14,-10,14,-9,13,-9,14,-8,14,-8,14,-7,14,-7,14,-7,13,-7,14,-6,14,-6,14,-6,15,-6,16,-6,17,-6,17,-6,18,-7,18,0,0,-6,19,-6,19,-6,19,-6,18,-6,18,-6,17,-6,16,-5,15,-5,14,-4,13,-4,14,-3,14,-3,14,-3,15,-3,15,-3,15,-3,15,-4,16,-4,15,-5,15,-5,13,-5,12,-6,11,-6,11,-6,10,-6,10,-7,9,-7,8,0,0,0,0,0,0]"
CSI_DATA,3419318,1a:00:00:00:00:00,-70,11,-94,4,53,6,3419318,47,0,128,0,"[0,0,0,0,0,0,0,0,13,12,12,12,11,13,10,15,9,15,9,16,7,16,6,16,5,16,5,17,4,17,3,18,2,18,1,17,1,17,2,16,2,16,3,15,3,16,3,16,3,16,4,16,4,16,5,16,4,17,4,17,3,18,3,18,0,0,3,20,3,20,3,19,2,18,2,18,1,17,1,17,1,18,1,18,1,19,2,18,2,18,3,17,2,16,1,16,1,16,1,15,0,15,0,14,0,14,-1,14,-2,15,-3,14,-4,13,-5,12,-5,11,-4,10,-4,9,0,0,0,0,0,0]"
CSI_DATA,3427320,1a:00:00:00:00:00,-70,11,-94,4,53,6,3427320,47,0,128,0,"[0,0,0,0,0,0,0,0,-16,3,-16,2,-17,1,-18,-1,-19,-2,-19,-2,-19,-3,-18,-3,-17,-4,-17,-5,-16,-6,-16,-6,-15,-6,-15,-6,-15,-5,-15,-4,-15,-4,-15,-3,-15,-3,-15,-3,-15,-3,-15,-3,-16,-3,-17,-2,-17,-2,-18,-2,-18,-2,-17,-2,0,0,-19,-2,-19,-2,-19,-2,-19,-2,-18,-2,-17,-2,-15,-3,-16,-3,-16,-3,-17,-3,-17,-2,-17,-1,-17,0,-16,0,-15,0,-15,0,-15,0,-16,0,-16,-1,-15,-1,-15,-2,-13,-2,-13,-2,-12,-2,-11,-3,-10,-3,-10,-4,-9,-4,0,0,0,0,0,0]"
CSI_DATA,3429320,1a:00:00:00:00:00,-70,11,-94,4,53,6,3429320,47,0,128,0,"[0,0,0,0,0,0,0,0,-6,-16,-5,-16,-3,-17,-1,-17,0,-17,2,-18,4,-17,5,-18,6,-17,7,-17,7,-16,7,-16,7,-15,7,-15,7,-15,7,-15,7,-14,7,-13,7,-13,7,-13,7,-14,7,-15,7,-16,6,-16,7,-16,7,-16,8,-16,9,-15,0,0,10,-16,10,-16,10,-16,10,-15,10,-14,11,-13,11,-12,12,-13,12,-14,11,-15,11,-15,11,-15,10,-14,10,-12,10,-11,11,-11,11,-11,11,-11,11,-10,11,-9,12,-8,12,-7,13,-6,12,-5,12,-4,11,-3,11,-2,10,-1,0,0,0,0,0,0]"
CSI_DATA,3433320,1a:00:00:00:00:00,-70,11,-94,4,53,6,3433320,47,0,128,0,"[0,0,0,0,0,0,0,0,-13,-10,-13,-10,-13,-11,-13,-12,-13,-13,-13,-13,-13,-13,-12,-13,-11,-13,-11,-13,-11,-12,-11,-12,-12,-11,-12,-10,-14,-10,-14,-9,-14,-8,-14,-7,-14,-6,-14,-6,-14,-5,-15,-4,-16,-3,-17,-3,-17,-2,-18,-1,-18,0,-18,1,0,0,-19,2,-19,2,-19,2,-18,2,-18,3,-17,4,-17,4,-16,4,-16,5,-15,5,-15,6,-15,7,-15,8,-14,9,-12,9,-12,10,-11,10,-10,11,-10,10,-11,10,-11,9,-11,9,-10,8,-10,8,-9,7,-8,7,-8,6,-8,5,0,0,0,0,0,0]"
CSI_DATA,3441320,1a:00:00:00:00:00,-70,11,-94,4,53,6,3441320,47,0,128,0,"[0,0,0,0,0,0,0,0,-7,-14,-7,-15,-6,-16,-5,-16,-4,-17,-3,-18,-2,-18,0,-19,1,-18,1,-18,1,-17,1,-17,0,-16,0,-15,0,-16,0,-16,0,-16,-1,-16,-1,-16,-2,-16,-2,-16,-2,-15,-3,-16,-3,-16,-3,-16,-3,-17,-2,-17,-2,-17,0,0,-3,-19,-3,-19,-2,-18,-2,-18,-1,-18,-1,-17,-2,-17,-3,-18,-5,-18,-5,-18,-6,-17,-5,-16,-5,-15,-4,-14,-4,-15,-4,-15,-4,-15,-4,-15,-3,-15,-2,-14,-2,-14,-2,-14,-1,-14,0,-14,1,-13,1,-12,2,-11,3,-10,0,0,0,0,0,0]"
CSI_DATA,3447320,1a:00:00:00:00:00,-70,11,-94,4,53,6,3447320,47,0,128,0,"[0,0,0,0,0,0,0,0,-14,-10,-13,-10,-13,-12,-12,-13,-11,-14,-10,-15,-8,-15,-7,-16,-6,-16,-5,-16,-5,-16,-5,-16,-5,-16,-5,-15,-5,-16,-5,-15,-4,-15,-4,-15,-4,-15,-5,-15,-5,-15,-4,-14,-5,-15,-5,-16,-5,-16,-6,-17,-6,-17,-6,-17,0,0,-5,-17,-4,-17,-4,-18,-3,-18,-2,-18,-2,-17,-2,-17,-3,-17,-3,-16,-3,-16,-4,-16,-4,-16,-3,-15,-2,-15,-2,-15,-2,-16,-2,-16,-1,-16,0,-16,0,-16,1,-15,2,-14,2,-14,3,-13,4,-12,5,-11,5,-10,5,-10,0,0,0,0,0,0]"
CSI_DATA,3453494,1a:00:00:00:00:00,-70,11,-94,4,53,6,3453494,47,0,128,0,"[0,0,0,0,0,0,0,0,17,-3,17,-2,17,-2,17,-1,18,-1,18,0,18,1,19,2,19,2,18,3,17,3,17,3,16,2,16,2,16,2,16,0,16,0,16,-1,15,-2,15,-2,14,-3,14,-4,16,-4,16,-5,17,-5,18,-6,18,-5,18,-5,0,0,15,-8,16,-7,16,-7,17,-7,17,-7,17,-7,16,-9,15,-10,14,-11,13,-11,13,-11,13,-10,13,-10,13,-9,12,-10,12,-10,12,-10,12,-10,11,-10,11,-10,10,-10,10,-10,10,-10,11,-8,10,-7,10,-6,10,-5,9,-5,0,0,0,0,0,0]"
CSI_DATA,3457320,1a:00:00:00:00:00,-70,11,-94,4,53,6,3457320,47,0,128,0,"[0,0,0,0,0,0,0,0,-11,12,-11,12,-11,11,-12,11,-13,11,-14,11,-14,11,-14,11,-14,11,-14,10,-14,10,-14,10,-14,10,-13,10,-12,10,-11,10,-11,11,-10,12,-10,12,-10,13,-9,14,-8,14,-7,15,-6,15,-6,16,-6,17,-5,18,-5,18,0,0,-4,19,-4,19,-4,19,-3,19,-2,19,-1,19,-1,18,-1,17,-1,17,-1,17,0,17,1,16,2,16,3,15,4,14,4,14,5,14,5,14,5,14,5,14,4,14,4,13,3,13,2,12,2,12,1,11,1,11,1,10,0,0,0,0,0,0]"
CSI_DATA,3461320,1a:00:00:00:00:00,-70,11,-94,4,53,6,3461320,47,0,128,0,"[0,0,0,0,0,0,0,0,17,1,17,2,18,2,18,2,18,3,18,3,18,4,17,4,17,4,17,4,17,4,17,4,16,3,16,2,16,1,16,0,16,0,16,-1,16,-2,16,-3,16,-3,15,-5,15,-5,15,-6,15,-7,15,-8,15,-9,15,-10,0,0,16,-11,15,-11,14,-11,14,-11,14,-12,13,-12,12,-11,11,-11,10,-12,8,-12,8,-13,7,-13,8,-14,7,-14,7,-13,6,-14,6,-14,6,-14,5,-14,5,-14,5,-13,5,-12,5,-12,5,-11,5,-11,5,-10,5,-10,5,-10,0,0,0,0,0,0]"
CSI_DATA,3467320,1a:00:00:00:00:00,-70,11,-94,4,53,6,3467320,47,0,128,0,"[0,0,0,0,0,0,0,0,14,-10,15,-9,15,-9,16,-8,16,-8,16,-8,16,-7,17,-6,17,-6,17,-5,16,-6,17,-5,16,-6,16,-6,14,-6,14,-7,13,-7,13,-8,13,-8,13,-9,13,-10,12,-10,12,-10,12,-11,12,-11,12,-12,13,-12,13,-13,0,0,12,-14,11,-14,11,-15,11,-15,11,-15,11,-15,10,-14,9,-14,8,-14,7,-14,6,-14,6,-14,6,-14,6,-14,6,-15,5,-15,5,-15,5,-14,5,-14,5,-13,5,-13,5,-13,6,-13,6,-12,6,-11,6,-10,6,-9,6,-9,0,0,0,0,0,0]"
CSI_DATA,3477320,1a:00:00:00:00:00,-70,11,-94,4,53,6,3477320,47,0,128,0,"[0,0,0,0,0,0,0,0,-16,6,-16,6,-17,5,-17,4,-18,2,-18,2,-18,1,-18,1,-17,1,-17,0,-17,0,-16,0,-16,0,-15,-1,-16,-1,-16,0,-15,1,-15,2,-15,3,-14,3,-14,3,-14,3,-15,4,-17,5,-17,5,-17,6,-17,6,-17,7,0,0,-17,9,-17,7,-17,7,-17,6,-16,6,-15,6,-15,7,-16,8,-16,9,-15,10,-14,10,-14,10,-12,9,-12,9,-12,9,-13,9,-12,9,-12,9,-12,9,-12,9,-12,8,-12,7,-12,6,-11,5,-11,5,-11,4,-10,3,-10,2,0,0,0,0,0,0]"
CSI_DATA,3479320,1a:00:00:00:00:00,-70,11,-94,4,53,6,3479320,47,0,128,0,"[0,0,0,0,0,0,0,0,-9,-14,-8,-14,-7,-15,-6,-16,-4,-17,-4,-18,-3,-18,-2,-18,-1,-18,0,-17,1,-17,1,-17,2,-17,2,-16,1,-16,1,-16,1,-16,1,-16,1,-16,0,-16,0,-16,0,-16,-1,-16,-1,-16,-1,-16,-1,-17,0,-18,0,-19,0,0,0,-19,0,-19,1,-19,1,-19,2,-18,1,-18,1,-17,0,-17,0,-16,0,-16,1,-15,1,-15,2,-15,2,-15,1,-15,1,-15,1,-15,2,-16,2,-15,3,-15,3,-14,4,-14,4,-13,5,-12,6,-10,7,-10,7,-9,8,-9,0,0,0,0,0,0]"
CSI_DATA,3483320,1a:00:00:00:00:00,-70,11,-94,4,53,6,3483320,47,0,128,0,"[0,0,0,0,0,0,0,0,-4,16,-6,16,-7,16,-9,15,-10,15,-11,15,-12,14,-12,13,-12,12,-12,12,-12,11,-13,11,-13,11,-13,11,-13,12,-12,12,-11,12,-11,12,-11,12,-11,12,-11,12,-11,12,-11,13,-10,14,-10,14,-11,14,-12,14,-13,14,0,0,-13,15,-13,14,-13,14,-13,14,-12,13,-12,13,-11,13,-11,14,-10,14,-10,13,-9,13,-10,13,-10,12,-10,12,-9,12,-10,13,-10,12,-11,12,-11,12,-12,11,-11,10,-11,10,-11,9,-11,8,-10,6,-10,5,-10,4,-10,4,0,0,0,0,0,0]"
CSI_DATA,3487320,1a:00:00:00:00:00,-70,11,-94,4,53,6,3487320,47,0,128,0,"[0,0,0,0,0,0,0,0,17,1,17,1,17,1,17,3,18,4,18,5,17,6,17,6,16,7,15,7,15,7,15,7,15,8,15,7,15,7,15,7,15,7,15,6,15,6,15,6,16,6,17,5,17,5,17,4,17,4,17,4,18,4,18,5,0,0,19,5,19,4,19,4,18,4,18,3,17,3,17,3,17,3,18,4,18,4,19,3,18,2,18,2,17,1,16,1,16,1,16,2,16,1,15,1,15,2,15,3,14,3,13,4,13,5,12,5,10,5,9,5,9,5,0,0,0,0,0,0]"
CSI_DATA,3493320,1a:00:00:00:00:00,-70,11,-94,4,53,6,3493320,47,0,128,0,"[0,0,0,0,0,0,0,0,9,-13,10,-13,12,-13,14,-12,15,-12,16,-11,16,-10,16,-9,16,-7,16,-6,17,-5,16,-4,16,-4,16,-4,16,-4,16,-5,16,-6,15,-6,15,-6,14,-6,14,-5,14,-5,15,-5,15,-6,16,-6,17,-6,18,-6,18,-5,0,0,18,-7,18,-7,18,-6,18,-6,18,-5,18,-5,17,-3,17,-2,17,-2,16,-2,17,-3,16,-3,17,-3,16,-3,16,-3,16,-3,15,-3,15,-3,15,-3,15,-1,15,0,15,0,14,1,14,2,13,3,12,3,10,4,10,4,0,0,0,0,0,0]"
CSI_DATA,3501320,1a:00:00:00:00:00,-70,11,-94,4,53,6,3501320,47,0,128,0,"[0,0,0,0,0,0,0,0,7,15,7,16,6,16,6,17,5,18,4,18,2,18,1,18,0,17,0,17,-1,17,-1,17,-1,17,0,16,0,17,1,16,2,17,2,16,2,16,2,16,3,16,3,16,4,16,4,17,4,17,4,17,4,18,5,18,0,0,4,19,4,19,5,19,5,18,5,18,4,17,4,18,4,18,5,19,5,18,6,18,6,17,6,15,6,14,6,15,5,15,5,15,5,15,5,15,4,14,4,14,3,14,3,14,2,13,1,13,0,12,0,11,-1,10,0,0,0,0,0,0]"
CSI_DATA,3503320,1a:00:00:00:00:00,-70,11,-94,4,53,6,3503320,47,0,128,0,"[0,0,0,0,0,0,0,0,-10,-13,-10,-14,-10,-15,-10,-16,-10,-17,-9,-17,-8,-18,-8,-18,-7,-17,-6,-16,-6,-16,-7,-15,-8,-15,-9,-14,-9,-14,-10,-13,-11,-12,-11,-11,-11,-10,-12,-10,-12,-10,-13,-10,-13,-10,-14,-9,-15,-9,-15,-8,-15,-8,-16,-7,0,0,-18,-5,-18,-5,-18,-6,-18,-6,-18,-5,-17,-4,-16,-3,-16,-2,-15,0,-15,1,-15,1,-16,1,-16,1,-16,2,-15,3,-15,3,-15,3,-16,3,-16,3,-15,3,-15,3,-14,3,-13,3,-13,2,-12,1,-11,1,-11,0,-10,0,0,0,0,0,0,0]"
CSI_DATA,3507320,1a:00:00:00:00:00,-70,11,-94,4,53,6,3507320,47,0,128,0,"[0,0,0,0,0,0,0,0,17,7,16,7,15,8,15,10,14,11,14,12,13,13,12,14,11,14,10,15,9,15,8,15,8,15,8,15,8,15,9,14,9,14,9,13,9,13,8,13,9,13,8,13,9,14,10,14,10,15,11,15,10,16,10,16,0,0,11,17,11,17,10,16,9,16,8,16,7,16,7,16,7,17,8,17,9,16,9,16,9,15,9,14,8,13,7,14,7,14,6,14,6,14,5,14,5,14,4,14,3,14,2,14,1,13,0,12,-1,12,-1,11,-2,10,0,0,0,0,0,0]"
CSI_DATA,3509320,1a:00:00:00:00:00,-70,11,-94,4,53,6,3509320,47,0,128,0,"[0,0,0,0,0,0,0,0,-16,-3,-16,-4,-17,-4,-17,-6,-17,-7,-17,-7,-16,-8,-17,-8,-16,-8,-15,-9,-15,-9,-15,-9,-15,-9,-15,-9,-14,-8,-15,-7,-14,-6,-14,-5,-15,-4,-15,-3,-16,-3,-16,-3,-17,-3,-18,-2,-18,-2,-18,-2,-18,-2,-18,-1,0,0,-20,1,-20,0,-19,0,-19,0,-19,-1,-19,-1,-18,1,-17,2,-16,3,-16,3,-16,3,-16,3,-15,3,-15,4,-15,5,-15,5,-15,5,-15,5,-15,5,-15,4,-15,3,-14,3,-14,2,-13,1,-13,1,-12,0,-12,0,-11,-1,0,0,0,0,0,0]"
CSI_DATA,3511320,1a:00:00:00:00:00,-70,11,-94,4,53,6,3511320,47,0,128,0,"[0,0,0,0,0,0,0,0,1,-16,1,-16,2,-17,3,-17,4,-17,5,-17,7,-16,8,-16,9,-15,10,-15,10,-14,10,-14,10,-13,9,-13,9,-12,9,-14,8,-14,7,-15,7,-15,7,-15,7,-15,7,-15,7,-15,7,-15,7,-16,7,-16,8,-16,8,-16,0,0,9,-17,8,-17,8,-17,8,-16,8,-16,8,-15,8,-14,9,-14,9,-13,9,-14,9,-15,8,-15,8,-15,7,-15,7,-14,7,-14,7,-14,7,-14,7,-13,8,-13,8,-12,9,-11,9,-11,10,-10,10,-9,9,-8,9,-7,8,-6,0,0,0,0,0,0]"
CSI_DATA,3517320,1a:00:00:00:00:00,-70,11,-94,4,53,6,3517320,47,0,128,0,"[0,0,0,0,0,0,0,0,8,-15,9,-15,10,-15,10,-15,10,-15,10,-15,11,-14,12,-14,12,-13,12,-12,12,-12,11,-12,10,-13,10,-14,9,-14,9,-15,8,-15,6,-14,5,-14,5,-14,4,-15,5,-16,4,-17,4,-17,3,-17,1,-18,1,-18,1,-19,0,0,0,-19,0,-19,-1,-19,-2,-19,-3,-19,-3,-18,-3,-18,-3,-17,-3,-17,-3,-17,-4,-17,-4,-16,-6,-15,-7,-14,-8,-14,-9,-14,-9,-14,-9,-14,-8,-14,-8,-14,-7,-13,-7,-12,-6,-11,-6,-11,-5,-11,-4,-10,-4,-10,-3,-10,0,0,0,0,0,0]"
CSI_DATA,3527320,1a:00:00:00:00:00,-70,11,-94,4,53,6,3527320,47,0,128,0,"[0,0,0,0,0,0,0,0,-9,15,-9,15,-9,15,-10,15,-10,15,-11,15,-12,13,-13,14,-13,13,-14,12,-13,12,-13,12,-12,12,-12,12,-11,12,-10,13,-9,13,-9,13,-7,14,-7,14,-7,14,-7,14,-6,14,-6,16,-6,17,-5,17,-4,18,-4,19,0,0,-6,19,-4,19,-3,18,-2,18,-2,17,-2,17,-1,17,0,16,0,16,1,16,1,15,2,15,2,15,3,16,4,16,4,16,3,15,3,15,2,15,2,15,2,14,2,14,2,14,2,14,2,13,1,13,0,12,0,11,0,0,0,0,0,0]"
CSI_DATA,3531320,1a:00:00:00:00:00,-70,11,-94,4,53,6,3531320,47,0,128,0,"[0,0,0,0,0,0,0,0,17,-3,17,-3,18,-3,18,-2,19,-1,19,-1,19,0,18,0,18,1,18,1,17,1,17,1,16,1,16,0,16,-1,16,-2,16,-4,15,-5,15,-6,15,-6,15,-6,15,-7,15,-7,15,-8,15,-9,15,-10,16,-10,16,-10,0,0,16,-13,15,-13,14,-14,13,-14,13,-14,12,-13,12,-13,11,-14,11,-14,11,-15,10,-15,9,-15,7,-15,6,-15,6,-15,6,-16,6,-15,6,-16,6,-15,6,-14,6,-14,6,-13,5,-13,5,-12,5,-11,5,-10,5,-9,5,-8,0,0,0,0,0,0]"
CSI_DATA,3535320,1a:00:00:00:00:00,-70,11,-94,4,53,6,3535320,47,0,128,0,"[0,0,0,0,0,0,0,0,-16,7,-16,6,-17,6,-18,4,-18,2,-18,1,-18,-1,-18,-2,-17,-3,-17,-4,-17,-4,-17,-5,-16,-6,-16,-6,-15,-5,-15,-4,-15,-4,-16,-4,-17,-4,-16,-4,-16,-5,-16,-6,-16,-5,-16,-5,-17,-4,-17,-5,-18,-5,-18,-5,0,0,-18,-5,-18,-7,-18,-8,-18,-9,-18,-9,-17,-8,-16,-8,-15,-8,-14,-8,-14,-8,-14,-8,-15,-7,-16,-7,-16,-7,-15,-7,-15,-7,-14,-8,-15,-8,-14,-9,-14,-8,-12,-9,-11,-9,-10,-10,-9,-11,-7,-12,-6,-12,-5,-12,-4,-11,0,0,0,0,0,0]"
CSI_DATA,3545321,1a:00:00:00:00:00,-70,11,-94,4,53,6,3545321,47,0,128,0,"[0,0,0,0,0,0,0,0,8,15,8,15,7,16,6,17,5,18,6,19,5,18,5,18,4,17,4,17,3,17,4,17,5,16,5,16,6,16,7,15,8,15,7,14,8,14,8,13,9,12,10,12,11,12,12,12,14,12,15,12,15,12,16,11,0,0,16,11,16,10,16,11,16,10,16,10,16,10,16,8,15,7,16,5,15,3,16,3,16,3,15,3,15,3,16,2,16,2,16,2,16,2,16,3,15,4,15,4,15,3,14,3,14,3,13,3,12,3,11,3,10,3,0,0,0,0,0,0]"
CSI_DATA,3551321,1a:00:00:00:00:00,-70,11,-94,4,53,6,3551321,47,0,128,0,"[0,0,0,0,0,0,0,0,15,7,16,7,16,8,17,8,17,9,16,10,15,11,14,11,12,12,11,13,11,13,11,13,12,12,12,12,12,12,13,11,13,10,13,9,14,9,14,8,14,8,14,8,15,8,16,8,16,7,17,7,18,6,18,6,0,0,18,6,18,6,18,6,17,5,18,6,17,6,17,6,16,5,15,4,15,3,15,3,16,1,16,2,16,1,16,1,16,0,16,0,16,0,16,1,15,1,15,2,14,3,13,3,13,4,12,4,12,5,11,5,10,6,0,0,0,0,0,0]"
CSI_DATA,3555321,1a:00:00:00:00:00,-70,11,-94,4,53,6,3555321,47,0,128,0,"[0,0,0,0,0,0,0,0,-4,-16,-4,-17,-3,-18,-2,-19,-2,-19,-1,-19,0,-18,0,-18,1,-17,1,-17,2,-17,2,-16,2,-16,1,-16,0,-17,-1,-17,-2,-17,-3,-16,-4,-16,-4,-15,-5,-15,-5,-15,-6,-16,-6,-16,-8,-17,-8,-16,-9,-16,-8,-15,0,0,-10,-17,-9,-17,-9,-16,-10,-16,-9,-15,-9,-15,-9,-15,-9,-16,-10,-15,-11,-15,-12,-13,-13,-12,-13,-11,-12,-10,-12,-9,-12,-10,-11,-10,-11,-9,-11,-9,-10,-10,-10,-10,-10,-10,-10,-10,-10,-10,-9,-9,-8,-8,-7,-8,-6,-8,0,0,0,0,0,0]"
CSI_DATA,3561321,1a:00:00:00:00:00,-70,11,-94,4,53,6,3561321,47,0,128,0,"[0,0,0,0,0,0,0,0,-15,-8,-15,-9,-15,-10,-15,-11,-15,-11,-15,-12,-13,-13,-12,-13,-11,-14,-10,-14,-10,-14,-10,-14,-10,-14,-10,-14,-11,-13,-11,-13,-11,-12,-12,-11,-12,-10,-12,-10,-12,-10,-12,-10,-13,-10,-14,-10,-14,-10,-14,-10,-14,-11,-14,-11,0,0,-17,-10,-16,-10,-15,-11,-15,-11,-14,-12,-13,-11,-13,-10,-15,-9,-16,-8,-17,-8,-16,-8,-16,-8,-14,-7,-13,-7,-13,-6,-14,-6,-14,-6,-14,-7,-13,-8,-13,-8,-12,-8,-11,-8,-11,-9,-10,-9,-9,-8,-8,-8,-6,-8,-6,-8,0,0,0,0,0,0]"
CSI_DATA,3563321,1a:00:00:00:00:00,-70,11,-94,4,53,6,3563321,47,0,128,0,"[0,0,0,0,0,0,0,0,6,-15,7,-15,9,-15,10,-15,12,-15,13,-14,14,-13,14,-12,14,-11,15,-10,15,-9,15,-8,14,-8,14,-7,15,-8,15,-8,15,-7,15,-7,15,-8,14,-8,15,-8,15,-7,15,-8,16,-8,16,-8,16,-8,16,-8,16,-8,0,0,18,-8,19,-7,19,-6,19,-6,18,-5,17,-4,17,-5,16,-6,15,-6,15,-6,15,-6,15,-5,15,-4,15,-3,15,-3,16,-4,15,-4,16,-3,16,-2,15,-1,14,0,13,0,13,1,12,2,11,3,11,4,10,4,9,4,0,0,0,0,0,0]"
CSI_DATA,3565321,1a:00:00:00:00:00,-70,11,-94,4,53,6,3565321,47,0,128,0,"[0,0,0,0,0,0,0,0,0,16,-1,17,-3,17,-5,18,-7,18,-8,18,-8,17,-9,16,-8,15,-8,14,-8,14,-9,14,-8,14,-8,15,-7,15,-6,15,-6,15,-5,14,-5,15,-5,15,-5,15,-4,16,-3,16,-2,17,-2,17,-1,17,-1,18,-1,19,0,0,-2,19,-2,19,-2,19,-2,19,-2,18,-2,18,-2,17,-2,16,-1,15,0,15,1,15,2,16,2,16,2,16,2,15,2,15,2,14,2,15,3,15,2,15,2,15,1,15,1,15,0,14,-1,13,-2,12,-3,10,-3,10,0,0,0,0,0,0]"
CSI_DATA,3571321,1a:00:00:00:00:00,-70,11,-94,4,53,6,3571321,47,0,128,0,"[0,0,0,0,0,0,0,0,12,12,11,13,11,14,11,16,10,17,9,17,8,17,7,18,5,18,4,18,3,17,3,18,3,18,3,17,4,17,4,16,4,16,5,16,5,16,5,16,6,16,6,16,6,16,6,16,6,16,7,16,7,17,6,17,0,0,7,19,7,19,6,18,6,18,6,18,6,17,5,16,5,16,5,16,5,17,5,17,6,16,6,16,7,15,6,14,6,15,6,15,5,16,5,16,4,15,4,14,4,15,3,14,2,13,1,12,0,12,-1,11,-2,10,0,0,0,0,0,0]"
CSI_DATA,3575321,1a:00:00:00:00:00,-70,11,-94,4,53,6,3575321,47,0,128,0,"[0,0,0,0,0,0,0,0,0,-16,1,-17,2,-18,4,-18,5,-19,7,-19,7,-18,8,-18,8,-17,9,-16,9,-16,10,-15,9,-15,9,-15,8,-15,7,-16,7,-15,7,-16,7,-15,7,-15,6,-15,5,-15,5,-17,5,-17,5,-18,5,-18,4,-18,4,-18,0,0,6,-19,6,-19,5,-18,5,-19,5,-18,5,-18,5,-17,3,-17,2,-16,1,-16,1,-16,1,-17,2,-16,2,-16,2,-16,2,-16,2,-16,2,-16,2,-15,3,-15,3,-14,4,-14,5,-14,5,-14,5,-12,6,-11,6,-10,6,-9,0,0,0,0,0,0]"
CSI_DATA,3577321,1a:00:00:00:00:00,-70,11,-94,4,53,6,3577321,47,0,128,0,"[0,0,0,0,0,0,0,0,17,1,17,2,17,4,17,6,17,8,17,10,16,11,15,12,14,13,13,13,12,13,11,13,11,13,12,12,12,11,13,11,12,11,12,12,12,11,11,12,11,12,12,12,11,12,12,12,12,13,13,13,12,14,12,15,0,0,12,17,11,16,11,16,11,16,11,15,9,15,8,15,7,16,7,16,7,16,8,16,8,15,9,14,8,14,7,13,7,14,6,14,6,14,6,14,5,15,4,14,3,14,2,13,1,13,-1,13,-1,12,-2,11,-2,11,0,0,0,0,0,0]"
CSI_DATA,3579321,1a:00:00:00:00:00,-70,11,-94,4,53,6,3579321,47,0,128,0,"[0,0,0,0,0,0,0,0,-15,9,-15,8,-16,7,-16,6,-17,5,-18,4,-18,3,-17,2,-17,1,-17,0,-17,0,-17,1,-17,2,-17,2,-17,2,-17,2,-16,3,-16,3,-16,3,-16,4,-16,5,-15,5,-17,6,-17,7,-17,8,-16,8,-16,9,-16,9,0,0,-18,10,-17,10,-18,9,-17,8,-16,8,-15,7,-16,7,-16,8,-17,9,-16,10,-16,11,-15,11,-13,11,-11,10,-11,10,-11,9,-11,9,-12,10,-12,10,-12,10,-12,9,-12,9,-12,8,-12,7,-11,5,-11,4,-11,3,-11,2,0,0,0,0,0,0]"
CSI_DATA,3585321,1a:00:00:00:00:00,-70,11,-94,4,53,6,3585321,47,0,128,0,"[0,0,0,0,0,0,0,0,-3,17,-4,17,-4,16,-6,16,-8,15,-10,15,-12,14,-13,13,-13,12,-14,11,-13,11,-13,11,-13,11,-13,12,-13,12,-12,12,-11,12,-11,11,-11,11,-11,11,-11,11,-12,12,-11,12,-11,13,-11,14,-12,15,-12,15,-12,15,0,0,-13,15,-13,14,-14,14,-14,14,-13,13,-13,12,-13,12,-13,12,-13,13,-13,14,-12,16,-12,15,-10,14,-10,12,-10,12,-10,11,-10,11,-10,12,-10,11,-11,11,-11,10,-12,9,-12,9,-12,8,-11,7,-11,5,-10,4,-10,3,0,0,0,0,0,0]"
CSI_DATA,3589321,1a:00:00:00:00:00,-70,11,-94,4,53,6,3589321,47,0,128,0,"[0,0,0,0,0,0,0,0,17,-4,17,-3,18,-3,18,-1,19,0,20,1,20,2,19,3,19,4,18,4,18,4,17,4,17,4,16,3,16,3,16,2,16,2,16,2,16,2,16,2,16,2,16,2,17,2,18,1,18,1,18,0,18,0,18,-1,0,0,19,0,19,0,19,0,19,0,19,1,18,1,17,2,17,2,16,1,16,1,16,0,16,-1,16,-2,16,-2,15,-2,15,-1,15,-1,16,-1,16,-1,16,-1,15,0,15,1,14,1,13,2,12,2,12,3,11,3,10,3,0,0,0,0,0,0]"
CSI_DATA,3595324,1a:00:00:00:00:00,-70,11,-94,4,53,6,3595324,47,0,128,0,"[0,0,0,0,0,0,0,0,15,-9,15,-8,16,-8,17,-7,18,-5,18,-3,19,-2,18,0,18,0,17,1,17,1,17,2,17,2,17,3,17,2,17,2,16,1,17,1,16,1,16,1,16,0,16,0,17,1,19,1,19,1,19,1,19,1,19,0,0,0,20,2,19,2,19,3,19,3,19,3,19,2,18,3,17,3,16,3,16,3,16,4,16,4,17,3,16,4,16,4,16,4,16,4,16,4,15,4,15,4,14,5,13,6,13,7,12,7,11,8,9,8,8,8,7,7,0,0,0,0,0,0]"
CSI_DATA,3605321,1a:00:00:00:00:00,-70,11,-94,4,53,6,3605321,47,0,128,0,"[0,0,0,0,0,0,0,0,-17,-6,-16,-6,-16,-6,-16,-8,-16,-9,-16,-10,-15,-10,-15,-11,-14,-10,-14,-10,-14,-9,-14,-9,-14,-8,-15,-9,-15,-8,-15,-7,-15,-6,-15,-5,-16,-4,-16,-3,-16,-3,-16,-3,-16,-2,-17,0,-17,1,-18,2,-18,2,-18,3,0,0,-19,4,-20,4,-19,4,-18,4,-18,4,-18,5,-17,6,-16,6,-15,8,-14,9,-13,9,-13,9,-13,9,-13,8,-12,9,-11,10,-11,11,-12,11,-12,11,-12,10,-12,10,-11,9,-11,9,-11,9,-10,8,-10,7,-9,6,-8,5,0,0,0,0,0,0]"
CSI_DATA,3607321,1a:00:00:00:00:00,-70,11,-94,4,53,6,3607321,47,0,128,0,"[0,0,0,0,0,0,0,0,5,-16,6,-16,7,-17,8,-16,10,-15,11,-15,12,-14,12,-13,12,-13,12,-12,12,-13,12,-12,12,-12,12,-12,12,-12,11,-12,11,-12,11,-12,11,-12,10,-13,10,-12,9,-13,8,-14,7,-15,7,-16,8,-16,8,-17,8,-18,0,0,9,-20,9,-19,9,-18,9,-17,8,-17,8,-16,7,-15,7,-15,7,-15,7,-15,6,-16,6,-16,5,-17,4,-16,4,-15,3,-15,3,-15,3,-15,4,-14,4,-14,5,-14,6,-14,6,-13,6,-13,7,-11,7,-10,7,-9,6,-8,0,0,0,0,0,0]"
CSI_DATA,3609321,1a:00:00:00:00:00,-70,11,-94,4,53,6,3609321,47,0,128,0,"[0,0,0,0,0,0,0,0,16,1,16,2,16,3,17,4,18,6,18,7,17,8,16,9,14,10,13,11,13,11,13,11,13,11,13,11,14,11,13,10,13,10,13,10,13,10,13,10,13,10,13,10,14,10,14,10,15,11,16,11,16,11,16,12,0,0,15,13,15,12,14,12,14,12,13,12,12,12,13,13,13,13,14,14,14,13,14,13,13,12,12,11,10,11,10,11,11,11,11,12,11,12,10,12,9,12,8,12,6,13,6,13,5,13,4,12,3,12,2,11,1,11,0,0,0,0,0,0]"
CSI_DATA,3613321,1a:00:00:00:00:00,-70,11,-94,4,53,6,3613321,47,0,128,0,"[0,0,0,0,0,0,0,0,-9,-16,-8,-16,-7,-16,-6,-17,-4,-18,-3,-18,-2,-19,0,-19,0,-19,1,-18,1,-18,1,-18,1,-18,1,-17,1,-17,1,-16,0,-16,0,-16,0,-16,-1,-16,-1,-16,-1,-16,-1,-16,-2,-17,-1,-17,0,-18,1,-19,1,-20,0,0,0,-18,1,-19,1,-19,0,-19,0,-19,0,-18,0,-17,0,-16,0,-15,1,-15,1,-15,1,-16,1,-16,1,-16,0,-16,-1,-16,0,-15,0,-16,1,-15,2,-15,2,-15,3,-14,4,-13,4,-13,5,-12,6,-11,6,-9,6,-8,0,0,0,0,0,0]"
CSI_DATA,3619321,1a:00:00:00:00:00,-70,11,-94,4,53,6,3619321,47,0,128,0,"[0,0,0,0,0,0,0,0,0,-17,0,-17,0,-18,1,-18,1,-18,1,-18,2,-18,3,-18,3,-18,4,-17,4,-18,5,-17,5,-17,4,-17,2,-17,1,-17,-1,-16,-2,-15,-3,-16,-3,-15,-4,-16,-5,-16,-6,-16,-7,-16,-7,-16,-8,-16,-8,-17,-8,-17,0,0,-9,-16,-10,-16,-11,-16,-12,-15,-12,-15,-11,-14,-11,-13,-11,-13,-10,-12,-10,-11,-10,-10,-12,-10,-12,-10,-14,-9,-14,-8,-14,-8,-14,-8,-14,-8,-14,-7,-14,-7,-13,-7,-13,-7,-12,-8,-12,-7,-11,-8,-10,-7,-9,-8,-9,-8,0,0,0,0,0,0]"
CSI_DATA,3624100,1a:00:00:00:00:00,-70,11,-94,4,53,6,3624100,47,0,128,0,"[0,0,0,0,0,0,0,0,-17,-5,-17,-6,-16,-6,-16,-7,-16,-7,-16,-8,-15,-9,-15,-9,-14,-11,-15,-11,-15,-11,-15,-10,-15,-9,-15,-8,-15,-7,-15,-6,-16,-5,-16,-4,-16,-3,-15,-3,-15,-2,-15,-2,-17,-2,-17,-1,-18,0,-19,0,-19,0,-19,1,0,0,-18,4,-18,4,-18,4,-18,4,-18,4,-17,4,-17,4,-17,6,-17,7,-16,9,-15,9,-15,9,-13,9,-13,8,-13,9,-13,9,-13,9,-13,10,-13,9,-12,9,-12,8,-12,8,-12,8,-12,7,-11,6,-11,6,-10,5,-9,4,0,0,0,0,0,0]"
CSI_DATA,3629321,1a:00:00:00:00:00,-70,11,-94,4,53,6,3629321,47,0,128,0,"[0,0,0,0,0,0,0,0,-1,17,-2,17,-3,18,-4,18,-5,18,-5,19,-5,18,-5,17,-5,16,-6,15,-7,15,-8,14,-8,14,-8,15,-6,16,-5,17,-4,16,-3,16,-3,15,-3,16,-2,16,-1,16,0,17,1,18,2,18,2,18,1,18,1,18,0,0,4,20,3,19,3,18,3,18,3,18,4,18,5,17,6,16,7,15,7,15,7,14,7,15,7,15,7,15,7,14,8,14,9,14,9,14,9,13,7,13,7,13,6,13,5,13,5,13,4,12,3,12,3,11,2,10,0,0,0,0,0,0]"
CSI_DATA,3633321,1a:00:00:00:00:00,-70,11,-94,4,53,6,3633321,47,0,128,0,"[0,0,0,0,0,0,0,0,16,-8,16,-7,16,-6,17,-5,17,-5,18,-6,19,-5,19,-5,18,-5,17,-4,17,-4,16,-4,16,-4,16,-5,16,-5,16,-6,15,-7,15,-7,15,-8,15,-8,14,-9,13,-10,12,-11,13,-12,13,-13,12,-13,12,-14,12,-13,0,0,11,-17,11,-16,11,-16,11,-16,11,-15,10,-15,9,-15,8,-16,7,-18,6,-18,5,-18,5,-17,3,-16,3,-15,2,-15,2,-15,2,-16,2,-16,2,-16,1,-15,1,-14,2,-14,2,-13,3,-12,3,-11,3,-11,4,-11,4,-10,0,0,0,0,0,0]"
CSI_DATA,3637321,1a:00:00:00:00:00,-70,11,-94,4,53,6,3637321,47,0,128,0,"[0,0,0,0,0,0,0,0,-14,10,-15,10,-16,9,-17,7,-17,6,-18,5,-19,3,-19,2,-18,0,-18,-1,-17,-1,-17,-1,-17,-1,-17,-2,-17,-2,-17,-1,-17,-1,-16,-1,-16,-1,-15,-1,-16,-1,-16,-1,-16,-1,-17,-1,-17,-2,-17,-1,-18,-1,-18,-1,0,0,-20,-3,-19,-3,-19,-3,-18,-4,-18,-4,-17,-5,-16,-4,-16,-4,-15,-3,-15,-3,-15,-4,-15,-4,-15,-5,-15,-5,-15,-4,-15,-4,-15,-5,-15,-5,-14,-6,-14,-7,-13,-7,-13,-7,-12,-8,-10,-8,-9,-9,-7,-9,-7,-9,-6,-9,0,0,0,0,0,0]"
CSI_DATA,3639321,1a:00:00:00:00:00,-70,11,-94,4,53,6,3639321,47,0,128,0,"[0,0,0,0,0,0,0,0,6,-15,6,-16,6,-17,6,-18,7,-18,7,-17,8,-17,8,-16,10,-16,10,-15,10,-15,9,-14,9,-13,9,-13,9,-13,9,-14,8,-15,7,-15,6,-15,6,-15,6,-15,5,-15,5,-16,5,-16,4,-17,4,-17,4,-18,4,-19,0,0,4,-20,3,-20,3,-20,3,-19,2,-20,3,-19,3,-18,3,-18,3,-18,2,-18,1,-18,1,-18,0,-18,-1,-17,-1,-16,-1,-16,-2,-15,-2,-15,-2,-16,-1,-16,0,-15,0,-15,1,-14,1,-14,1,-12,2,-12,2,-11,3,-10,0,0,0,0,0,0]"
CSI_DATA,3643321,1a:00:00:00:00:00,-70,11,-94,4,53,6,3643321,47,0,128,0,"[0,0,0,0,0,0,0,0,-16,6,-16,5,-17,5,-17,4,-18,3,-18,3,-19,2,-18,1,-19,1,-18,0,-18,1,-18,0,-17,1,-16,1,-16,1,-16,2,-16,3,-15,4,-15,4,-15,4,-15,5,-15,5,-15,6,-16,8,-16,8,-16,9,-16,9,-16,8,0,0,-17,12,-17,11,-16,11,-16,11,-16,10,-15,10,-15,9,-13,9,-12,10,-12,9,-12,10,-12,11,-11,11,-11,12,-9,12,-9,13,-9,13,-9,13,-10,13,-10,12,-9,12,-9,11,-9,11,-9,10,-9,9,-8,8,-8,7,-8,6,0,0,0,0,0,0]"
CSI_DATA,3647321,1a:00:00:00:00:00,-70,11,-94,4,53,6,3647321,47,0,128,0,"[0,0,0,0,0,0,0,0,14,10,13,11,13,12,13,13,13,14,13,15,13,15,13,14,11,14,10,13,10,13,10,13,9,13,10,13,10,13,11,12,11,11,12,10,13,9,13,8,14,8,14,8,14,8,15,7,16,7,17,7,17,7,17,7,0,0,19,4,19,4,18,4,19,4,18,4,18,4,17,2,17,1,16,0,16,-1,15,-1,16,-1,15,-1,15,-1,15,-2,15,-3,15,-4,15,-4,15,-4,15,-3,15,-3,14,-3,14,-2,14,-1,12,-1,12,-1,11,-1,10,0,0,0,0,0,0,0]"
CSI_DATA,3653321,1a:00:00:00:00:00,-70,11,-94,4,53,6,3653321,47,0,128,0,"[0,0,0,0,0,0,0,0,15,-8,16,-7,15,-7,16,-6,16,-5,17,-5,17,-4,18,-4,17,-3,18,-2,17,-1,17,-1,17,-1,17,-1,17,-2,17,-3,16,-4,15,-5,15,-5,15,-5,15,-5,15,-5,16,-6,16,-6,16,-7,16,-7,16,-8,16,-8,0,0,19,-9,18,-9,17,-9,17,-10,16,-10,16,-9,16,-9,16,-10,16,-11,15,-11,14,-11,13,-12,12,-11,12,-11,12,-11,12,-11,12,-12,12,-11,12,-10,12,-10,12,-9,12,-8,12,-8,12,-7,11,-7,11,-6,10,-5,10,-4,0,0,0,0,0,0]"
CSI_DATA,3657321,1a:00:00:00:00:00,-70,11,-94,4,53,6,3657321,47,0,128,0,"[0,0,0,0,0,0,0,0,-15,-10,-15,-9,-15,-9,-15,-10,-15,-10,-15,-11,-14,-12,-13,-12,-13,-13,-12,-13,-11,-13,-11,-13,-10,-13,-11,-12,-11,-12,-13,-10,-13,-9,-14,-8,-14,-7,-14,-7,-13,-7,-14,-8,-14,-8,-16,-8,-17,-7,-17,-7,-18,-6,-18,-6,0,0,-19,-7,-19,-5,-18,-5,-18,-4,-19,-4,-18,-4,-17,-4,-16,-5,-16,-5,-16,-3,-17,-3,-17,-1,-17,0,-16,1,-15,1,-15,2,-15,1,-15,1,-15,1,-15,1,-15,0,-15,0,-14,0,-14,0,-13,-1,-12,-1,-12,-1,-11,-2,0,0,0,0,0,0]"
CSI_DATA,3663321,1a:00:00:00:00:00,-70,11,-94,4,53,6,3663321,47,0,128,0,"[0,0,0,0,0,0,0,0,-15,7,-15,6,-16,5,-18,4,-18,3,-19,3,-18,2,-18,1,-17,-1,-17,-2,-17,-2,-17,-3,-17,-3,-17,-2,-17,-2,-17,-1,-16,0,-16,0,-16,1,-16,2,-16,2,-16,2,-16,2,-17,3,-17,3,-17,3,-18,3,-18,3,0,0,-18,4,-18,3,-18,4,-18,3,-18,4,-17,3,-17,2,-17,1,-17,2,-17,2,-17,3,-17,3,-17,4,-15,4,-15,4,-15,4,-15,5,-15,5,-15,5,-15,4,-15,3,-14,3,-14,2,-13,1,-12,0,-11,0,-10,-1,-10,-1,0,0,0,0,0,0]"
CSI_DATA,3667321,1a:00:00:00:00:00,-70,11,-94,4,53,6,3667321,47,0,128,0,"[0,0,0,0,0,0,0,0,15,7,15,9,15,10,15,11,15,11,15,12,13,13,12,13,11,14,10,14,10,14,10,13,10,13,10,12,11,12,11,11,12,11,13,10,13,10,13,10,12,10,12,10,13,10,15,9,16,9,16,9,16,9,16,8,0,0,17,9,16,9,16,9,16,9,16,9,16,9,15,8,15,7,15,6,15,6,15,5,15,5,15,5,15,5,16,4,16,4,16,4,16,5,15,5,15,5,14,5,14,5,13,5,12,5,11,6,10,6,9,6,9,6,0,0,0,0,0,0]"
CSI_DATA,3671321,1a:00:00:00:00:00,-70,11,-94,4,53,6,3671321,47,0,128,0,"[0,0,0,0,0,0,0,0,-5,-16,-4,-16,-3,-17,-2,-18,-2,-18,0,-19,1,-19,2,-19,2,-18,2,-17,2,-17,2,-17,2,-18,2,-18,2,-18,0,-17,-1,-16,-2,-15,-3,-15,-3,-15,-4,-15,-4,-15,-4,-16,-5,-16,-6,-17,-6,-17,-7,-17,-6,-18,0,0,-8,-18,-8,-17,-8,-17,-8,-17,-9,-17,-8,-17,-9,-17,-9,-16,-9,-16,-10,-16,-10,-14,-11,-13,-11,-11,-11,-11,-11,-11,-11,-11,-11,-11,-11,-12,-10,-12,-10,-12,-9,-12,-9,-11,-9,-11,-8,-11,-7,-10,-6,-10,-5,-10,-4,-10,0,0,0,0,0,0]"
CSI_DATA,3677321,1a:00:00:00:00:00,-70,11,-94,4,53,6,3677321,47,0,128,0,"[0,0,0,0,0,0,0,0,-15,-6,-15,-7,-15,-8,-15,-9,-14,-10,-14,-12,-13,-12,-12,-13,-11,-13,-11,-13,-10,-13,-10,-14,-10,-14,-10,-14,-10,-14,-11,-13,-11,-13,-11,-12,-12,-12,-12,-11,-11,-11,-11,-10,-12,-11,-13,-11,-13,-11,-14,-11,-14,-12,-14,-11,0,0,-15,-11,-15,-11,-15,-11,-15,-11,-14,-11,-12,-11,-14,-11,-15,-11,-16,-11,-16,-10,-16,-9,-15,-9,-14,-9,-12,-8,-13,-9,-13,-9,-13,-8,-13,-9,-13,-9,-13,-10,-13,-11,-12,-10,-11,-10,-9,-10,-7,-10,-6,-10,-5,-10,-5,-9,0,0,0,0,0,0]"
CSI_DATA,3683321,1a:00:00:00:00:00,-70,11,-94,4,53,6,3683321,47,0,128,0,"[0,0,0,0,0,0,0,0,-15,5,-16,4,-17,4,-18,2,-19,1,-19,0,-19,-2,-18,-3,-18,-5,-17,-5,-17,-5,-17,-6,-17,-5,-17,-5,-17,-6,-16,-5,-16,-5,-16,-5,-16,-5,-15,-5,-16,-5,-16,-5,-17,-5,-17,-4,-17,-5,-17,-5,-17,-6,-16,-6,0,0,-18,-7,-17,-7,-18,-7,-17,-7,-16,-7,-16,-8,-16,-9,-16,-9,-17,-9,-17,-8,-18,-6,-18,-6,-16,-5,-15,-6,-15,-6,-14,-6,-13,-7,-13,-7,-13,-8,-12,-9,-11,-9,-10,-10,-10,-10,-9,-9,-7,-9,-6,-9,-5,-10,-4,-10,0,0,0,0,0,0]"
CSI_DATA,3687321,1a:00:00:00:00:00,-70,11,-94,4,53,6,3687321,47,0,128,0,"[0,0,0,0,0,0,0,0,14,11,14,11,13,12,12,13,10,15,9,16,8,17,8,17,7,17,5,17,4,17,4,16,4,16,5,16,5,16,5,16,5,16,6,16,6,16,7,16,7,16,7,15,8,16,7,15,7,15,8,16,8,16,8,16,0,0,9,18,8,18,8,19,7,18,6,19,6,18,6,17,5,17,5,16,5,16,6,16,6,15,6,15,7,15,6,14,6,14,6,14,6,15,5,15,4,14,4,14,4,14,3,14,2,14,1,13,1,12,0,11,-1,10,0,0,0,0,0,0]"
CSI_DATA,3693321,1a:00:00:00:00:00,-70,11,-94,4,53,6,3693321,47,0,128,0,"[0,0,0,0,0,0,0,0,6,16,7,16,7,16,6,17,6,18,6,19,5,19,4,19,4,18,3,18,3,17,3,17,4,17,4,16,6,16,7,16,8,15,8,15,9,14,9,13,10,13,10,12,11,12,12,13,12,13,13,13,14,12,15,11,0,0,16,12,16,11,16,11,16,10,16,10,16,9,16,9,15,9,15,8,15,7,16,6,16,5,17,4,17,2,16,2,16,2,15,1,16,1,16,1,16,1,16,2,15,2,14,2,13,2,12,2,11,2,11,2,11,2,0,0,0,0,0,0]"
CSI_DATA,3701321,1a:00:00:00:00:00,-70,11,-94,4,53,6,3701321,47,0,128,0,"[0,0,0,0,0,0,0,0,5,16,4,16,3,17,2,17,1,18,-1,18,-2,17,-4,17,-5,17,-6,17,-6,16,-6,16,-6,16,-6,16,-6,16,-6,16,-5,16,-5,16,-4,15,-4,15,-4,15,-4,15,-4,16,-3,17,-3,17,-3,17,-3,18,-4,18,0,0,-5,19,-5,19,-5,19,-6,18,-6,18,-7,17,-7,17,-6,18,-5,19,-4,19,-3,18,-3,17,-3,16,-3,15,-3,15,-4,15,-4,15,-5,15,-6,14,-6,14,-6,13,-7,13,-6,12,-6,11,-7,10,-7,8,-8,7,-8,6,0,0,0,0,0,0]"
CSI_DATA,3707321,1a:00:00:00:00:00,-70,11,-94,4,53,6,3707321,47,0,128,0,"[0,0,0,0,0,0,0,0,-3,15,-4,15,-5,15,-6,16,-7,16,-8,17,-9,16,-10,16,-10,15,-10,14,-9,14,-8,15,-8,15,-6,16,-5,16,-4,16,-4,16,-3,15,-3,15,-2,15,-1,15,-1,16,0,16,1,17,1,18,2,18,3,19,3,19,0,0,4,19,4,18,5,18,5,18,5,17,5,16,6,17,6,17,8,17,9,16,10,16,11,15,11,14,11,13,11,12,11,12,11,11,11,11,10,11,10,11,10,11,9,11,9,11,9,10,8,10,7,9,5,9,5,8,0,0,0,0,0,0]"
CSI_DATA,3713321,1a:00:00:00:00:00,-70,11,-94,4,53,6,3713321,47,0,128,0,"[0,0,0,0,0,0,0,0,7,15,6,15,6,16,6,17,4,18,4,18,3,18,2,19,1,18,1,17,1,18,1,18,1,18,2,17,3,17,3,17,4,16,3,16,4,15,4,15,5,15,6,15,7,15,8,16,9,16,9,16,9,15,9,15,0,0,10,19,9,18,9,17,8,16,8,15,8,14,9,15,9,16,10,16,9,16,11,15,11,15,11,14,11,13,11,12,12,12,11,11,10,10,10,10,10,11,10,11,8,11,7,11,7,11,5,11,5,11,5,10,5,9,0,0,0,0,0,0]"
CSI_DATA,3717321,1a:00:00:00:00:00,-70,11,-94,4,53,6,3717321,47,0,128,0,"[0,0,0,0,0,0,0,0,6,-15,7,-15,8,-15,9,-15,9,-15,10,-15,11,-15,12,-14,12,-13,12,-13,12,-13,11,-12,11,-13,10,-13,10,-13,9,-14,9,-14,8,-14,7,-15,6,-14,6,-15,5,-15,5,-15,5,-15,5,-16,4,-17,4,-18,3,-18,0,0,4,-19,4,-18,3,-18,2,-18,2,-18,2,-18,2,-17,1,-16,1,-15,0,-15,-1,-15,-2,-16,-3,-16,-3,-16,-3,-16,-4,-16,-4,-15,-3,-15,-3,-15,-3,-15,-2,-14,-2,-14,-2,-14,-2,-13,-1,-12,-1,-12,0,-11,0,-11,0,0,0,0,0,0]"
CSI_DATA,3721322,1a:00:00:00:00:00,-70,11,-94,4,53,6,3721322,47,0,128,0,"[0,0,0,0,0,0,0,0,-16,5,-16,4,-16,4,-18,4,-18,3,-19,3,-19,2,-19,1,-18,1,-17,0,-17,0,-17,1,-17,2,-17,2,-17,3,-16,4,-16,4,-15,5,-15,5,-14,6,-14,7,-14,7,-14,8,-14,10,-14,11,-13,12,-13,12,-13,12,0,0,-13,13,-13,13,-13,13,-13,14,-12,13,-12,13,-11,14,-10,15,-8,15,-7,16,-6,16,-6,16,-5,15,-5,14,-4,15,-4,16,-4,15,-4,15,-4,14,-5,14,-5,13,-5,14,-5,13,-5,13,-4,11,-4,11,-4,10,-4,9,0,0,0,0,0,0]"
CSI_DATA,3727324,1a:00:00:00:00:00,-70,11,-94,4,53,6,3727324,47,0,128,0,"[0,0,0,0,0,0,0,0,-13,11,-13,11,-13,11,-15,10,-16,10,-16,10,-17,9,-16,8,-16,8,-16,6,-16,6,-16,5,-16,5,-16,5,-16,6,-15,8,-15,8,-14,8,-14,8,-13,9,-13,9,-12,10,-12,11,-12,11,-12,12,-12,12,-12,12,-12,13,0,0,-13,15,-13,14,-13,13,-13,12,-12,12,-12,12,-12,13,-12,14,-12,15,-11,15,-10,15,-9,15,-8,14,-7,13,-8,13,-8,14,-8,14,-7,14,-7,13,-7,13,-7,13,-8,12,-8,11,-8,10,-8,9,-8,8,-9,7,-9,7,0,0,0,0,0,0]"
CSI_DATA,3737322,1a:00:00:00:00:00,-70,11,-94,4,53,6,3737322,47,0,128,0,"[0,0,0,0,0,0,0,0,8,-14,9,-13,11,-13,13,-13,14,-12,15,-12,15,-11,15,-10,15,-9,15,-8,15,-9,15,-8,15,-8,14,-8,13,-8,13,-8,13,-9,13,-9,13,-10,13,-10,13,-10,12,-10,12,-11,12,-11,12,-12,12,-12,13,-13,13,-13,0,0,15,-14,14,-14,14,-14,13,-13,13,-13,13,-13,13,-12,13,-12,13,-12,13,-12,12,-13,11,-13,10,-13,9,-13,9,-12,9,-12,9,-12,9,-12,10,-12,10,-12,10,-11,10,-10,10,-9,9,-9,9,-8,9,-7,9,-6,9,-6,0,0,0,0,0,0]"
CSI_DATA,3741322,1a:00:00:00:00:00,-70,11,-94,4,53,6,3741322,47,0,128,0,"[0,0,0,0,0,0,0,0,-17,-2,-16,-3,-16,-3,-16,-4,-17,-5,-18,-7,-18,-7,-17,-8,-17,-8,-16,-7,-15,-8,-15,-7,-15,-8,-14,-8,-15,-7,-15,-6,-15,-5,-15,-5,-15,-4,-15,-3,-14,-3,-14,-2,-15,-1,-17,-1,-17,-1,-18,-1,-19,0,-19,0,0,0,-20,-1,-19,-1,-19,-1,-18,-1,-18,-1,-17,-1,-17,0,-16,1,-15,1,-15,2,-15,2,-15,3,-15,3,-15,3,-15,3,-15,3,-15,3,-15,3,-14,3,-14,2,-14,2,-14,2,-14,2,-14,1,-13,1,-13,0,-11,-1,-11,-2,0,0,0,0,0,0]"
CSI_DATA,3743322,1a:00:00:00:00:00,-70,11,-94,4,53,6,3743322,47,0,128,0,"[0,0,0,0,0,0,0,0,-3,-16,-1,-16,0,-16,2,-17,3,-17,4,-18,5,-18,6,-18,6,-17,7,-16,7,-16,8,-15,9,-15,9,-15,9,-15,8,-15,8,-14,7,-14,7,-14,7,-14,7,-15,6,-15,6,-16,6,-16,7,-16,7,-16,8,-16,9,-16,0,0,9,-17,9,-17,9,-17,9,-16,9,-16,8,-16,8,-15,8,-14,9,-14,9,-14,9,-15,9,-15,8,-15,8,-14,8,-13,8,-13,8,-13,8,-13,8,-13,8,-13,8,-13,9,-12,10,-11,10,-10,10,-8,10,-7,10,-5,10,-4,0,0,0,0,0,0]"
CSI_DATA,3747322,1a:00:00:00:00:00,-70,11,-94,4,53,6,3747322,47,0,128,0,"[0,0,0,0,0,0,0,0,-9,14,-10,13,-12,13,-13,12,-15,11,-16,11,-16,9,-16,9,-16,9,-15,8,-15,7,-15,6,-15,5,-15,5,-15,5,-16,6,-15,6,-15,7,-14,7,-14,7,-13,8,-13,8,-13,9,-14,10,-14,10,-15,10,-15,10,-16,9,0,0,-17,11,-17,10,-16,9,-16,9,-15,8,-15,9,-14,9,-13,9,-12,9,-12,9,-12,9,-13,9,-14,9,-14,9,-13,9,-13,9,-13,9,-13,8,-14,8,-14,8,-13,7,-13,6,-13,5,-12,4,-12,2,-12,2,-11,2,-11,2,0,0,0,0,0,0]"
CSI_DATA,3755322,1a:00:00:00:00:00,-70,11,-94,4,53,6,3755322,47,0,128,0,"[0,0,0,0,0,0,0,0,-13,-10,-12,-11,-12,-13,-12,-14,-12,-15,-11,-15,-11,-15,-9,-15,-8,-15,-7,-15,-7,-15,-7,-15,-7,-15,-7,-15,-8,-14,-8,-14,-9,-13,-9,-13,-10,-13,-10,-13,-11,-12,-10,-12,-11,-12,-11,-13,-12,-12,-13,-13,-13,-13,-13,-14,0,0,-14,-14,-14,-14,-15,-13,-15,-12,-14,-13,-14,-12,-12,-11,-12,-10,-11,-10,-12,-10,-13,-10,-14,-9,-14,-9,-14,-8,-13,-7,-14,-6,-13,-6,-13,-7,-13,-7,-13,-7,-12,-7,-12,-7,-12,-8,-11,-8,-10,-8,-9,-8,-8,-8,-7,-7,0,0,0,0,0,0]"
CSI_DATA,3761322,1a:00:00:00:00:00,-70,11,-94,4,53,6,3761322,47,0,128,0,"[0,0,0,0,0,0,0,0,-15,-2,-15,-2,-17,-3,-17,-4,-18,-5,-18,-6,-17,-7,-16,-8,-15,-9,-14,-9,-14,-10,-13,-10,-13,-10,-13,-10,-13,-10,-14,-9,-13,-9,-14,-8,-14,-8,-14,-8,-14,-8,-15,-8,-15,-8,-16,-8,-16,-8,-16,-8,-16,-8,-15,-8,0,0,-16,-9,-17,-8,-18,-8,-17,-8,-17,-8,-16,-8,-15,-8,-14,-8,-13,-8,-13,-8,-13,-8,-13,-7,-14,-8,-15,-8,-15,-7,-14,-7,-14,-6,-13,-7,-13,-7,-13,-7,-12,-8,-11,-9,-10,-9,-10,-9,-9,-10,-8,-10,-6,-9,-5,-9,0,0,0,0,0,0]"
CSI_DATA,3765322,1a:00:00:00:00:00,-70,11,-94,4,53,6,3765322,47,0,128,0,"[0,0,0,0,0,0,0,0,12,10,12,11,13,13,12,14,12,15,11,15,9,16,8,16,7,16,7,16,6,16,6,17,6,17,6,16,6,15,7,15,7,14,8,13,8,13,8,13,8,13,8,14,9,13,10,14,11,13,12,13,12,14,11,14,0,0,11,15,11,15,11,15,11,15,10,15,9,15,10,14,11,13,11,12,12,11,12,10,12,10,11,11,11,12,11,12,12,12,11,12,12,12,11,12,10,12,10,12,9,11,8,12,7,11,6,11,5,11,4,10,4,10,0,0,0,0,0,0]"
CSI_DATA,3771322,1a:00:00:00:00:00,-70,11,-94,4,53,6,3771322,47,0,128,0,"[0,0,0,0,0,0,0,0,17,-2,17,-1,18,0,18,1,18,2,18,4,17,6,16,7,15,8,14,9,14,9,14,9,14,9,15,9,15,9,15,9,14,8,14,8,14,7,14,7,15,8,15,8,16,8,16,8,16,8,15,9,15,9,15,9,0,0,17,9,17,10,16,11,16,11,15,11,15,12,14,10,15,9,15,8,14,8,14,8,14,8,13,9,13,10,13,10,13,10,13,10,13,10,11,10,11,11,10,11,9,11,8,11,8,11,6,10,5,10,4,11,4,11,0,0,0,0,0,0]"
CSI_DATA,3773322,1a:00:00:00:00:00,-70,11,-94,4,53,6,3773322,47,0,128,0,"[0,0,0,0,0,0,0,0,-13,10,-14,9,-14,9,-15,8,-16,7,-16,7,-16,5,-17,5,-17,5,-17,4,-16,4,-16,4,-16,5,-15,5,-15,6,-15,6,-16,7,-15,7,-15,7,-14,7,-14,8,-13,8,-13,9,-13,10,-13,11,-14,12,-14,12,-14,12,0,0,-15,13,-15,13,-14,13,-14,13,-14,13,-13,14,-13,13,-11,12,-10,13,-10,12,-10,12,-10,13,-10,13,-9,15,-8,15,-7,15,-7,15,-7,14,-8,14,-8,14,-7,13,-7,12,-8,12,-9,11,-9,10,-9,9,-8,8,-7,8,0,0,0,0,0,0]"
CSI_DATA,3775322,1a:00:00:00:00:00,-71,11,-94,4,53,6,3775322,47,0,128,0,"[0,0,0,0,0,0,0,0,-14,-9,-14,-10,-14,-11,-13,-12,-13,-13,-13,-14,-12,-15,-11,-15,-9,-16,-8,-16,-7,-16,-6,-15,-6,-14,-6,-14,-6,-14,-6,-14,-7,-14,-7,-13,-7,-14,-8,-14,-8,-14,-8,-14,-9,-15,-8,-14,-8,-14,-9,-14,-10,-15,-11,-15,0,0,-10,-17,-10,-16,-10,-16,-9,-15,-10,-14,-8,-14,-8,-15,-8,-16,-8,-17,-8,-17,-9,-16,-9,-15,-10,-14,-10,-13,-9,-13,-10,-13,-8,-13,-8,-13,-7,-13,-6,-13,-5,-14,-5,-14,-4,-14,-3,-14,-2,-13,-1,-12,-1,-11,0,-10,0,0,0,0,0,0]"
CSI_DATA,3781322,1a:00:00:00:00:00,-70,11,-94,4,53,6,3781322,47,0,128,0,"[0,0,0,0,0,0,0,0,-8,-15,-7,-15,-6,-16,-6,-17,-6,-17,-5,-19,-5,-19,-4,-19,-3,-18,-3,-17,-2,-16,-2,-16,-3,-15,-4,-16,-5,-16,-6,-15,-7,-15,-8,-15,-9,-14,-9,-13,-10,-13,-10,-12,-10,-12,-11,-12,-12,-12,-13,-12,-14,-12,-14,-11,0,0,-16,-11,-16,-10,-16,-9,-16,-9,-15,-8,-15,-8,-15,-9,-16,-9,-17,-8,-17,-7,-17,-5,-17,-4,-17,-3,-16,-2,-15,-2,-16,-1,-15,-1,-15,-1,-15,-1,-15,-1,-15,-1,-14,-1,-14,-2,-13,-1,-12,-2,-11,-2,-10,-2,-10,-2,0,0,0,0,0,0]"
CSI_DATA,3785322,1a:00:00:00:00:00,-70,11,-94,4,53,6,3785322,47,0,128,0,"[0,0,0,0,0,0,0,0,14,7,14,8,14,10,13,12,12,13,12,14,11,15,10,15,9,16,8,16,6,16,5,16,5,16,5,16,5,15,6,15,6,15,7,14,7,14,7,14,7,14,7,14,7,14,7,15,7,16,8,16,7,17,7,17,0,0,8,19,8,19,7,18,6,18,5,17,4,17,3,16,3,15,4,15,5,15,4,15,5,15,3,15,4,15,4,14,4,15,4,15,4,15,2,15,1,16,1,15,0,15,-1,14,-1,13,-2,12,-2,12,-3,11,-4,11,0,0,0,0,0,0]"
CSI_DATA,3791322,1a:00:00:00:00:00,-70,11,-94,4,53,6,3791322,47,0,128,0,"[0,0,0,0,0,0,0,0,9,15,8,14,8,15,8,16,7,16,7,17,6,17,5,17,5,17,4,17,4,16,4,16,4,16,5,16,5,15,6,15,7,15,7,14,8,14,8,13,9,13,10,13,11,12,11,12,12,12,13,12,13,13,13,13,0,0,14,13,15,12,15,12,16,11,16,11,15,11,14,9,14,8,14,7,14,6,14,6,14,5,14,6,14,7,15,6,15,6,15,5,15,5,14,5,14,5,14,5,13,5,13,5,13,5,11,5,11,6,10,6,9,6,0,0,0,0,0,0]"
CSI_DATA,3793322,1a:00:00:00:00:00,-70,11,-94,4,53,6,3793322,47,0,128,0,"[0,0,0,0,0,0,0,0,-11,12,-11,12,-12,12,-13,12,-14,11,-15,11,-15,10,-16,9,-15,8,-15,7,-15,6,-15,6,-15,6,-15,6,-15,6,-15,7,-13,7,-13,7,-12,7,-12,7,-13,7,-14,8,-14,8,-14,9,-14,10,-14,11,-15,11,-15,11,0,0,-17,11,-16,11,-16,11,-15,11,-14,11,-14,10,-14,9,-15,9,-15,9,-15,9,-14,9,-13,10,-13,10,-12,10,-12,10,-12,11,-12,10,-13,10,-13,9,-13,9,-13,8,-13,7,-13,6,-12,6,-12,5,-11,4,-10,3,-9,3,0,0,0,0,0,0]"
CSI_DATA,3797322,1a:00:00:00:00:00,-70,11,-94,4,53,6,3797322,47,0,128,0,"[0,0,0,0,0,0,0,0,16,1,16,2,17,2,17,3,18,4,18,4,18,5,18,6,17,6,16,7,16,7,15,7,15,7,14,6,14,6,15,6,15,5,15,5,16,4,16,4,16,4,16,4,16,4,16,4,16,3,17,3,18,2,18,2,0,0,19,3,19,3,19,2,19,2,18,2,18,3,17,2,16,1,16,0,15,0,16,-1,16,-1,16,-1,16,-1,16,-2,16,-2,15,-2,16,-1,16,-1,15,0,15,1,15,1,14,1,13,2,12,3,11,3,10,4,10,4,0,0,0,0,0,0]"
CSI_DATA,3801322,1a:00:00:00:00:00,-70,11,-94,4,53,6,3801322,47,0,128,0,"[0,0,0,0,0,0,0,0,-9,-14,-8,-14,-8,-15,-8,-16,-8,-17,-7,-17,-6,-17,-6,-17,-5,-17,-4,-17,-4,-16,-4,-16,-4,-16,-3,-15,-4,-16,-5,-15,-5,-15,-6,-14,-7,-14,-7,-14,-8,-14,-7,-13,-8,-14,-8,-14,-9,-14,-10,-14,-11,-14,-12,-15,0,0,-13,-15,-13,-14,-12,-14,-12,-14,-11,-13,-10,-13,-11,-13,-13,-13,-13,-12,-14,-11,-14,-11,-14,-10,-13,-9,-13,-9,-14,-9,-14,-9,-14,-9,-13,-9,-12,-10,-11,-10,-10,-9,-10,-9,-10,-9,-9,-9,-9,-9,-8,-9,-7,-9,-6,-9,0,0,0,0,0,0]"
CSI_DATA,3813322,1a:00:00:00:00:00,-70,11,-94,4,53,6,3813322,47,0,128,0,"[0,0,0,0,0,0,0,0,-15,-6,-14,-6,-15,-6,-15,-7,-15,-7,-16,-8,-16,-9,-16,-10,-16,-10,-15,-10,-15,-10,-15,-10,-14,-9,-14,-8,-14,-6,-14,-5,-14,-4,-14,-4,-14,-3,-15,-2,-15,-2,-16,-1,-17,0,-17,1,-18,2,-18,3,-18,4,-17,4,0,0,-19,6,-18,6,-18,6,-18,6,-18,6,-17,6,-16,7,-16,9,-15,11,-14,11,-13,12,-13,12,-11,11,-10,11,-9,12,-9,12,-9,13,-10,13,-10,12,-11,12,-10,11,-10,11,-9,10,-8,9,-8,9,-8,8,-7,7,-7,6,0,0,0,0,0,0]"
CSI_DATA,3815322,1a:00:00:00:00:00,-70,11,-94,4,53,6,3815322,47,0,128,0,"[0,0,0,0,0,0,0,0,0,-17,1,-17,1,-17,2,-17,4,-18,4,-18,5,-18,6,-17,6,-17,7,-16,7,-16,7,-16,7,-15,6,-16,5,-15,4,-16,4,-15,4,-16,4,-16,3,-17,3,-16,1,-16,2,-16,1,-16,1,-17,0,-17,0,-17,-1,-18,0,0,-2,-18,-2,-19,-1,-19,0,-19,0,-18,0,-17,-1,-18,-2,-17,-3,-17,-4,-17,-5,-17,-5,-16,-5,-15,-4,-14,-4,-15,-4,-16,-5,-16,-5,-16,-4,-15,-4,-14,-4,-13,-3,-13,-2,-13,-1,-13,-1,-12,0,-11,1,-11,1,-10,0,0,0,0,0,0]"
CSI_DATA,3821322,1a:00:00:00:00:00,-70,11,-94,4,53,6,3821322,47,0,128,0,"[0,0,0,0,0,0,0,0,-11,-12,-11,-12,-10,-13,-10,-14,-9,-15,-9,-16,-7,-17,-6,-17,-5,-17,-5,-17,-4,-17,-4,-17,-4,-16,-4,-16,-4,-16,-4,-15,-5,-14,-6,-14,-6,-14,-6,-14,-5,-14,-5,-15,-5,-15,-6,-15,-7,-16,-7,-17,-8,-18,-8,-18,0,0,-8,-18,-7,-18,-7,-18,-7,-17,-6,-17,-6,-17,-6,-16,-7,-15,-7,-14,-7,-13,-7,-13,-7,-14,-6,-14,-6,-14,-6,-14,-7,-13,-6,-13,-6,-14,-5,-13,-5,-14,-4,-14,-3,-14,-3,-14,-2,-13,-1,-13,0,-12,0,-11,1,-10,0,0,0,0,0,0]"
CSI_DATA,3828943,1a:00:00:00:00:00,-70,11,-94,4,53,6,3828943,47,0,128,0,"[0,0,0,0,0,0,0,0,16,-1,16,-1,17,0,17,0,18,0,19,1,18,2,18,3,17,4,17,4,16,4,16,4,16,3,16,4,16,3,16,3,16,2,15,0,15,-1,15,-1,15,-2,16,-2,17,-2,17,-2,18,-3,18,-3,19,-4,20,-4,0,0,20,-5,19,-6,18,-5,18,-5,17,-5,16,-4,17,-4,17,-5,17,-6,17,-7,16,-8,15,-9,14,-9,13,-8,13,-8,13,-9,13,-8,13,-7,12,-7,12,-6,13,-6,13,-6,13,-6,13,-5,12,-4,12,-3,11,-3,11,-2,0,0,0,0,0,0]"
CSI_DATA,3831322,1a:00:00:00:00:00,-70,11,-94,4,53,6,3831322,47,0,128,0,"[0,0,0,0,0,0,0,0,10,13,10,14,10,15,9,15,8,16,6,17,4,17,3,17,2,17,1,17,1,17,1,17,1,17,0,17,0,17,1,16,1,16,1,16,1,16,2,16,2,16,2,15,2,16,3,17,2,18,2,18,2,18,2,18,0,0,2,18,1,18,1,19,1,19,1,19,0,18,0,18,0,18,0,19,1,19,2,18,2,18,2,16,1,15,0,15,0,15,-1,15,-1,16,-2,16,-2,16,-2,15,-3,14,-3,13,-3,12,-4,11,-4,11,-5,10,-5,10,0,0,0,0,0,0]"
CSI_DATA,3835322,1a:00:00:00:00:00,-71,11,-94,4,53,6,3835322,47,0,128,0,"[0,0,0,0,0,0,0,0,4,-16,5,-16,6,-16,7,-16,9,-16,11,-15,11,-14,12,-13,12,-12,12,-12,12,-11,12,-11,12,-11,12,-11,11,-11,11,-12,11,-11,10,-12,11,-12,11,-12,11,-12,11,-12,10,-13,10,-14,10,-14,10,-15,11,-15,12,-14,0,0,12,-15,12,-15,12,-14,12,-14,12,-13,12,-13,11,-12,10,-11,10,-12,9,-12,9,-12,9,-12,9,-13,10,-12,9,-12,10,-12,9,-12,10,-12,10,-12,10,-11,10,-10,11,-9,11,-9,11,-8,11,-6,11,-5,10,-4,10,-4,0,0,0,0,0,0]"
CSI_DATA,3841322,1a:00:00:00:00:00,-70,11,-94,4,53,6,3841322,47,0,128,0,"[0,0,0,0,0,0,0,0,9,-12,10,-12,11,-12,12,-12,13,-12,13,-12,14,-11,14,-11,14,-11,14,-11,13,-10,13,-10,12,-11,11,-12,11,-12,10,-13,9,-13,8,-13,8,-12,8,-12,7,-13,5,-13,4,-15,3,-16,3,-16,2,-16,2,-17,2,-17,0,0,2,-19,1,-18,1,-18,0,-17,0,-17,-1,-17,-2,-16,-3,-15,-4,-14,-5,-13,-6,-13,-7,-13,-6,-13,-7,-14,-7,-14,-7,-14,-7,-14,-8,-14,-7,-13,-7,-13,-7,-12,-6,-12,-6,-12,-6,-11,-5,-11,-5,-10,-4,-10,-3,-10,0,0,0,0,0,0]"
CSI_DATA,3845322,1a:00:00:00:00:00,-71,11,-94,4,53,6,3845322,47,0,128,0,"[0,0,0,0,0,0,0,0,1,16,0,16,-2,16,-4,16,-5,16,-7,16,-8,16,-8,16,-8,15,-9,14,-9,14,-10,14,-10,13,-9,13,-9,13,-9,13,-9,13,-9,12,-9,13,-9,13,-10,13,-9,13,-9,14,-9,14,-9,14,-9,15,-10,15,-10,16,0,0,-11,15,-11,15,-12,14,-12,14,-11,13,-11,12,-11,13,-11,14,-11,15,-10,15,-9,15,-10,14,-9,12,-9,11,-9,12,-9,12,-10,12,-10,12,-10,12,-11,11,-11,10,-11,8,-12,7,-11,6,-11,5,-11,4,-10,3,-10,2,0,0,0,0,0,0]"
CSI_DATA,3851322,1a:00:00:00:00:00,-71,11,-94,4,53,6,3851322,47,0,128,0,"[0,0,0,0,0,0,0,0,-5,14,-6,14,-7,15,-8,15,-9,14,-9,14,-10,13,-10,14,-10,14,-10,14,-10,14,-10,14,-9,14,-9,13,-8,13,-7,13,-7,14,-6,14,-6,15,-5,15,-4,14,-4,15,-3,15,-2,16,-2,17,-1,17,0,18,0,17,0,0,0,21,0,20,-1,19,-1,18,0,17,0,17,1,17,2,17,4,17,6,17,7,16,7,16,6,14,5,14,6,15,5,15,5,15,6,15,7,14,7,14,6,13,6,13,5,13,4,12,4,12,3,11,2,10,2,10,0,0,0,0,0,0]"
CSI_DATA,3853322,1a:00:00:00:00:00,-71,11,-94,4,53,6,3853322,47,0,128,0,"[0,0,0,0,0,0,0,0,-17,-3,-16,-5,-15,-6,-15,-8,-14,-10,-14,-10,-13,-10,-13,-10,-13,-10,-12,-11,-12,-11,-12,-12,-12,-12,-11,-12,-12,-12,-12,-11,-12,-11,-12,-10,-12,-10,-12,-9,-12,-10,-13,-10,-14,-9,-15,-9,-15,-9,-15,-8,-15,-8,-16,-8,0,0,-17,-9,-16,-9,-17,-10,-16,-9,-16,-9,-15,-8,-15,-7,-13,-6,-13,-6,-13,-6,-14,-6,-14,-7,-14,-7,-14,-7,-14,-6,-14,-6,-14,-6,-14,-7,-13,-8,-13,-7,-12,-7,-12,-7,-12,-7,-11,-7,-10,-8,-9,-8,-8,-8,-7,-8,0,0,0,0,0,0]"
CSI_DATA,3855322,1a:00:00:00:00:00,-71,11,-94,4,53,6,3855322,47,0,128,0,"[0,0,0,0,0,0,0,0,17,-2,17,-1,17,-1,18,0,18,1,18,1,17,1,17,2,16,3,16,3,16,3,16,2,16,1,16,1,16,0,16,-1,15,-1,14,-2,14,-3,14,-4,14,-5,14,-5,14,-6,15,-7,15,-8,15,-9,15,-10,14,-10,0,0,13,-12,13,-12,13,-12,13,-12,12,-12,12,-11,12,-11,12,-11,12,-12,11,-13,10,-14,9,-15,7,-15,5,-14,5,-14,5,-14,5,-13,5,-14,6,-13,5,-13,5,-12,4,-12,4,-12,4,-12,4,-11,4,-10,5,-9,5,-8,0,0,0,0,0,0]"
CSI_DATA,3867322,1a:00:00:00:00:00,-70,11,-94,4,53,6,3867322,47,0,128,0,"[0,0,0,0,0,0,0,0,-10,-13,-9,-13,-9,-13,-8,-14,-7,-15,-6,-16,-4,-17,-3,-18,-2,-18,-1,-17,-1,-16,-2,-15,-2,-14,-2,-14,-2,-14,-3,-15,-3,-15,-4,-15,-4,-15,-4,-14,-4,-14,-5,-14,-5,-14,-5,-16,-6,-16,-6,-17,-7,-17,-8,-17,0,0,-5,-17,-5,-17,-6,-17,-6,-17,-6,-16,-5,-16,-5,-16,-5,-16,-5,-16,-5,-16,-6,-16,-7,-15,-7,-14,-7,-13,-6,-13,-6,-13,-6,-13,-6,-13,-6,-13,-5,-14,-5,-14,-4,-14,-3,-13,-2,-13,-1,-12,0,-11,0,-10,0,-10,0,0,0,0,0,0]"
CSI_DATA,3871322,1a:00:00:00:00:00,-71,11,-94,4,53,6,3871322,47,0,128,0,"[0,0,0,0,0,0,0,0,-3,16,-4,16,-5,16,-5,16,-6,15,-7,16,-8,16,-8,16,-9,15,-9,15,-10,14,-10,13,-10,12,-10,13,-9,13,-8,13,-7,13,-6,13,-6,14,-6,14,-6,14,-6,15,-5,15,-4,16,-4,17,-4,17,-4,17,-5,17,0,0,-3,19,-4,18,-4,18,-5,17,-5,17,-4,17,-3,16,-1,16,-1,16,-1,16,-1,16,-1,16,-1,15,-1,14,-1,15,-1,15,-1,15,-1,16,-1,15,-1,15,-1,14,-2,13,-3,13,-4,12,-4,11,-5,10,-5,9,-5,9,0,0,0,0,0,0]"
CSI_DATA,3875322,1a:00:00:00:00:00,-71,11,-94,4,53,6,3875322,47,0,128,0,"[0,0,0,0,0,0,0,0,14,-8,14,-7,15,-7,16,-6,18,-6,18,-6,18,-5,18,-4,17,-3,16,-3,16,-3,16,-2,16,-2,16,-2,15,-2,15,-3,15,-4,14,-5,15,-5,14,-6,15,-6,14,-7,14,-7,13,-8,14,-9,15,-9,16,-9,17,-9,0,0,15,-12,15,-11,14,-10,15,-9,13,-10,14,-9,14,-10,15,-11,15,-12,15,-12,14,-13,13,-12,11,-12,10,-10,10,-11,9,-12,8,-13,8,-13,8,-13,9,-12,10,-12,10,-11,11,-10,11,-9,11,-8,10,-7,10,-6,10,-6,0,0,0,0,0,0]"
CSI_DATA,3881322,1a:00:00:00:00:00,-70,11,-94,4,53,6,3881322,47,0,128,0,"[0,0,0,0,0,0,0,0,3,-15,4,-15,4,-15,6,-15,7,-15,8,-16,9,-15,10,-15,10,-15,10,-14,11,-13,12,-12,12,-12,11,-12,11,-11,10,-12,9,-12,9,-12,9,-12,8,-13,8,-13,8,-13,8,-13,9,-14,9,-14,9,-15,9,-15,9,-16,0,0,10,-16,10,-16,9,-16,9,-16,8,-15,8,-14,9,-14,9,-14,10,-15,10,-15,9,-16,8,-15,6,-14,6,-13,6,-13,6,-13,6,-13,6,-14,6,-13,7,-12,7,-12,8,-11,9,-10,9,-10,9,-9,9,-8,9,-7,9,-5,0,0,0,0,0,0]"
CSI_DATA,3885322,1a:00:00:00:00:00,-71,11,-94,4,53,6,3885322,47,0,128,0,"[0,0,0,0,0,0,0,0,-13,9,-14,8,-14,8,-15,7,-16,7,-17,6,-16,5,-16,4,-16,3,-17,3,-16,2,-16,2,-16,2,-16,2,-15,3,-15,3,-15,4,-15,5,-15,5,-15,5,-14,6,-14,6,-14,7,-14,7,-15,7,-16,7,-16,7,-16,7,0,0,-17,9,-16,9,-17,8,-16,8,-16,8,-16,8,-15,7,-14,8,-13,8,-12,8,-13,8,-13,9,-13,9,-12,9,-11,9,-11,9,-11,10,-12,9,-12,9,-12,8,-12,7,-11,7,-11,6,-10,6,-10,5,-10,4,-11,3,-11,3,0,0,0,0,0,0]"
CSI_DATA,3895322,1a:00:00:00:00:00,-71,11,-94,4,53,6,3895322,47,0,128,0,"[0,0,0,0,0,0,0,0,14,-9,14,-8,15,-7,16,-6,17,-5,17,-5,17,-4,17,-4,17,-3,17,-1,17,0,17,0,17,1,17,0,16,0,16,-1,15,-2,15,-2,15,-3,15,-3,15,-3,15,-3,15,-3,16,-3,16,-4,17,-4,17,-4,18,-4,0,0,19,-5,18,-4,18,-4,17,-4,17,-3,17,-3,16,-4,16,-4,15,-5,15,-6,15,-6,15,-5,14,-4,14,-4,14,-4,14,-4,15,-4,14,-4,14,-4,14,-3,14,-2,14,-1,14,0,13,1,12,1,11,1,10,1,9,1,0,0,0,0,0,0]"
CSI_DATA,3901322,1a:00:00:00:00:00,-71,11,-94,4,53,6,3901322,47,0,128,0,"[0,0,0,0,0,0,0,0,-4,-15,-3,-16,-2,-17,-1,-18,1,-18,2,-18,3,-17,4,-16,5,-15,7,-15,7,-15,8,-15,8,-14,8,-14,7,-13,7,-13,7,-14,7,-14,7,-14,7,-14,7,-14,7,-14,7,-14,7,-14,7,-15,7,-15,7,-15,7,-15,0,0,10,-17,10,-16,10,-15,10,-15,10,-13,10,-13,10,-13,10,-14,10,-15,9,-15,9,-15,9,-15,8,-13,8,-12,9,-12,9,-13,9,-12,10,-11,10,-11,11,-10,11,-8,11,-8,11,-7,11,-6,11,-5,10,-4,10,-4,10,-3,0,0,0,0,0,0]"
CSI_DATA,3905322,1a:00:00:00:00:00,-71,11,-94,4,53,6,3905322,47,0,128,0,"[0,0,0,0,0,0,0,0,-10,11,-11,10,-12,10,-13,10,-14,9,-15,8,-16,6,-16,5,-17,4,-16,3,-17,3,-16,2,-16,2,-16,2,-16,2,-16,3,-16,3,-15,4,-15,3,-15,3,-15,3,-14,3,-14,4,-15,5,-15,5,-16,5,-16,4,-16,4,0,0,-19,4,-19,4,-18,4,-18,4,-17,4,-16,4,-16,2,-17,1,-17,1,-17,1,-17,2,-17,3,-16,4,-15,5,-14,4,-15,4,-15,3,-16,2,-15,1,-14,1,-14,0,-13,0,-12,-1,-12,-2,-11,-2,-10,-3,-9,-3,-8,-3,0,0,0,0,0,0]"
CSI_DATA,3917323,1a:00:00:00:00:00,-71,11,-94,4,53,6,3917323,47,0,128,0,"[0,0,0,0,0,0,0,0,-2,16,-2,17,-3,17,-4,18,-5,18,-5,18,-7,17,-7,16,-9,15,-9,15,-9,14,-8,14,-8,15,-7,15,-6,15,-6,15,-5,15,-5,15,-4,15,-4,15,-3,15,-3,15,-3,15,-2,17,-2,17,-1,18,-1,19,-2,19,0,0,-1,19,-1,18,-1,18,-1,17,-2,17,-1,17,-2,17,-2,16,-2,17,-1,17,0,16,1,16,1,16,2,15,2,14,3,14,3,14,2,15,2,15,2,15,1,14,1,14,0,13,-1,12,-1,11,-2,11,-2,10,-2,10,0,0,0,0,0,0]"
CSI_DATA,3921323,1a:00:00:00:00:00,-71,11,-94,4,53,6,3921323,47,0,128,0,"[0,0,0,0,0,0,0,0,14,-8,15,-8,15,-8,15,-8,15,-8,16,-7,16,-6,16,-5,17,-5,17,-4,17,-4,16,-4,15,-4,14,-4,14,-5,13,-6,13,-7,13,-7,13,-8,13,-8,13,-8,13,-8,12,-9,12,-10,12,-11,12,-12,12,-12,12,-12,0,0,13,-14,13,-15,13,-15,12,-14,12,-13,12,-13,11,-12,9,-12,8,-13,7,-13,7,-13,6,-13,7,-13,7,-13,6,-13,5,-14,5,-14,5,-14,5,-14,6,-13,6,-13,6,-12,7,-12,7,-12,7,-11,6,-10,6,-8,6,-7,0,0,0,0,0,0]"
CSI_DATA,3927323,1a:00:00:00:00:00,-71,11,-94,4,53,6,3927323,47,0,128,0,"[0,0,0,0,0,0,0,0,3,-15,4,-15,5,-15,6,-16,8,-16,8,-16,9,-15,10,-15,10,-14,11,-13,11,-12,11,-12,11,-12,10,-12,10,-13,10,-13,9,-13,9,-13,8,-13,8,-14,7,-14,7,-14,7,-14,6,-14,6,-15,7,-16,7,-16,8,-17,0,0,7,-18,7,-18,7,-18,7,-18,7,-17,8,-16,8,-15,7,-15,6,-14,5,-14,5,-13,5,-14,5,-13,5,-14,5,-13,4,-14,4,-14,5,-15,5,-14,5,-13,6,-13,6,-13,7,-12,7,-11,7,-11,7,-9,7,-8,6,-7,0,0,0,0,0,0]"
CSI_DATA,3931572,1a:00:00:00:00:00,-70,11,-94,4,53,6,3931572,47,0,128,0,"[0,0,0,0,0,0,0,0,-2,-16,-1,-16,-1,-17,0,-18,1,-18,2,-18,3,-17,4,-17,5,-16,5,-16,6,-16,6,-16,5,-16,4,-16,4,-16,3,-16,2,-16,2,-15,2,-16,2,-16,2,-16,2,-16,2,-17,1,-17,0,-17,-1,-17,-1,-18,-1,-18,0,0,0,-19,0,-19,-1,-18,-1,-18,0,-18,0,-18,0,-17,-1,-17,-2,-15,-2,-15,-2,-14,-3,-14,-2,-15,-3,-16,-3,-15,-4,-15,-4,-15,-3,-16,-2,-16,-1,-16,-1,-15,-1,-14,-1,-14,-1,-13,0,-12,1,-11,1,-11,2,-11,0,0,0,0,0,0]"
CSI_DATA,3931778,1a:00:00:00:00:00,-70,11,-94,4,53,6,3931778,47,0,128,0,"[0,0,0,0,0,0,0,0,-11,11,-12,10,-13,10,-14,9,-15,8,-15,8,-16,7,-16,7,-16,5,-17,4,-17,3,-17,3,-16,4,-16,4,-15,4,-15,5,-14,4,-14,5,-13,6,-13,6,-13,7,-13,7,-14,8,-15,8,-15,9,-16,9,-16,9,-16,9,0,0,-16,10,-16,10,-15,10,-15,10,-15,9,-14,8,-15,8,-15,9,-15,11,-15,11,-13,11,-12,11,-11,10,-11,10,-11,11,-11,12,-11,11,-12,11,-12,9,-12,8,-12,7,-12,7,-12,7,-12,6,-11,6,-10,5,-9,4,-9,3,0,0,0,0,0,0]"
CSI_DATA,3941367,1a:00:00:00:00:00,-71,11,-94,4,53,6,3941367,47,0,128,0,"[0,0,0,0,0,0,0,0,-15,-3,-16,-3,-16,-4,-16,-6,-16,-7,-16,-8,-15,-9,-14,-9,-14,-10,-13,-11,-13,-11,-12,-12,-12,-11,-12,-11,-12,-10,-13,-9,-13,-9,-13,-9,-13,-9,-13,-8,-13,-8,-14,-8,-15,-8,-15,-8,-15,-8,-15,-8,-15,-7,-15,-7,0,0,-17,-8,-16,-9,-17,-9,-17,-9,-17,-9,-16,-8,-15,-8,-14,-8,-13,-7,-12,-7,-13,-7,-13,-6,-14,-6,-14,-6,-14,-6,-14,-6,-14,-5,-14,-6,-14,-6,-13,-6,-13,-6,-12,-7,-11,-7,-10,-8,-9,-8,-8,-8,-8,-8,-7,-8,0,0,0,0,0,0]"
CSI_DATA,3945323,1a:00:00:00:00:00,-70,11,-94,4,53,6,3945323,47,0,128,0,"[0,0,0,0,0,0,0,0,-15,-4,-15,-5,-15,-6,-16,-7,-15,-8,-15,-9,-14,-11,-14,-11,-13,-12,-13,-12,-12,-11,-13,-11,-12,-10,-13,-10,-13,-10,-13,-9,-13,-8,-13,-7,-13,-7,-13,-7,-14,-7,-14,-8,-14,-7,-15,-7,-16,-7,-17,-6,-17,-6,-17,-6,0,0,-18,-6,-18,-6,-17,-6,-17,-6,-17,-6,-16,-6,-16,-5,-16,-4,-16,-3,-16,-2,-15,-2,-16,-2,-15,-2,-15,-2,-15,-2,-15,-1,-15,-1,-15,-1,-15,-2,-15,-2,-14,-3,-14,-3,-13,-3,-12,-4,-11,-4,-10,-5,-9,-5,-9,-5,0,0,0,0,0,0]"
CSI_DATA,3947323,1a:00:00:00:00:00,-71,11,-94,4,53,6,3947323,47,0,128,0,"[0,0,0,0,0,0,0,0,4,-16,4,-15,5,-15,6,-15,8,-15,10,-15,11,-14,12,-14,13,-13,13,-12,13,-11,13,-11,12,-10,12,-10,11,-10,11,-11,12,-11,11,-11,11,-11,11,-11,11,-10,12,-10,12,-11,12,-11,13,-12,13,-12,13,-12,13,-12,0,0,15,-12,15,-11,15,-11,15,-11,15,-10,15,-10,15,-9,13,-8,12,-8,12,-8,13,-8,13,-8,13,-9,13,-9,12,-9,12,-9,12,-8,12,-7,13,-7,13,-6,13,-5,13,-5,13,-4,12,-3,12,-2,11,-1,11,0,10,1,0,0,0,0,0,0]"
CSI_DATA,3949323,1a:00:00:00:00:00,-70,11,-94,4,53,6,3949323,47,0,128,0,"[0,0,0,0,0,0,0,0,5,15,4,15,4,16,4,16,4,16,3,17,2,17,1,18,0,18,0,17,0,17,0,16,1,16,1,16,1,16,2,16,3,16,3,16,4,16,4,15,4,15,5,15,6,15,6,15,6,16,7,16,8,17,8,17,0,0,9,17,9,16,9,16,8,15,9,15,9,15,8,15,9,16,10,15,11,15,12,14,12,12,12,12,12,10,11,10,12,11,11,11,11,11,10,11,9,11,9,11,8,10,8,10,8,10,7,9,6,9,6,10,5,9,0,0,0,0,0,0]"
CSI_DATA,3951323,1a:00:00:00:00:00,-70,11,-94,4,53,6,3951323,47,0,128,0,"[0,0,0,0,0,0,0,0,-14,11,-15,9,-15,8,-16,6,-17,5,-17,4,-17,3,-17,2,-16,1,-16,0,-17,0,-17,-1,-18,-1,-17,-1,-17,-1,-16,0,-16,1,-15,1,-14,2,-14,2,-15,2,-15,2,-16,2,-17,3,-17,3,-17,3,-17,4,-17,4,0,0,-19,3,-19,2,-19,2,-19,2,-18,0,-17,0,-17,1,-17,2,-17,3,-17,4,-16,4,-16,4,-15,3,-15,2,-15,3,-15,3,-15,2,-16,2,-15,1,-15,0,-15,-1,-14,-1,-14,-2,-13,-2,-12,-3,-10,-4,-9,-4,-9,-4,0,0,0,0,0,0]"
CSI_DATA,3955323,1a:00:00:00:00:00,-70,11,-94,4,53,6,3955323,47,0,128,0,"[0,0,0,0,0,0,0,0,15,3,15,4,15,5,15,7,15,8,15,9,15,10,14,11,13,12,12,12,12,12,12,12,11,11,11,11,12,11,12,11,12,10,12,10,12,9,13,9,13,9,13,9,13,8,14,9,14,9,14,9,15,9,15,9,0,0,16,9,16,9,16,9,16,10,15,9,14,10,14,10,15,11,15,10,16,9,16,8,16,7,15,6,14,6,14,6,15,7,14,7,14,7,13,7,13,8,13,8,12,8,11,9,10,9,9,9,8,8,6,8,6,9,0,0,0,0,0,0]"
CSI_DATA,3965323,1a:00:00:00:00:00,-70,11,-94,4,53,6,3965323,47,0,128,0,"[0,0,0,0,0,0,0,0,-15,-1,-16,-2,-17,-3,-17,-5,-17,-6,-17,-7,-16,-8,-14,-9,-13,-9,-12,-10,-12,-10,-12,-10,-12,-10,-13,-10,-13,-10,-13,-10,-12,-10,-12,-10,-12,-9,-12,-9,-12,-8,-13,-8,-14,-8,-15,-8,-16,-8,-16,-8,-15,-8,-13,-8,0,0,-15,-10,-15,-10,-15,-10,-14,-9,-14,-10,-13,-10,-12,-10,-12,-10,-12,-10,-12,-9,-13,-8,-13,-8,-13,-8,-13,-8,-13,-9,-12,-9,-12,-9,-12,-9,-11,-10,-11,-10,-10,-10,-10,-10,-9,-11,-8,-11,-7,-11,-6,-10,-5,-10,-4,-10,0,0,0,0,0,0]"
CSI_DATA,3971323,1a:00:00:00:00:00,-70,11,-94,4,53,6,3971323,47,0,128,0,"[0,0,0,0,0,0,0,0,-15,-9,-14,-9,-14,-9,-14,-11,-13,-11,-13,-12,-13,-13,-12,-13,-12,-12,-11,-12,-11,-12,-12,-11,-12,-10,-12,-9,-13,-9,-13,-8,-13,-8,-13,-7,-13,-7,-14,-6,-14,-6,-14,-6,-15,-5,-16,-4,-17,-3,-18,-1,-18,0,-18,0,0,0,-19,-1,-18,-1,-18,-1,-18,0,-18,0,-18,0,-17,1,-16,3,-15,4,-14,5,-14,6,-14,6,-14,6,-14,5,-14,6,-14,7,-13,7,-13,7,-13,7,-13,7,-13,7,-13,7,-12,6,-12,5,-11,4,-11,4,-10,3,-11,3,0,0,0,0,0,0]"
CSI_DATA,3973323,1a:00:00:00:00:00,-70,11,-94,4,53,6,3973323,47,0,128,0,"[0,0,0,0,0,0,0,0,8,-14,8,-14,9,-14,10,-13,12,-12,13,-12,14,-11,14,-11,14,-11,14,-11,13,-11,13,-10,13,-10,13,-10,13,-10,12,-10,11,-10,12,-11,11,-11,11,-12,11,-13,10,-13,10,-13,10,-14,9,-14,10,-15,10,-15,11,-16,0,0,12,-17,11,-16,11,-16,10,-15,10,-15,10,-14,9,-13,9,-12,9,-12,9,-12,9,-13,8,-14,7,-14,7,-14,7,-13,7,-13,6,-13,6,-14,6,-13,6,-13,7,-12,7,-12,7,-11,7,-11,7,-10,7,-9,8,-7,8,-7,0,0,0,0,0,0]"
CSI_DATA,3975323,1a:00:00:00:00:00,-70,11,-94,4,53,6,3975323,47,0,128,0,"[0,0,0,0,0,0,0,0,15,-3,15,-1,16,1,17,3,17,5,17,6,17,7,16,8,15,8,13,8,13,9,12,10,13,10,13,10,14,10,13,10,13,9,13,8,13,8,13,8,13,8,13,9,14,10,14,11,15,11,15,10,15,10,15,10,0,0,16,13,15,13,15,12,14,12,13,11,12,11,12,11,13,12,13,12,14,13,14,12,13,12,11,11,11,10,11,11,11,11,10,11,10,12,9,12,9,13,8,13,7,13,6,13,5,12,4,11,3,11,1,11,1,11,0,0,0,0,0,0]"
CSI_DATA,3981323,1a:00:00:00:00:00,-70,11,-94,4,53,6,3981323,47,0,128,0,"[0,0,0,0,0,0,0,0,15,7,15,7,14,8,14,9,14,9,15,10,13,11,13,11,12,11,12,11,12,12,12,11,13,11,13,10,13,10,13,8,13,8,13,7,14,6,14,5,14,5,15,5,15,5,17,5,17,4,18,4,18,3,19,3,0,0,20,2,19,3,20,3,19,3,18,2,17,2,17,1,18,0,19,-1,18,-1,18,-2,17,-2,16,-3,14,-2,15,-3,16,-3,16,-3,16,-3,16,-3,16,-3,15,-3,14,-2,14,-1,13,-1,13,-1,12,0,11,1,10,1,0,0,0,0,0,0]"
CSI_DATA,3995323,1a:00:00:00:00:00,-70,11,-94,4,53,6,3995323,47,0,128,0,"[0,0,0,0,0,0,0,0,7,14,6,14,6,15,5,16,5,17,5,18,4,18,4,17,3,17,2,16,2,16,2,16,3,16,4,17,4,16,5,16,5,15,5,15,6,14,7,13,7,13,9,13,10,13,11,14,11,14,12,15,11,15,11,16,0,0,13,14,13,14,14,14,14,14,13,13,12,13,12,11,13,10,14,9,14,8,14,8,14,8,14,8,13,8,14,7,14,7,13,7,14,7,14,7,14,7,14,7,13,7,12,7,11,8,10,8,9,8,8,8,8,8,0,0,0,0,0,0]"
CSI_DATA,3999323,1a:00:00:00:00:00,-70,11,-94,4,53,6,3999323,47,0,128,0,"[0,0,0,0,0,0,0,0,6,-14,7,-14,8,-14,9,-15,10,-15,10,-15,11,-14,11,-13,12,-13,12,-13,12,-13,11,-13,10,-13,9,-13,8,-13,8,-13,7,-14,7,-14,6,-14,5,-15,4,-15,3,-15,2,-16,2,-17,1,-17,2,-18,2,-18,3,-18,0,0,1,-20,1,-19,1,-19,0,-18,-1,-17,-2,-16,-2,-16,-2,-17,-2,-18,-2,-18,-3,-18,-4,-17,-6,-16,-6,-15,-6,-15,-7,-14,-7,-14,-7,-13,-7,-13,-6,-13,-6,-13,-6,-13,-6,-13,-5,-12,-4,-12,-4,-11,-3,-10,-2,-10,0,0,0,0,0,0]"
CSI_DATA,4001323,1a:00:00:00:00:00,-70,11,-94,4,53,6,4001323,47,0,128,0,"[0,0,0,0,0,0,0,0,15,4,15,5,15,7,15,8,15,9,15,9,14,10,13,10,12,11,12,11,12,12,11,11,12,11,12,11,12,10,13,10,13,9,13,9,13,9,13,8,13,9,13,8,14,8,15,8,16,8,16,8,16,8,16,8,0,0,17,7,17,8,16,8,16,8,15,8,14,8,15,7,15,6,15,6,15,5,15,4,15,5,14,5,14,5,14,4,15,4,14,4,14,4,14,5,14,6,13,6,13,6,12,7,11,7,10,7,9,7,8,7,8,7,0,0,0,0,0,0]"
CSI_DATA,4005323,1a:00:00:00:00:00,-70,11,-94,4,53,6,4005323,47,0,128,0,"[0,0,0,0,0,0,0,0,-5,-16,-4,-16,-4,-16,-3,-16,-2,-17,-1,-18,0,-18,1,-18,1,-18,1,-17,2,-17,2,-17,2,-17,2,-17,1,-16,0,-16,0,-16,-1,-16,-1,-16,-2,-16,-3,-16,-3,-16,-4,-16,-4,-17,-5,-17,-4,-17,-5,-18,-4,-18,0,0,-8,-18,-7,-18,-7,-18,-6,-17,-7,-16,-7,-15,-6,-15,-6,-16,-6,-17,-6,-17,-7,-16,-8,-15,-9,-14,-8,-14,-8,-14,-8,-13,-8,-13,-8,-13,-9,-13,-8,-12,-7,-13,-7,-12,-6,-12,-4,-11,-3,-11,-3,-10,-2,-10,-2,-10,0,0,0,0,0,0]"
CSI_DATA,4015326,1a:00:00:00:00:00,-70,11,-94,4,53,6,4015326,47,0,128,0,"[0,0,0,0,0,0,0,0,1,17,0,17,-1,17,-1,17,-3,17,-3,18,-4,17,-5,16,-6,16,-7,16,-8,16,-8,16,-8,15,-7,15,-6,15,-6,15,-5,14,-5,14,-4,15,-3,15,-3,15,-3,15,-2,16,-3,17,-3,17,-4,18,-4,18,-4,18,0,0,-3,20,-3,20,-3,19,-3,18,-3,18,-3,17,-2,16,-2,15,-2,15,-2,15,-2,15,-2,15,-2,16,-2,16,-1,15,-1,15,-1,15,-1,16,-1,15,-1,15,-2,14,-3,13,-3,13,-4,13,-4,12,-4,11,-5,10,-5,9,0,0,0,0,0,0]"
CSI_DATA,4021323,1a:00:00:00:00:00,-70,11,-94,4,53,6,4021323,47,0,128,0,"[0,0,0,0,0,0,0,0,15,4,15,5,16,6,16,8,16,10,15,11,14,13,13,13,11,13,11,13,11,13,11,14,10,14,10,14,10,14,10,13,10,12,10,12,10,12,10,12,10,12,11,12,11,12,12,12,12,12,12,13,11,13,11,13,0,0,12,15,12,15,11,16,11,15,10,15,10,15,10,14,9,14,8,13,8,12,8,13,8,13,8,13,9,14,9,13,8,13,8,13,8,13,7,13,7,13,6,13,5,13,4,13,3,13,2,12,1,12,0,11,-1,10,0,0,0,0,0,0]"
CSI_DATA,4025323,1a:00:00:00:00:00,-70,11,-94,4,53,6,4025323,47,0,128,0,"[0,0,0,0,0,0,0,0,-9,-14,-8,-14,-8,-14,-7,-15,-7,-16,-6,-17,-5,-17,-4,-17,-3,-18,-3,-17,-2,-17,-2,-17,-2,-16,-1,-16,-1,-16,-2,-17,-2,-16,-3,-16,-3,-15,-3,-15,-4,-15,-4,-15,-4,-16,-5,-16,-5,-17,-5,-17,-5,-18,-5,-19,0,0,-4,-20,-4,-19,-3,-18,-3,-18,-3,-17,-3,-17,-3,-17,-4,-18,-4,-18,-4,-19,-4,-18,-4,-17,-5,-16,-4,-14,-4,-14,-3,-14,-3,-14,-3,-15,-2,-14,-2,-14,-1,-14,-1,-14,0,-14,1,-13,2,-12,2,-11,3,-11,3,-10,0,0,0,0,0,0]"
CSI_DATA,4027323,1a:00:00:00:00:00,-70,11,-94,4,53,6,4027323,47,0,128,0,"[0,0,0,0,0,0,0,0,15,6,15,6,15,7,16,8,16,9,16,9,16,10,16,10,15,10,14,9,14,10,13,10,13,10,13,9,14,9,15,8,16,7,15,6,15,5,15,4,15,4,15,4,15,4,16,3,17,2,17,1,18,1,19,0,0,0,20,-1,20,-1,20,-1,19,-2,19,-2,19,-2,18,-3,16,-3,15,-4,14,-4,14,-4,15,-4,15,-4,15,-5,15,-6,14,-7,13,-7,13,-7,13,-7,13,-7,12,-6,13,-6,13,-5,13,-4,13,-3,12,-3,11,-2,10,-2,0,0,0,0,0,0]"
CSI_DATA,4033727,1a:00:00:00:00:00,-70,11,-94,4,53,6,4033727,47,0,128,0,"[0,0,0,0,0,0,0,0,2,15,1,16,1,16,0,17,-1,17,-1,17,-2,16,-3,17,-4,17,-4,16,-5,16,-5,16,-5,15,-4,15,-4,15,-4,15,-3,15,-2,15,-2,16,-1,16,-1,16,0,16,0,15,0,16,0,17,0,18,0,19,-1,19,0,0,0,19,1,19,0,19,1,18,1,19,1,19,0,18,0,17,0,17,0,16,1,17,2,17,2,17,3,17,2,16,3,16,2,15,2,15,2,15,1,15,1,14,0,14,-1,14,-1,13,-2,12,-2,12,-2,11,-3,10,0,0,0,0,0,0]"
CSI_DATA,4033941,1a:00:00:00:00:00,-70,11,-94,4,53,6,4033941,47,0,128,0,"[0,0,0,0,0,0,0,0,17,2,17,2,17,2,17,3,18,4,17,6,16,7,16,7,15,8,14,9,14,9,14,10,13,10,13,9,13,9,14,7,14,7,14,6,15,6,15,6,15,5,15,5,15,5,16,5,17,5,17,5,17,5,17,5,0,0,19,6,18,6,18,5,17,4,17,5,17,5,16,4,15,3,14,4,14,4,14,4,15,3,15,4,16,2,16,2,16,1,15,1,15,2,14,3,14,4,14,4,14,5,14,6,13,6,11,6,10,6,9,7,9,7,0,0,0,0,0,0]"
CSI_DATA,4034147,1a:00:00:00:00:00,-70,11,-94,4,53,6,4034147,47,0,128,0,"[0,0,0,0,0,0,0,0,-5,-15,-5,-15,-4,-16,-3,-17,-2,-17,-1,-18,1,-18,2,-18,3,-17,3,-17,4,-16,4,-16,4,-15,4,-16,4,-16,3,-16,3,-16,3,-16,3,-16,2,-16,1,-16,1,-16,1,-16,0,-17,0,-17,0,-18,1,-18,1,-18,0,0,0,-20,0,-20,1,-19,1,-19,2,-18,2,-17,2,-17,0,-18,-1,-18,-1,-18,-2,-17,-1,-16,-1,-15,-1,-15,-1,-15,-1,-15,-1,-15,-1,-15,0,-15,1,-14,1,-14,1,-14,2,-14,3,-13,3,-12,4,-11,5,-10,4,-9,0,0,0,0,0,0]"
CSI_DATA,4039323,1a:00:00:00:00:00,-70,11,-94,4,53,6,4039323,47,0,128,0,"[0,0,0,0,0,0,0,0,0,-15,1,-16,2,-17,3,-17,4,-18,4,-19,6,-18,7,-18,8,-16,9,-15,10,-14,10,-13,10,-13,9,-14,9,-14,8,-15,7,-14,7,-14,7,-14,7,-14,7,-14,7,-15,7,-16,7,-16,7,-17,7,-17,7,-17,7,-16,0,0,9,-17,8,-17,8,-18,8,-18,8,-17,8,-16,8,-16,7,-16,6,-15,6,-15,5,-15,6,-15,6,-14,6,-14,6,-14,6,-15,6,-15,7,-15,8,-15,8,-14,9,-13,9,-12,10,-12,9,-10,10,-9,10,-7,9,-6,9,-6,0,0,0,0,0,0]"
CSI_DATA,4043323,1a:00:00:00:00:00,-70,11,-94,4,53,6,4043323,47,0,128,0,"[0,0,0,0,0,0,0,0,-13,8,-14,7,-15,8,-16,7,-17,6,-17,5,-17,4,-17,3,-17,2,-16,1,-16,1,-16,1,-16,2,-15,1,-16,2,-16,2,-15,3,-15,3,-15,4,-15,3,-15,4,-16,4,-16,5,-17,5,-18,6,-18,6,-18,6,-18,6,0,0,-20,6,-19,5,-19,5,-18,4,-17,5,-16,4,-16,5,-17,5,-17,6,-17,7,-17,7,-16,6,-15,6,-14,6,-14,6,-14,6,-14,6,-14,6,-14,5,-14,4,-14,3,-13,3,-13,2,-12,2,-11,1,-11,1,-10,0,-10,-1,0,0,0,0,0,0]"
CSI_DATA,4045323,1a:00:00:00:00:00,-70,11,-94,4,53,6,4045323,47,0,128,0,"[0,0,0,0,0,0,0,0,7,-14,7,-14,7,-14,8,-15,8,-15,9,-16,10,-15,10,-15,10,-15,10,-14,10,-14,10,-14,10,-13,10,-14,9,-14,8,-15,6,-15,5,-15,4,-15,3,-15,3,-15,3,-16,2,-17,1,-17,0,-17,-1,-17,-1,-18,-1,-18,0,0,-3,-20,-3,-19,-3,-19,-4,-18,-4,-18,-5,-17,-5,-16,-6,-15,-7,-14,-7,-14,-7,-14,-8,-14,-7,-14,-8,-13,-9,-13,-10,-12,-11,-12,-11,-13,-10,-12,-9,-12,-9,-12,-8,-11,-8,-11,-8,-11,-7,-11,-6,-11,-5,-10,-4,-10,0,0,0,0,0,0]"
CSI_DATA,4049323,1a:00:00:00:00:00,-70,11,-94,4,53,6,4049323,47,0,128,0,"[0,0,0,0,0,0,0,0,3,16,3,16,2,17,0,17,-1,17,-2,18,-3,17,-4,17,-5,16,-5,16,-6,16,-7,16,-8,16,-8,15,-7,15,-6,15,-5,15,-5,14,-5,14,-5,14,-5,15,-6,15,-6,15,-6,15,-7,15,-8,15,-8,16,-9,17,0,0,-9,19,-10,18,-9,17,-10,16,-10,16,-10,14,-11,15,-11,15,-11,16,-11,15,-10,15,-10,15,-8,14,-7,13,-8,13,-8,14,-9,14,-9,14,-10,13,-11,12,-11,11,-11,9,-11,8,-11,7,-11,6,-10,5,-10,4,-10,3,0,0,0,0,0,0]"
CSI_DATA,4053323,1a:00:00:00:00:00,-70,11,-94,4,53,6,4053323,47,0,128,0,"[0,0,0,0,0,0,0,0,12,-10,13,-10,13,-10,14,-9,16,-8,17,-7,17,-6,17,-5,18,-4,17,-3,17,-2,17,-1,17,-1,17,-1,17,-1,17,-1,17,-2,16,-2,16,-2,16,-3,16,-3,16,-3,17,-4,17,-4,18,-4,18,-4,19,-3,19,-3,0,0,20,-2,20,-3,20,-3,19,-3,19,-3,18,-2,17,-1,16,-1,16,-1,17,-1,17,-2,17,-2,17,-3,16,-3,16,-3,16,-3,15,-3,15,-3,15,-2,15,-1,14,0,14,1,14,1,13,3,12,3,11,3,10,4,10,4,0,0,0,0,0,0]"
CSI_DATA,4059323,1a:00:00:00:00:00,-70,11,-94,4,53,6,4059323,47,0,128,0,"[0,0,0,0,0,0,0,0,13,-10,14,-10,15,-9,16,-9,17,-8,18,-8,18,-6,17,-6,17,-6,16,-6,16,-6,16,-6,16,-6,16,-6,15,-6,14,-7,13,-8,13,-9,12,-10,12,-10,12,-11,11,-11,11,-12,11,-13,10,-14,11,-15,10,-15,11,-16,0,0,8,-19,8,-18,8,-18,7,-17,8,-17,8,-16,8,-16,7,-15,6,-15,5,-15,3,-16,3,-16,2,-16,1,-16,0,-16,0,-16,-1,-16,-1,-16,0,-16,0,-16,1,-15,1,-15,1,-15,1,-14,1,-13,2,-12,2,-11,3,-10,0,0,0,0,0,0]"
CSI_DATA,4067323,1a:00:00:00:00:00,-70,11,-94,4,53,6,4067323,47,0,128,0,"[0,0,0,0,0,0,0,0,17,0,17,1,17,1,17,2,17,3,17,5,16,7,17,8,16,9,16,9,16,9,15,9,14,9,14,9,13,9,13,9,13,8,13,8,14,7,14,7,15,7,15,7,15,8,16,8,16,9,17,9,17,9,18,10,0,0,18,8,17,8,17,9,16,9,16,9,14,10,15,11,14,10,15,10,15,10,15,10,15,9,15,8,14,8,14,8,15,8,15,8,14,9,13,9,12,10,11,10,10,11,9,11,9,11,7,11,7,10,6,9,5,9,0,0,0,0,0,0]"
CSI_DATA,4073323,1a:00:00:00:00:00,-70,11,-94,4,53,6,4073323,47,0,128,0,"[0,0,0,0,0,0,0,0,15,3,16,3,16,4,16,5,17,6,17,6,16,7,16,7,15,8,15,8,15,7,14,7,15,6,15,6,15,6,15,5,16,4,16,4,16,3,16,2,16,1,16,1,17,0,18,-1,18,-3,18,-3,19,-4,19,-4,0,0,19,-4,19,-5,19,-5,18,-6,18,-6,17,-6,17,-5,16,-5,16,-5,15,-6,15,-8,13,-8,13,-9,12,-10,12,-10,12,-11,12,-11,12,-11,12,-11,11,-10,11,-10,11,-10,11,-10,10,-10,10,-8,10,-7,9,-5,9,-4,0,0,0,0,0,0]"
CSI_DATA,4077323,1a:00:00:00:00:00,-70,11,-94,4,53,6,4077323,47,0,128,0,"[0,0,0,0,0,0,0,0,-15,3,-15,2,-16,1,-17,0,-17,-1,-18,-3,-17,-4,-17,-5,-16,-6,-16,-8,-16,-8,-16,-9,-15,-8,-15,-8,-15,-8,-14,-7,-14,-7,-14,-7,-14,-7,-14,-7,-15,-7,-15,-7,-15,-7,-16,-7,-16,-8,-16,-9,-16,-10,-15,-10,0,0,-16,-10,-16,-10,-16,-11,-15,-11,-15,-12,-14,-12,-14,-11,-14,-11,-13,-9,-13,-9,-12,-9,-12,-9,-11,-10,-11,-11,-11,-10,-11,-11,-11,-11,-11,-11,-10,-12,-10,-12,-8,-12,-8,-12,-7,-12,-6,-12,-4,-12,-3,-12,-2,-11,-2,-11,0,0,0,0,0,0]"
CSI_DATA,4081352,1a:00:00:00:00:00,-70,11,-94,4,53,6,4081352,47,0,128,0,"[0,0,0,0,0,0,0,0,-15,6,-15,5,-16,3,-17,2,-17,1,-18,0,-17,-1,-18,-1,-17,-3,-17,-4,-17,-5,-16,-6,-15,-6,-15,-5,-15,-5,-15,-4,-15,-4,-15,-3,-15,-3,-15,-3,-15,-4,-16,-4,-17,-4,-18,-4,-18,-4,-18,-4,-18,-3,-19,-3,0,0,-19,-4,-19,-5,-18,-5,-18,-5,-17,-6,-17,-6,-16,-6,-15,-6,-15,-6,-14,-6,-15,-7,-15,-5,-15,-5,-15,-4,-15,-4,-15,-4,-15,-4,-15,-5,-15,-6,-14,-7,-13,-7,-12,-7,-11,-7,-11,-8,-9,-8,-8,-9,-6,-9,-5,-9,0,0,0,0,0,0]"
CSI_DATA,4091323,1a:00:00:00:00:00,-70,11,-94,4,53,6,4091323,47,0,128,0,"[0,0,0,0,0,0,0,0,-14,-9,-13,-9,-13,-10,-13,-12,-12,-13,-11,-14,-10,-14,-8,-15,-7,-15,-5,-15,-5,-15,-4,-16,-4,-16,-5,-16,-5,-16,-5,-16,-5,-16,-5,-15,-5,-15,-5,-15,-5,-16,-5,-16,-6,-16,-5,-16,-5,-16,-5,-17,-6,-17,-7,-17,0,0,-4,-18,-4,-18,-3,-18,-3,-18,-3,-19,-2,-18,-1,-17,0,-17,1,-16,1,-16,0,-16,-1,-16,-2,-16,-2,-16,-1,-15,-1,-16,0,-15,0,-16,1,-15,2,-15,3,-14,3,-14,4,-13,4,-13,5,-12,6,-11,6,-10,6,-9,0,0,0,0,0,0]"
CSI_DATA,4101324,1a:00:00:00:00:00,-70,11,-94,4,53,6,4101324,47,0,128,0,"[0,0,0,0,0,0,0,0,1,17,0,17,-2,17,-3,18,-4,18,-4,18,-4,18,-4,18,-4,17,-4,17,-5,16,-5,17,-5,17,-4,16,-3,16,-3,16,-2,15,-1,15,0,15,1,16,2,16,3,16,3,16,4,16,5,16,6,17,6,17,6,17,0,0,7,19,7,19,7,18,7,18,7,16,8,16,9,15,10,15,11,15,12,14,13,13,12,13,11,11,11,11,11,11,11,11,12,10,12,11,12,10,11,10,11,10,10,10,10,10,9,10,8,9,8,9,7,9,6,9,0,0,0,0,0,0]"
CSI_DATA,4107324,1a:00:00:00:00:00,-70,11,-94,4,53,6,4107324,47,0,128,0,"[0,0,0,0,0,0,0,0,15,8,14,9,14,10,13,11,12,13,12,14,11,14,10,15,10,15,9,15,9,15,10,15,9,14,10,14,10,13,10,12,11,12,11,11,11,11,12,11,12,11,12,11,13,11,14,11,14,10,14,10,15,9,15,9,0,0,17,12,16,11,16,11,16,10,16,10,16,10,16,9,16,8,17,8,17,6,17,6,16,6,15,6,14,6,15,6,15,6,15,5,15,5,15,5,14,5,13,5,13,6,13,6,12,6,10,7,10,7,9,8,9,9,0,0,0,0,0,0]"
CSI_DATA,4109324,1a:00:00:00:00:00,-70,11,-94,4,53,6,4109324,47,0,128,0,"[0,0,0,0,0,0,0,0,-5,16,-6,16,-7,16,-9,16,-10,15,-11,14,-12,13,-13,13,-13,12,-14,11,-14,10,-14,10,-14,9,-14,9,-13,9,-13,10,-13,9,-13,9,-13,10,-13,10,-13,10,-13,10,-13,11,-14,11,-14,11,-14,11,-14,11,-13,11,0,0,-15,12,-16,11,-16,11,-16,10,-16,9,-16,8,-15,8,-13,9,-12,10,-12,10,-12,10,-12,9,-13,9,-13,9,-13,8,-13,8,-13,8,-14,7,-14,6,-14,5,-14,5,-14,4,-14,4,-13,3,-12,2,-11,1,-11,0,-10,-1,0,0,0,0,0,0]"
CSI_DATA,4111351,1a:00:00:00:00:00,-71,11,-94,4,53,6,4111351,47,0,128,0,"[0,0,0,0,0,0,0,0,13,7,13,8,14,9,14,11,15,12,15,13,13,13,12,14,11,14,10,14,9,14,9,14,9,14,10,13,10,13,11,12,12,11,13,10,13,9,13,9,13,8,14,9,14,9,15,9,15,8,16,8,17,8,17,8,0,0,19,8,18,7,18,7,17,6,17,6,17,6,16,6,16,7,16,6,16,6,17,5,17,3,17,2,17,1,16,1,15,1,15,0,16,1,16,1,15,1,14,1,14,1,14,2,13,2,12,3,12,3,11,3,10,4,0,0,0,0,0,0]"
CSI_DATA,4115324,1a:00:00:00:00:00,-70,11,-94,4,53,6,4115324,47,0,128,0,"[0,0,0,0,0,0,0,0,-12,13,-12,12,-12,11,-13,11,-14,10,-15,10,-15,10,-15,10,-15,10,-15,9,-14,9,-15,9,-14,9,-13,10,-13,10,-12,11,-12,11,-11,12,-11,12,-10,13,-10,13,-9,13,-9,14,-9,15,-9,15,-8,16,-8,17,-7,18,0,0,-7,18,-7,18,-7,18,-7,18,-6,17,-6,17,-5,16,-4,15,-4,15,-3,15,-2,15,-1,16,-1,16,-1,16,0,16,1,16,1,15,1,16,1,16,1,15,0,15,0,15,0,15,0,14,-1,13,-1,12,-1,11,-2,10,0,0,0,0,0,0]"
CSI_DATA,4121324,1a:00:00:00:00:00,-70,11,-94,4,53,6,4121324,47,0,128,0,"[0,0,0,0,0,0,0,0,4,16,3,17,2,17,1,17,0,18,-1,18,-2,19,-3,19,-4,18,-5,18,-5,17,-5,16,-4,15,-3,15,-3,15,-2,15,-1,16,-1,16,-1,16,-2,16,-1,16,-1,16,0,17,1,18,2,19,3,19,3,19,3,18,0,0,3,19,3,19,3,19,3,18,3,18,3,18,3,17,5,16,5,15,6,15,6,15,5,15,5,15,5,15,5,14,6,15,6,14,6,15,5,15,5,15,4,14,4,15,3,15,2,15,2,14,1,12,0,11,0,10,0,0,0,0,0,0]"
CSI_DATA,4127324,1a:00:00:00:00:00,-70,11,-94,4,53,6,4127324,47,0,128,0,"[0,0,0,0,0,0,0,0,15,7,14,7,15,8,15,10,14,11,15,12,13,13,13,13,11,14,11,14,10,14,10,14,9,15,10,14,9,14,10,13,10,13,10,13,10,12,10,12,11,12,12,11,12,12,13,12,13,13,12,13,12,13,11,13,0,0,13,15,13,15,13,15,12,15,11,15,11,15,11,14,12,13,12,12,12,12,12,11,11,11,10,11,10,12,11,12,11,12,10,13,10,13,9,13,9,13,8,13,7,12,7,13,6,12,4,11,3,11,2,10,1,10,0,0,0,0,0,0]"
CSI_DATA,4129376,1a:00:00:00:00:00,-70,11,-94,4,53,6,4129376,47,0,128,0,"[0,0,0,0,0,0,0,0,10,13,10,14,10,14,9,15,9,17,8,18,7,18,7,18,6,18,6,17,5,16,5,16,6,16,7,16,7,15,8,15,9,14,9,13,9,12,9,12,10,12,11,12,12,12,13,12,13,11,14,11,14,10,15,11,0,0,16,11,16,11,16,11,16,10,15,10,15,10,15,9,15,9,16,9,17,7,17,6,17,5,16,4,16,3,15,3,16,3,16,3,16,3,15,3,14,4,13,4,13,4,13,4,13,4,13,5,12,5,11,5,11,4,0,0,0,0,0,0]"
CSI_DATA,4131324,1a:00:00:00:00:00,-70,11,-94,4,53,6,4131324,47,0,128,0,"[0,0,0,0,0,0,0,0,-4,-15,-3,-16,-3,-18,-2,-18,-1,-18,0,-18,0,-18,1,-17,2,-17,3,-17,3,-17,4,-16,4,-17,5,-17,4,-16,3,-16,3,-16,2,-16,2,-16,1,-16,0,-16,0,-16,0,-17,-1,-17,-1,-17,0,-18,1,-18,2,-18,0,0,-1,-21,0,-20,0,-20,1,-19,1,-18,1,-17,0,-17,-1,-17,-1,-18,-1,-18,-2,-19,-2,-18,-2,-17,-2,-16,-2,-16,-2,-16,-2,-16,-2,-15,-2,-15,-1,-14,-1,-14,0,-14,1,-14,1,-14,2,-13,3,-11,4,-10,4,-9,0,0,0,0,0,0]"
CSI_DATA,4136128,1a:00:00:00:00:00,-70,11,-94,4,53,6,4136128,47,0,128,0,"[0,0,0,0,0,0,0,0,9,-14,9,-13,10,-13,11,-13,13,-13,14,-13,14,-12,15,-11,16,-10,16,-9,16,-8,16,-7,16,-7,15,-7,14,-7,15,-9,14,-9,13,-10,13,-10,13,-10,12,-10,12,-11,12,-11,13,-11,13,-12,13,-12,14,-12,14,-13,0,0,15,-13,15,-13,15,-13,15,-12,14,-12,14,-12,14,-13,14,-14,14,-14,13,-14,12,-14,12,-13,11,-11,11,-11,12,-11,12,-12,12,-11,12,-12,11,-11,12,-10,12,-9,12,-8,12,-7,12,-6,12,-5,11,-5,10,-5,10,-5,0,0,0,0,0,0]"
CSI_DATA,4145387,1a:00:00:00:00:00,-70,11,-94,4,53,6,4145387,47,0,128,0,"[0,0,0,0,0,0,0,0,-12,-13,-11,-13,-10,-14,-9,-15,-9,-16,-8,-17,-7,-17,-5,-17,-4,-17,-4,-17,-4,-17,-3,-17,-4,-17,-4,-16,-4,-16,-4,-15,-4,-15,-4,-15,-4,-15,-5,-15,-6,-15,-6,-15,-7,-16,-8,-16,-8,-16,-8,-16,-8,-16,-8,-16,0,0,-7,-19,-7,-19,-7,-18,-7,-17,-6,-16,-6,-17,-7,-16,-8,-16,-9,-15,-9,-15,-10,-14,-9,-14,-8,-14,-7,-14,-8,-14,-8,-14,-7,-14,-7,-14,-6,-14,-6,-14,-5,-14,-4,-13,-4,-13,-3,-13,-2,-13,-1,-12,-1,-11,0,-11,0,0,0,0,0,0]"
CSI_DATA,4151324,1a:00:00:00:00:00,-70,11,-94,4,53,6,4151324,47,0,128,0,"[0,0,0,0,0,0,0,0,-9,-13,-9,-14,-8,-15,-7,-16,-6,-17,-5,-18,-3,-18,-3,-18,-1,-18,-1,-18,0,-17,1,-17,2,-17,2,-16,2,-16,1,-16,1,-16,0,-16,1,-16,0,-16,0,-16,0,-16,0,-16,0,-17,0,-17,1,-18,2,-18,2,-18,0,0,1,-20,2,-19,3,-19,3,-19,4,-18,4,-17,3,-18,3,-18,2,-17,2,-17,2,-17,3,-17,3,-15,4,-15,4,-16,4,-16,4,-15,5,-15,4,-16,5,-15,6,-14,7,-13,7,-12,8,-11,8,-10,9,-9,8,-8,8,-7,0,0,0,0,0,0]"
CSI_DATA,4155324,1a:00:00:00:00:00,-70,11,-94,4,53,6,4155324,47,0,128,0,"[0,0,0,0,0,0,0,0,-4,14,-5,15,-7,15,-8,15,-10,16,-10,15,-12,14,-12,14,-13,12,-14,12,-14,11,-14,11,-14,10,-13,10,-13,10,-13,10,-12,11,-12,11,-12,12,-12,12,-12,11,-11,11,-11,12,-11,12,-12,12,-12,13,-13,13,-14,13,0,0,-14,14,-14,13,-14,12,-14,12,-14,12,-13,12,-13,12,-14,12,-14,13,-15,12,-14,12,-14,11,-12,11,-12,10,-11,11,-12,12,-12,11,-12,11,-12,11,-12,9,-12,8,-12,7,-13,6,-13,5,-12,4,-12,3,-12,2,-11,2,0,0,0,0,0,0]"
CSI_DATA,4159324,1a:00:00:00:00:00,-70,11,-94,4,53,6,4159324,47,0,128,0,"[0,0,0,0,0,0,0,0,14,-7,14,-6,15,-5,16,-4,17,-3,17,-2,18,-1,18,-1,17,-1,17,0,17,1,17,1,17,2,16,2,17,1,16,0,16,-1,15,-1,16,-1,16,-1,16,-1,17,-1,17,-2,18,-2,18,-2,18,-3,18,-3,18,-3,0,0,20,-3,19,-3,19,-3,19,-3,19,-3,18,-3,18,-2,17,-2,16,-2,16,-1,16,-1,16,-2,16,-3,16,-3,15,-3,15,-3,15,-3,15,-3,15,-3,16,-3,15,-2,15,-1,14,0,14,0,13,1,12,2,11,3,10,4,0,0,0,0,0,0]"
CSI_DATA,4165324,1a:00:00:00:00:00,-70,11,-94,4,53,6,4165324,47,0,128,0,"[0,0,0,0,0,0,0,0,1,-16,2,-16,3,-16,6,-16,7,-16,8,-16,9,-16,10,-16,11,-15,11,-13,12,-13,13,-12,13,-11,12,-11,12,-10,11,-11,11,-11,11,-11,11,-12,12,-12,12,-11,12,-11,12,-11,12,-12,12,-12,13,-13,13,-13,14,-13,0,0,15,-13,15,-13,15,-12,14,-12,15,-11,15,-10,14,-9,13,-9,13,-8,12,-8,12,-8,13,-8,13,-9,13,-9,13,-9,13,-9,13,-9,14,-8,15,-7,15,-6,15,-5,14,-4,14,-3,14,-2,13,-1,12,-1,11,0,10,0,0,0,0,0,0,0]"
CSI_DATA,4169324,1a:00:00:00:00:00,-70,11,-94,4,53,6,4169324,47,0,128,0,"[0,0,0,0,0,0,0,0,-10,12,-11,12,-12,12,-14,12,-15,11,-16,10,-17,8,-16,7,-16,5,-16,5,-16,4,-17,4,-17,4,-16,4,-16,3,-16,4,-15,4,-15,4,-15,5,-15,5,-15,6,-16,6,-16,5,-17,5,-17,5,-18,5,-18,5,-18,5,0,0,-20,7,-19,6,-18,6,-18,5,-18,4,-18,4,-19,3,-19,4,-19,4,-19,4,-18,4,-17,4,-16,5,-15,4,-16,4,-16,5,-16,4,-16,4,-16,3,-16,2,-16,2,-15,0,-15,-1,-13,-2,-12,-3,-11,-4,-10,-4,-9,-4,0,0,0,0,0,0]"
CSI_DATA,4173324,1a:00:00:00:00:00,-70,11,-93,4,53,6,4173324,47,0,128,0,"[0,0,0,0,0,0,0,0,15,2,15,4,16,5,16,6,16,7,16,8,15,9,14,10,13,10,12,11,12,11,12,11,12,11,13,11,13,11,13,10,12,9,12,9,13,8,13,8,14,8,14,9,15,9,15,9,16,9,16,9,16,9,16,10,0,0,18,11,17,10,17,10,16,9,16,9,16,9,14,9,14,9,13,9,13,9,13,9,14,8,14,8,14,8,14,7,15,7,14,7,14,7,14,8,13,9,12,9,12,9,11,9,11,9,9,9,8,9,7,9,7,8,0,0,0,0,0,0]"
CSI_DATA,4175324,1a:00:00:00:00:00,-70,11,-93,4,53,6,4175324,47,0,128,0,"[0,0,0,0,0,0,0,0,-16,7,-15,7,-16,6,-16,6,-16,5,-16,5,-17,4,-17,4,-17,4,-17,3,-17,3,-17,2,-17,2,-16,3,-17,4,-16,5,-16,6,-15,7,-14,8,-13,8,-13,8,-13,9,-13,10,-14,12,-14,13,-13,13,-13,14,-12,14,0,0,-13,15,-12,15,-12,15,-11,15,-11,14,-11,13,-11,14,-11,15,-10,16,-8,16,-7,17,-6,16,-4,15,-4,15,-3,16,-3,16,-3,16,-4,16,-4,15,-5,15,-5,15,-5,15,-5,14,-4,13,-4,12,-4,11,-4,11,-4,10,0,0,0,0,0,0]"
CSI_DATA,4179324,1a:00:00:00:00:00,-70,11,-93,4,53,6,4179324,47,0,128,0,"[0,0,0,0,0,0,0,0,11,-11,12,-11,13,-11,14,-11,15,-10,15,-8,16,-7,16,-5,16,-4,17,-3,17,-2,17,-2,17,-2,16,-1,16,-1,16,-1,16,-2,16,-2,16,-3,16,-2,16,-2,16,-1,17,-1,17,-1,18,-1,18,-2,18,-2,19,-1,0,0,20,0,20,0,19,0,19,0,18,1,18,1,16,2,15,2,16,2,16,2,16,2,16,2,17,2,17,2,16,2,16,2,16,2,15,2,15,4,14,4,14,5,13,6,12,7,12,7,11,7,10,8,9,8,8,7,0,0,0,0,0,0]"
CSI_DATA,4181324,1a:00:00:00:00:00,-70,11,-93,4,53,6,4181324,47,0,128,0,"[0,0,0,0,0,0,0,0,-5,15,-5,16,-5,17,-6,17,-6,17,-7,17,-8,16,-9,16,-10,15,-10,15,-10,14,-10,14,-9,14,-9,13,-8,14,-8,14,-7,15,-6,14,-6,14,-5,14,-5,14,-5,14,-4,15,-4,17,-4,18,-4,18,-3,19,-3,19,0,0,-3,20,-3,20,-3,19,-3,18,-3,17,-3,16,-3,17,-3,18,-1,19,0,19,1,18,1,18,2,16,1,16,1,16,2,16,2,15,2,16,2,15,1,16,0,15,0,15,-1,14,-1,13,-2,12,-2,12,-3,11,-3,10,0,0,0,0,0,0]"
CSI_DATA,4185324,1a:00:00:00:00:00,-70,11,-93,4,53,6,4185324,47,0,128,0,"[0,0,0,0,0,0,0,0,13,-9,14,-8,15,-8,17,-8,18,-6,19,-6,18,-5,17,-4,16,-5,16,-4,16,-5,16,-5,16,-5,16,-5,17,-7,16,-7,16,-7,16,-7,15,-7,14,-7,15,-8,14,-8,14,-9,14,-10,14,-11,14,-12,15,-12,15,-12,0,0,14,-14,13,-14,13,-14,13,-13,13,-13,14,-13,13,-12,11,-12,10,-12,9,-13,9,-13,8,-13,8,-13,7,-14,7,-14,6,-15,6,-15,6,-15,7,-15,7,-14,7,-14,7,-13,7,-13,7,-12,8,-11,8,-10,8,-9,7,-8,0,0,0,0,0,0]"
CSI_DATA,4189324,1a:00:00:00:00:00,-70,11,-93,4,53,6,4189324,47,0,128,0,"[0,0,0,0,0,0,0,0,-16,-3,-16,-4,-17,-5,-17,-5,-17,-6,-18,-6,-17,-7,-16,-6,-15,-7,-14,-8,-15,-8,-15,-8,-15,-8,-15,-7,-15,-7,-15,-5,-15,-4,-15,-3,-15,-2,-16,-2,-16,-2,-16,-1,-16,0,-17,2,-18,3,-18,3,-19,3,-19,3,0,0,-19,4,-19,4,-19,5,-19,6,-18,6,-17,6,-16,7,-15,8,-15,8,-14,9,-13,10,-14,10,-13,9,-13,9,-12,10,-12,10,-12,11,-12,11,-12,11,-12,10,-12,10,-13,9,-12,9,-12,8,-11,7,-11,6,-10,6,-10,5,0,0,0,0,0,0]"
CSI_DATA,4195324,1a:00:00:00:00:00,-70,11,-93,4,53,6,4195324,47,0,128,0,"[0,0,0,0,0,0,0,0,-14,8,-15,7,-16,7,-17,6,-17,5,-18,5,-17,3,-17,2,-18,2,-17,2,-17,1,-17,1,-16,1,-16,1,-16,1,-15,2,-15,3,-14,4,-15,5,-14,5,-15,5,-15,6,-15,6,-15,7,-15,8,-16,8,-17,8,-18,7,0,0,-18,10,-18,9,-18,9,-18,9,-17,8,-16,8,-15,8,-13,9,-13,9,-12,9,-12,9,-12,10,-12,10,-13,10,-12,11,-13,12,-12,11,-13,11,-12,10,-12,9,-12,9,-12,8,-12,8,-12,8,-11,7,-10,6,-9,5,-9,3,0,0,0,0,0,0]"
CSI_DATA,4199324,1a:00:00:00:00:00,-70,11,-93,4,53,6,4199324,47,0,128,0,"[0,0,0,0,0,0,0,0,16,3,16,4,16,5,17,6,16,6,17,7,16,7,17,8,16,9,15,9,15,9,15,9,15,8,15,8,15,8,15,7,15,6,14,5,15,5,15,4,15,3,16,3,17,3,17,2,18,2,18,2,19,2,19,2,0,0,20,0,19,0,19,-1,19,-1,19,-1,18,-1,19,0,19,0,19,-1,18,-2,18,-3,17,-4,16,-6,15,-6,15,-5,14,-5,15,-5,14,-5,15,-5,15,-4,14,-4,14,-4,14,-3,13,-3,12,-2,12,-2,12,-1,11,0,0,0,0,0,0,0]"
CSI_DATA,4205324,1a:00:00:00:00:00,-70,11,-93,4,53,6,4205324,47,0,128,0,"[0,0,0,0,0,0,0,0,11,-13,12,-12,12,-12,13,-11,15,-10,16,-10,16,-8,17,-8,17,-7,16,-6,16,-6,15,-6,15,-6,15,-6,15,-6,15,-6,15,-6,14,-7,14,-8,13,-8,14,-8,14,-9,15,-9,15,-9,15,-10,15,-10,15,-11,15,-11,0,0,16,-12,16,-11,16,-11,16,-10,15,-10,14,-9,15,-9,15,-9,15,-10,15,-10,15,-11,14,-11,13,-12,12,-12,12,-11,12,-11,11,-10,12,-10,12,-9,13,-9,13,-8,13,-8,13,-7,12,-7,11,-5,11,-4,11,-3,11,-3,0,0,0,0,0,0]"
CSI_DATA,4209324,1a:00:00:00:00:00,-70,11,-93,4,53,6,4209324,47,0,128,0,"[0,0,0,0,0,0,0,0,-17,-3,-17,-3,-17,-4,-17,-5,-17,-6,-18,-7,-17,-8,-17,-9,-16,-9,-15,-9,-15,-9,-14,-9,-14,-9,-14,-9,-14,-8,-14,-8,-14,-6,-14,-5,-15,-5,-15,-4,-16,-5,-16,-5,-17,-5,-18,-5,-19,-4,-19,-5,-19,-4,-19,-5,0,0,-20,-3,-20,-3,-20,-2,-19,-2,-19,-3,-18,-3,-17,-3,-16,-4,-16,-3,-16,-3,-16,-2,-17,-2,-17,0,-17,1,-17,1,-17,1,-16,1,-16,1,-16,1,-16,0,-15,-1,-15,-2,-14,-3,-13,-3,-12,-3,-11,-3,-11,-3,-10,-4,0,0,0,0,0,0]"
CSI_DATA,4213324,1a:00:00:00:00:00,-70,11,-93,4,53,6,4213324,47,0,128,0,"[0,0,0,0,0,0,0,0,12,10,12,11,12,12,11,14,11,14,11,15,10,15,9,15,8,16,8,15,7,15,7,15,7,14,8,14,9,13,9,14,10,13,10,12,11,12,11,11,12,11,12,11,13,11,14,11,15,11,15,11,16,11,16,11,0,0,16,11,16,11,17,11,17,11,16,10,15,10,16,8,16,8,17,7,17,6,17,6,16,5,15,4,15,4,16,4,16,4,16,4,16,5,15,5,15,6,14,5,13,5,13,5,13,5,12,5,12,5,11,6,10,5,0,0,0,0,0,0]"
CSI_DATA,4218003,1a:00:00:00:00:00,-70,11,-93,4,53,6,4218003,47,0,128,0,"[0,0,0,0,0,0,0,0,-6,-14,-5,-15,-5,-16,-4,-18,-4,-18,-4,-19,-3,-18,-2,-18,-2,-16,0,-16,0,-15,0,-16,-1,-16,-1,-17,-2,-16,-3,-16,-4,-15,-4,-16,-4,-15,-5,-16,-6,-16,-7,-16,-9,-16,-9,-17,-9,-16,-9,-17,-9,-16,-9,-16,0,0,-13,-14,-12,-15,-12,-16,-11,-16,-11,-16,-10,-15,-11,-14,-13,-14,-14,-13,-14,-12,-13,-12,-13,-11,-12,-10,-11,-9,-11,-8,-14,-7,-13,-8,-12,-9,-11,-9,-11,-9,-11,-8,-11,-9,-10,-10,-10,-10,-9,-10,-7,-10,-6,-9,-6,-8,0,0,0,0,0,0]"
CSI_DATA,4227324,1a:00:00:00:00:00,-70,11,-93,4,53,6,4227324,47,0,128,0,"[0,0,0,0,0,0,0,0,2,16,1,16,0,17,-1,17,-3,18,-4,18,-5,19,-6,18,-6,18,-6,17,-5,17,-5,17,-4,16,-4,16,-3,16,-2,17,-2,16,-2,16,-1,16,-1,16,0,16,0,16,1,17,1,17,2,18,3,18,3,18,4,19,0,0,5,19,4,19,4,19,4,19,3,19,3,18,5,17,6,16,7,16,8,15,8,15,8,14,7,14,6,14,7,14,7,14,8,14,8,14,8,14,7,14,7,14,6,13,6,13,5,13,4,12,3,12,2,12,2,12,0,0,0,0,0,0]"
CSI_DATA,4233324,1a:00:00:00:00:00,-70,11,-93,4,53,6,4233324,47,0,128,0,"[0,0,0,0,0,0,0,0,13,10,12,11,12,12,11,13,11,15,10,16,9,16,9,16,7,16,7,16,6,16,6,16,6,15,6,15,7,15,7,15,8,14,8,14,8,14,8,14,8,14,8,14,9,14,10,14,10,15,11,15,11,16,11,16,0,0,10,17,10,17,10,17,11,17,10,17,9,17,10,16,10,14,10,13,11,12,11,12,11,12,10,12,9,12,9,12,10,12,10,12,10,13,10,13,9,13,8,13,7,13,6,13,5,12,4,11,3,11,3,11,2,10,0,0,0,0,0,0]"
CSI_DATA,4238516,1a:00:00:00:00:00,-70,11,-93,4,53,6,4238516,47,0,128,0,"[0,0,0,0,0,0,0,0,-18,16,-16,16,-17,15,-16,13,-16,10,-16,8,-17,5,-16,4,-14,4,-14,4,-17,5,-17,5,-17,4,-16,6,-15,5,-14,6,-13,5,-15,4,-15,4,-16,5,-16,4,-16,5,-16,5,-16,7,-16,7,-17,7,-16,7,-17,7,0,0,-17,6,-18,7,-19,6,-19,6,-19,4,-18,3,-17,4,-16,5,-16,6,-16,7,-16,7,-15,7,-15,6,-15,6,-14,6,-14,6,-15,4,-14,4,-15,4,-14,3,-14,3,-14,2,-15,0,-14,0,-14,-1,-12,-2,-12,-2,-10,-3,0,0,0,0,0,0]"
CSI_DATA,4243324,1a:00:00:00:00:00,-70,11,-93,4,53,6,4243324,47,0,128,0,"[0,0,0,0,0,0,0,0,-15,-8,-14,-10,-13,-11,-13,-12,-12,-14,-12,-15,-11,-15,-10,-16,-8,-15,-7,-15,-6,-15,-6,-15,-6,-15,-7,-15,-7,-15,-7,-14,-7,-14,-7,-14,-7,-14,-8,-14,-8,-14,-8,-14,-9,-14,-9,-14,-9,-15,-9,-15,-10,-16,-10,-16,0,0,-9,-16,-9,-16,-9,-17,-9,-17,-9,-17,-7,-16,-7,-16,-7,-17,-7,-17,-7,-17,-8,-17,-8,-16,-8,-15,-8,-14,-7,-14,-7,-15,-7,-15,-7,-15,-6,-15,-5,-14,-4,-14,-4,-14,-3,-14,-2,-13,-1,-13,0,-12,1,-11,2,-11,0,0,0,0,0,0]"
CSI_DATA,4253324,1a:00:00:00:00:00,-70,11,-93,4,53,6,4253324,47,0,128,0,"[0,0,0,0,0,0,0,0,-4,15,-5,15,-6,15,-7,16,-8,16,-8,16,-8,15,-9,15,-8,14,-8,15,-8,15,-7,16,-7,16,-6,16,-6,15,-5,15,-4,15,-3,16,-2,16,0,16,1,16,2,16,3,16,3,16,4,17,4,18,5,19,5,19,0,0,6,18,7,18,7,18,7,17,7,16,8,16,8,15,9,14,9,13,10,12,11,12,12,11,12,11,12,11,12,9,13,9,13,8,13,9,13,9,13,9,12,9,12,9,11,8,11,8,10,8,9,8,8,8,8,8,0,0,0,0,0,0]"
CSI_DATA,4257324,1a:00:00:00:00:00,-70,11,-93,4,53,6,4257324,47,0,128,0,"[0,0,0,0,0,0,0,0,-5,-15,-4,-16,-2,-17,-1,-18,2,-18,3,-18,4,-18,5,-17,5,-17,5,-16,6,-16,6,-16,7,-16,6,-16,6,-16,5,-15,5,-15,4,-14,4,-15,4,-15,4,-16,3,-16,4,-16,4,-17,4,-17,5,-17,6,-18,6,-18,0,0,5,-18,5,-18,6,-18,6,-18,6,-17,6,-16,6,-16,6,-17,5,-18,5,-18,5,-17,5,-16,5,-15,6,-14,6,-14,6,-15,5,-15,6,-15,6,-14,6,-14,7,-13,7,-13,9,-12,9,-11,10,-10,10,-8,9,-7,9,-6,0,0,0,0,0,0]"
CSI_DATA,4263324,1a:00:00:00:00:00,-70,11,-93,4,53,6,4263324,47,0,128,0,"[0,0,0,0,0,0,0,0,2,-16,2,-16,3,-16,4,-17,4,-17,4,-17,5,-17,5,-17,6,-16,6,-15,6,-15,6,-14,6,-15,5,-15,5,-15,3,-16,2,-16,1,-16,0,-16,0,-16,-1,-16,-2,-16,-2,-17,-3,-17,-4,-16,-5,-17,-6,-18,-6,-18,0,0,-7,-19,-7,-18,-7,-18,-8,-17,-8,-16,-7,-16,-8,-15,-9,-16,-10,-16,-11,-16,-12,-14,-12,-14,-12,-12,-11,-11,-11,-11,-12,-11,-12,-10,-12,-10,-12,-9,-11,-9,-11,-9,-11,-9,-11,-10,-10,-9,-9,-9,-7,-9,-6,-9,-5,-9,0,0,0,0,0,0]"
CSI_DATA,4267324,1a:00:00:00:00:00,-70,11,-93,4,53,6,4267324,47,0,128,0,"[0,0,0,0,0,0,0,0,2,15,1,16,0,17,-2,17,-3,18,-4,18,-6,18,-7,17,-7,17,-8,15,-9,15,-9,14,-10,14,-9,14,-9,14,-9,15,-9,15,-8,14,-8,14,-8,14,-8,14,-8,14,-8,14,-8,16,-9,16,-9,15,-9,14,-10,14,0,0,-11,17,-11,16,-11,16,-12,15,-12,14,-12,14,-12,12,-11,12,-11,11,-10,10,-11,11,-11,11,-12,11,-11,11,-11,10,-11,11,-12,11,-12,11,-13,11,-12,10,-13,9,-12,7,-12,6,-12,5,-12,4,-11,3,-11,2,-10,1,0,0,0,0,0,0]"
CSI_DATA,4269324,1a:00:00:00:00:00,-70,11,-93,4,53,6,4269324,47,0,128,0,"[0,0,0,0,0,0,0,0,-12,-9,-13,-10,-14,-11,-14,-12,-13,-12,-13,-13,-12,-13,-12,-14,-10,-13,-10,-14,-9,-14,-9,-14,-8,-14,-9,-14,-11,-13,-12,-12,-12,-12,-12,-11,-12,-11,-12,-10,-13,-10,-14,-9,-15,-9,-15,-9,-15,-10,-15,-10,-15,-10,-15,-10,0,0,-18,-9,-17,-9,-17,-9,-16,-9,-16,-8,-16,-8,-17,-8,-17,-8,-18,-7,-17,-7,-17,-6,-16,-6,-15,-5,-15,-4,-15,-5,-15,-5,-15,-4,-16,-4,-15,-4,-14,-3,-14,-4,-14,-4,-13,-5,-13,-5,-12,-6,-11,-6,-10,-6,-9,-6,0,0,0,0,0,0]"
CSI_DATA,4273324,1a:00:00:00:00:00,-70,11,-93,4,53,6,4273324,47,0,128,0,"[0,0,0,0,0,0,0,0,-4,16,-5,16,-5,16,-6,16,-7,17,-7,17,-8,16,-9,16,-10,15,-10,14,-10,14,-10,14,-9,13,-8,14,-8,14,-7,15,-6,15,-6,16,-5,16,-5,15,-3,15,-3,15,-2,16,-2,18,-2,19,-2,19,-1,19,-1,19,0,0,-1,21,-1,20,0,19,0,18,1,18,2,17,1,16,1,16,0,15,1,16,1,16,3,16,4,16,5,16,5,15,5,15,5,14,5,15,5,15,5,14,5,14,4,14,4,13,3,13,2,12,2,12,1,11,1,10,0,0,0,0,0,0]"
CSI_DATA,4281325,1a:00:00:00:00:00,-70,11,-93,4,53,6,4281325,47,0,128,0,"[0,0,0,0,0,0,0,0,-6,15,-8,15,-9,14,-11,14,-12,13,-13,12,-14,12,-14,11,-14,10,-15,10,-15,9,-15,8,-15,8,-15,7,-15,8,-15,8,-15,7,-14,8,-15,8,-15,8,-15,8,-14,8,-15,9,-16,8,-15,8,-16,8,-17,8,-17,8,0,0,-19,7,-18,7,-17,7,-17,6,-16,6,-16,5,-17,5,-18,5,-18,5,-17,6,-17,6,-17,5,-15,4,-15,3,-15,3,-15,3,-15,3,-16,3,-15,2,-16,2,-15,1,-15,0,-14,-1,-13,-3,-12,-3,-11,-4,-10,-4,-10,-4,0,0,0,0,0,0]"
CSI_DATA,4287325,1a:00:00:00:00:00,-70,11,-93,4,53,6,4287325,47,0,128,0,"[0,0,0,0,0,0,0,0,-13,11,-13,10,-14,10,-14,9,-15,8,-16,8,-17,7,-17,7,-17,6,-16,6,-16,6,-16,6,-15,6,-15,6,-15,7,-15,8,-14,8,-14,9,-13,10,-13,10,-11,11,-11,11,-11,11,-12,12,-12,12,-13,13,-12,14,-12,14,0,0,-12,17,-12,16,-12,16,-11,16,-10,15,-10,15,-10,15,-11,15,-11,16,-11,16,-10,16,-8,16,-7,16,-5,15,-5,15,-4,16,-4,15,-5,15,-5,15,-5,14,-6,14,-6,13,-6,13,-6,12,-6,11,-6,10,-6,10,-5,9,0,0,0,0,0,0]"
CSI_DATA,4291325,1a:00:00:00:00:00,-70,11,-93,4,53,6,4291325,47,0,128,0,"[0,0,0,0,0,0,0,0,16,2,16,2,17,2,17,3,17,4,17,5,16,6,16,7,16,7,16,7,16,6,16,6,16,6,16,5,17,5,17,4,17,3,17,2,17,1,16,1,17,0,17,0,17,0,17,-1,18,-2,18,-3,19,-4,19,-4,0,0,20,-4,19,-5,19,-5,18,-6,18,-7,17,-7,16,-6,16,-6,16,-6,15,-6,15,-6,14,-8,14,-9,13,-10,12,-11,12,-11,11,-10,11,-10,12,-10,12,-10,12,-10,11,-9,12,-9,11,-8,11,-7,11,-6,10,-5,10,-4,0,0,0,0,0,0]"
CSI_DATA,4297325,1a:00:00:00:00:00,-70,11,-93,4,53,6,4297325,47,0,128,0,"[0,0,0,0,0,0,0,0,11,-13,12,-12,13,-12,13,-11,14,-11,14,-10,15,-10,15,-9,15,-9,15,-7,16,-7,15,-7,15,-6,15,-6,15,-7,15,-7,14,-8,14,-9,13,-10,12,-11,12,-11,12,-11,12,-12,12,-12,13,-13,13,-13,14,-13,14,-13,0,0,13,-14,13,-14,13,-14,13,-14,13,-14,13,-13,12,-13,10,-13,10,-13,9,-13,9,-13,9,-14,10,-14,9,-14,8,-14,7,-14,7,-14,6,-14,7,-13,8,-13,9,-13,9,-12,9,-11,9,-10,9,-9,9,-8,8,-8,8,-7,0,0,0,0,0,0]"
CSI_DATA,4301325,1a:00:00:00:00:00,-70,11,-93,4,53,6,4301325,47,0,128,0,"[0,0,0,0,0,0,0,0,-17,0,-17,-1,-18,-1,-18,-2,-18,-3,-18,-4,-18,-5,-18,-6,-17,-6,-17,-6,-17,-5,-16,-5,-16,-5,-15,-5,-15,-5,-16,-4,-15,-3,-16,-3,-16,-2,-15,-1,-16,0,-16,0,-16,2,-18,2,-18,3,-18,3,-18,3,-18,3,0,0,-20,5,-19,4,-18,3,-18,3,-17,3,-18,4,-17,6,-16,7,-16,8,-15,9,-15,8,-15,8,-14,7,-15,7,-14,8,-14,8,-14,8,-14,8,-14,8,-14,8,-13,7,-13,7,-13,6,-12,6,-12,5,-12,4,-11,4,-11,3,0,0,0,0,0,0]"
CSI_DATA,4307325,1a:00:00:00:00:00,-70,11,-93,4,53,6,4307325,47,0,128,0,"[0,0,0,0,0,0,0,0,-8,14,-9,14,-10,14,-11,14,-11,13,-12,13,-12,12,-13,11,-14,10,-14,9,-15,9,-15,8,-15,8,-15,8,-15,9,-15,9,-14,10,-13,10,-12,11,-11,11,-11,11,-11,10,-12,11,-12,12,-12,13,-13,13,-13,14,-13,14,0,0,-13,14,-13,14,-14,13,-13,13,-14,12,-13,12,-13,12,-12,13,-11,13,-11,14,-10,14,-10,14,-10,12,-10,12,-10,12,-10,13,-9,12,-10,12,-10,12,-10,11,-10,10,-11,9,-10,9,-10,8,-10,7,-10,5,-10,5,-10,4,0,0,0,0,0,0]"
CSI_DATA,4317325,1a:00:00:00:00:00,-70,11,-93,4,53,6,4317325,47,0,128,0,"[0,0,0,0,0,0,0,0,8,-15,9,-15,10,-15,11,-14,12,-13,13,-13,13,-12,14,-11,14,-11,15,-10,14,-9,15,-8,14,-8,13,-8,13,-8,13,-9,13,-9,13,-9,12,-10,12,-10,12,-10,13,-10,13,-10,14,-10,15,-11,15,-12,15,-12,14,-13,0,0,18,-13,17,-13,16,-12,15,-11,15,-10,15,-9,15,-9,16,-9,16,-9,16,-9,15,-10,15,-10,13,-10,12,-10,12,-10,12,-10,12,-9,13,-9,12,-8,13,-7,13,-6,13,-5,13,-5,12,-4,12,-3,11,-2,11,-1,10,-1,0,0,0,0,0,0]"
CSI_DATA,4327325,1a:00:00:00:00:00,-70,11,-93,4,53,6,4327325,47,0,128,0,"[0,0,0,0,0,0,0,0,-15,-5,-15,-5,-15,-5,-16,-6,-16,-7,-16,-7,-16,-8,-16,-8,-16,-8,-15,-7,-15,-6,-15,-6,-16,-6,-16,-5,-16,-5,-16,-3,-16,-2,-16,-1,-16,0,-15,1,-16,1,-16,1,-17,2,-17,3,-17,4,-17,5,-17,6,-16,5,0,0,-17,9,-18,9,-17,10,-17,10,-17,10,-16,9,-14,9,-13,9,-11,9,-11,9,-10,11,-10,12,-9,12,-9,13,-7,13,-7,14,-6,14,-7,14,-7,14,-7,14,-7,14,-6,13,-6,12,-6,11,-6,10,-6,9,-6,9,-6,9,0,0,0,0,0,0]"
CSI_DATA,4331325,1a:00:00:00:00:00,-70,11,-93,4,53,6,4331325,47,0,128,0,"[0,0,0,0,0,0,0,0,15,-4,16,-3,17,-3,18,-1,19,-1,19,1,18,2,18,4,17,4,16,5,16,5,16,5,16,5,16,5,16,5,16,5,16,4,15,3,15,3,15,3,15,3,16,4,16,4,17,4,17,4,18,4,19,3,19,3,0,0,20,5,18,5,18,5,17,5,16,5,16,5,17,6,17,6,18,7,18,6,18,5,17,4,16,3,15,4,15,4,15,4,15,4,15,5,14,5,14,6,13,6,13,7,13,7,12,7,11,7,10,8,8,8,7,9,0,0,0,0,0,0]"
CSI_DATA,4337325,1a:00:00:00:00:00,-70,11,-93,4,53,6,4337325,47,0,128,0,"[0,0,0,0,0,0,0,0,17,2,17,2,17,2,17,3,17,4,17,4,17,5,17,5,16,5,16,5,16,4,16,4,16,4,17,3,17,3,17,2,17,1,16,1,16,1,16,0,16,-1,16,-1,16,-2,17,-4,17,-5,17,-6,17,-7,17,-7,0,0,18,-9,18,-8,17,-8,17,-8,16,-8,16,-8,16,-9,16,-9,16,-10,15,-11,13,-12,12,-12,11,-12,10,-11,10,-11,10,-12,9,-11,9,-12,9,-12,9,-11,9,-11,9,-11,9,-11,9,-11,8,-9,8,-9,8,-7,7,-7,0,0,0,0,0,0]"
CSI_DATA,4341325,1a:00:00:00:00:00,-70,11,-93,4,53,6,4341325,47,0,128,0,"[0,0,0,0,0,0,0,0,-8,-13,-8,-13,-9,-14,-8,-15,-8,-16,-8,-16,-7,-16,-6,-15,-6,-15,-6,-15,-6,-15,-5,-15,-6,-16,-6,-15,-7,-15,-9,-14,-9,-13,-10,-12,-11,-11,-11,-10,-12,-10,-13,-9,-14,-10,-15,-9,-15,-9,-16,-8,-16,-8,-16,-7,0,0,-17,-7,-17,-6,-18,-6,-18,-5,-18,-4,-18,-3,-17,-3,-16,-3,-17,-2,-16,-2,-17,-1,-17,0,-16,2,-16,4,-15,4,-15,5,-14,6,-14,6,-14,5,-14,4,-14,4,-14,3,-14,3,-14,2,-13,2,-12,2,-12,2,-11,2,0,0,0,0,0,0]"
CSI_DATA,4347325,1a:00:00:00:00:00,-70,11,-93,4,53,6,4347325,47,0,128,0,"[0,0,0,0,0,0,0,0,-17,1,-17,0,-17,0,-17,-1,-17,-2,-18,-3,-18,-4,-17,-4,-17,-4,-17,-4,-16,-4,-16,-3,-15,-4,-15,-3,-16,-3,-16,-2,-16,-1,-15,-1,-15,0,-15,0,-15,1,-15,1,-16,2,-17,3,-17,3,-17,3,-17,3,-17,3,0,0,-19,7,-18,6,-18,6,-17,6,-17,6,-16,7,-16,6,-15,6,-15,5,-14,6,-14,6,-14,8,-13,8,-13,9,-12,9,-12,9,-12,9,-12,9,-12,9,-12,9,-12,8,-12,8,-12,8,-11,7,-11,6,-10,6,-9,5,-8,4,0,0,0,0,0,0]"
CSI_DATA,4349325,1a:00:00:00:00:00,-70,11,-93,4,53,6,4349325,47,0,128,0,"[0,0,0,0,0,0,0,0,-4,-15,-3,-16,-2,-16,-1,-17,1,-17,2,-18,4,-17,5,-17,6,-17,6,-17,5,-16,5,-16,4,-16,5,-15,5,-16,5,-15,4,-15,4,-15,4,-15,3,-16,3,-16,3,-16,3,-17,2,-17,2,-17,2,-18,3,-18,3,-18,0,0,3,-18,3,-18,3,-19,4,-19,4,-19,4,-18,4,-18,3,-18,4,-18,3,-18,2,-18,1,-17,0,-17,0,-16,1,-16,1,-16,2,-15,2,-15,2,-15,3,-14,4,-14,5,-13,5,-13,5,-12,6,-11,5,-10,6,-9,6,-8,0,0,0,0,0,0]"
CSI_DATA,4353325,1a:00:00:00:00:00,-70,11,-93,4,53,6,4353325,47,0,128,0,"[0,0,0,0,0,0,0,0,-11,12,-12,12,-12,12,-13,11,-14,10,-15,10,-16,9,-17,8,-16,8,-16,7,-15,7,-14,7,-14,7,-14,7,-14,8,-14,8,-14,8,-14,7,-14,8,-13,8,-13,9,-13,9,-14,10,-13,11,-13,11,-13,12,-14,12,-14,13,0,0,-15,13,-14,12,-15,11,-14,11,-14,11,-14,11,-13,11,-12,11,-11,11,-10,11,-10,11,-10,12,-11,12,-11,12,-10,12,-11,13,-10,13,-11,12,-10,12,-10,11,-10,10,-10,10,-10,9,-11,9,-11,7,-11,6,-10,5,-9,5,0,0,0,0,0,0]"
CSI_DATA,4357633,1a:00:00:00:00:00,-71,11,-93,4,53,6,4357633,47,0,128,0,"[0,0,0,0,0,0,0,0,16,5,15,5,15,6,15,7,15,8,15,10,14,11,13,12,12,12,11,12,11,12,11,12,11,11,12,12,12,11,13,11,12,10,13,9,13,8,13,8,13,8,13,8,14,8,16,7,16,8,17,8,16,8,16,8,0,0,19,8,18,7,18,7,17,7,17,7,17,7,16,7,15,5,14,5,14,4,14,3,14,3,15,4,15,3,16,3,16,2,16,3,16,3,16,3,15,3,14,4,13,4,13,4,13,4,11,5,10,5,9,5,8,6,0,0,0,0,0,0]"
CSI_DATA,4361325,1a:00:00:00:00:00,-70,11,-93,4,53,6,4361325,47,0,128,0,"[0,0,0,0,0,0,0,0,-10,-13,-9,-14,-9,-15,-9,-16,-8,-17,-8,-18,-7,-17,-6,-17,-5,-17,-5,-17,-5,-16,-5,-16,-5,-16,-6,-15,-6,-14,-7,-14,-8,-14,-8,-13,-9,-13,-10,-13,-10,-13,-10,-13,-11,-13,-12,-13,-13,-12,-14,-12,-14,-12,-14,-13,0,0,-15,-13,-15,-12,-15,-12,-15,-12,-14,-11,-14,-10,-13,-10,-13,-10,-13,-10,-14,-10,-15,-9,-15,-7,-16,-7,-16,-5,-15,-5,-15,-4,-15,-5,-15,-5,-14,-5,-14,-5,-14,-5,-13,-5,-13,-5,-12,-5,-12,-6,-11,-6,-10,-6,-9,-6,0,0,0,0,0,0]"
CSI_DATA,4367325,1a:00:00:00:00:00,-70,11,-93,4,53,6,4367325,47,0,128,0,"[0,0,0,0,0,0,0,0,-16,-2,-16,-2,-16,-2,-17,-3,-17,-4,-17,-5,-17,-6,-16,-7,-15,-7,-15,-8,-14,-8,-14,-8,-14,-8,-14,-8,-14,-7,-14,-6,-14,-6,-13,-5,-14,-5,-15,-4,-15,-5,-16,-4,-16,-4,-17,-4,-17,-4,-17,-4,-18,-4,-18,-3,0,0,-19,-5,-19,-4,-19,-4,-18,-4,-18,-4,-16,-4,-16,-5,-16,-5,-16,-5,-16,-4,-17,-3,-17,-2,-16,-2,-15,-1,-14,-2,-15,-1,-15,-1,-15,-1,-15,-1,-15,-2,-14,-2,-13,-3,-13,-3,-12,-4,-11,-4,-10,-5,-9,-5,-8,-5,0,0,0,0,0,0]"
CSI_DATA,4371325,1a:00:00:00:00:00,-70,11,-93,4,53,6,4371325,47,0,128,0,"[0,0,0,0,0,0,0,0,9,13,8,14,8,15,8,16,7,17,7,18,6,18,5,18,5,17,4,17,4,16,4,16,4,16,5,16,5,16,5,15,6,15,6,14,6,14,6,13,7,14,7,14,8,14,9,14,9,15,10,15,10,15,11,14,0,0,12,16,11,15,11,15,11,15,10,15,10,15,11,14,11,13,11,12,11,12,11,11,11,11,11,10,11,10,12,10,11,9,12,9,12,10,12,10,11,10,11,11,10,10,10,10,9,10,8,10,7,10,6,10,6,10,0,0,0,0,0,0]"
CSI_DATA,4377325,1a:00:00:00:00:00,-70,11,-93,4,53,6,4377325,47,0,128,0,"[0,0,0,0,0,0,0,0,16,-4,17,-3,18,-2,18,-1,19,1,19,1,19,3,18,4,17,5,17,6,17,5,17,5,16,5,16,4,16,4,16,4,15,4,15,4,15,4,15,4,15,4,15,3,16,3,17,3,17,3,18,3,19,3,19,3,0,0,18,4,18,4,18,5,18,4,18,5,17,4,16,4,15,3,15,4,15,3,15,3,15,3,15,4,16,3,15,3,15,2,15,3,16,3,15,3,15,4,14,5,14,5,12,5,12,6,11,6,10,6,9,6,8,6,0,0,0,0,0,0]"
CSI_DATA,4387733,1a:00:00:00:00:00,-70,11,-93,4,53,6,4387733,47,0,128,0,"[0,0,0,0,0,0,0,0,9,-13,9,-13,11,-12,12,-12,14,-11,15,-10,16,-10,16,-8,15,-7,15,-6,15,-5,15,-5,15,-5,16,-5,16,-5,16,-5,16,-4,16,-4,15,-4,15,-5,15,-4,15,-4,16,-4,16,-5,16,-5,16,-6,17,-6,17,-6,0,0,18,-4,18,-4,18,-3,17,-3,18,-3,18,-2,17,-2,16,-1,15,-1,15,-1,15,-1,15,-1,16,-1,16,-1,15,-1,16,-1,15,-1,15,-1,14,0,14,1,14,2,14,2,13,3,13,4,11,5,10,5,8,5,8,5,0,0,0,0,0,0]"
CSI_DATA,4389325,1a:00:00:00:00:00,-71,11,-93,4,53,6,4389325,47,0,128,0,"[0,0,0,0,0,0,0,0,14,-5,15,-5,15,-5,16,-4,16,-3,17,-3,17,-2,18,-1,17,-1,17,-1,17,-1,17,0,16,-1,16,-1,16,-1,16,-2,15,-2,15,-3,15,-4,14,-5,14,-6,14,-7,14,-8,14,-8,15,-8,16,-8,16,-8,16,-9,0,0,16,-9,16,-9,15,-9,15,-10,15,-9,15,-9,13,-10,12,-11,11,-12,10,-12,10,-12,10,-12,10,-11,11,-11,10,-12,9,-12,9,-11,9,-12,9,-12,9,-12,9,-11,9,-11,9,-10,9,-9,9,-7,9,-7,9,-5,9,-5,0,0,0,0,0,0]"
CSI_DATA,4391325,1a:00:00:00:00:00,-71,11,-93,4,53,6,4391325,47,0,128,0,"[0,0,0,0,0,0,0,0,9,12,8,13,8,14,6,15,6,16,5,17,4,17,3,17,2,17,1,16,1,17,1,17,1,16,1,16,2,15,2,15,2,15,1,14,2,15,2,15,3,15,3,15,4,15,4,16,4,17,3,17,3,18,4,18,0,0,4,19,3,18,3,18,2,18,2,17,2,17,1,17,0,17,0,17,0,17,1,17,2,17,4,16,4,15,4,14,3,14,3,14,2,14,2,14,1,15,1,14,1,14,0,13,-1,13,-2,12,-3,11,-3,10,-3,9,0,0,0,0,0,0]"
CSI_DATA,4393325,1a:00:00:00:00:00,-70,11,-93,4,53,6,4393325,47,0,128,0,"[0,0,0,0,0,0,0,0,-12,-11,-11,-11,-11,-11,-10,-12,-10,-13,-11,-14,-11,-14,-11,-14,-11,-14,-10,-13,-9,-13,-9,-14,-9,-14,-9,-14,-9,-13,-10,-12,-10,-11,-10,-10,-11,-10,-12,-9,-13,-9,-13,-8,-14,-7,-15,-7,-15,-7,-16,-7,-16,-8,-16,-8,0,0,-18,-6,-17,-6,-17,-6,-17,-6,-16,-5,-16,-3,-17,-3,-17,-3,-18,-2,-17,-2,-17,-2,-17,-1,-15,0,-14,0,-15,0,-15,0,-14,1,-14,1,-14,2,-14,2,-14,2,-14,1,-13,1,-12,0,-11,0,-10,-1,-10,-1,-9,-1,0,0,0,0,0,0]"
CSI_DATA,4397325,1a:00:00:00:00:00,-70,11,-93,4,53,6,4397325,47,0,128,0,"[0,0,0,0,0,0,0,0,16,-1,16,0,17,1,17,3,16,4,16,5,16,7,16,7,15,8,15,8,14,9,13,10,12,10,12,10,12,10,13,10,13,10,13,10,12,9,12,8,12,8,12,8,13,8,14,10,13,11,14,11,13,11,14,11,0,0,14,13,13,13,12,13,11,13,11,13,11,13,10,13,10,13,9,14,9,14,10,14,10,13,10,13,10,12,9,12,9,13,8,13,7,13,8,13,7,14,6,13,5,13,4,13,3,13,1,12,0,11,0,10,0,10,0,0,0,0,0,0]"
CSI_DATA,4401325,1a:00:00:00:00:00,-71,11,-93,4,53,6,4401325,47,0,128,0,"[0,0,0,0,0,0,0,0,-10,-13,-9,-13,-8,-14,-7,-14,-6,-15,-6,-16,-5,-17,-3,-17,-3,-18,-2,-17,-1,-17,0,-16,0,-17,0,-16,-1,-16,-1,-16,-1,-16,-1,-15,-1,-15,-1,-15,-2,-16,-2,-15,-3,-16,-3,-17,-3,-17,-2,-16,-2,-16,-1,-16,0,0,-2,-19,-1,-19,-1,-19,0,-19,0,-18,1,-17,0,-16,-1,-16,-2,-15,-1,-15,-1,-15,0,-15,0,-15,0,-15,0,-15,0,-15,0,-15,1,-15,1,-15,2,-14,2,-14,2,-13,4,-12,6,-11,6,-10,7,-9,7,-9,6,-8,0,0,0,0,0,0]"
