type,seq,mac,rssi,rate,noise_floor,fft_gain,agc_gain,channel,local_timestamp,sig_len,rx_state,len,first_word,data
CSI_DATA,346530,1a:00:00:00:00:00,-52,11,-95,4,38,6,346530,47,0,128,0,"[0,0,0,0,0,0,0,0,8,0,10,2,9,-1,11,2,9,1,10,2,9,3,10,4,12,2,9,3,10,2,10,4,11,2,12,1,10,1,10,1,10,0,9,1,10,0,10,0,9,-1,10,-1,9,-1,10,-3,11,-4,11,-4,10,-2,11,-4,0,0,12,-6,11,-4,11,-4,11,-5,8,-3,8,-7,9,-5,6,-4,6,-7,4,-9,7,-7,7,-7,6,-6,4,-7,5,-8,4,-9,3,-8,4,-7,4,-8,3,-8,5,-9,4,-7,6,-7,5,-8,6,-7,6,-6,6,-5,4,-6,0,0,0,0,0,0]"
CSI_DATA,498050,1a:00:00:00:00:00,-58,11,-95,4,44,6,498050,47,0,128,0,"[0,0,0,0,0,0,0,0,-13,-27,-10,-25,-11,-29,-10,-32,-6,-31,-6,-36,-2,-33,-1,-33,0,-35,4,-33,2,-34,5,-30,5,-32,4,-33,5,-32,3,-33,4,-32,2,-33,2,-31,3,-31,1,-33,1,-33,1,-32,1,-35,3,-34,2,-35,1,-36,5,-35,0,0,5,-39,2,-36,3,-37,4,-36,4,-33,4,-34,3,-32,4,-31,2,-31,2,-32,1,-31,1,-29,1,-31,0,-30,0,-30,0,-30,0,-29,2,-30,3,-30,4,-28,5,-30,5,-29,7,-28,8,-27,11,-24,12,-24,11,-19,12,-19,0,0,0,0,0,0]"
CSI_DATA,499663,1a:00:00:00:00:00,-58,11,-95,4,44,6,499663,47,0,128,0,"[0,0,0,0,0,0,0,0,-3,-29,-1,-29,0,-30,-1,-33,0,-33,0,-35,1,-32,3,-33,2,-35,6,-31,2,-32,6,-33,4,-33,4,-34,2,-32,-2,-34,-3,-33,-6,-35,-6,-32,-7,-29,-8,-33,-10,-31,-11,-33,-12,-31,-14,-31,-13,-33,-17,-35,-17,-32,0,0,-20,-32,-20,-30,-21,-32,-21,-27,-19,-28,-21,-28,-21,-24,-21,-24,-23,-22,-24,-20,-24,-20,-24,-18,-25,-18,-25,-15,-26,-14,-26,-13,-28,-12,-27,-13,-28,-12,-25,-13,-28,-12,-27,-12,-25,-13,-24,-14,-23,-16,-22,-14,-18,-14,-18,-15,0,0,0,0,0,0]"
CSI_DATA,501659,1a:00:00:00:00:00,-53,11,-95,4,39,6,501659,47,0,128,0,"[0,0,0,0,0,0,0,0,-2,15,-1,17,-3,17,-4,18,-4,18,-6,20,-6,18,-8,17,-8,18,-10,16,-9,18,-9,15,-10,16,-11,17,-9,15,-9,16,-7,17,-8,18,-7,17,-6,16,-7,18,-6,19,-5,19,-4,18,-6,20,-6,19,-5,20,-6,18,0,0,-5,20,-4,19,-7,20,-5,18,-4,18,-4,19,-3,18,-2,17,-3,17,-3,19,-2,18,-1,16,-1,18,0,17,0,16,0,18,1,16,-1,17,0,17,-1,17,-1,17,-1,17,-2,16,-3,16,-5,15,-5,14,-4,11,-5,12,0,0,0,0,0,0]"
CSI_DATA,503659,1a:00:00:00:00:00,-58,11,-95,4,44,6,503659,47,0,128,0,"[0,0,0,0,0,0,0,0,15,-24,17,-22,19,-25,22,-24,23,-22,25,-23,27,-21,28,-19,30,-16,29,-13,30,-16,31,-9,33,-12,33,-10,32,-9,31,-10,30,-11,32,-14,31,-13,29,-11,30,-12,30,-11,32,-12,32,-11,34,-12,35,-10,35,-11,35,-10,0,0,40,-11,35,-8,34,-10,36,-11,34,-8,34,-7,32,-6,31,-5,29,-7,31,-6,31,-8,29,-6,30,-8,28,-7,29,-8,29,-10,29,-9,30,-5,30,-5,28,-3,30,-3,28,-2,28,2,28,2,27,5,27,7,21,8,21,9,0,0,0,0,0,0]"
CSI_DATA,505659,1a:00:00:00:00:00,-58,11,-95,4,44,6,505659,47,0,128,0,"[0,0,0,0,0,0,0,0,-17,-24,-14,-24,-16,-27,-16,-28,-14,-29,-16,-32,-12,-32,-12,-32,-12,-32,-7,-31,-11,-33,-8,-31,-10,-32,-8,-33,-9,-31,-12,-32,-12,-31,-16,-31,-16,-29,-15,-28,-16,-29,-18,-28,-18,-27,-20,-28,-19,-29,-20,-28,-24,-29,-21,-28,0,0,-26,-29,-26,-27,-23,-27,-26,-25,-23,-24,-24,-24,-24,-22,-22,-21,-26,-18,-26,-18,-26,-17,-26,-17,-27,-16,-25,-13,-27,-13,-28,-13,-27,-12,-27,-12,-27,-11,-25,-13,-28,-12,-26,-14,-24,-15,-23,-14,-22,-16,-21,-16,-16,-16,-17,-16,0,0,0,0,0,0]"
CSI_DATA,507735,1a:00:00:00:00:00,-58,11,-95,4,44,6,507735,47,0,128,0,"[0,0,0,0,0,0,0,0,18,23,16,23,14,27,14,28,11,32,11,32,9,34,7,33,5,35,2,33,2,34,1,34,2,34,3,34,3,32,5,33,3,31,4,34,3,31,2,31,5,33,4,34,4,33,3,33,5,35,9,35,7,36,5,37,0,0,6,38,2,35,4,36,3,36,2,33,3,37,3,33,3,31,2,31,6,32,7,31,6,29,7,31,7,28,6,29,6,29,8,30,6,30,4,31,3,29,3,30,0,30,0,29,0,28,-3,27,-5,26,-7,23,-7,22,0,0,0,0,0,0]"
CSI_DATA,509659,1a:00:00:00:00:00,-58,11,-95,4,44,6,509659,47,0,128,0,"[0,0,0,0,0,0,0,0,28,6,27,7,31,7,31,8,31,9,33,10,30,12,31,13,33,13,29,13,32,12,28,14,32,13,31,12,31,10,31,9,32,8,34,6,33,5,31,4,32,3,34,2,33,0,36,-3,37,-2,35,-3,37,-3,37,-3,0,0,36,-8,36,-7,35,-8,36,-10,32,-8,33,-11,30,-10,29,-11,28,-12,29,-15,27,-17,27,-16,26,-18,24,-18,23,-21,22,-21,21,-21,22,-22,20,-22,20,-21,22,-21,21,-20,23,-18,22,-18,23,-16,22,-16,20,-13,20,-11,0,0,0,0,0,0]"
CSI_DATA,511659,1a:00:00:00:00:00,-58,11,-95,4,44,6,511659,47,0,128,0,"[0,0,0,0,0,0,0,0,-21,-21,-20,-21,-20,-23,-20,-24,-19,-26,-21,-28,-17,-28,-15,-29,-15,-30,-13,-29,-14,-31,-10,-30,-11,-29,-12,-32,-12,-31,-14,-29,-14,-30,-17,-30,-16,-28,-13,-27,-17,-29,-18,-29,-18,-26,-20,-27,-21,-30,-20,-29,-21,-30,-19,-27,0,0,-24,-30,-20,-30,-21,-27,-22,-28,-20,-27,-21,-27,-19,-25,-20,-26,-20,-23,-22,-22,-21,-23,-21,-21,-23,-22,-22,-18,-23,-20,-23,-18,-23,-19,-23,-20,-24,-19,-21,-20,-23,-20,-21,-21,-18,-21,-18,-23,-16,-23,-14,-22,-10,-19,-10,-21,0,0,0,0,0,0]"
CSI_DATA,513659,1a:00:00:00:00:00,-58,11,-95,4,44,6,513659,47,0,128,0,"[0,0,0,0,0,0,0,0,8,28,4,27,4,31,1,32,1,33,-1,35,-4,34,-7,31,-9,32,-13,30,-12,33,-14,30,-14,31,-15,31,-13,29,-12,30,-13,28,-13,32,-12,30,-13,27,-12,30,-14,30,-15,29,-15,30,-16,31,-15,31,-16,34,-19,30,0,0,-20,37,-18,30,-19,30,-20,30,-16,28,-19,29,-19,26,-19,25,-19,27,-18,29,-16,27,-16,26,-15,27,-14,25,-15,27,-14,26,-16,25,-17,24,-18,24,-20,20,-20,22,-20,20,-21,19,-23,18,-23,15,-23,13,-20,9,-21,9,0,0,0,0,0,0]"
CSI_DATA,515659,1a:00:00:00:00:00,-58,11,-95,4,44,6,515659,47,0,128,0,"[0,0,0,0,0,0,0,0,28,5,27,8,31,8,31,10,30,12,33,12,30,13,31,15,30,17,28,17,30,17,27,17,30,16,29,17,30,16,30,14,29,12,33,11,31,10,29,9,31,11,31,10,31,9,32,8,35,7,34,6,37,6,35,5,0,0,39,5,37,4,36,5,36,1,33,3,35,2,32,3,31,1,33,0,34,-3,32,-5,30,-4,31,-6,28,-7,29,-6,29,-7,28,-9,30,-8,30,-9,29,-6,29,-7,28,-5,28,-3,28,-4,27,-3,27,-2,23,1,23,0,0,0,0,0,0,0]"
CSI_DATA,517659,1a:00:00:00:00:00,-58,11,-95,4,44,6,517659,47,0,128,0,"[0,0,0,0,0,0,0,0,-25,-17,-20,-20,-20,-22,-21,-24,-20,-25,-21,-29,-18,-29,-15,-30,-14,-31,-11,-30,-13,-31,-10,-31,-11,-31,-11,-31,-11,-31,-11,-31,-11,-30,-14,-31,-14,-29,-11,-28,-13,-31,-13,-31,-14,-30,-14,-32,-12,-33,-15,-32,-16,-37,-15,-32,0,0,-14,-35,-15,-33,-13,-32,-14,-33,-13,-32,-13,-32,-13,-29,-11,-29,-13,-28,-12,-29,-14,-29,-14,-27,-14,-28,-13,-26,-14,-25,-15,-26,-14,-27,-13,-26,-13,-28,-10,-26,-11,-28,-8,-27,-8,-28,-6,-29,-3,-27,-1,-26,0,-23,0,-23,0,0,0,0,0,0]"
CSI_DATA,523659,1a:00:00:00:00:00,-58,11,-95,4,44,6,523659,47,0,128,0,"[0,0,0,0,0,0,0,0,-28,-11,-25,-13,-27,-14,-26,-17,-26,-21,-27,-22,-24,-25,-21,-25,-21,-28,-17,-28,-18,-28,-14,-28,-16,-29,-15,-30,-16,-29,-16,-30,-14,-29,-17,-30,-15,-28,-13,-27,-14,-29,-14,-30,-15,-30,-15,-30,-15,-31,-15,-33,-15,-33,-12,-34,0,0,-14,-35,-13,-36,-12,-34,-11,-34,-11,-30,-10,-33,-10,-32,-7,-30,-9,-29,-9,-30,-10,-30,-9,-28,-10,-31,-9,-28,-11,-28,-10,-27,-10,-30,-8,-28,-6,-30,-5,-29,-3,-30,-2,-30,1,-30,0,-28,4,-28,6,-24,7,-22,8,-22,0,0,0,0,0,0]"
CSI_DATA,525659,1a:00:00:00:00:00,-58,11,-95,4,44,6,525659,47,0,128,0,"[0,0,0,0,0,0,0,0,-14,26,-15,24,-18,26,-19,27,-19,26,-21,26,-23,26,-23,22,-25,24,-25,20,-25,22,-25,20,-26,22,-26,22,-23,23,-22,25,-22,24,-22,28,-20,25,-19,25,-18,26,-19,26,-19,27,-17,27,-18,31,-16,29,-17,32,-15,33,0,0,-19,34,-16,33,-16,31,-14,34,-13,29,-15,32,-13,30,-11,29,-10,31,-10,33,-6,31,-5,30,-5,31,-3,28,-3,31,-2,29,-1,31,-3,29,-4,31,-4,30,-4,31,-4,28,-5,29,-5,28,-8,26,-9,25,-10,21,-9,20,0,0,0,0,0,0]"
CSI_DATA,527659,1a:00:00:00:00:00,-58,11,-95,4,44,6,527659,47,0,128,0,"[0,0,0,0,0,0,0,0,26,-13,27,-9,30,-11,31,-8,32,-6,34,-4,34,-3,34,-1,36,1,33,4,34,4,32,7,34,4,33,5,32,5,33,5,31,6,34,2,31,2,31,4,32,3,33,4,32,4,34,2,35,4,36,1,37,6,37,3,0,0,38,5,37,6,35,5,36,4,33,5,34,4,32,7,31,6,31,6,34,5,33,2,31,1,32,2,27,1,31,0,29,1,30,0,31,3,30,3,29,5,30,5,27,6,25,9,27,9,25,10,23,11,19,13,19,12,0,0,0,0,0,0]"
CSI_DATA,550195,1a:00:00:00:00:00,-58,11,-95,4,44,6,550195,47,0,128,0,"[0,0,0,0,0,0,0,0,31,-1,29,0,29,0,32,2,32,5,35,4,32,7,32,7,34,9,31,11,32,8,31,11,33,8,33,9,33,7,32,6,32,7,34,2,32,2,32,2,32,2,33,1,33,1,33,0,35,-1,37,-3,36,-3,36,-2,0,0,38,-3,36,-4,36,-5,37,-7,33,-6,35,-7,31,-6,31,-7,31,-9,32,-14,30,-14,27,-12,28,-13,25,-13,26,-15,26,-15,26,-16,26,-15,26,-16,25,-14,27,-15,26,-12,25,-11,25,-12,25,-9,26,-8,22,-4,22,-5,0,0,0,0,0,0]"
CSI_DATA,550410,1a:00:00:00:00:00,-58,11,-95,4,44,6,550410,47,0,128,0,"[0,0,0,0,0,0,0,0,-18,-23,-17,-23,-16,-25,-16,-27,-14,-30,-15,-30,-12,-31,-11,-32,-10,-33,-7,-32,-8,-31,-9,-31,-10,-30,-11,-32,-11,-30,-14,-30,-12,-29,-15,-31,-14,-28,-14,-27,-15,-29,-16,-28,-16,-27,-18,-28,-20,-29,-21,-28,-23,-29,-19,-26,0,0,-23,-28,-22,-30,-21,-28,-22,-28,-21,-25,-22,-27,-22,-24,-22,-24,-22,-22,-23,-20,-25,-19,-24,-18,-26,-18,-24,-15,-24,-16,-25,-15,-26,-14,-26,-16,-26,-16,-24,-16,-25,-16,-22,-17,-23,-16,-22,-16,-20,-17,-19,-19,-13,-18,-14,-17,0,0,0,0,0,0]"
CSI_DATA,550616,1a:00:00:00:00:00,-58,11,-95,4,44,6,550616,47,0,128,0,"[0,0,0,0,0,0,0,0,14,26,13,25,12,28,12,29,9,32,9,33,7,34,5,31,5,34,2,31,4,32,2,33,3,33,3,31,5,32,8,33,5,31,8,33,9,29,9,31,9,31,11,32,10,31,13,32,11,33,13,34,13,34,14,32,0,0,15,35,17,33,18,31,17,33,13,28,16,30,15,29,14,27,17,26,20,26,20,24,19,23,19,23,19,20,21,22,21,20,22,20,19,21,22,22,20,21,19,24,18,21,17,23,16,22,15,22,12,22,10,21,9,21,0,0,0,0,0,0]"
CSI_DATA,560979,1a:00:00:00:00:00,-58,11,-95,4,44,6,560979,47,0,128,0,"[0,0,0,0,0,0,0,0,29,1,28,3,31,3,32,4,31,8,36,9,31,11,31,11,31,12,30,14,30,13,28,14,30,14,32,13,29,14,30,13,30,12,32,11,31,10,28,8,32,11,33,10,33,8,33,8,34,8,34,7,36,9,36,6,0,0,39,7,35,8,37,7,35,7,33,6,35,6,33,4,32,6,31,4,31,2,32,0,30,1,31,0,29,0,31,-1,31,-3,30,-3,30,-2,31,-2,29,-1,30,0,28,2,27,3,27,3,27,5,25,5,21,7,22,9,0,0,0,0,0,0]"
CSI_DATA,569659,1a:00:00:00:00:00,-52,11,-95,4,39,6,569659,47,0,128,0,"[0,0,0,0,0,0,0,0,14,8,13,9,14,10,14,12,13,13,14,13,13,14,13,14,13,15,11,14,12,14,11,15,13,15,13,14,13,13,15,13,13,13,14,13,14,11,14,11,14,11,15,12,16,10,16,11,18,10,18,9,19,8,18,8,0,0,19,7,20,9,18,8,19,7,17,7,17,7,17,5,17,7,15,5,17,2,17,2,16,2,17,1,16,0,18,0,16,-1,18,0,17,0,17,0,16,0,16,1,16,1,16,1,15,1,15,2,14,4,12,4,13,3,0,0,0,0,0,0]"
CSI_DATA,571659,1a:00:00:00:00:00,-58,11,-95,4,44,6,571659,47,0,128,0,"[0,0,0,0,0,0,0,0,-16,-25,-14,-24,-12,-28,-10,-29,-9,-31,-9,-33,-6,-32,-3,-32,-2,-34,0,-32,0,-33,1,-32,0,-33,-2,-33,-2,-33,-4,-33,-1,-30,-3,-35,-1,-31,-2,-33,-4,-32,-3,-33,-5,-33,-3,-34,-4,-35,-6,-34,-6,-35,-3,-35,0,0,-5,-36,-6,-37,-4,-34,-2,-35,-4,-30,-3,-34,-4,-32,-3,-31,-2,-32,-7,-33,-7,-30,-9,-30,-8,-31,-8,-26,-7,-28,-7,-27,-10,-30,-7,-29,-7,-30,-4,-28,-3,-30,-2,-28,-3,-29,-1,-28,1,-26,5,-24,5,-22,6,-21,0,0,0,0,0,0]"
CSI_DATA,573659,1a:00:00:00:00:00,-58,11,-95,4,44,6,573659,47,0,128,0,"[0,0,0,0,0,0,0,0,-29,5,-28,3,-31,3,-32,2,-32,-1,-34,-2,-33,-3,-33,-4,-36,-4,-32,-5,-33,-5,-31,-3,-35,0,-34,-1,-32,1,-32,2,-32,2,-33,5,-32,6,-31,6,-31,8,-32,8,-31,10,-32,12,-32,15,-31,15,-32,17,-31,18,0,0,-32,22,-32,19,-30,20,-29,21,-27,19,-29,21,-25,21,-23,20,-22,21,-20,23,-19,26,-17,24,-17,26,-13,25,-14,26,-14,27,-12,28,-11,28,-12,28,-12,26,-11,29,-13,24,-12,25,-13,24,-13,24,-14,23,-13,18,-14,18,0,0,0,0,0,0]"
CSI_DATA,575686,1a:00:00:00:00:00,-58,11,-95,4,44,6,575686,47,0,128,0,"[0,0,0,0,0,0,0,0,-23,19,-22,17,-25,17,-27,16,-28,15,-32,16,-30,12,-33,11,-34,11,-31,9,-32,10,-31,8,-32,7,-33,9,-31,9,-30,11,-29,9,-32,13,-28,14,-28,14,-29,13,-29,13,-29,14,-30,15,-31,18,-30,18,-33,17,-33,18,0,0,-33,19,-32,17,-30,18,-31,19,-29,18,-28,18,-28,15,-26,16,-27,17,-26,22,-24,22,-23,19,-22,21,-19,20,-21,22,-20,23,-20,23,-21,22,-22,22,-22,19,-23,21,-22,18,-22,17,-22,17,-23,15,-22,13,-20,8,-20,8,0,0,0,0,0,0]"
CSI_DATA,581659,1a:00:00:00:00:00,-58,11,-95,4,44,6,581659,47,0,128,0,"[0,0,0,0,0,0,0,0,29,3,27,5,29,8,29,8,31,13,30,13,31,16,29,17,29,18,27,18,26,18,26,19,27,20,26,20,27,20,26,20,25,18,28,20,27,18,26,18,28,17,29,18,28,16,29,18,32,17,32,18,32,18,31,17,0,0,31,18,30,20,29,20,30,20,28,19,30,19,27,17,26,17,26,16,30,13,30,16,26,15,26,14,26,12,26,13,27,12,29,13,26,13,28,14,25,14,25,15,23,16,23,18,22,18,19,19,17,18,14,20,14,18,0,0,0,0,0,0]"
CSI_DATA,585659,1a:00:00:00:00:00,-58,11,-95,4,44,6,585659,47,0,128,0,"[0,0,0,0,0,0,0,0,-24,18,-24,13,-28,14,-28,15,-30,12,-32,11,-32,8,-33,7,-32,8,-32,5,-33,7,-33,4,-33,5,-33,5,-30,5,-32,7,-31,6,-33,9,-31,9,-30,8,-31,9,-31,10,-31,12,-31,10,-33,14,-31,13,-33,15,-33,13,0,0,-35,16,-33,13,-33,12,-33,15,-29,13,-31,15,-29,13,-29,12,-29,15,-28,16,-28,17,-26,16,-25,18,-23,17,-23,17,-23,18,-23,19,-24,18,-25,20,-24,16,-24,17,-24,14,-24,13,-23,12,-24,10,-25,8,-22,6,-23,5,0,0,0,0,0,0]"
CSI_DATA,589659,1a:00:00:00:00:00,-58,11,-95,4,44,6,589659,47,0,128,0,"[0,0,0,0,0,0,0,0,4,-29,7,-28,9,-29,9,-29,13,-30,13,-32,14,-31,15,-29,16,-30,17,-26,17,-28,17,-28,16,-29,16,-30,13,-29,13,-30,12,-29,12,-33,11,-29,11,-31,10,-30,9,-32,6,-33,8,-33,7,-35,4,-35,5,-36,4,-35,0,0,3,-38,4,-36,3,-36,3,-35,2,-31,0,-35,-1,-31,-1,-30,-1,-33,-6,-34,-5,-33,-7,-29,-8,-30,-9,-27,-8,-30,-8,-27,-11,-28,-9,-28,-10,-30,-8,-27,-8,-28,-8,-27,-6,-28,-6,-27,-2,-28,-2,-25,-1,-22,1,-22,0,0,0,0,0,0]"
CSI_DATA,593660,1a:00:00:00:00:00,-58,11,-95,4,44,6,593660,47,0,128,0,"[0,0,0,0,0,0,0,0,14,27,13,26,12,27,13,29,11,31,11,32,9,33,10,32,9,33,7,30,9,32,8,31,9,33,11,32,13,31,13,31,12,28,16,30,16,27,16,26,19,28,20,28,19,25,22,26,24,28,24,27,27,27,26,25,0,0,28,25,29,24,28,22,28,23,26,21,29,20,28,17,27,17,28,14,30,10,30,12,29,10,30,10,27,7,28,6,29,5,30,4,29,4,31,4,28,5,30,5,28,5,28,5,27,7,25,8,25,6,22,9,22,10,0,0,0,0,0,0]"
CSI_DATA,595660,1a:00:00:00:00:00,-58,11,-95,4,44,6,595660,47,0,128,0,"[0,0,0,0,0,0,0,0,0,-29,4,-28,5,-30,6,-31,8,-32,9,-33,12,-32,13,-31,13,-31,15,-28,14,-30,16,-29,17,-29,17,-30,15,-29,12,-30,12,-29,13,-31,11,-28,12,-29,11,-31,9,-32,8,-32,7,-32,10,-35,8,-34,10,-34,13,-35,0,0,8,-35,9,-37,10,-35,9,-34,9,-31,6,-34,7,-32,6,-29,6,-32,4,-33,4,-34,3,-30,2,-30,0,-29,1,-31,1,-30,-1,-30,0,-29,1,-31,3,-28,3,-30,4,-28,4,-29,5,-27,8,-25,9,-24,10,-20,10,-21,0,0,0,0,0,0]"
CSI_DATA,599660,1a:00:00:00:00:00,-58,11,-95,4,44,6,599660,47,0,128,0,"[0,0,0,0,0,0,0,0,21,21,18,21,19,23,18,25,17,29,18,29,15,30,15,29,15,30,14,28,14,30,14,28,13,30,13,31,15,29,16,31,16,29,18,29,17,27,16,26,21,27,21,27,22,24,22,25,24,25,26,26,26,27,24,26,0,0,29,23,26,25,26,26,27,23,25,22,29,21,27,20,25,18,27,17,27,14,28,16,27,13,28,15,28,12,25,12,27,10,28,9,27,10,28,10,26,11,28,10,26,12,25,11,25,13,22,14,21,14,17,14,17,15,0,0,0,0,0,0]"
CSI_DATA,605660,1a:00:00:00:00:00,-58,11,-95,4,44,6,605660,47,0,128,0,"[0,0,0,0,0,0,0,0,25,16,23,18,23,20,24,21,23,23,24,26,22,27,19,25,20,27,17,27,18,27,15,27,17,29,16,31,16,27,19,28,17,26,20,27,20,25,17,25,21,26,22,25,22,25,23,26,23,26,24,28,22,28,23,25,0,0,26,25,24,26,25,27,24,26,25,24,25,26,24,22,23,23,23,21,25,20,25,21,22,19,23,20,24,17,25,17,25,17,25,17,24,18,24,16,23,17,25,18,22,19,21,21,20,20,17,21,16,21,12,19,11,20,0,0,0,0,0,0]"
CSI_DATA,607660,1a:00:00:00:00:00,-58,11,-95,4,44,6,607660,47,0,128,0,"[0,0,0,0,0,0,0,0,-14,-25,-9,-26,-8,-29,-8,-31,-6,-33,-5,-35,-2,-35,2,-33,0,-34,4,-31,4,-33,7,-31,9,-33,9,-32,8,-31,9,-32,7,-31,8,-34,8,-32,9,-31,7,-32,7,-31,6,-31,7,-32,10,-35,10,-33,12,-34,12,-33,0,0,13,-37,13,-34,14,-35,13,-32,12,-30,13,-32,12,-30,12,-29,13,-30,12,-31,14,-29,12,-27,14,-28,11,-27,12,-27,12,-27,11,-26,14,-27,13,-28,14,-24,15,-25,16,-24,17,-21,19,-19,22,-16,23,-15,19,-11,21,-9,0,0,0,0,0,0]"
CSI_DATA,611660,1a:00:00:00:00:00,-58,11,-95,4,44,6,611660,47,0,128,0,"[0,0,0,0,0,0,0,0,29,7,27,10,28,11,29,13,29,15,32,19,26,19,27,20,26,22,23,22,24,21,21,24,23,24,21,26,21,24,22,24,22,23,25,23,24,23,20,22,25,23,25,22,24,22,25,23,25,23,25,25,28,26,24,23,0,0,27,27,25,27,25,27,24,24,22,25,26,26,21,23,22,21,20,20,23,21,24,23,22,20,22,21,23,19,22,18,22,19,22,18,22,20,23,21,19,21,21,22,18,22,16,23,15,23,11,23,10,24,6,22,7,22,0,0,0,0,0,0]"
CSI_DATA,621660,1a:00:00:00:00:00,-58,11,-95,4,44,6,621660,47,0,128,0,"[0,0,0,0,0,0,0,0,-22,18,-23,17,-24,18,-27,18,-29,15,-31,15,-31,13,-31,9,-33,9,-31,7,-32,8,-30,4,-33,4,-33,5,-32,3,-32,5,-32,5,-34,9,-32,6,-29,6,-32,6,-31,7,-32,7,-32,8,-34,7,-35,6,-37,6,-36,6,0,0,-39,7,-36,6,-36,4,-35,5,-33,4,-34,5,-31,5,-31,4,-31,5,-33,6,-32,7,-29,6,-30,5,-27,7,-28,7,-30,7,-27,7,-30,5,-29,6,-28,3,-29,2,-29,1,-28,-2,-25,-3,-27,-6,-26,-6,-21,-8,-23,-9,0,0,0,0,0,0]"
CSI_DATA,625660,1a:00:00:00:00:00,-58,11,-95,4,44,6,625660,47,0,128,0,"[0,0,0,0,0,0,0,0,2,-30,4,-27,5,-30,9,-31,8,-31,10,-33,13,-30,16,-28,17,-30,17,-26,18,-30,18,-26,18,-28,19,-29,16,-28,16,-29,16,-28,15,-30,15,-29,14,-27,14,-28,14,-29,13,-31,13,-31,15,-32,12,-33,15,-31,15,-32,0,0,15,-34,12,-33,15,-34,15,-32,13,-29,13,-32,12,-29,13,-26,11,-31,8,-33,9,-30,7,-30,8,-31,6,-28,6,-29,6,-28,6,-29,8,-29,7,-28,9,-29,10,-28,10,-27,10,-25,12,-25,14,-23,14,-21,14,-18,13,-17,0,0,0,0,0,0]"
CSI_DATA,629660,1a:00:00:00:00:00,-58,11,-95,4,44,6,629660,47,0,128,0,"[0,0,0,0,0,0,0,0,15,24,13,24,13,27,15,28,12,30,14,33,9,32,10,31,9,33,5,30,8,32,5,31,7,31,5,33,7,31,9,32,9,31,11,32,11,29,10,28,12,31,12,29,15,29,15,31,14,30,16,32,16,34,15,33,0,0,21,32,17,31,19,29,18,30,17,27,19,28,17,25,19,26,18,23,19,25,21,23,21,22,22,22,21,20,22,19,22,19,24,19,22,19,22,18,20,19,22,19,21,20,19,21,17,20,15,23,14,21,10,19,10,19,0,0,0,0,0,0]"
CSI_DATA,635660,1a:00:00:00:00:00,-53,11,-95,4,39,6,635660,47,0,128,0,"[0,0,0,0,0,0,0,0,13,9,13,10,13,10,14,12,13,12,14,13,12,14,10,15,11,15,10,15,11,15,8,17,8,16,8,16,8,14,9,15,10,16,11,16,10,15,10,13,11,14,11,15,11,15,13,13,12,15,11,16,13,16,12,15,0,0,12,16,11,15,12,16,12,16,12,15,13,15,12,13,11,14,11,12,12,13,11,12,12,12,12,12,12,12,12,11,12,11,12,11,11,12,11,11,11,12,12,11,10,13,9,12,8,13,7,14,7,14,5,12,4,13,0,0,0,0,0,0]"
CSI_DATA,639660,1a:00:00:00:00:00,-58,11,-95,4,44,6,639660,47,0,128,0,"[0,0,0,0,0,0,0,0,-28,4,-28,2,-31,2,-32,2,-31,-1,-35,0,-33,-3,-33,-5,-33,-5,-31,-7,-33,-5,-29,-9,-32,-9,-33,-10,-31,-7,-33,-6,-31,-5,-34,-2,-31,-2,-30,-2,-32,-2,-33,0,-32,1,-33,1,-35,1,-35,-1,-36,1,-35,1,0,0,-35,4,-35,4,-36,2,-35,5,-32,3,-33,5,-32,3,-29,4,-32,7,-31,9,-30,9,-28,8,-28,9,-27,10,-27,12,-27,12,-27,12,-28,11,-27,13,-27,11,-29,11,-26,9,-28,6,-26,7,-27,4,-26,4,-21,1,-23,0,0,0,0,0,0,0]"
CSI_DATA,645660,1a:00:00:00:00:00,-58,11,-95,4,44,6,645660,47,0,128,0,"[0,0,0,0,0,0,0,0,-23,16,-23,15,-26,15,-28,15,-29,11,-30,13,-32,9,-32,7,-33,6,-32,4,-32,5,-31,1,-32,5,-32,3,-30,3,-32,4,-29,3,-33,8,-30,7,-29,5,-31,7,-31,7,-30,6,-32,7,-34,7,-33,9,-34,8,-34,8,0,0,-34,9,-37,8,-34,8,-34,9,-32,6,-32,8,-31,5,-28,5,-30,10,-30,11,-29,12,-27,10,-28,10,-26,9,-27,12,-25,11,-27,12,-28,9,-28,12,-29,8,-29,8,-26,7,-27,5,-26,4,-26,2,-25,1,-22,-2,-21,-2,0,0,0,0,0,0]"
CSI_DATA,649660,1a:00:00:00:00:00,-58,11,-95,4,44,6,649660,47,0,128,0,"[0,0,0,0,0,0,0,0,2,-28,3,-28,4,-30,7,-30,7,-32,8,-32,10,-32,11,-29,15,-32,14,-27,16,-30,16,-28,14,-30,15,-29,14,-29,11,-30,12,-28,10,-33,9,-29,10,-29,10,-30,9,-31,9,-30,6,-33,9,-34,7,-34,8,-35,9,-36,0,0,7,-35,5,-36,4,-34,6,-36,4,-31,5,-35,5,-32,5,-30,3,-30,1,-31,0,-33,-1,-28,-3,-31,-3,-28,-3,-31,-5,-28,-5,-30,-4,-30,-4,-30,-1,-29,0,-29,0,-28,0,-28,1,-28,4,-27,4,-26,5,-23,5,-22,0,0,0,0,0,0]"
CSI_DATA,655705,1a:00:00:00:00:00,-53,11,-95,4,39,6,655705,47,0,128,0,"[0,0,0,0,0,0,0,0,-3,16,-5,15,-6,17,-7,16,-8,16,-8,17,-9,15,-10,15,-11,15,-12,13,-12,14,-12,12,-13,13,-14,13,-13,13,-13,14,-12,13,-12,15,-11,14,-11,13,-11,13,-11,15,-11,14,-11,14,-12,14,-12,16,-12,16,-12,16,0,0,-15,18,-11,16,-12,16,-13,16,-10,13,-12,15,-11,13,-11,11,-12,14,-10,15,-12,16,-8,13,-10,15,-7,16,-8,15,-7,13,-9,17,-10,13,-9,13,-9,14,-8,14,-10,12,-12,11,-11,8,-13,9,-12,8,-12,4,-11,5,0,0,0,0,0,0]"
CSI_DATA,657660,1a:00:00:00:00:00,-58,11,-95,4,44,6,657660,47,0,128,0,"[0,0,0,0,0,0,0,0,-29,-4,-27,-3,-30,-4,-32,-6,-31,-6,-33,-7,-32,-9,-32,-9,-33,-11,-30,-11,-32,-9,-30,-12,-33,-9,-33,-10,-31,-7,-33,-4,-30,-5,-35,0,-33,0,-29,0,-32,2,-32,2,-32,3,-32,6,-35,7,-32,10,-35,8,-34,9,0,0,-33,13,-35,11,-31,14,-31,15,-29,13,-31,15,-29,16,-27,14,-26,17,-25,21,-23,21,-21,19,-22,21,-19,21,-17,24,-18,23,-18,25,-17,24,-17,25,-17,23,-18,24,-16,23,-18,21,-16,22,-18,21,-17,19,-16,15,-15,14,0,0,0,0,0,0]"
CSI_DATA,661195,1a:00:00:00:00:00,-58,11,-95,4,44,6,661195,47,0,128,0,"[0,0,0,0,0,0,0,0,29,-4,28,-1,30,-1,32,1,31,5,34,5,32,7,31,9,32,11,29,12,31,13,27,15,30,16,29,15,29,15,29,15,28,15,32,12,31,12,27,12,30,13,30,13,30,13,31,13,32,14,32,15,33,15,32,17,0,0,34,15,32,17,31,17,31,16,30,15,30,15,27,15,26,15,28,14,30,12,29,13,26,13,28,13,26,13,26,11,27,12,28,12,27,12,27,12,25,13,26,13,24,15,20,18,20,18,18,19,17,21,12,19,12,19,0,0,0,0,0,0]"
CSI_DATA,664768,1a:00:00:00:00:00,-58,11,-95,4,44,6,664768,47,0,128,0,"[0,0,0,0,0,0,0,0,23,18,20,20,21,22,20,25,18,26,21,29,16,28,16,30,17,30,13,29,14,30,13,29,14,31,13,31,14,29,16,30,15,28,18,29,17,27,15,26,18,28,18,27,19,27,20,28,21,27,20,28,22,29,20,29,0,0,22,29,22,30,22,29,21,27,19,26,24,27,21,23,20,22,22,22,23,21,22,22,21,18,23,21,22,19,22,19,24,18,24,16,23,18,25,17,20,17,23,18,22,20,19,20,17,21,15,22,14,21,10,20,10,21,0,0,0,0,0,0]"
CSI_DATA,669660,1a:00:00:00:00:00,-58,11,-95,4,44,6,669660,47,0,128,0,"[0,0,0,0,0,0,0,0,-25,16,-24,13,-26,15,-29,13,-29,12,-31,12,-31,11,-32,8,-34,6,-31,3,-32,6,-30,3,-33,6,-33,5,-32,5,-32,7,-31,6,-33,10,-30,9,-30,8,-31,9,-32,9,-30,10,-31,10,-32,11,-31,12,-32,16,-33,13,0,0,-36,15,-34,15,-32,13,-33,15,-29,12,-31,14,-30,12,-28,11,-27,15,-25,17,-27,18,-24,16,-25,17,-23,16,-22,19,-22,18,-23,19,-24,18,-25,17,-24,17,-25,15,-23,13,-24,13,-24,12,-24,11,-24,9,-22,5,-21,6,0,0,0,0,0,0]"
CSI_DATA,674278,1a:00:00:00:00:00,-58,11,-95,4,44,6,674278,47,0,128,0,"[0,0,0,0,0,0,0,0,-25,15,-24,13,-26,15,-29,14,-30,11,-33,12,-31,9,-33,8,-32,9,-31,5,-33,7,-31,5,-33,5,-34,5,-31,6,-31,7,-30,9,-33,12,-29,9,-29,8,-31,10,-29,13,-30,14,-29,14,-32,15,-31,14,-33,18,-32,14,0,0,-35,20,-30,14,-32,16,-31,16,-28,15,-29,18,-26,16,-27,17,-26,17,-27,19,-26,19,-23,19,-24,20,-21,19,-21,20,-21,21,-21,21,-21,21,-21,22,-20,20,-21,21,-21,19,-21,16,-22,15,-24,14,-23,13,-20,9,-21,8,0,0,0,0,0,0]"
CSI_DATA,679660,1a:00:00:00:00:00,-58,11,-95,4,44,6,679660,47,0,128,0,"[0,0,0,0,0,0,0,0,-6,-30,-3,-27,-2,-30,0,-31,4,-33,3,-34,7,-33,7,-31,9,-33,11,-30,10,-31,10,-31,10,-31,11,-31,8,-31,7,-33,6,-29,7,-34,6,-30,7,-31,6,-30,6,-32,6,-31,6,-33,4,-35,1,-34,3,-36,6,-33,0,0,3,-36,2,-38,2,-33,4,-37,2,-31,3,-33,2,-32,2,-31,2,-31,0,-32,-2,-32,-4,-29,-4,-31,-6,-29,-3,-30,-4,-27,-7,-29,-4,-29,-3,-29,-2,-28,-2,-29,-1,-28,0,-28,0,-28,3,-26,5,-24,6,-22,6,-21,0,0,0,0,0,0]"
CSI_DATA,695660,1a:00:00:00:00:00,-54,11,-95,4,40,6,695660,47,0,128,0,"[0,0,0,0,0,0,0,0,19,-2,18,0,18,0,19,2,21,5,21,6,19,8,19,8,19,9,17,9,19,10,16,10,17,11,17,10,17,11,18,9,18,12,20,10,17,10,16,9,18,10,18,10,17,11,19,11,19,10,20,9,20,11,19,10,0,0,21,12,19,10,19,13,18,13,17,11,18,12,17,12,16,12,17,11,18,8,17,9,17,8,18,9,16,7,17,8,17,8,17,9,16,10,16,10,15,10,16,11,14,11,13,13,13,12,12,13,10,13,7,13,7,12,0,0,0,0,0,0]"
CSI_DATA,699660,1a:00:00:00:00:00,-58,11,-95,4,44,6,699660,47,0,128,0,"[0,0,0,0,0,0,0,0,-19,23,-18,21,-21,23,-22,22,-25,20,-28,20,-29,17,-29,16,-31,18,-29,12,-30,13,-30,12,-32,15,-30,14,-28,13,-28,16,-28,13,-30,16,-27,14,-27,16,-27,16,-27,15,-27,17,-29,17,-29,21,-28,20,-31,21,-27,20,0,0,-31,23,-31,20,-28,19,-32,19,-27,17,-29,19,-26,18,-27,18,-23,17,-25,22,-23,21,-21,21,-22,20,-20,19,-21,22,-20,21,-21,22,-21,21,-22,21,-22,19,-22,21,-21,17,-21,18,-21,16,-22,15,-23,12,-21,8,-21,7,0,0,0,0,0,0]"
CSI_DATA,701660,1a:00:00:00:00:00,-58,11,-95,4,44,6,701660,47,0,128,0,"[0,0,0,0,0,0,0,0,27,-9,27,-7,29,-6,30,-4,33,1,35,1,33,5,31,6,34,6,30,10,30,10,30,13,31,12,31,13,29,13,30,13,28,13,32,13,29,11,28,13,29,14,32,15,29,13,29,15,33,16,32,17,32,15,29,15,0,0,35,16,30,22,29,20,29,21,26,19,28,21,24,20,24,19,25,19,29,17,26,19,23,17,25,18,23,15,24,18,23,17,25,18,23,20,24,19,19,21,22,21,18,21,16,24,15,24,11,23,9,24,6,22,4,22,0,0,0,0,0,0]"
CSI_DATA,705660,1a:00:00:00:00:00,-58,11,-95,4,44,6,705660,47,0,128,0,"[0,0,0,0,0,0,0,0,-9,28,-11,25,-13,27,-17,27,-18,26,-21,27,-24,24,-23,24,-27,23,-25,19,-27,20,-27,17,-27,20,-27,21,-26,19,-26,20,-25,18,-29,21,-24,18,-24,17,-25,19,-25,18,-27,19,-27,20,-29,22,-26,22,-29,22,-28,21,0,0,-30,23,-32,21,-29,19,-30,17,-27,17,-29,18,-27,17,-26,16,-27,16,-25,19,-26,19,-23,19,-25,18,-22,17,-24,17,-23,18,-23,20,-24,18,-25,17,-25,14,-25,15,-25,11,-25,10,-26,12,-26,8,-25,6,-24,3,-23,1,0,0,0,0,0,0]"
CSI_DATA,709660,1a:00:00:00:00:00,-58,11,-95,4,44,6,709660,47,0,128,0,"[0,0,0,0,0,0,0,0,-13,-26,-11,-27,-10,-28,-10,-29,-7,-31,-5,-34,-4,-34,-2,-32,-2,-34,1,-32,0,-32,-1,-32,1,-33,0,-34,0,-32,-1,-32,0,-30,-2,-34,-1,-30,-1,-31,-4,-33,-3,-33,-5,-33,-3,-33,-5,-36,-5,-33,-5,-36,-4,-34,0,0,-6,-36,-4,-37,-4,-35,-4,-35,-4,-31,-6,-36,-5,-32,-5,-30,-4,-30,-7,-33,-8,-32,-9,-28,-10,-29,-10,-26,-9,-28,-9,-27,-11,-27,-8,-28,-8,-30,-6,-27,-6,-29,-5,-29,-4,-30,-4,-27,-1,-26,2,-25,3,-23,5,-22,0,0,0,0,0,0]"
CSI_DATA,715660,1a:00:00:00:00:00,-58,11,-95,4,44,6,715660,47,0,128,0,"[0,0,0,0,0,0,0,0,-22,-20,-19,-21,-19,-23,-17,-25,-17,-28,-15,-30,-14,-31,-12,-30,-10,-33,-7,-31,-7,-32,-7,-32,-6,-33,-6,-33,-7,-32,-8,-31,-6,-30,-8,-33,-6,-30,-5,-30,-6,-31,-7,-32,-7,-32,-8,-32,-8,-33,-10,-34,-11,-34,-7,-33,0,0,-6,-36,-5,-38,-5,-36,-4,-36,-3,-32,-6,-36,-4,-32,-3,-31,-4,-32,-5,-34,-7,-32,-7,-30,-7,-30,-7,-26,-5,-29,-6,-27,-7,-30,-5,-29,-5,-31,-1,-28,-2,-30,0,-28,1,-28,3,-27,6,-26,6,-25,8,-21,9,-21,0,0,0,0,0,0]"
CSI_DATA,719660,1a:00:00:00:00:00,-58,11,-95,4,44,6,719660,47,0,128,0,"[0,0,0,0,0,0,0,0,30,-3,27,0,30,0,30,3,32,6,33,7,33,9,31,10,32,11,29,12,30,13,29,15,30,13,31,13,29,13,32,13,28,12,33,12,29,10,30,11,31,10,32,10,30,10,33,10,34,10,35,9,37,9,33,9,0,0,38,8,36,11,34,12,35,11,32,10,34,9,31,10,28,10,29,9,31,4,31,4,30,5,30,6,29,4,29,3,28,4,30,4,29,4,30,4,28,5,30,6,27,7,27,9,26,9,25,11,23,12,19,12,18,13,0,0,0,0,0,0]"
CSI_DATA,725660,1a:00:00:00:00:00,-58,11,-95,4,44,6,725660,47,0,128,0,"[0,0,0,0,0,0,0,0,28,-8,28,-6,29,-5,31,-3,33,1,35,0,34,6,31,5,33,7,30,10,30,10,30,11,32,10,31,11,30,12,31,12,28,11,33,11,29,11,30,12,31,11,31,12,30,9,32,12,34,11,33,12,36,12,31,13,0,0,35,11,34,17,32,15,33,15,28,15,31,16,29,14,26,14,28,12,31,9,29,12,27,10,28,12,26,10,27,10,27,11,27,10,28,12,28,12,25,14,28,14,23,17,24,16,22,16,19,18,17,19,13,20,12,19,0,0,0,0,0,0]"
CSI_DATA,727660,1a:00:00:00:00:00,-58,11,-95,4,44,6,727660,47,0,128,0,"[0,0,0,0,0,0,0,0,-2,-28,2,-27,3,-30,3,-33,6,-31,6,-34,7,-32,8,-31,8,-32,10,-30,8,-32,9,-30,10,-30,9,-32,7,-30,7,-32,5,-31,3,-33,3,-32,2,-30,1,-34,-1,-33,-2,-33,-3,-33,-4,-34,-2,-34,-5,-37,-5,-34,0,0,-8,-34,-5,-34,-7,-37,-9,-34,-9,-33,-11,-33,-9,-30,-11,-28,-12,-29,-14,-30,-15,-29,-14,-25,-17,-26,-16,-25,-16,-24,-17,-24,-19,-22,-18,-24,-20,-23,-17,-22,-18,-24,-17,-23,-16,-23,-14,-23,-11,-25,-11,-23,-8,-19,-8,-23,0,0,0,0,0,0]"
CSI_DATA,729660,1a:00:00:00:00:00,-58,11,-95,4,44,6,729660,47,0,128,0,"[0,0,0,0,0,0,0,0,-16,24,-17,24,-18,24,-20,25,-20,23,-25,25,-25,22,-27,21,-27,20,-27,17,-28,19,-27,17,-27,17,-30,17,-28,16,-28,17,-27,16,-30,21,-27,20,-25,18,-25,19,-24,20,-26,22,-26,20,-28,22,-28,21,-29,24,-28,21,0,0,-31,26,-28,21,-29,23,-28,22,-26,20,-28,21,-24,20,-23,20,-23,21,-24,20,-25,21,-22,20,-23,20,-20,21,-21,20,-21,23,-19,21,-21,22,-20,21,-21,19,-22,21,-21,19,-22,16,-23,14,-25,12,-24,10,-22,8,-22,6,0,0,0,0,0,0]"
CSI_DATA,731660,1a:00:00:00:00:00,-58,11,-95,4,44,6,731660,47,0,128,0,"[0,0,0,0,0,0,0,0,21,20,18,20,21,22,21,23,20,27,21,27,20,28,20,25,20,28,18,27,19,27,19,26,21,26,21,26,22,23,23,25,23,22,26,23,25,18,25,18,26,18,28,18,27,16,31,16,32,14,32,13,34,14,33,14,0,0,36,9,35,11,36,9,34,9,32,8,35,5,32,5,31,4,31,1,33,-3,32,-3,30,-5,30,-4,27,-6,29,-6,27,-9,28,-11,27,-10,29,-11,27,-10,28,-11,27,-8,26,-8,26,-6,25,-8,24,-5,24,-1,22,-3,0,0,0,0,0,0]"
CSI_DATA,739660,1a:00:00:00:00:00,-58,11,-95,4,44,6,739660,47,0,128,0,"[0,0,0,0,0,0,0,0,-17,-22,-15,-23,-15,-26,-15,-27,-13,-29,-13,-32,-10,-32,-9,-32,-9,-33,-6,-31,-7,-34,-4,-31,-3,-34,-3,-32,-4,-32,-5,-32,-5,-31,-6,-33,-5,-31,-5,-29,-7,-32,-10,-33,-10,-32,-10,-32,-8,-33,-8,-34,-10,-37,-5,-35,0,0,-9,-36,-8,-34,-8,-37,-7,-34,-8,-34,-9,-33,-10,-32,-8,-30,-9,-30,-10,-32,-9,-31,-9,-28,-10,-29,-10,-27,-10,-27,-10,-28,-11,-28,-10,-28,-11,-29,-9,-28,-8,-29,-7,-27,-5,-28,-2,-27,1,-26,0,-26,3,-21,5,-23,0,0,0,0,0,0]"
CSI_DATA,745660,1a:00:00:00:00:00,-58,11,-95,4,44,6,745660,47,0,128,0,"[0,0,0,0,0,0,0,0,-23,-18,-20,-18,-20,-23,-21,-24,-19,-25,-20,-30,-15,-28,-13,-30,-12,-30,-8,-30,-11,-32,-8,-31,-8,-32,-7,-33,-7,-31,-9,-32,-8,-32,-8,-31,-7,-30,-6,-29,-7,-31,-8,-31,-8,-30,-8,-33,-8,-32,-8,-32,-9,-38,-6,-35,0,0,-6,-36,-6,-36,-5,-36,-5,-35,-6,-33,-4,-34,-3,-32,-2,-31,-3,-32,-5,-32,-5,-31,-4,-29,-5,-31,-5,-27,-4,-28,-5,-29,-4,-30,-3,-30,-2,-30,-1,-28,1,-29,2,-29,4,-28,5,-27,8,-25,9,-25,11,-19,12,-20,0,0,0,0,0,0]"
CSI_DATA,749938,1a:00:00:00:00:00,-58,11,-95,4,44,6,749938,47,0,128,0,"[0,0,0,0,0,0,0,0,-17,24,-17,22,-20,24,-23,23,-25,20,-26,20,-28,18,-29,17,-29,17,-30,13,-31,14,-30,12,-30,14,-31,14,-29,12,-29,13,-28,12,-31,15,-29,13,-28,12,-29,14,-30,13,-29,14,-31,12,-32,15,-31,16,-32,17,-32,15,0,0,-35,17,-36,14,-32,12,-34,13,-30,11,-31,12,-30,12,-29,10,-27,12,-27,16,-29,15,-26,14,-27,14,-25,14,-27,14,-26,14,-27,14,-27,12,-28,13,-26,10,-28,10,-26,8,-27,8,-26,6,-27,3,-26,2,-23,-1,-23,-1,0,0,0,0,0,0]"
CSI_DATA,755660,1a:00:00:00:00:00,-58,11,-95,4,44,6,755660,47,0,128,0,"[0,0,0,0,0,0,0,0,24,-16,25,-12,26,-13,29,-12,29,-10,34,-9,30,-6,32,-4,32,-4,31,2,32,-1,31,3,31,2,33,3,31,4,31,2,31,4,33,-1,31,1,29,3,32,3,32,2,34,3,33,3,33,3,34,3,36,7,34,8,0,0,36,5,35,8,37,6,33,6,32,7,33,8,29,8,30,9,30,7,29,6,31,6,28,7,31,6,28,6,29,4,28,4,29,5,30,8,30,8,27,9,27,10,26,10,24,13,24,14,21,16,21,17,15,16,14,18,0,0,0,0,0,0]"
CSI_DATA,765660,1a:00:00:00:00:00,-58,11,-95,4,44,6,765660,47,0,128,0,"[0,0,0,0,0,0,0,0,4,28,2,27,0,31,-1,33,-4,32,-5,33,-7,30,-11,31,-13,32,-15,26,-15,30,-17,26,-18,28,-19,29,-17,26,-17,28,-16,27,-16,29,-16,27,-16,25,-15,27,-16,27,-17,28,-18,29,-20,27,-18,28,-21,29,-22,26,0,0,-21,32,-23,27,-23,27,-22,27,-21,23,-21,25,-22,23,-21,21,-20,23,-22,24,-20,24,-19,22,-19,23,-18,22,-18,22,-18,22,-19,23,-21,21,-19,20,-22,19,-22,20,-22,17,-24,15,-24,12,-25,10,-25,9,-21,5,-22,5,0,0,0,0,0,0]"
CSI_DATA,774311,1a:00:00:00:00:00,-58,11,-95,4,44,6,774311,47,0,128,0,"[0,0,0,0,0,0,0,0,27,-11,27,-7,28,-7,30,-7,33,-3,34,-2,34,0,32,0,34,2,31,5,33,3,32,6,32,6,33,6,30,5,33,4,29,4,36,3,31,4,31,4,31,3,32,3,33,2,33,3,35,2,36,2,36,2,33,1,0,0,39,2,37,5,35,5,35,2,31,3,33,3,33,3,30,3,32,2,33,-2,32,-1,30,0,31,0,27,-1,30,-1,28,0,30,-1,29,0,30,-1,29,1,30,1,28,3,27,4,26,7,25,7,22,9,21,11,20,12,0,0,0,0,0,0]"
CSI_DATA,775663,1a:00:00:00:00:00,-58,11,-95,4,44,6,775663,47,0,128,0,"[0,0,0,0,0,0,0,0,-25,-14,-22,-15,-25,-18,-25,-21,-22,-23,-24,-25,-19,-25,-17,-29,-17,-29,-13,-28,-14,-30,-9,-29,-11,-31,-10,-31,-10,-30,-11,-31,-11,-29,-12,-29,-11,-30,-9,-28,-11,-32,-12,-31,-11,-32,-11,-31,-10,-31,-9,-31,-10,-37,-8,-33,0,0,-9,-35,-7,-34,-8,-37,-7,-33,-5,-33,-6,-33,-5,-30,-3,-30,-4,-30,-4,-29,-5,-30,-5,-29,-4,-31,-5,-28,-5,-27,-5,-29,-5,-27,-2,-29,-2,-29,0,-28,0,-29,2,-29,5,-26,5,-27,9,-24,10,-24,9,-19,12,-20,0,0,0,0,0,0]"
CSI_DATA,781660,1a:00:00:00:00:00,-58,11,-95,4,44,6,781660,47,0,128,0,"[0,0,0,0,0,0,0,0,-14,-25,-13,-24,-13,-25,-11,-27,-11,-31,-11,-31,-10,-31,-8,-31,-9,-33,-5,-30,-7,-32,-6,-31,-7,-32,-9,-32,-10,-29,-11,-30,-11,-29,-16,-30,-14,-26,-15,-27,-17,-27,-17,-28,-19,-28,-20,-28,-21,-28,-23,-27,-24,-26,-21,-28,0,0,-25,-24,-27,-26,-27,-23,-28,-23,-25,-21,-27,-23,-24,-20,-24,-19,-26,-17,-29,-14,-28,-14,-27,-12,-28,-10,-26,-10,-27,-8,-28,-7,-29,-7,-27,-9,-27,-8,-27,-10,-28,-8,-26,-9,-26,-9,-27,-7,-24,-9,-23,-10,-21,-12,-21,-11,0,0,0,0,0,0]"
CSI_DATA,787660,1a:00:00:00:00:00,-58,11,-95,4,44,6,787660,47,0,128,0,"[0,0,0,0,0,0,0,0,-20,-20,-19,-20,-21,-22,-20,-24,-20,-25,-20,-27,-19,-29,-15,-27,-16,-31,-11,-29,-15,-30,-12,-30,-15,-29,-13,-28,-15,-27,-16,-28,-15,-27,-20,-27,-19,-24,-18,-24,-18,-25,-20,-26,-21,-25,-22,-26,-22,-26,-25,-25,-25,-23,-23,-24,0,0,-26,-24,-24,-26,-26,-23,-27,-24,-24,-21,-24,-22,-26,-21,-23,-21,-24,-19,-25,-18,-26,-15,-26,-14,-27,-15,-26,-12,-27,-11,-26,-9,-28,-11,-26,-11,-26,-13,-25,-13,-25,-13,-24,-15,-24,-15,-23,-14,-22,-16,-21,-15,-16,-15,-15,-15,0,0,0,0,0,0]"
CSI_DATA,791661,1a:00:00:00:00:00,-58,11,-95,4,44,6,791661,47,0,128,0,"[0,0,0,0,0,0,0,0,28,1,27,0,30,1,31,2,32,4,33,4,32,7,30,7,33,9,31,10,32,9,30,9,32,7,32,8,31,5,32,5,31,5,35,0,31,0,31,1,31,0,32,-1,32,-2,33,-3,34,-4,33,-6,35,-7,34,-8,0,0,37,-8,35,-9,32,-11,34,-12,31,-9,32,-10,29,-9,28,-11,29,-12,29,-17,26,-19,25,-17,25,-17,23,-19,21,-21,20,-20,21,-21,22,-20,22,-20,21,-18,23,-19,23,-17,22,-17,20,-17,22,-16,23,-15,20,-11,19,-10,0,0,0,0,0,0]"
CSI_DATA,797661,1a:00:00:00:00:00,-58,11,-95,4,44,6,797661,47,0,128,0,"[0,0,0,0,0,0,0,0,25,-10,25,-9,28,-9,31,-9,31,-6,34,-6,32,-3,33,-4,33,-1,31,2,33,-2,31,2,33,-2,33,0,31,-1,32,-2,31,-1,33,-6,30,-5,30,-5,30,-7,33,-6,32,-6,33,-8,34,-9,30,-11,34,-11,33,-8,0,0,37,-14,34,-11,33,-12,33,-14,29,-11,33,-12,29,-11,29,-11,28,-12,29,-15,26,-17,24,-17,25,-17,23,-16,24,-18,25,-18,22,-18,23,-19,24,-17,24,-16,25,-17,23,-14,23,-14,23,-13,23,-12,24,-10,22,-7,21,-6,0,0,0,0,0,0]"
CSI_DATA,801661,1a:00:00:00:00:00,-58,11,-95,4,44,6,801661,47,0,128,0,"[0,0,0,0,0,0,0,0,-8,27,-8,27,-10,28,-12,28,-12,29,-14,30,-15,29,-17,28,-18,30,-19,25,-18,28,-18,25,-17,28,-18,27,-14,28,-14,31,-13,26,-12,32,-11,29,-10,28,-8,30,-8,30,-9,31,-7,32,-6,34,-2,34,-4,35,-6,32,0,0,-1,39,-3,36,-1,35,-2,36,0,31,1,34,0,32,0,31,4,31,7,32,8,30,9,28,10,30,10,25,12,27,11,26,14,27,11,27,11,28,9,27,11,28,10,26,9,26,10,26,6,27,5,25,3,23,4,22,0,0,0,0,0,0]"
CSI_DATA,803661,1a:00:00:00:00:00,-58,11,-95,4,44,6,803661,47,0,128,0,"[0,0,0,0,0,0,0,0,18,-22,19,-20,21,-22,23,-20,25,-19,26,-19,27,-16,28,-16,31,-16,29,-10,30,-13,30,-10,31,-13,31,-11,29,-13,28,-14,28,-12,31,-17,27,-14,28,-13,28,-13,29,-15,28,-15,29,-16,31,-16,29,-18,31,-18,31,-19,0,0,30,-18,31,-18,30,-17,31,-19,27,-17,29,-17,26,-14,28,-13,27,-14,28,-18,26,-19,22,-18,24,-18,21,-16,23,-19,22,-20,23,-19,23,-19,24,-19,24,-16,24,-17,23,-13,24,-13,25,-13,25,-11,25,-8,22,-5,22,-4,0,0,0,0,0,0]"
CSI_DATA,807661,1a:00:00:00:00:00,-58,11,-95,4,44,6,807661,47,0,128,0,"[0,0,0,0,0,0,0,0,3,29,3,28,1,29,0,31,-2,31,-2,33,-5,33,-7,30,-9,33,-12,30,-9,32,-10,30,-9,32,-10,32,-8,31,-7,32,-5,31,-4,33,-4,31,-5,29,-4,31,-3,32,-2,32,-2,31,-2,33,1,34,0,37,-2,33,0,0,0,38,0,38,2,35,2,35,2,31,2,32,1,31,1,30,4,31,5,30,8,30,7,27,8,28,8,27,10,27,11,26,11,28,10,29,8,28,7,29,7,29,6,27,5,27,5,27,4,27,2,27,0,22,0,21,0,0,0,0,0,0]"
CSI_DATA,811661,1a:00:00:00:00:00,-58,11,-95,4,44,6,811661,47,0,128,0,"[0,0,0,0,0,0,0,0,-21,-20,-21,-20,-22,-21,-21,-22,-20,-25,-21,-26,-20,-27,-18,-26,-18,-29,-14,-28,-17,-26,-16,-28,-16,-27,-16,-28,-17,-26,-19,-26,-18,-25,-23,-27,-22,-23,-21,-22,-23,-22,-24,-23,-25,-20,-27,-22,-27,-21,-28,-21,-29,-20,-28,-22,0,0,-28,-17,-33,-20,-30,-17,-32,-17,-29,-15,-31,-16,-30,-15,-29,-14,-27,-11,-29,-10,-30,-8,-29,-7,-30,-7,-27,-5,-29,-4,-28,-2,-30,-3,-28,-3,-30,-3,-26,-5,-29,-3,-28,-4,-28,-6,-27,-5,-25,-6,-24,-7,-21,-7,-21,-8,0,0,0,0,0,0]"
CSI_DATA,817661,1a:00:00:00:00:00,-58,11,-95,4,45,6,817661,47,0,128,0,"[0,0,0,0,0,0,0,0,-23,-4,-23,-6,-25,-6,-25,-8,-24,-11,-26,-12,-25,-13,-23,-13,-26,-14,-22,-16,-23,-15,-22,-14,-24,-15,-24,-15,-24,-14,-24,-14,-22,-13,-26,-13,-24,-12,-23,-12,-25,-11,-26,-11,-26,-11,-26,-12,-29,-10,-29,-9,-29,-11,-28,-8,0,0,-28,-11,-30,-10,-28,-10,-28,-10,-27,-8,-28,-9,-26,-7,-25,-7,-25,-5,-26,-2,-27,-2,-26,-1,-26,-2,-24,0,-25,-1,-24,0,-25,0,-24,0,-27,-1,-25,-1,-25,-1,-23,-3,-23,-3,-22,-4,-21,-5,-20,-6,-18,-7,-19,-8,0,0,0,0,0,0]"
CSI_DATA,823661,1a:00:00:00:00:00,-58,11,-95,4,44,6,823661,47,0,128,0,"[0,0,0,0,0,0,0,0,-28,0,-28,-2,-31,-2,-30,-5,-32,-9,-32,-10,-31,-12,-30,-11,-30,-15,-26,-15,-29,-15,-27,-17,-29,-15,-29,-17,-28,-16,-29,-15,-27,-16,-31,-14,-28,-13,-27,-14,-28,-15,-29,-14,-29,-13,-30,-15,-31,-14,-32,-13,-32,-14,-32,-15,0,0,-34,-14,-32,-14,-32,-15,-32,-15,-29,-13,-30,-15,-29,-14,-27,-15,-26,-13,-28,-12,-30,-10,-29,-9,-29,-10,-26,-8,-28,-8,-28,-8,-28,-8,-28,-10,-28,-10,-25,-11,-26,-12,-25,-13,-25,-14,-24,-14,-21,-15,-19,-15,-15,-15,-15,-15,0,0,0,0,0,0]"
CSI_DATA,829661,1a:00:00:00:00:00,-58,11,-95,4,44,6,829661,47,0,128,0,"[0,0,0,0,0,0,0,0,-27,10,-27,8,-30,7,-30,6,-33,2,-33,-1,-34,-4,-31,-5,-32,-6,-30,-9,-31,-10,-30,-11,-32,-8,-31,-10,-32,-10,-31,-9,-29,-10,-32,-10,-29,-9,-28,-10,-30,-12,-30,-10,-31,-11,-31,-12,-34,-12,-33,-10,-34,-11,-32,-13,0,0,-34,-14,-33,-16,-32,-15,-32,-15,-28,-16,-30,-16,-28,-14,-26,-15,-26,-16,-28,-15,-28,-13,-27,-12,-28,-13,-26,-12,-25,-11,-26,-11,-27,-13,-26,-13,-26,-15,-23,-16,-24,-16,-21,-18,-21,-17,-20,-18,-18,-19,-15,-20,-11,-18,-10,-20,0,0,0,0,0,0]"
CSI_DATA,833661,1a:00:00:00:00:00,-58,11,-95,4,44,6,833661,47,0,128,0,"[0,0,0,0,0,0,0,0,13,-26,14,-24,17,-25,19,-25,22,-24,23,-25,24,-22,25,-20,28,-21,27,-17,27,-18,28,-16,29,-18,29,-18,25,-17,26,-17,25,-16,28,-20,25,-17,26,-16,26,-18,26,-17,26,-21,26,-18,28,-21,27,-21,28,-20,28,-21,0,0,31,-23,30,-19,28,-19,30,-19,26,-18,28,-20,27,-17,25,-16,26,-17,26,-22,25,-20,24,-19,22,-20,19,-19,22,-20,22,-18,23,-20,23,-19,24,-20,23,-17,25,-18,24,-14,25,-15,23,-14,24,-11,23,-9,23,-4,21,-4,0,0,0,0,0,0]"
CSI_DATA,843661,1a:00:00:00:00:00,-58,11,-95,4,44,6,843661,47,0,128,0,"[0,0,0,0,0,0,0,0,21,18,21,19,19,21,18,24,18,27,19,29,16,29,13,30,13,31,9,29,8,31,8,30,10,32,9,30,11,30,11,31,10,30,10,33,9,30,10,28,11,31,12,32,13,30,11,31,12,34,13,32,12,35,11,31,0,0,12,34,13,34,11,33,11,33,11,31,11,34,10,31,8,29,10,28,13,27,12,29,13,27,13,28,12,25,12,25,11,25,14,26,12,27,12,28,10,27,10,27,6,27,8,27,5,27,3,25,0,25,-2,23,-2,22,0,0,0,0,0,0]"
CSI_DATA,849661,1a:00:00:00:00:00,-58,11,-95,4,44,6,849661,47,0,128,0,"[0,0,0,0,0,0,0,0,25,14,22,16,22,18,24,21,21,25,22,25,18,26,17,27,19,28,12,28,14,29,12,28,11,29,9,32,10,30,11,29,9,29,12,30,9,28,8,29,11,30,12,31,13,30,10,30,11,32,11,34,11,34,7,35,0,0,11,34,7,39,8,34,7,34,6,33,6,33,7,32,5,29,6,31,8,30,5,30,6,29,4,30,6,27,5,28,4,27,5,28,4,29,4,29,1,28,2,29,-1,28,-2,28,-5,27,-7,25,-9,23,-10,20,-11,19,0,0,0,0,0,0]"
CSI_DATA,853661,1a:00:00:00:00:00,-58,11,-95,4,45,6,853661,47,0,128,0,"[0,0,0,0,0,0,0,0,-24,7,-23,5,-24,6,-26,5,-27,2,-29,1,-28,-2,-28,-2,-28,-2,-27,-4,-29,-5,-26,-7,-28,-6,-27,-7,-26,-7,-27,-6,-25,-5,-29,-5,-26,-5,-26,-5,-26,-4,-27,-4,-26,-3,-28,-5,-30,-5,-29,-5,-30,-7,-27,-5,0,0,-34,-5,-30,-8,-28,-7,-29,-8,-28,-6,-28,-6,-26,-5,-26,-5,-25,-5,-27,-3,-26,-4,-25,-4,-26,-4,-25,-1,-24,-4,-24,-3,-25,-3,-24,-3,-26,-2,-23,-4,-25,-5,-23,-6,-23,-9,-20,-10,-21,-10,-19,-11,-15,-12,-14,-12,0,0,0,0,0,0]"
CSI_DATA,859661,1a:00:00:00:00:00,-58,11,-95,4,45,6,859661,47,0,128,0,"[0,0,0,0,0,0,0,0,-16,18,-17,16,-18,17,-21,14,-24,13,-26,13,-26,9,-27,9,-28,8,-27,5,-27,5,-27,3,-28,4,-28,3,-26,3,-27,3,-27,1,-30,4,-27,2,-26,2,-27,1,-28,2,-27,3,-28,0,-29,2,-30,2,-31,2,-29,1,0,0,-32,1,-31,-2,-30,-3,-31,-3,-27,-4,-30,-2,-27,-4,-26,-4,-26,-4,-28,-1,-27,-2,-25,-1,-26,-1,-24,-2,-25,-2,-25,-2,-24,-3,-26,-4,-26,-3,-23,-6,-25,-6,-22,-9,-21,-9,-21,-10,-19,-12,-18,-12,-14,-12,-13,-14,0,0,0,0,0,0]"
CSI_DATA,865672,1a:00:00:00:00:00,-58,11,-95,4,44,6,865672,47,0,128,0,"[0,0,0,0,0,0,0,0,-7,-27,-5,-27,-4,-30,-4,-31,-1,-32,-1,-34,-1,-33,0,-33,-1,-33,1,-30,1,-32,2,-31,0,-32,1,-33,0,-31,-3,-32,-3,-33,-6,-33,-7,-30,-6,-29,-8,-32,-10,-29,-11,-31,-11,-32,-12,-32,-14,-32,-14,-33,-13,-31,0,0,-18,-31,-17,-32,-18,-30,-17,-30,-17,-27,-21,-27,-20,-25,-20,-24,-21,-23,-23,-22,-22,-22,-21,-20,-22,-20,-25,-16,-24,-17,-24,-15,-26,-14,-24,-16,-25,-14,-23,-14,-27,-15,-24,-15,-24,-16,-20,-16,-19,-18,-19,-17,-16,-17,-15,-17,0,0,0,0,0,0]"
CSI_DATA,870310,1a:00:00:00:00:00,-58,11,-95,4,44,6,870310,47,0,128,0,"[0,0,0,0,0,0,0,0,22,-17,23,-14,26,-14,28,-16,27,-14,30,-17,28,-13,30,-14,31,-13,29,-11,30,-13,29,-9,31,-11,32,-12,28,-13,28,-15,26,-16,27,-20,26,-21,24,-18,25,-21,22,-23,23,-23,22,-24,23,-27,23,-26,23,-28,24,-26,0,0,21,-31,22,-27,19,-31,18,-30,18,-28,15,-31,14,-29,11,-27,12,-29,9,-31,7,-31,6,-27,7,-29,4,-28,3,-28,2,-30,0,-29,3,-30,-1,-31,0,-29,1,-29,1,-28,1,-26,3,-26,6,-27,4,-26,5,-20,6,-23,0,0,0,0,0,0]"
CSI_DATA,871661,1a:00:00:00:00:00,-58,11,-95,4,44,6,871661,47,0,128,0,"[0,0,0,0,0,0,0,0,-29,-2,-26,-4,-30,-5,-31,-6,-31,-10,-33,-10,-30,-13,-31,-12,-31,-12,-28,-13,-30,-13,-27,-14,-29,-14,-29,-16,-28,-13,-30,-12,-29,-11,-33,-9,-30,-9,-28,-9,-31,-9,-32,-7,-29,-7,-32,-6,-32,-6,-35,-7,-35,-7,-33,-4,0,0,-35,-3,-35,-6,-35,-3,-33,-1,-33,-3,-34,0,-32,-2,-31,-1,-30,1,-33,3,-31,4,-29,3,-31,4,-28,5,-27,6,-29,7,-28,8,-28,8,-29,7,-28,7,-29,7,-27,4,-28,3,-26,2,-25,1,-26,-1,-22,-3,-22,-4,0,0,0,0,0,0]"
CSI_DATA,881661,1a:00:00:00:00:00,-58,11,-95,4,45,6,881661,47,0,128,0,"[0,0,0,0,0,0,0,0,7,-23,9,-21,11,-23,11,-24,14,-23,15,-26,15,-22,17,-23,17,-23,17,-20,19,-22,18,-21,19,-21,19,-21,17,-20,17,-22,16,-21,15,-24,16,-23,13,-20,14,-24,11,-24,11,-25,11,-25,11,-26,12,-27,13,-29,14,-27,0,0,11,-30,12,-28,11,-28,12,-28,9,-27,8,-29,8,-26,8,-25,6,-26,5,-26,6,-27,4,-24,4,-26,2,-25,2,-24,2,-26,1,-25,1,-25,0,-25,2,-25,2,-27,3,-23,4,-23,4,-22,7,-21,8,-22,7,-17,8,-18,0,0,0,0,0,0]"
CSI_DATA,884963,1a:00:00:00:00:00,-58,11,-95,4,44,6,884963,47,0,128,0,"[0,0,0,0,0,0,0,0,-23,-18,-21,-19,-22,-19,-24,-21,-22,-24,-23,-24,-21,-24,-21,-24,-22,-25,-19,-26,-22,-25,-19,-25,-24,-24,-23,-23,-22,-21,-25,-21,-22,-20,-27,-19,-25,-17,-24,-16,-26,-17,-28,-15,-28,-16,-31,-14,-33,-12,-32,-11,-34,-10,-35,-11,0,0,-36,-7,-36,-10,-33,-8,-34,-7,-32,-4,-35,-4,-32,-4,-31,-4,-30,0,-30,2,-31,4,-28,4,-30,5,-27,5,-28,8,-27,9,-27,11,-27,12,-29,11,-27,10,-29,10,-26,7,-26,9,-27,9,-24,7,-24,4,-23,2,-22,3,0,0,0,0,0,0]"
CSI_DATA,887661,1a:00:00:00:00:00,-53,11,-95,4,40,6,887661,47,0,128,0,"[0,0,0,0,0,0,0,0,1,-17,2,-16,4,-18,5,-18,5,-19,6,-20,8,-18,9,-19,9,-19,10,-16,10,-18,10,-16,11,-18,13,-17,12,-16,11,-17,11,-17,11,-18,9,-18,9,-16,9,-18,8,-18,8,-18,8,-18,9,-19,9,-19,10,-21,10,-20,0,0,11,-22,10,-19,10,-19,9,-20,9,-18,8,-18,8,-18,8,-17,7,-18,6,-18,8,-19,7,-18,6,-19,5,-17,6,-16,6,-18,5,-18,6,-18,5,-18,7,-17,6,-18,7,-16,7,-16,8,-14,10,-14,10,-13,9,-10,11,-9,0,0,0,0,0,0]"
CSI_DATA,891661,1a:00:00:00:00:00,-58,11,-95,4,44,6,891661,47,0,128,0,"[0,0,0,0,0,0,0,0,18,21,17,23,17,25,18,26,16,27,18,30,14,28,13,29,14,31,10,29,12,31,8,29,10,31,8,32,10,30,12,30,12,29,14,29,15,28,12,26,16,28,17,29,18,29,18,27,18,30,19,29,21,32,21,30,0,0,22,31,21,29,21,27,22,27,20,24,22,26,21,24,20,25,20,22,22,23,23,22,22,20,23,21,23,17,23,16,23,18,25,16,25,17,23,16,22,17,23,17,21,19,20,19,19,20,17,20,17,20,12,18,11,20,0,0,0,0,0,0]"
CSI_DATA,897661,1a:00:00:00:00:00,-58,11,-95,4,44,6,897661,47,0,128,0,"[0,0,0,0,0,0,0,0,25,14,22,16,23,19,24,20,23,22,24,25,21,25,19,26,21,26,18,26,19,27,15,27,16,29,15,29,15,28,16,28,16,27,18,27,18,27,15,24,19,27,20,25,21,27,21,25,19,28,20,27,21,29,21,28,0,0,24,29,18,28,20,30,20,29,18,27,21,27,20,23,21,24,19,25,21,25,21,24,20,23,20,22,21,22,20,20,20,20,21,19,20,22,21,21,18,20,19,22,17,23,15,23,13,23,12,24,11,24,5,21,5,23,0,0,0,0,0,0]"
CSI_DATA,901661,1a:00:00:00:00:00,-58,11,-95,4,44,6,901661,47,0,128,0,"[0,0,0,0,0,0,0,0,-27,9,-26,6,-29,7,-32,7,-32,3,-34,4,-33,3,-32,0,-33,0,-32,-4,-34,-1,-30,-5,-32,-2,-33,-3,-31,-3,-32,0,-30,-1,-33,2,-31,3,-31,2,-31,2,-31,2,-33,5,-32,5,-33,3,-34,5,-34,6,-34,5,0,0,-34,7,-36,7,-34,7,-33,7,-32,5,-33,7,-31,7,-29,8,-30,10,-30,11,-29,12,-27,9,-27,11,-24,12,-26,14,-25,13,-26,15,-26,13,-27,15,-26,12,-26,12,-26,11,-26,9,-26,9,-25,8,-25,7,-22,1,-22,1,0,0,0,0,0,0]"
CSI_DATA,907661,1a:00:00:00:00:00,-58,11,-95,4,44,6,907661,47,0,128,0,"[0,0,0,0,0,0,0,0,-24,14,-24,13,-27,13,-29,12,-29,10,-32,9,-31,6,-32,4,-32,3,-32,1,-33,3,-30,-1,-32,1,-33,0,-31,-1,-32,0,-31,0,-34,3,-31,2,-30,2,-31,2,-32,3,-32,3,-34,3,-35,3,-34,3,-36,4,-37,2,0,0,-35,4,-35,3,-34,3,-35,6,-33,3,-33,3,-31,3,-30,2,-30,6,-32,6,-32,7,-29,6,-29,7,-27,6,-29,7,-28,8,-28,8,-28,6,-29,6,-27,5,-29,4,-28,2,-27,0,-26,0,-26,-2,-26,-3,-20,-6,-22,-6,0,0,0,0,0,0]"
CSI_DATA,913661,1a:00:00:00:00:00,-58,11,-95,4,44,6,913661,47,0,128,0,"[0,0,0,0,0,0,0,0,-15,24,-17,21,-19,23,-22,22,-24,21,-24,21,-27,19,-27,17,-29,16,-29,11,-30,14,-30,9,-31,12,-32,9,-29,10,-30,12,-29,10,-31,13,-28,12,-28,11,-28,11,-30,11,-30,10,-30,10,-34,11,-32,10,-35,11,-33,10,0,0,-33,11,-34,10,-32,9,-35,9,-30,6,-33,7,-31,7,-30,5,-30,7,-31,9,-30,9,-28,7,-28,6,-26,8,-29,9,-27,8,-28,8,-28,5,-28,6,-29,3,-29,2,-28,1,-27,-4,-26,-2,-26,-5,-25,-6,-21,-8,-21,-8,0,0,0,0,0,0]"
CSI_DATA,917661,1a:00:00:00:00:00,-58,11,-95,4,45,6,917661,47,0,128,0,"[0,0,0,0,0,0,0,0,-6,-23,-4,-22,-4,-25,-2,-26,-1,-27,0,-29,2,-27,4,-27,6,-29,9,-25,8,-27,9,-25,8,-27,9,-27,7,-27,6,-27,6,-26,5,-28,5,-26,5,-25,5,-27,6,-26,5,-27,6,-28,6,-28,4,-28,6,-29,8,-29,0,0,6,-32,9,-30,7,-30,7,-29,6,-27,6,-28,7,-26,6,-26,7,-25,5,-27,4,-27,3,-25,3,-26,2,-24,2,-25,2,-25,1,-26,4,-25,4,-25,5,-24,6,-24,6,-23,7,-22,7,-22,10,-21,11,-21,9,-15,11,-16,0,0,0,0,0,0]"
CSI_DATA,919661,1a:00:00:00:00:00,-58,11,-95,4,45,6,919661,47,0,128,0,"[0,0,0,0,0,0,0,0,-23,3,-23,2,-25,2,-26,1,-26,0,-29,0,-28,-3,-27,-2,-29,-3,-27,-4,-29,-3,-26,-4,-28,-2,-29,-2,-26,-1,-27,2,-26,1,-30,5,-26,4,-26,5,-25,6,-27,6,-26,8,-27,10,-28,11,-26,12,-28,13,-28,13,0,0,-27,17,-27,15,-25,15,-25,17,-22,16,-23,17,-22,16,-21,16,-19,17,-19,21,-17,21,-15,20,-15,21,-12,20,-12,22,-11,22,-11,23,-12,22,-12,23,-12,22,-12,22,-12,21,-13,20,-12,21,-14,19,-12,18,-12,14,-13,15,0,0,0,0,0,0]"
CSI_DATA,924320,1a:00:00:00:00:00,-58,11,-95,4,44,6,924320,47,0,128,0,"[0,0,0,0,0,0,0,0,28,-2,26,-2,29,0,33,0,30,1,33,1,32,2,33,3,34,3,30,4,32,2,30,4,33,2,34,3,31,0,32,-1,31,-2,33,-5,33,-5,29,-5,32,-9,31,-10,28,-12,31,-12,31,-13,31,-14,31,-13,31,-17,0,0,29,-20,28,-17,30,-21,26,-20,27,-20,26,-22,23,-21,21,-21,20,-23,20,-26,18,-26,16,-24,16,-26,13,-24,13,-25,12,-28,11,-26,12,-27,10,-28,10,-25,10,-28,10,-26,10,-25,11,-24,12,-23,12,-22,12,-17,12,-19,0,0,0,0,0,0]"
CSI_DATA,929661,1a:00:00:00:00:00,-58,11,-95,4,44,6,929661,47,0,128,0,"[0,0,0,0,0,0,0,0,10,-26,11,-24,13,-28,14,-26,16,-28,17,-29,17,-28,18,-26,20,-27,21,-23,21,-26,21,-25,18,-26,18,-25,16,-27,14,-28,14,-26,14,-31,12,-30,10,-28,10,-30,9,-31,8,-30,7,-32,6,-34,3,-35,3,-35,4,-33,0,0,1,-37,0,-37,0,-33,0,-36,-1,-31,-2,-34,-1,-32,-3,-30,-4,-30,-6,-31,-9,-30,-10,-27,-11,-28,-11,-25,-13,-27,-11,-24,-15,-26,-13,-26,-15,-27,-13,-26,-14,-27,-13,-25,-11,-25,-12,-24,-11,-25,-9,-24,-6,-22,-6,-21,0,0,0,0,0,0]"
CSI_DATA,933661,1a:00:00:00:00:00,-58,11,-95,4,44,6,933661,47,0,128,0,"[0,0,0,0,0,0,0,0,27,-5,28,-3,30,-3,31,0,31,2,34,3,32,8,30,8,32,11,26,14,30,13,26,16,29,15,28,16,28,15,29,14,27,16,31,14,27,15,27,15,27,15,28,16,27,16,30,18,31,18,30,18,30,20,28,20,0,0,27,21,30,21,29,20,29,22,25,20,26,22,24,22,23,20,23,20,27,19,27,17,24,18,23,19,22,16,23,16,24,16,25,19,22,20,22,20,19,21,18,22,17,22,15,24,15,23,11,23,10,24,5,22,5,21,0,0,0,0,0,0]"
CSI_DATA,939661,1a:00:00:00:00:00,-58,11,-95,4,45,6,939661,47,0,128,0,"[0,0,0,0,0,0,0,0,20,14,18,15,20,15,20,17,20,18,22,20,20,20,18,20,20,21,17,21,19,21,17,21,18,21,19,21,20,20,21,19,20,18,24,17,22,14,22,15,23,14,25,14,25,13,26,13,27,13,27,12,29,12,29,11,0,0,30,9,30,9,30,7,30,7,27,7,30,6,28,5,25,4,27,2,29,-1,26,-2,25,-2,26,-3,24,-4,25,-6,24,-6,26,-7,25,-6,25,-6,24,-6,24,-6,24,-5,24,-4,23,-4,23,-3,22,-2,18,0,20,1,0,0,0,0,0,0]"
CSI_DATA,949661,1a:00:00:00:00:00,-53,11,-95,4,40,6,949661,47,0,128,0,"[0,0,0,0,0,0,0,0,-17,5,-17,4,-18,4,-19,3,-20,2,-20,3,-20,0,-20,0,-21,-1,-21,-3,-20,-1,-19,-1,-20,1,-20,2,-19,2,-19,2,-18,2,-22,4,-19,4,-19,4,-18,5,-19,5,-19,6,-20,7,-21,9,-18,10,-19,10,-19,9,0,0,-21,11,-18,11,-18,11,-19,12,-15,10,-18,11,-16,12,-16,10,-13,12,-14,15,-11,15,-11,14,-11,15,-10,14,-10,15,-10,15,-9,17,-10,16,-10,15,-11,14,-10,16,-9,14,-9,14,-8,14,-10,13,-11,13,-10,9,-9,9,0,0,0,0,0,0]"
CSI_DATA,959661,1a:00:00:00:00:00,-58,11,-95,4,45,6,959661,47,0,128,0,"[0,0,0,0,0,0,0,0,-1,-23,-1,-22,1,-24,3,-27,3,-28,4,-29,6,-28,6,-27,6,-28,8,-25,7,-27,7,-25,5,-28,6,-28,3,-28,3,-28,3,-26,1,-29,0,-26,0,-25,-2,-27,-2,-28,-4,-28,-3,-29,-5,-29,-8,-29,-8,-29,-6,-30,0,0,-8,-30,-9,-30,-10,-28,-9,-28,-9,-26,-11,-28,-10,-26,-11,-24,-11,-24,-15,-24,-15,-22,-15,-20,-17,-20,-16,-19,-16,-19,-16,-18,-19,-17,-18,-18,-18,-18,-17,-18,-17,-20,-16,-18,-16,-18,-15,-17,-14,-18,-12,-17,-9,-17,-10,-17,0,0,0,0,0,0]"
CSI_DATA,963661,1a:00:00:00:00:00,-58,11,-95,4,45,6,963661,47,0,128,0,"[0,0,0,0,0,0,0,0,20,14,18,15,20,16,19,18,19,19,20,20,19,21,18,20,19,21,17,21,18,21,18,19,21,19,21,20,21,18,23,17,21,16,24,16,22,15,23,13,24,11,26,12,25,10,27,10,28,9,28,7,30,7,30,6,0,0,31,4,30,5,30,3,30,3,27,2,30,1,28,0,26,0,26,-4,26,-8,26,-8,24,-8,25,-9,22,-9,24,-10,22,-10,22,-12,21,-11,22,-13,21,-12,21,-13,22,-11,21,-11,20,-11,21,-10,20,-8,19,-6,18,-6,0,0,0,0,0,0]"
CSI_DATA,968068,1a:00:00:00:00:00,-58,11,-95,4,45,6,968068,47,0,128,0,"[0,0,0,0,0,0,0,0,-2,23,-3,23,-5,25,-8,24,-9,24,-10,27,-14,24,-15,24,-16,24,-17,20,-19,21,-17,20,-19,22,-20,21,-18,20,-18,21,-18,19,-19,22,-18,19,-18,18,-19,19,-19,20,-19,20,-20,19,-20,21,-20,22,-21,22,-22,21,0,0,-23,23,-24,20,-24,19,-23,18,-22,17,-23,17,-22,16,-21,15,-21,16,-21,17,-20,18,-18,16,-19,17,-18,16,-19,16,-20,17,-18,16,-20,15,-21,16,-22,13,-23,12,-21,10,-22,10,-21,7,-22,7,-22,5,-19,1,-19,0,0,0,0,0,0,0]"
CSI_DATA,973661,1a:00:00:00:00:00,-58,11,-95,4,45,6,973661,47,0,128,0,"[0,0,0,0,0,0,0,0,-22,10,-21,9,-23,10,-25,9,-25,9,-26,9,-26,8,-27,6,-28,6,-26,4,-27,6,-25,6,-27,8,-28,9,-25,10,-25,12,-23,11,-26,13,-23,13,-23,14,-22,15,-22,16,-20,17,-21,18,-22,21,-20,22,-20,24,-20,22,0,0,-19,26,-18,24,-18,24,-16,26,-13,23,-16,25,-12,24,-11,23,-11,24,-8,26,-6,26,-4,24,-4,26,-3,23,-3,26,-1,25,0,25,0,25,-1,26,-1,26,-1,26,-1,23,0,23,0,22,-1,23,-3,21,-4,18,-5,18,0,0,0,0,0,0]"
CSI_DATA,979661,1a:00:00:00:00:00,-58,11,-95,4,45,6,979661,47,0,128,0,"[0,0,0,0,0,0,0,0,-18,16,-18,14,-19,15,-22,14,-23,13,-24,15,-24,11,-25,12,-27,11,-26,10,-25,11,-25,10,-26,11,-26,12,-23,12,-24,13,-22,13,-24,15,-22,14,-22,15,-21,16,-22,17,-20,18,-19,18,-21,21,-21,21,-21,22,-20,22,0,0,-19,25,-20,23,-20,23,-19,24,-16,20,-17,24,-15,23,-13,22,-13,22,-12,24,-11,25,-10,23,-8,25,-7,23,-7,24,-7,23,-6,25,-6,25,-6,25,-7,24,-7,24,-7,22,-7,23,-7,22,-9,21,-9,19,-10,16,-10,16,0,0,0,0,0,0]"
CSI_DATA,983661,1a:00:00:00:00:00,-58,11,-95,4,45,6,983661,47,0,128,0,"[0,0,0,0,0,0,0,0,4,-24,4,-22,5,-23,6,-24,8,-26,8,-28,9,-27,11,-24,9,-27,10,-24,10,-25,10,-25,9,-25,9,-26,7,-26,5,-27,3,-26,3,-27,3,-27,3,-26,0,-27,-1,-28,-3,-27,-3,-28,-5,-28,-6,-28,-6,-31,-7,-28,0,0,-9,-29,-8,-30,-10,-29,-11,-28,-10,-26,-13,-26,-12,-25,-13,-23,-13,-24,-16,-22,-17,-21,-18,-21,-17,-20,-18,-17,-19,-18,-18,-16,-20,-16,-18,-16,-20,-15,-19,-15,-21,-15,-18,-15,-18,-15,-18,-14,-15,-15,-14,-15,-12,-15,-12,-15,0,0,0,0,0,0]"
CSI_DATA,989853,1a:00:00:00:00:00,-58,11,-95,4,45,6,989853,47,0,128,0,"[0,0,0,0,0,0,0,0,23,7,22,8,23,8,23,9,23,13,25,13,23,15,23,14,24,15,22,17,23,16,20,17,23,15,23,16,22,15,24,14,23,15,26,11,24,11,23,12,26,11,25,11,25,10,26,10,28,9,28,7,30,7,29,6,0,0,32,6,29,7,28,7,30,5,27,5,29,4,27,4,26,4,25,3,27,0,28,-1,26,-3,26,-2,23,-4,25,-4,24,-4,25,-6,25,-4,26,-5,24,-4,25,-4,24,-2,23,-2,23,-1,23,0,22,1,18,3,19,3,0,0,0,0,0,0]"
CSI_DATA,993662,1a:00:00:00:00:00,-58,11,-95,4,45,6,993662,47,0,128,0,"[0,0,0,0,0,0,0,0,22,11,21,11,22,12,23,13,22,16,23,16,22,18,22,16,23,18,21,18,22,18,20,17,23,16,23,15,22,14,24,14,23,12,27,12,24,10,24,9,25,9,27,9,27,8,28,6,29,5,30,4,30,5,29,4,0,0,31,1,30,2,29,0,30,-2,26,-1,29,-2,27,-2,25,-2,25,-6,26,-8,26,-10,24,-10,24,-9,21,-11,22,-12,21,-12,23,-14,21,-13,22,-14,21,-13,22,-13,23,-11,21,-13,21,-11,20,-9,20,-8,18,-6,17,-6,0,0,0,0,0,0]"
CSI_DATA,995662,1a:00:00:00:00:00,-58,11,-95,4,45,6,995662,47,0,128,0,"[0,0,0,0,0,0,0,0,-12,-21,-9,-21,-9,-22,-9,-23,-6,-26,-7,-29,-5,-27,-4,-27,-5,-28,-4,-25,-3,-27,-1,-27,-1,-28,-1,-28,-3,-27,-3,-27,-4,-26,-5,-28,-4,-26,-3,-25,-7,-27,-8,-26,-9,-26,-9,-27,-8,-28,-8,-28,-9,-29,-9,-28,0,0,-11,-28,-10,-29,-10,-28,-9,-28,-10,-26,-12,-27,-11,-26,-11,-23,-11,-24,-13,-25,-13,-24,-13,-21,-13,-23,-14,-20,-13,-21,-13,-21,-15,-20,-14,-22,-15,-20,-13,-20,-14,-22,-11,-21,-12,-21,-9,-21,-7,-21,-7,-20,-4,-19,-3,-20,0,0,0,0,0,0]"
CSI_DATA,999662,1a:00:00:00:00:00,-58,11,-95,4,45,6,999662,47,0,128,0,"[0,0,0,0,0,0,0,0,23,6,21,7,24,7,24,8,24,11,26,12,23,13,25,13,25,14,23,14,24,13,22,15,24,14,25,15,22,14,24,12,24,12,27,11,25,9,23,9,27,9,26,7,27,7,28,6,28,7,28,6,30,6,28,4,0,0,32,3,30,4,31,4,29,3,28,2,29,2,27,0,25,0,27,-2,27,-5,26,-3,24,-3,25,-4,24,-6,23,-7,24,-8,24,-8,23,-7,24,-8,23,-7,24,-7,24,-5,22,-4,24,-3,22,-2,22,-2,19,0,20,1,0,0,0,0,0,0]"
CSI_DATA,1003662,1a:00:00:00:00:00,-56,11,-95,4,43,6,1003662,47,0,128,0,"[0,0,0,0,0,0,0,0,-22,12,-22,9,-24,11,-24,11,-26,9,-27,10,-27,8,-28,8,-28,9,-28,7,-27,8,-26,7,-28,7,-29,8,-25,10,-26,10,-24,12,-26,14,-23,14,-23,14,-23,16,-22,18,-20,19,-21,19,-23,21,-22,21,-21,21,-20,21,0,0,-20,27,-21,23,-19,24,-18,24,-15,22,-16,25,-13,22,-12,24,-12,25,-12,27,-11,27,-8,24,-7,24,-5,24,-5,25,-3,25,-2,26,-4,25,-2,26,-3,25,-2,26,-3,23,-3,23,-5,22,-7,23,-6,22,-7,18,-7,19,0,0,0,0,0,0]"
CSI_DATA,1009662,1a:00:00:00:00:00,-56,11,-95,4,43,6,1009662,47,0,128,0,"[0,0,0,0,0,0,0,0,-17,19,-20,15,-20,16,-22,18,-21,16,-24,18,-24,14,-25,14,-26,15,-25,12,-25,15,-24,11,-26,12,-28,10,-24,12,-25,14,-24,14,-24,16,-23,15,-21,15,-22,18,-20,19,-19,18,-21,21,-20,20,-21,21,-23,22,-23,22,0,0,-21,24,-20,22,-21,24,-19,25,-17,21,-16,25,-15,23,-15,22,-15,23,-14,23,-14,25,-12,22,-12,24,-9,24,-9,24,-8,24,-7,22,-8,25,-7,26,-8,24,-8,25,-9,22,-10,22,-10,21,-13,20,-12,20,-12,15,-13,16,0,0,0,0,0,0]"
CSI_DATA,1015662,1a:00:00:00:00:00,-56,11,-95,4,43,6,1015662,47,0,128,0,"[0,0,0,0,0,0,0,0,-8,23,-11,21,-12,23,-15,24,-15,23,-18,24,-18,21,-20,20,-20,21,-21,19,-21,20,-20,17,-22,19,-22,18,-20,18,-19,20,-19,20,-20,21,-19,19,-18,19,-17,21,-18,21,-17,22,-17,22,-19,24,-18,24,-18,25,-19,24,0,0,-19,30,-18,26,-17,26,-19,24,-16,23,-16,26,-16,22,-14,22,-15,23,-15,24,-13,25,-11,22,-12,23,-10,24,-10,23,-10,22,-9,23,-10,23,-10,24,-10,23,-11,25,-12,22,-12,19,-14,20,-16,18,-14,17,-13,12,-14,13,0,0,0,0,0,0]"
CSI_DATA,1019662,1a:00:00:00:00:00,-56,11,-95,4,43,6,1019662,47,0,128,0,"[0,0,0,0,0,0,0,0,-9,-23,-7,-23,-7,-26,-5,-28,-5,-27,-5,-31,-2,-28,0,-28,-1,-29,1,-26,-1,-28,2,-26,2,-28,2,-29,1,-27,-2,-29,-2,-28,-5,-28,-4,-27,-4,-25,-7,-28,-7,-28,-8,-27,-8,-29,-8,-28,-9,-28,-10,-30,-8,-29,0,0,-12,-30,-12,-30,-13,-30,-11,-27,-10,-27,-13,-27,-11,-25,-11,-24,-14,-24,-15,-23,-15,-22,-15,-22,-15,-22,-16,-19,-17,-18,-17,-18,-18,-18,-17,-20,-17,-20,-15,-19,-16,-20,-16,-20,-15,-19,-14,-20,-11,-21,-11,-22,-9,-17,-8,-18,0,0,0,0,0,0]"
CSI_DATA,1025662,1a:00:00:00:00:00,-56,11,-95,4,43,6,1025662,47,0,128,0,"[0,0,0,0,0,0,0,0,-17,-19,-16,-19,-15,-21,-16,-24,-13,-24,-14,-25,-12,-26,-9,-26,-8,-27,-5,-26,-8,-27,-7,-26,-7,-26,-5,-28,-7,-27,-9,-27,-8,-26,-12,-27,-10,-26,-9,-25,-10,-26,-10,-26,-11,-26,-11,-27,-11,-27,-12,-28,-13,-29,-13,-27,0,0,-14,-27,-16,-29,-12,-29,-14,-26,-12,-25,-13,-26,-13,-26,-10,-23,-14,-23,-15,-23,-15,-22,-14,-21,-15,-22,-14,-20,-15,-19,-16,-18,-17,-20,-13,-21,-14,-22,-13,-21,-13,-21,-13,-20,-10,-21,-11,-22,-8,-22,-7,-20,-4,-19,-5,-20,0,0,0,0,0,0]"
CSI_DATA,1027662,1a:00:00:00:00:00,-56,11,-95,4,43,6,1027662,47,0,128,0,"[0,0,0,0,0,0,0,0,7,23,3,23,3,26,0,28,-1,28,-2,29,-5,27,-8,28,-9,29,-11,24,-12,26,-13,24,-13,26,-15,25,-14,24,-12,26,-13,24,-14,27,-13,24,-14,24,-12,24,-14,24,-14,25,-14,24,-16,25,-15,26,-17,27,-17,26,0,0,-18,28,-18,25,-18,24,-19,25,-17,20,-18,23,-18,21,-18,19,-19,20,-19,22,-17,22,-15,20,-17,22,-15,20,-16,19,-15,19,-15,20,-18,18,-19,19,-20,16,-21,17,-20,15,-20,13,-19,12,-22,9,-21,8,-19,4,-19,4,0,0,0,0,0,0]"
CSI_DATA,1029662,1a:00:00:00:00:00,-56,11,-95,4,43,6,1029662,47,0,128,0,"[0,0,0,0,0,0,0,0,25,3,23,5,25,5,27,7,24,9,29,9,26,11,25,12,27,12,23,14,26,13,22,14,25,12,25,14,24,12,25,11,25,11,28,9,27,7,25,8,26,8,25,8,27,6,28,6,30,7,29,5,30,7,31,7,0,0,32,3,30,4,31,4,29,1,29,4,29,1,28,2,27,2,26,-1,27,-1,26,-3,26,-1,27,-3,24,-5,24,-6,25,-7,25,-7,25,-5,26,-5,24,-5,24,-6,25,-3,23,-2,24,-2,24,-1,22,-1,19,3,20,2,0,0,0,0,0,0]"
CSI_DATA,1035662,1a:00:00:00:00:00,-56,11,-95,4,43,6,1035662,47,0,128,0,"[0,0,0,0,0,0,0,0,24,-5,24,-4,27,-4,27,-2,27,0,30,0,28,2,28,4,30,5,27,8,29,6,25,9,27,7,29,7,27,8,27,5,27,6,29,4,26,3,26,4,27,5,27,4,27,5,28,3,30,4,30,3,30,2,30,4,0,0,33,3,29,4,30,3,31,2,28,3,28,4,27,2,27,3,27,1,28,1,27,-1,26,0,27,-1,25,-1,25,-4,25,-3,25,-3,26,-3,25,-2,25,0,25,0,25,0,24,4,24,2,23,4,22,5,18,6,18,7,0,0,0,0,0,0]"
CSI_DATA,1041662,1a:00:00:00:00:00,-56,11,-95,4,43,6,1041662,47,0,128,0,"[0,0,0,0,0,0,0,0,17,-17,18,-16,20,-16,23,-17,23,-15,25,-14,26,-12,24,-11,29,-10,27,-6,29,-7,27,-5,27,-7,29,-6,27,-5,28,-5,26,-5,29,-8,26,-8,26,-6,27,-5,27,-5,27,-5,28,-7,30,-7,30,-7,31,-5,28,-7,0,0,33,-7,31,-6,30,-4,31,-7,27,-3,29,-3,27,-5,27,-3,25,-3,27,-6,27,-7,25,-4,26,-6,24,-6,25,-7,24,-7,26,-6,26,-4,26,-5,25,-2,26,-1,25,0,24,0,23,2,24,3,22,5,18,7,19,7,0,0,0,0,0,0]"
CSI_DATA,1045662,1a:00:00:00:00:00,-56,11,-95,4,43,6,1045662,47,0,128,0,"[0,0,0,0,0,0,0,0,2,24,0,24,0,27,-2,27,-3,29,-3,29,-5,27,-8,28,-10,28,-12,25,-12,25,-12,25,-12,25,-13,26,-10,26,-10,26,-10,25,-9,28,-9,26,-8,26,-8,26,-8,27,-9,27,-8,28,-9,29,-6,29,-7,31,-9,29,0,0,-7,33,-8,30,-7,28,-8,30,-7,26,-7,28,-9,27,-7,25,-8,26,-5,30,-3,28,-3,25,-2,27,-2,25,-2,26,-2,25,-1,26,-3,25,-4,25,-4,24,-5,26,-6,24,-7,24,-7,23,-9,22,-10,20,-10,16,-10,18,0,0,0,0,0,0]"
CSI_DATA,1049662,1a:00:00:00:00:00,-56,11,-95,4,43,6,1049662,47,0,128,0,"[0,0,0,0,0,0,0,0,-17,-18,-15,-19,-16,-20,-16,-22,-15,-22,-15,-24,-14,-25,-13,-23,-12,-26,-8,-26,-10,-27,-8,-25,-10,-26,-9,-27,-10,-25,-12,-26,-12,-24,-14,-26,-15,-23,-13,-23,-15,-24,-16,-23,-16,-23,-18,-24,-17,-25,-18,-24,-20,-27,-18,-23,0,0,-22,-24,-21,-24,-20,-22,-21,-24,-18,-21,-18,-22,-17,-21,-17,-19,-19,-18,-19,-18,-21,-17,-20,-16,-21,-15,-21,-14,-21,-13,-21,-13,-23,-12,-20,-14,-22,-13,-20,-14,-21,-14,-19,-16,-19,-16,-17,-15,-17,-16,-16,-17,-11,-16,-12,-15,0,0,0,0,0,0]"
CSI_DATA,1055662,1a:00:00:00:00:00,-56,11,-95,4,43,6,1055662,47,0,128,0,"[0,0,0,0,0,0,0,0,-25,-6,-24,-6,-25,-8,-24,-10,-25,-12,-26,-14,-24,-16,-23,-16,-24,-18,-20,-18,-21,-19,-19,-19,-21,-19,-20,-19,-21,-19,-22,-19,-20,-18,-24,-17,-22,-16,-20,-16,-22,-17,-23,-17,-22,-18,-24,-18,-24,-17,-25,-17,-26,-18,-24,-16,0,0,-26,-20,-25,-20,-25,-17,-26,-18,-23,-16,-24,-17,-22,-16,-21,-17,-23,-15,-23,-13,-23,-12,-23,-13,-24,-12,-21,-12,-23,-9,-22,-11,-24,-11,-22,-12,-22,-13,-21,-13,-21,-14,-20,-15,-19,-15,-18,-16,-16,-16,-15,-16,-12,-16,-11,-16,0,0,0,0,0,0]"
CSI_DATA,1061662,1a:00:00:00:00:00,-56,11,-95,4,43,6,1061662,47,0,128,0,"[0,0,0,0,0,0,0,0,-26,2,-24,-1,-26,0,-26,-3,-27,-6,-28,-7,-27,-10,-25,-10,-26,-12,-23,-14,-24,-15,-23,-16,-24,-14,-24,-15,-23,-16,-25,-16,-22,-15,-26,-15,-23,-14,-22,-15,-23,-14,-25,-16,-23,-15,-24,-16,-24,-17,-25,-17,-26,-17,-24,-17,0,0,-24,-18,-26,-19,-24,-19,-25,-20,-21,-18,-23,-20,-21,-17,-19,-18,-21,-16,-22,-14,-22,-15,-21,-15,-22,-15,-20,-15,-21,-14,-21,-14,-21,-14,-20,-15,-19,-17,-18,-16,-17,-18,-16,-18,-15,-19,-14,-18,-11,-20,-10,-20,-7,-19,-7,-18,0,0,0,0,0,0]"
CSI_DATA,1067662,1a:00:00:00:00:00,-56,11,-95,4,43,6,1067662,47,0,128,0,"[0,0,0,0,0,0,0,0,-15,-18,-14,-20,-15,-21,-14,-23,-14,-25,-15,-24,-13,-26,-12,-24,-12,-26,-10,-26,-12,-24,-10,-26,-14,-25,-14,-24,-14,-24,-16,-24,-15,-22,-19,-22,-18,-19,-17,-20,-20,-19,-21,-18,-22,-19,-21,-19,-23,-17,-24,-17,-28,-15,-26,-16,0,0,-29,-14,-28,-14,-28,-12,-28,-12,-25,-10,-28,-11,-26,-8,-26,-9,-26,-6,-26,-3,-27,-3,-26,-2,-26,-1,-24,0,-24,2,-25,3,-25,4,-25,2,-27,4,-24,3,-25,2,-25,2,-24,3,-23,3,-21,1,-22,1,-19,-1,-20,-2,0,0,0,0,0,0]"
CSI_DATA,1072370,1a:00:00:00:00:00,-56,11,-95,4,43,6,1072370,47,0,128,0,"[0,0,0,0,0,0,0,0,-3,-25,-3,-24,-3,-25,-2,-27,0,-28,0,-28,1,-29,1,-28,2,-28,3,-27,2,-28,1,-28,-1,-28,-1,-27,-2,-28,-5,-28,-5,-27,-7,-30,-6,-26,-7,-25,-10,-26,-9,-27,-11,-25,-11,-26,-14,-25,-16,-25,-19,-26,-18,-26,0,0,-21,-24,-20,-25,-19,-25,-19,-22,-18,-19,-21,-21,-21,-19,-19,-18,-22,-15,-25,-12,-24,-13,-24,-11,-25,-11,-23,-10,-24,-10,-24,-8,-25,-6,-23,-7,-25,-6,-23,-6,-25,-6,-23,-7,-24,-6,-22,-6,-21,-7,-19,-9,-18,-9,-18,-7,0,0,0,0,0,0]"
CSI_DATA,1077662,1a:00:00:00:00:00,-56,11,-95,4,43,6,1077662,47,0,128,0,"[0,0,0,0,0,0,0,0,23,-9,24,-7,25,-8,26,-6,26,-5,28,-5,28,-4,28,-4,30,-3,28,0,28,-1,27,-2,27,-5,29,-5,27,-5,28,-7,26,-7,29,-10,25,-9,25,-9,25,-11,25,-13,24,-12,25,-14,25,-16,24,-17,25,-18,26,-19,0,0,23,-21,23,-20,21,-20,23,-22,19,-20,19,-22,18,-21,16,-20,16,-22,14,-25,13,-25,10,-23,10,-24,8,-23,9,-24,7,-24,6,-25,7,-26,7,-26,7,-24,7,-25,8,-22,7,-23,7,-22,8,-22,9,-21,9,-17,8,-17,0,0,0,0,0,0]"
CSI_DATA,1081662,1a:00:00:00:00:00,-56,11,-95,4,43,6,1081662,47,0,128,0,"[0,0,0,0,0,0,0,0,21,14,17,15,19,16,19,20,18,23,16,24,15,24,12,25,12,27,7,27,10,26,6,28,8,27,7,28,8,27,9,27,6,25,9,29,7,27,8,25,8,27,9,27,7,27,8,27,8,29,8,29,9,30,4,31,0,0,4,31,6,30,5,30,4,29,5,26,3,30,3,27,1,26,3,26,5,26,5,27,6,25,4,27,5,24,5,24,4,24,5,26,3,25,1,26,0,24,0,25,-1,25,-4,25,-4,24,-6,23,-8,20,-8,18,-8,18,0,0,0,0,0,0]"
CSI_DATA,1089803,1a:00:00:00:00:00,-56,11,-95,4,43,6,1089803,47,0,128,0,"[0,0,0,0,0,0,0,0,-23,-8,-22,-10,-23,-11,-22,-12,-23,-14,-25,-16,-24,-17,-22,-18,-21,-20,-18,-20,-20,-19,-18,-21,-19,-20,-19,-20,-20,-20,-21,-20,-20,-19,-24,-17,-21,-15,-19,-16,-21,-18,-23,-18,-22,-18,-24,-17,-24,-17,-25,-18,-26,-20,-24,-16,0,0,-26,-17,-27,-18,-25,-16,-26,-17,-23,-17,-25,-17,-23,-15,-22,-15,-24,-14,-26,-13,-25,-12,-23,-11,-24,-11,-21,-9,-25,-8,-23,-7,-25,-8,-23,-10,-23,-10,-22,-11,-22,-12,-21,-12,-21,-13,-20,-12,-18,-14,-17,-14,-14,-15,-14,-14,0,0,0,0,0,0]"
CSI_DATA,1091662,1a:00:00:00:00:00,-56,11,-95,4,43,6,1091662,47,0,128,0,"[0,0,0,0,0,0,0,0,-21,11,-21,11,-23,10,-26,8,-27,5,-28,5,-28,2,-28,0,-29,-1,-27,-4,-28,-3,-26,-5,-28,-4,-28,-5,-28,-5,-27,-5,-24,-6,-29,-5,-28,-5,-25,-6,-26,-6,-28,-6,-28,-6,-28,-7,-28,-5,-31,-6,-31,-5,-28,-5,0,0,-31,-8,-29,-11,-29,-11,-29,-10,-26,-9,-27,-10,-25,-9,-24,-10,-24,-10,-26,-8,-27,-9,-23,-8,-24,-9,-23,-8,-23,-8,-23,-8,-25,-8,-24,-9,-25,-10,-22,-11,-22,-12,-19,-13,-20,-14,-17,-15,-16,-15,-14,-16,-11,-16,-10,-16,0,0,0,0,0,0]"
CSI_DATA,1097662,1a:00:00:00:00:00,-56,11,-95,4,43,6,1097662,47,0,128,0,"[0,0,0,0,0,0,0,0,-23,-7,-22,-8,-25,-10,-24,-10,-24,-14,-25,-14,-25,-16,-23,-14,-24,-16,-22,-16,-23,-16,-24,-14,-25,-15,-24,-14,-25,-12,-26,-11,-23,-12,-28,-11,-24,-9,-26,-8,-27,-8,-27,-7,-27,-6,-28,-6,-30,-3,-29,-3,-30,-2,-29,-2,0,0,-29,0,-32,-2,-31,-1,-31,3,-27,2,-30,3,-27,3,-26,3,-25,4,-25,9,-26,9,-25,10,-25,11,-21,11,-22,12,-22,12,-22,13,-21,13,-23,14,-21,13,-21,14,-22,12,-23,11,-21,11,-20,11,-20,7,-20,6,-18,5,0,0,0,0,0,0]"
CSI_DATA,1103662,1a:00:00:00:00:00,-56,11,-95,4,43,6,1103662,47,0,128,0,"[0,0,0,0,0,0,0,0,-25,-2,-25,-4,-26,-4,-26,-5,-27,-8,-28,-8,-26,-11,-26,-10,-27,-11,-24,-11,-26,-11,-25,-12,-26,-12,-27,-11,-26,-11,-27,-9,-26,-10,-29,-9,-26,-6,-26,-7,-26,-6,-28,-5,-27,-4,-28,-5,-30,-3,-28,-3,-31,-2,-31,-3,0,0,-30,-1,-32,-2,-30,-2,-31,-2,-27,-2,-29,0,-27,1,-26,2,-26,3,-27,5,-26,5,-25,5,-26,5,-23,7,-26,7,-24,7,-23,8,-23,8,-26,9,-24,7,-25,7,-24,6,-24,5,-23,4,-23,2,-22,2,-19,-2,-20,-1,0,0,0,0,0,0]"
CSI_DATA,1109662,1a:00:00:00:00:00,-56,11,-95,4,43,6,1109662,47,0,128,0,"[0,0,0,0,0,0,0,0,-24,7,-23,3,-25,4,-26,2,-28,-1,-28,-1,-28,-3,-28,-3,-28,-4,-27,-6,-27,-6,-26,-7,-27,-6,-28,-7,-26,-6,-28,-6,-25,-6,-30,-4,-27,-3,-26,-3,-26,-3,-27,-3,-27,-3,-27,-2,-30,-2,-30,-1,-31,-1,-27,0,0,0,-32,-1,-30,-2,-28,-3,-30,-3,-28,-2,-29,-3,-27,-1,-27,-1,-26,0,-29,1,-28,2,-25,2,-26,4,-24,3,-26,4,-24,4,-25,5,-25,4,-27,4,-25,2,-26,4,-24,0,-24,0,-23,0,-22,-2,-21,-3,-18,-6,-19,-5,0,0,0,0,0,0]"
CSI_DATA,1115662,1a:00:00:00:00:00,-56,11,-95,4,43,6,1115662,47,0,128,0,"[0,0,0,0,0,0,0,0,-18,18,-18,15,-19,15,-22,15,-25,13,-26,12,-27,10,-25,9,-28,7,-27,6,-28,6,-28,4,-28,6,-29,4,-26,5,-26,6,-25,4,-28,6,-25,5,-27,6,-26,5,-28,5,-26,6,-29,5,-30,7,-29,7,-30,7,-29,7,0,0,-31,5,-31,5,-29,3,-30,5,-28,3,-29,3,-24,2,-25,3,-26,2,-29,3,-27,6,-24,5,-25,5,-23,6,-25,6,-23,7,-25,6,-24,5,-25,4,-23,2,-24,3,-24,0,-25,-1,-23,-1,-22,-3,-21,-5,-18,-7,-17,-7,0,0,0,0,0,0]"
CSI_DATA,1119662,1a:00:00:00:00:00,-56,11,-95,4,43,6,1119662,47,0,128,0,"[0,0,0,0,0,0,0,0,0,-25,3,-23,4,-26,4,-24,6,-27,8,-27,10,-27,11,-25,13,-27,14,-24,13,-25,13,-24,14,-25,14,-24,13,-24,12,-25,10,-24,12,-27,10,-23,11,-23,11,-26,10,-27,11,-26,11,-26,10,-27,9,-29,10,-29,11,-26,0,0,11,-30,11,-30,10,-29,12,-29,9,-26,10,-28,10,-26,8,-24,7,-27,5,-28,6,-27,3,-25,4,-25,3,-23,4,-26,4,-24,4,-25,5,-25,4,-25,6,-23,6,-25,6,-22,7,-23,7,-22,10,-20,10,-19,10,-15,11,-16,0,0,0,0,0,0]"
CSI_DATA,1125662,1a:00:00:00:00:00,-56,11,-95,4,43,6,1125662,47,0,128,0,"[0,0,0,0,0,0,0,0,-8,-24,-5,-23,-4,-26,-2,-26,1,-29,0,-28,3,-29,5,-26,6,-28,8,-25,8,-27,8,-26,9,-26,10,-28,9,-26,9,-26,8,-25,10,-29,9,-25,9,-24,7,-25,8,-26,7,-27,9,-28,11,-29,9,-29,9,-30,12,-28,0,0,10,-31,13,-29,11,-28,12,-29,11,-24,11,-27,11,-25,11,-23,10,-25,10,-28,9,-26,8,-24,8,-25,6,-23,9,-24,8,-24,6,-24,9,-22,9,-24,10,-22,10,-23,12,-22,13,-21,14,-18,15,-17,16,-16,15,-12,15,-12,0,0,0,0,0,0]"
CSI_DATA,1131662,1a:00:00:00:00:00,-56,11,-95,4,43,6,1131662,47,0,128,0,"[0,0,0,0,0,0,0,0,18,-17,17,-15,20,-16,21,-16,21,-16,24,-17,23,-15,24,-15,24,-15,23,-14,23,-15,22,-14,23,-15,23,-16,20,-18,21,-18,19,-18,20,-22,18,-20,17,-19,16,-22,15,-23,12,-25,12,-26,13,-26,12,-27,13,-28,12,-28,0,0,9,-30,9,-30,9,-30,8,-29,6,-27,3,-29,3,-27,2,-26,0,-28,-2,-27,-1,-27,-3,-24,-4,-26,-6,-23,-7,-23,-7,-24,-10,-23,-8,-24,-10,-24,-8,-22,-10,-23,-8,-22,-8,-23,-7,-22,-4,-21,-6,-22,-3,-19,-3,-19,0,0,0,0,0,0]"
CSI_DATA,1135662,1a:00:00:00:00:00,-56,11,-95,4,43,6,1135662,47,0,128,0,"[0,0,0,0,0,0,0,0,25,9,26,9,27,10,27,8,22,16,26,18,19,13,19,16,24,17,16,20,20,17,18,22,20,21,20,23,20,19,20,19,17,18,20,22,21,20,15,20,18,22,19,18,21,21,18,19,22,21,22,20,21,22,18,20,0,0,20,23,20,24,20,22,18,23,17,24,17,22,18,21,15,23,18,19,15,20,15,22,17,21,18,22,17,18,15,19,17,21,16,17,14,21,17,20,12,23,15,19,13,22,9,20,7,22,5,24,6,23,2,17,0,19,0,0,0,0,0,0]"
CSI_DATA,1141662,1a:00:00:00:00:00,-56,11,-95,4,43,6,1141662,47,0,128,0,"[0,0,0,0,0,0,0,0,10,21,8,22,9,23,9,25,8,26,8,27,7,28,7,27,8,28,5,25,7,26,6,27,8,26,8,27,9,25,10,25,10,24,14,25,14,23,14,23,15,24,17,23,18,21,17,22,20,21,22,20,23,22,22,20,0,0,26,20,23,20,24,21,25,16,23,15,25,15,23,13,24,12,24,11,25,9,26,8,25,7,25,6,24,3,25,3,25,3,26,1,25,1,25,1,25,2,26,1,23,1,25,2,24,3,22,3,21,4,19,4,20,5,0,0,0,0,0,0]"
CSI_DATA,1145976,1a:00:00:00:00:00,-56,11,-95,4,43,6,1145976,47,0,128,0,"[0,0,0,0,0,0,0,0,-19,15,-19,13,-21,14,-21,14,-24,14,-25,15,-24,13,-24,12,-26,13,-25,12,-24,13,-23,14,-23,16,-23,16,-20,17,-21,18,-19,18,-22,21,-19,20,-18,19,-15,22,-17,23,-13,24,-13,24,-11,28,-12,27,-12,28,-9,28,0,0,-10,30,-9,28,-7,28,-7,30,-5,27,-3,29,-2,27,-1,26,-1,28,3,29,5,28,6,25,7,25,9,22,7,24,9,23,10,24,10,23,11,25,9,22,12,22,10,22,12,22,11,21,9,22,7,19,6,18,6,19,0,0,0,0,0,0]"
CSI_DATA,1151662,1a:00:00:00:00:00,-56,11,-95,4,43,6,1151662,47,0,128,0,"[0,0,0,0,0,0,0,0,-24,-2,-23,-3,-25,-3,-27,-6,-26,-5,-29,-5,-26,-7,-28,-7,-26,-8,-26,-9,-27,-8,-25,-9,-27,-8,-28,-8,-26,-6,-27,-3,-27,-3,-28,0,-26,1,-25,0,-27,2,-27,2,-27,3,-28,5,-29,4,-28,8,-30,7,-29,8,0,0,-30,10,-27,10,-29,12,-27,12,-25,12,-26,14,-24,12,-23,12,-22,15,-23,17,-20,19,-17,17,-18,18,-15,19,-16,19,-15,21,-14,21,-16,21,-15,20,-15,20,-15,22,-13,20,-14,17,-14,19,-16,17,-15,17,-14,12,-14,12,0,0,0,0,0,0]"
CSI_DATA,1157662,1a:00:00:00:00:00,-56,11,-95,4,43,6,1157662,47,0,128,0,"[0,0,0,0,0,0,0,0,-23,8,-22,7,-24,7,-26,7,-26,6,-28,7,-26,4,-27,3,-28,3,-27,2,-26,3,-26,1,-27,2,-29,3,-27,2,-27,4,-25,5,-28,8,-26,8,-25,7,-26,9,-25,10,-25,11,-26,12,-27,12,-26,12,-28,12,-25,14,0,0,-28,17,-25,15,-25,15,-25,17,-24,14,-23,17,-22,15,-20,16,-20,18,-20,20,-19,20,-17,16,-17,18,-15,19,-15,20,-15,20,-14,20,-15,20,-14,21,-14,21,-15,20,-14,19,-15,17,-16,16,-16,16,-17,15,-15,11,-15,11,0,0,0,0,0,0]"
CSI_DATA,1163662,1a:00:00:00:00:00,-56,11,-95,4,43,6,1163662,47,0,128,0,"[0,0,0,0,0,0,0,0,-18,16,-18,14,-21,14,-23,15,-23,14,-26,13,-26,12,-25,11,-27,10,-27,7,-26,9,-26,6,-27,8,-27,7,-25,8,-25,10,-25,9,-26,13,-25,11,-23,11,-24,12,-23,11,-24,11,-26,13,-26,13,-24,15,-26,15,-25,15,0,0,-29,17,-28,15,-25,16,-25,16,-24,13,-25,16,-23,13,-22,13,-22,15,-23,17,-20,19,-18,18,-19,18,-17,17,-18,19,-17,18,-17,18,-19,17,-18,18,-18,17,-20,16,-19,15,-19,14,-18,14,-19,12,-19,11,-17,7,-18,8,0,0,0,0,0,0]"
CSI_DATA,1167662,1a:00:00:00:00:00,-56,11,-95,4,43,6,1167662,47,0,128,0,"[0,0,0,0,0,0,0,0,1,-24,1,-23,3,-26,3,-27,3,-27,4,-28,6,-27,7,-25,9,-26,10,-24,10,-28,9,-25,10,-26,9,-26,7,-27,6,-27,6,-26,4,-28,3,-25,3,-26,3,-28,2,-30,1,-27,0,-29,2,-29,-3,-29,-1,-31,0,-29,0,0,-3,-32,-4,-31,-5,-29,-4,-31,-3,-27,-5,-28,-4,-26,-4,-26,-7,-26,-9,-26,-9,-24,-10,-23,-10,-25,-10,-22,-12,-22,-12,-21,-15,-22,-11,-22,-13,-23,-10,-22,-10,-22,-12,-22,-8,-23,-8,-21,-6,-23,-6,-21,-4,-20,-4,-18,0,0,0,0,0,0]"
CSI_DATA,1172904,1a:00:00:00:00:00,-56,11,-95,4,43,6,1172904,47,0,128,0,"[0,0,0,0,0,0,0,0,-16,18,-16,17,-19,19,-20,18,-20,17,-22,18,-21,18,-23,14,-25,15,-25,11,-25,15,-23,11,-24,14,-25,14,-23,14,-22,15,-22,14,-23,19,-21,18,-20,17,-20,18,-20,18,-19,18,-21,19,-21,21,-18,22,-20,22,-21,23,0,0,-20,23,-19,23,-18,23,-19,24,-16,22,-17,23,-16,21,-15,20,-16,21,-15,27,-11,25,-10,23,-10,24,-9,23,-8,24,-8,24,-7,24,-8,24,-10,23,-9,22,-11,24,-9,22,-13,21,-9,20,-12,20,-11,19,-13,15,-12,15,0,0,0,0,0,0]"
CSI_DATA,1179176,1a:00:00:00:00:00,-56,11,-95,4,43,6,1179176,47,0,128,0,"[0,0,0,0,0,0,0,0,-12,-20,-11,-20,-9,-23,-8,-24,-7,-27,-7,-29,-4,-28,-3,-27,-3,-29,-1,-26,-1,-27,-1,-27,0,-27,1,-28,-1,-27,-3,-27,-1,-26,-2,-29,-1,-26,-2,-26,-3,-27,-3,-29,-5,-27,-5,-28,-3,-30,-5,-29,-4,-28,-1,-30,0,0,-7,-30,-4,-32,-3,-29,-3,-31,-3,-27,-5,-28,-5,-26,-5,-26,-3,-27,-7,-29,-6,-28,-6,-24,-7,-25,-7,-22,-7,-23,-7,-23,-7,-23,-6,-23,-7,-25,-5,-24,-6,-24,-4,-23,-4,-24,-1,-23,1,-23,2,-21,3,-19,4,-18,0,0,0,0,0,0]"
CSI_DATA,1183663,1a:00:00:00:00:00,-56,11,-95,4,43,6,1183663,47,0,128,0,"[0,0,0,0,0,0,0,0,25,1,23,3,26,3,26,5,27,6,27,7,27,8,24,10,26,10,24,13,26,12,23,14,24,12,25,14,25,13,25,12,24,11,28,9,25,8,25,10,26,10,26,10,26,9,28,9,28,9,28,7,29,8,29,10,0,0,29,9,30,10,29,8,29,7,26,8,28,7,26,7,25,7,26,6,29,5,26,3,25,3,27,3,24,3,25,0,25,-1,25,1,25,2,25,1,25,4,25,3,24,4,24,6,23,6,22,8,21,7,16,9,17,9,0,0,0,0,0,0]"
CSI_DATA,1187663,1a:00:00:00:00:00,-56,11,-95,4,43,6,1187663,47,0,128,0,"[0,0,0,0,0,0,0,0,-15,18,-16,16,-19,18,-21,18,-20,18,-22,18,-23,16,-23,14,-25,15,-25,11,-25,13,-24,12,-25,14,-25,13,-23,15,-23,15,-21,15,-22,19,-20,16,-21,17,-19,17,-22,17,-20,17,-20,19,-21,20,-18,22,-21,22,-22,23,0,0,-20,24,-19,24,-18,22,-18,24,-17,22,-18,22,-18,22,-15,20,-14,21,-13,26,-11,24,-10,22,-10,23,-8,20,-8,24,-7,23,-7,25,-8,24,-10,23,-9,23,-11,23,-9,21,-11,21,-10,20,-11,21,-11,18,-11,16,-11,15,0,0,0,0,0,0]"
CSI_DATA,1192750,1a:00:00:00:00:00,-56,11,-95,4,43,6,1192750,47,0,128,0,"[0,0,0,0,0,0,0,0,21,13,19,14,21,16,20,16,20,19,21,21,18,21,18,22,17,22,15,23,17,22,16,23,17,22,18,22,16,20,17,21,18,20,20,20,18,18,16,17,20,19,22,18,20,18,22,18,22,18,23,19,25,18,24,16,0,0,27,18,27,17,24,18,25,15,22,15,26,15,24,14,23,14,22,12,25,10,25,9,24,8,25,8,23,8,25,7,24,6,24,6,25,6,26,7,23,7,23,7,22,8,22,8,21,8,21,10,20,10,17,11,16,11,0,0,0,0,0,0]"
CSI_DATA,1197663,1a:00:00:00:00:00,-56,11,-95,4,43,6,1197663,47,0,128,0,"[0,0,0,0,0,0,0,0,-12,-21,-10,-21,-8,-24,-8,-24,-7,-28,-7,-28,-5,-27,-3,-26,-4,-28,0,-26,-3,-28,-1,-28,-2,-29,-3,-27,-4,-27,-5,-28,-4,-26,-5,-27,-6,-26,-5,-25,-8,-26,-8,-26,-8,-26,-9,-26,-10,-26,-11,-27,-12,-29,-8,-27,0,0,-13,-27,-14,-29,-12,-27,-14,-27,-12,-24,-12,-26,-13,-23,-12,-23,-14,-22,-15,-20,-16,-20,-16,-20,-17,-21,-16,-18,-17,-18,-16,-18,-18,-18,-17,-18,-17,-19,-16,-18,-17,-19,-15,-18,-15,-18,-14,-18,-12,-20,-10,-19,-8,-18,-9,-18,0,0,0,0,0,0]"
CSI_DATA,1203663,1a:00:00:00:00:00,-56,11,-95,4,43,6,1203663,47,0,128,0,"[0,0,0,0,0,0,0,0,-19,-13,-18,-16,-19,-16,-19,-18,-18,-21,-19,-21,-16,-24,-14,-22,-15,-25,-11,-25,-14,-24,-10,-24,-13,-25,-12,-25,-13,-24,-14,-25,-13,-24,-15,-25,-14,-22,-14,-23,-15,-22,-14,-23,-15,-23,-17,-23,-16,-24,-18,-24,-19,-25,-17,-24,0,0,-17,-27,-18,-24,-18,-25,-18,-24,-17,-22,-17,-23,-16,-21,-17,-23,-15,-19,-17,-20,-18,-20,-18,-19,-18,-18,-17,-17,-18,-16,-19,-16,-18,-16,-18,-18,-17,-19,-17,-19,-16,-18,-14,-19,-14,-19,-14,-19,-11,-19,-9,-19,-7,-17,-8,-17,0,0,0,0,0,0]"
CSI_DATA,1207854,1a:00:00:00:00:00,-56,11,-95,4,43,6,1207854,47,0,128,0,"[0,0,0,0,0,0,0,0,-15,19,-15,16,-18,18,-21,17,-20,16,-22,18,-22,15,-24,15,-24,15,-24,11,-25,14,-23,12,-26,12,-28,12,-24,13,-24,13,-24,14,-22,17,-23,17,-21,14,-23,16,-22,17,-21,16,-21,18,-24,18,-21,20,-23,22,-23,19,0,0,-24,24,-22,21,-21,21,-22,21,-20,20,-20,21,-17,19,-18,19,-16,19,-18,20,-16,22,-14,21,-13,21,-13,21,-12,21,-12,23,-11,21,-13,23,-12,22,-13,20,-14,22,-13,21,-14,18,-14,17,-16,16,-16,17,-14,11,-15,12,0,0,0,0,0,0]"
CSI_DATA,1213663,1a:00:00:00:00:00,-56,11,-95,4,43,6,1213663,47,0,128,0,"[0,0,0,0,0,0,0,0,21,-13,21,-11,24,-13,25,-11,27,-8,27,-8,28,-5,27,-4,28,-4,28,-1,28,-2,28,0,28,-2,28,-2,27,-2,27,-2,26,-2,30,-5,26,-3,28,-4,25,-4,28,-2,28,-3,30,-3,28,-7,28,-6,29,-5,29,-5,0,0,32,-7,32,-6,28,-5,30,-6,26,-4,29,-5,27,-3,25,-4,27,-5,29,-9,26,-10,24,-8,24,-9,22,-9,23,-9,24,-8,24,-9,23,-9,24,-7,24,-7,25,-6,25,-5,23,-3,23,-4,23,-2,21,0,19,3,19,2,0,0,0,0,0,0]"
CSI_DATA,1219663,1a:00:00:00:00:00,-56,11,-95,4,43,6,1219663,47,0,128,0,"[0,0,0,0,0,0,0,0,19,-16,19,-13,21,-14,23,-12,26,-9,28,-10,26,-7,27,-6,28,-5,26,-3,29,-2,26,-2,29,-3,28,-2,27,-2,27,-2,26,-1,29,-3,27,-3,25,-1,27,-2,29,-2,27,-2,28,-2,30,-3,29,-2,30,-4,30,-1,0,0,30,0,29,1,31,1,30,0,27,1,29,1,27,1,25,2,27,2,29,-3,27,-2,24,-1,26,-1,24,-1,25,-1,25,0,24,0,24,0,26,-1,25,2,25,3,23,6,23,4,22,7,21,7,19,9,16,10,15,11,0,0,0,0,0,0]"
CSI_DATA,1224312,1a:00:00:00:00:00,-56,11,-95,4,43,6,1224312,47,0,128,0,"[0,0,0,0,0,0,0,0,0,24,-1,22,-3,25,-4,26,-6,26,-7,28,-9,27,-11,24,-14,25,-14,23,-14,25,-14,22,-15,23,-15,24,-16,23,-14,23,-14,22,-14,26,-13,23,-14,22,-13,23,-14,25,-13,24,-12,25,-16,25,-14,25,-16,28,-16,25,0,0,-16,27,-16,26,-17,26,-16,26,-15,23,-16,23,-15,22,-14,23,-15,22,-16,26,-14,24,-12,22,-12,23,-12,22,-12,23,-11,21,-12,22,-14,22,-13,22,-14,20,-15,21,-14,19,-16,18,-15,17,-18,14,-17,14,-17,9,-17,9,0,0,0,0,0,0]"
CSI_DATA,1229663,1a:00:00:00:00:00,-56,11,-95,4,43,6,1229663,47,0,128,0,"[0,0,0,0,0,0,0,0,11,22,10,23,7,24,5,25,3,28,3,28,-1,28,-2,28,-3,29,-5,26,-5,27,-6,28,-5,28,-6,28,-6,26,-5,27,-6,24,-7,27,-7,25,-7,25,-6,27,-7,27,-5,26,-6,27,-6,30,-4,29,-6,31,-8,30,0,0,-10,29,-9,30,-9,27,-12,28,-8,25,-10,26,-10,24,-10,23,-9,24,-7,26,-7,26,-6,24,-7,25,-6,23,-9,24,-7,22,-8,25,-8,24,-11,24,-11,21,-11,23,-12,20,-12,22,-12,19,-14,17,-13,16,-15,12,-15,13,0,0,0,0,0,0]"
CSI_DATA,1233663,1a:00:00:00:00:00,-56,11,-95,4,43,6,1233663,47,0,128,0,"[0,0,0,0,0,0,0,0,-23,-9,-21,-9,-22,-12,-22,-12,-23,-17,-22,-17,-20,-19,-18,-19,-20,-21,-16,-21,-17,-21,-18,-21,-17,-21,-18,-21,-18,-21,-19,-21,-17,-20,-20,-22,-18,-19,-15,-20,-19,-19,-20,-21,-20,-20,-19,-21,-21,-20,-22,-21,-23,-21,-21,-19,0,0,-25,-21,-20,-22,-20,-22,-19,-22,-19,-19,-20,-22,-18,-20,-17,-18,-17,-19,-21,-18,-21,-17,-20,-16,-20,-17,-19,-14,-19,-14,-19,-15,-20,-16,-18,-16,-20,-16,-18,-17,-18,-16,-16,-18,-16,-18,-15,-18,-13,-18,-10,-19,-8,-19,-7,-18,0,0,0,0,0,0]"
CSI_DATA,1239663,1a:00:00:00:00:00,-56,11,-95,4,43,6,1239663,47,0,128,0,"[0,0,0,0,0,0,0,0,-22,-3,-23,-5,-24,-7,-25,-8,-23,-11,-26,-12,-23,-13,-23,-15,-22,-17,-20,-17,-21,-16,-19,-19,-21,-19,-20,-20,-19,-19,-20,-19,-20,-19,-21,-18,-20,-17,-17,-19,-19,-20,-20,-19,-21,-19,-20,-19,-20,-20,-21,-21,-22,-22,-19,-21,0,0,-21,-25,-21,-22,-21,-23,-19,-23,-18,-22,-19,-22,-17,-21,-17,-21,-16,-19,-18,-20,-17,-20,-17,-19,-17,-20,-16,-19,-15,-18,-16,-18,-16,-19,-15,-20,-16,-20,-13,-19,-14,-21,-11,-21,-10,-22,-9,-21,-6,-21,-5,-21,-1,-18,-1,-20,0,0,0,0,0,0]"
CSI_DATA,1243743,1a:00:00:00:00:00,-56,11,-95,4,43,6,1243743,47,0,128,0,"[0,0,0,0,0,0,0,0,12,-20,13,-20,14,-21,16,-21,17,-20,19,-21,21,-18,21,-16,24,-17,23,-13,24,-15,24,-13,24,-15,26,-15,24,-14,23,-14,23,-13,25,-17,22,-15,23,-14,23,-15,23,-15,22,-16,25,-16,24,-17,24,-17,25,-18,24,-18,0,0,28,-19,25,-16,24,-16,26,-16,23,-14,24,-16,23,-15,24,-13,22,-14,22,-16,21,-17,20,-15,21,-15,18,-16,20,-17,18,-16,19,-17,19,-16,20,-16,21,-13,21,-14,20,-11,21,-11,21,-10,22,-8,21,-6,19,-3,19,-3,0,0,0,0,0,0]"
CSI_DATA,1250326,1a:00:00:00:00:00,-56,11,-95,4,43,6,1250326,47,0,128,0,"[0,0,0,0,0,0,0,0,24,-3,23,-1,26,2,27,3,25,5,28,7,27,9,26,12,27,11,22,14,24,15,20,16,22,17,22,18,22,18,22,17,22,17,22,17,22,16,20,16,21,18,23,18,21,18,22,19,21,18,23,21,22,23,20,22,0,0,22,23,20,23,20,24,19,23,17,23,18,23,16,22,14,21,14,22,17,22,17,21,15,21,15,21,14,20,14,19,15,20,15,21,13,22,12,22,10,22,10,23,8,23,6,23,4,23,2,22,1,22,-1,18,-3,19,0,0,0,0,0,0]"
CSI_DATA,1255663,1a:00:00:00:00:00,-56,11,-95,4,43,6,1255663,47,0,128,0,"[0,0,0,0,0,0,0,0,25,-3,23,-2,26,-3,27,-3,27,-1,29,0,28,1,28,2,30,2,26,3,28,3,27,3,29,1,30,0,27,-1,27,-2,26,-3,29,-5,28,-4,27,-5,27,-7,27,-8,26,-8,26,-9,28,-12,26,-11,29,-15,28,-14,0,0,27,-15,26,-16,25,-15,26,-15,23,-16,22,-17,22,-16,20,-16,19,-18,17,-21,17,-22,15,-20,16,-21,13,-20,13,-22,12,-21,11,-22,12,-22,11,-23,12,-21,12,-23,13,-20,13,-21,13,-21,12,-18,13,-18,13,-14,13,-14,0,0,0,0,0,0]"
CSI_DATA,1261818,1a:00:00:00:00:00,-56,11,-95,4,43,6,1261818,47,0,128,0,"[0,0,0,0,0,0,0,0,10,-23,10,-20,13,-23,14,-21,16,-22,17,-22,17,-21,19,-19,19,-20,20,-18,21,-18,19,-19,20,-20,20,-21,17,-21,17,-21,16,-20,18,-24,16,-21,16,-21,15,-22,15,-23,15,-23,14,-24,13,-26,12,-27,13,-29,13,-26,0,0,13,-30,13,-28,13,-27,12,-27,10,-24,10,-26,10,-25,10,-24,8,-24,4,-26,5,-26,3,-24,2,-26,2,-24,3,-24,2,-24,2,-25,2,-24,2,-26,3,-24,2,-26,4,-22,2,-24,3,-22,5,-22,6,-19,8,-17,8,-18,0,0,0,0,0,0]"
CSI_DATA,1265663,1a:00:00:00:00:00,-56,11,-95,4,43,6,1265663,47,0,128,0,"[0,0,0,0,0,0,0,0,-5,24,-7,22,-8,24,-9,24,-10,26,-11,27,-13,26,-13,24,-14,25,-14,22,-14,24,-13,23,-13,24,-13,26,-10,26,-9,26,-9,25,-10,27,-8,24,-7,25,-6,27,-5,28,-2,28,-3,28,-1,29,1,30,0,30,0,28,0,0,3,31,0,30,3,30,3,30,4,28,6,29,6,25,7,25,6,26,8,25,11,26,12,22,12,23,13,21,12,22,12,20,15,20,14,21,14,22,13,21,14,20,13,21,12,20,13,20,10,20,8,19,7,18,7,19,0,0,0,0,0,0]"
CSI_DATA,1269901,1a:00:00:00:00:00,-56,11,-95,4,43,6,1269901,47,0,128,0,"[0,0,0,0,0,0,0,0,-21,-11,-19,-12,-23,-12,-22,-14,-21,-16,-23,-16,-22,-17,-22,-17,-23,-18,-20,-17,-22,-17,-21,-17,-24,-16,-24,-16,-23,-13,-24,-11,-23,-12,-28,-11,-24,-9,-24,-10,-26,-9,-27,-7,-27,-6,-26,-6,-30,-3,-31,-3,-31,0,-27,0,0,0,-33,2,-30,2,-31,1,-31,4,-27,3,-30,6,-26,6,-26,4,-24,9,-24,13,-24,13,-22,12,-22,14,-19,13,-20,15,-19,15,-19,17,-20,17,-19,16,-18,16,-19,17,-17,15,-19,15,-19,14,-17,14,-17,12,-17,9,-17,10,0,0,0,0,0,0]"
CSI_DATA,1275608,1a:00:00:00:00:00,-56,11,-95,4,43,6,1275608,47,0,128,0,"[0,0,0,0,0,0,0,0,22,-9,21,-7,25,-8,25,-8,26,-6,27,-7,26,-4,28,-4,28,-5,27,-3,28,-5,25,-4,29,-4,28,-4,27,-5,28,-6,25,-7,27,-10,26,-10,24,-9,25,-12,24,-13,24,-14,24,-15,25,-16,24,-17,23,-18,25,-17,0,0,25,-21,21,-18,21,-20,22,-21,20,-20,21,-21,18,-20,17,-20,16,-21,14,-23,13,-22,13,-21,12,-22,11,-22,10,-23,11,-24,7,-23,9,-25,8,-25,8,-24,9,-24,8,-22,10,-22,10,-19,11,-21,11,-20,10,-16,12,-16,0,0,0,0,0,0]"
CSI_DATA,1281663,1a:00:00:00:00:00,-56,11,-95,4,43,6,1281663,47,0,128,0,"[0,0,0,0,0,0,0,0,-21,-10,-21,-9,-23,-11,-23,-12,-23,-14,-25,-15,-23,-16,-23,-16,-23,-16,-20,-16,-21,-18,-20,-18,-21,-18,-21,-19,-21,-17,-22,-16,-21,-15,-24,-14,-23,-13,-22,-15,-22,-13,-25,-13,-24,-12,-25,-11,-27,-12,-26,-11,-29,-12,-26,-11,0,0,-31,-11,-27,-11,-29,-11,-27,-11,-26,-9,-28,-7,-27,-8,-26,-8,-26,-4,-29,-2,-26,-3,-25,-3,-26,-2,-24,-1,-23,0,-25,0,-26,2,-25,0,-26,2,-23,1,-24,0,-24,-2,-24,-3,-23,-3,-21,-5,-21,-6,-18,-7,-18,-8,0,0,0,0,0,0]"
CSI_DATA,1287663,1a:00:00:00:00:00,-56,11,-95,4,43,6,1287663,47,0,128,0,"[0,0,0,0,0,0,0,0,-24,0,-23,-3,-25,-4,-27,-5,-26,-7,-28,-8,-25,-11,-25,-11,-25,-10,-23,-12,-25,-11,-23,-14,-25,-13,-24,-15,-22,-13,-24,-13,-22,-13,-25,-12,-25,-11,-23,-12,-25,-12,-25,-9,-26,-9,-26,-8,-28,-9,-28,-11,-28,-11,-28,-10,0,0,-30,-10,-28,-11,-29,-12,-28,-10,-26,-10,-27,-9,-26,-9,-25,-8,-26,-7,-26,-4,-26,-6,-25,-6,-25,-6,-26,-4,-25,-5,-25,-5,-24,-4,-24,-4,-26,-4,-23,-5,-25,-6,-22,-7,-22,-8,-21,-9,-20,-10,-20,-10,-15,-11,-15,-12,0,0,0,0,0,0]"
CSI_DATA,1294589,1a:00:00:00:00:00,-56,11,-95,4,43,6,1294589,47,0,128,0,"[0,0,0,0,0,0,0,0,24,0,24,2,25,1,27,2,27,4,27,3,27,5,26,5,29,5,27,7,28,6,27,6,28,4,29,4,27,3,27,1,27,-1,30,-3,27,-3,25,-4,26,-5,26,-6,28,-7,26,-9,29,-11,27,-11,28,-13,26,-12,0,0,26,-17,28,-15,23,-14,26,-18,22,-16,23,-17,21,-17,21,-15,19,-19,17,-23,15,-23,14,-20,14,-22,12,-20,12,-25,10,-22,11,-23,9,-23,10,-24,9,-23,9,-25,9,-23,10,-21,10,-22,11,-20,10,-19,11,-16,10,-17,0,0,0,0,0,0]"
CSI_DATA,1297663,1a:00:00:00:00:00,-56,11,-95,4,43,6,1297663,47,0,128,0,"[0,0,0,0,0,0,0,0,11,-22,12,-19,15,-21,16,-22,17,-20,20,-21,20,-19,23,-19,23,-18,23,-15,22,-17,22,-13,24,-15,25,-15,22,-16,24,-16,21,-16,22,-18,22,-17,20,-17,21,-17,20,-18,20,-18,21,-18,22,-19,21,-18,24,-20,23,-20,0,0,24,-22,22,-21,23,-20,21,-21,21,-20,21,-19,20,-18,20,-18,19,-16,18,-20,19,-20,17,-19,18,-19,15,-20,16,-20,16,-22,14,-19,17,-19,17,-20,18,-17,18,-18,17,-17,17,-15,18,-13,19,-12,20,-12,17,-8,17,-7,0,0,0,0,0,0]"
CSI_DATA,1303663,1a:00:00:00:00:00,-56,11,-95,4,43,6,1303663,47,0,128,0,"[0,0,0,0,0,0,0,0,4,-23,5,-23,7,-24,10,-25,11,-24,13,-26,14,-24,16,-23,17,-23,19,-20,19,-21,17,-19,20,-20,21,-19,18,-21,18,-21,18,-19,17,-22,18,-19,17,-18,19,-20,19,-21,18,-20,19,-21,21,-20,22,-21,22,-20,23,-20,0,0,23,-22,21,-20,21,-21,23,-20,22,-17,21,-19,21,-17,20,-17,19,-16,20,-18,19,-18,18,-17,19,-18,17,-17,19,-17,19,-18,18,-18,19,-18,20,-18,18,-14,21,-16,20,-13,21,-12,20,-10,22,-8,22,-6,18,-3,19,-3,0,0,0,0,0,0]"
CSI_DATA,1307663,1a:00:00:00:00:00,-56,11,-95,4,43,6,1307663,47,0,128,0,"[0,0,0,0,0,0,0,0,14,19,13,19,13,21,13,23,13,24,13,26,10,26,8,25,8,28,4,27,6,28,4,26,4,27,4,29,5,26,6,27,6,27,8,27,7,25,8,24,8,27,8,27,8,27,10,27,9,27,10,29,9,30,7,27,0,0,9,31,9,29,9,28,9,30,8,26,9,28,8,25,8,25,8,28,11,27,11,24,11,24,10,24,11,21,12,21,11,22,12,22,10,23,10,23,8,22,8,23,7,23,6,23,6,23,3,23,1,22,-2,19,-1,19,0,0,0,0,0,0]"
CSI_DATA,1313663,1a:00:00:00:00:00,-56,11,-95,4,43,6,1313663,47,0,128,0,"[0,0,0,0,0,0,0,0,20,13,19,15,19,16,21,20,20,20,20,22,16,23,15,22,15,23,11,24,12,24,10,26,10,25,10,27,9,26,10,26,10,24,12,26,11,25,9,23,11,25,10,25,12,26,11,26,13,28,10,29,11,30,9,27,0,0,10,30,10,29,9,28,8,28,9,26,9,27,8,27,7,25,8,26,10,25,8,25,8,23,8,26,8,24,8,23,7,24,9,25,6,23,6,24,5,24,5,25,3,24,0,24,0,23,-4,23,-4,22,-5,18,-5,18,0,0,0,0,0,0]"
CSI_DATA,1317663,1a:00:00:00:00:00,-56,11,-95,4,43,6,1317663,47,0,128,0,"[0,0,0,0,0,0,0,0,-23,7,-23,5,-25,5,-26,4,-27,2,-29,1,-28,-2,-28,-1,-28,-3,-26,-5,-28,-3,-25,-6,-27,-6,-27,-7,-25,-7,-26,-6,-25,-6,-29,-3,-27,-2,-25,-4,-27,-4,-27,-4,-27,-3,-28,-3,-29,-2,-28,-3,-31,-3,-29,-3,0,0,-31,-3,-29,-3,-30,-4,-29,-3,-29,-4,-28,-3,-26,-3,-27,-4,-25,-3,-27,-3,-28,-1,-25,-1,-26,0,-25,0,-25,2,-25,2,-24,2,-26,-1,-26,0,-24,-2,-24,-2,-24,-3,-23,-5,-22,-5,-22,-7,-21,-8,-17,-9,-17,-9,0,0,0,0,0,0]"
CSI_DATA,1324326,1a:00:00:00:00:00,-56,11,-95,4,43,6,1324326,47,0,128,0,"[0,0,0,0,0,0,0,0,5,-23,6,-23,8,-24,6,-26,8,-25,9,-29,9,-26,10,-25,9,-28,10,-24,9,-26,11,-24,11,-26,10,-26,9,-26,6,-27,5,-26,4,-28,2,-27,2,-25,-1,-28,-4,-28,-2,-28,-5,-28,-5,-27,-5,-29,-6,-32,-5,-30,0,0,-7,-28,-10,-29,-11,-30,-11,-27,-12,-27,-14,-26,-13,-23,-15,-22,-15,-22,-16,-23,-17,-20,-17,-20,-18,-19,-19,-15,-20,-16,-20,-15,-22,-13,-21,-15,-21,-13,-19,-14,-21,-13,-20,-13,-19,-14,-18,-14,-17,-15,-16,-15,-14,-13,-14,-15,0,0,0,0,0,0]"
CSI_DATA,1329663,1a:00:00:00:00:00,-56,11,-95,4,43,6,1329663,47,0,128,0,"[0,0,0,0,0,0,0,0,-21,-11,-19,-12,-22,-12,-22,-14,-21,-16,-24,-16,-22,-18,-21,-18,-21,-19,-19,-20,-22,-19,-20,-18,-22,-16,-23,-18,-22,-16,-23,-15,-22,-14,-25,-12,-24,-10,-24,-10,-26,-9,-26,-10,-26,-9,-27,-8,-29,-6,-28,-6,-29,-5,-30,-6,0,0,-31,-2,-31,-3,-30,-1,-30,-1,-28,-2,-29,1,-28,1,-25,1,-24,3,-26,5,-24,8,-23,8,-25,8,-23,10,-22,11,-21,12,-22,11,-22,12,-23,13,-22,11,-23,12,-21,10,-22,9,-21,10,-22,8,-21,6,-19,5,-19,4,0,0,0,0,0,0]"
CSI_DATA,1333736,1a:00:00:00:00:00,-56,11,-95,4,43,6,1333736,47,0,128,0,"[0,0,0,0,0,0,0,0,-17,-18,-15,-18,-14,-21,-14,-23,-12,-24,-12,-27,-9,-26,-7,-27,-7,-27,-4,-27,-3,-26,-1,-26,-2,-27,-1,-28,-1,-27,-2,-27,-1,-27,-3,-27,-2,-27,-1,-25,-2,-26,-3,-27,-3,-28,-1,-28,-1,-29,-3,-29,0,-32,1,-29,0,0,1,-30,1,-30,2,-30,4,-30,3,-26,1,-29,3,-26,3,-25,3,-28,2,-29,2,-27,1,-24,2,-27,1,-24,2,-25,2,-26,1,-25,4,-26,4,-25,5,-24,5,-25,7,-23,9,-22,9,-21,12,-19,13,-18,11,-15,15,-13,0,0,0,0,0,0]"
CSI_DATA,1339663,1a:00:00:00:00:00,-56,11,-95,4,43,6,1339663,47,0,128,0,"[0,0,0,0,0,0,0,0,16,-17,17,-16,19,-17,21,-18,20,-17,22,-18,22,-16,23,-15,24,-17,23,-12,24,-16,23,-14,22,-16,23,-16,21,-16,20,-19,20,-17,20,-22,17,-20,18,-19,16,-21,17,-22,16,-22,15,-23,17,-25,14,-26,12,-28,15,-26,0,0,13,-29,13,-28,10,-27,10,-30,9,-26,9,-27,7,-25,7,-24,7,-25,3,-29,1,-27,0,-25,0,-26,-2,-24,-3,-25,-4,-24,-4,-24,-4,-24,-3,-26,-3,-25,-3,-25,-2,-24,-3,-23,-3,-22,-2,-22,0,-22,2,-18,2,-19,0,0,0,0,0,0]"
CSI_DATA,1345663,1a:00:00:00:00:00,-56,11,-95,4,43,6,1345663,47,0,128,0,"[0,0,0,0,0,0,0,0,10,-22,11,-20,13,-23,14,-22,16,-22,15,-22,18,-22,19,-20,20,-21,19,-18,20,-20,20,-18,19,-20,19,-20,17,-21,18,-22,17,-19,16,-24,14,-22,15,-22,14,-23,14,-24,14,-24,14,-24,14,-26,12,-26,13,-27,14,-26,0,0,13,-28,11,-29,10,-28,10,-29,9,-26,9,-28,9,-25,8,-25,7,-26,6,-28,3,-27,3,-24,2,-26,2,-24,0,-25,0,-24,0,-26,1,-25,1,-25,3,-24,2,-26,3,-23,2,-23,2,-23,4,-21,5,-20,7,-17,6,-18,0,0,0,0,0,0]"
CSI_DATA,1349663,1a:00:00:00:00:00,-56,11,-95,4,43,6,1349663,47,0,128,0,"[0,0,0,0,0,0,0,0,2,26,4,28,8,30,10,30,3,25,3,28,10,25,5,22,4,33,0,24,8,29,-1,29,2,30,3,31,8,30,10,28,12,26,9,28,9,26,10,19,10,22,14,25,10,26,17,22,16,28,19,27,21,26,19,24,0,0,21,20,20,26,22,25,18,22,17,19,22,18,20,20,19,16,22,17,20,13,20,15,21,14,24,14,22,11,21,8,20,7,28,7,23,6,25,10,21,8,26,10,21,9,22,7,23,7,19,7,18,9,20,10,18,9,0,0,0,0,0,0]"
CSI_DATA,1355663,1a:00:00:00:00:00,-56,11,-95,4,43,6,1355663,47,0,128,0,"[0,0,0,0,0,0,0,0,15,20,14,19,15,21,15,23,12,24,13,26,11,27,10,24,11,28,7,25,9,27,7,26,9,26,9,27,10,27,12,26,10,24,13,26,12,22,12,23,14,24,14,25,16,24,16,23,18,23,18,24,21,25,16,22,0,0,19,25,20,24,18,22,20,22,18,21,19,21,19,20,18,20,18,17,21,15,21,16,21,15,22,16,20,13,21,12,21,11,23,13,23,13,23,13,20,14,20,13,20,13,18,14,19,13,18,15,16,15,13,15,12,14,0,0,0,0,0,0]"
CSI_DATA,1359663,1a:00:00:00:00:00,-56,11,-95,4,43,6,1359663,47,0,128,0,"[0,0,0,0,0,0,0,0,-24,-1,-24,-2,-26,-2,-26,-3,-26,-5,-28,-5,-27,-7,-26,-8,-27,-8,-24,-10,-26,-9,-26,-9,-26,-6,-27,-7,-25,-6,-28,-5,-25,-4,-29,-4,-26,-2,-27,-2,-27,-2,-26,1,-27,0,-28,2,-30,4,-30,5,-30,5,-30,5,0,0,-29,8,-30,8,-28,6,-30,9,-26,7,-29,9,-25,9,-26,9,-24,10,-25,13,-23,14,-21,15,-21,16,-18,14,-19,17,-18,17,-19,19,-18,17,-19,18,-18,16,-19,16,-19,15,-18,16,-18,15,-18,14,-19,12,-17,8,-17,9,0,0,0,0,0,0]"
CSI_DATA,1365663,1a:00:00:00:00:00,-56,11,-95,4,43,6,1365663,47,0,128,0,"[0,0,0,0,0,0,0,0,-23,5,-24,5,-25,4,-26,3,-27,2,-29,1,-28,-2,-28,-2,-28,-2,-26,-4,-28,-4,-27,-5,-28,-3,-28,-3,-27,-2,-27,-2,-26,-3,-30,1,-27,1,-26,1,-28,0,-28,1,-27,3,-27,1,-31,4,-29,4,-29,7,-29,7,0,0,-31,8,-31,6,-28,5,-28,8,-27,7,-30,8,-25,6,-25,6,-24,7,-26,11,-24,12,-22,11,-22,13,-22,12,-21,13,-21,12,-21,14,-22,13,-22,14,-22,12,-22,12,-21,11,-22,10,-21,11,-20,9,-20,7,-19,3,-19,4,0,0,0,0,0,0]"
CSI_DATA,1369663,1a:00:00:00:00:00,-56,11,-95,4,43,6,1369663,47,0,128,0,"[0,0,0,0,0,0,0,0,11,-21,13,-21,14,-21,16,-21,18,-20,19,-21,19,-19,21,-19,23,-20,21,-17,21,-18,20,-18,21,-19,20,-20,18,-20,18,-21,17,-20,17,-23,16,-21,16,-21,13,-23,15,-26,14,-24,13,-25,12,-27,10,-27,11,-28,12,-27,0,0,11,-30,8,-29,8,-27,9,-29,8,-26,6,-28,6,-26,5,-24,4,-26,0,-29,0,-27,-2,-24,-2,-26,-3,-24,-2,-27,-3,-25,-4,-24,-4,-25,-5,-26,-4,-24,-4,-25,-4,-24,-4,-23,-2,-23,0,-22,1,-22,1,-19,2,-19,0,0,0,0,0,0]"
CSI_DATA,1381664,1a:00:00:00:00:00,-56,11,-95,4,43,6,1381664,47,0,128,0,"[0,0,0,0,0,0,0,0,-3,-24,-2,-23,0,-25,1,-26,4,-27,3,-28,7,-28,8,-27,8,-27,10,-25,9,-26,10,-25,11,-26,11,-26,11,-26,9,-25,9,-25,9,-28,9,-25,9,-25,7,-25,8,-28,6,-29,6,-27,7,-29,6,-30,8,-29,7,-30,0,0,8,-31,7,-29,7,-29,9,-29,7,-27,6,-30,6,-25,6,-25,6,-26,4,-29,4,-28,2,-24,3,-25,1,-24,3,-24,2,-24,1,-25,3,-25,3,-25,4,-24,4,-24,6,-23,6,-24,7,-22,9,-21,8,-19,11,-16,11,-14,0,0,0,0,0,0]"
CSI_DATA,1385720,1a:00:00:00:00:00,-56,11,-95,4,43,6,1385720,47,0,128,0,"[0,0,0,0,0,0,0,0,9,-23,8,-21,10,-23,12,-23,15,-23,16,-23,17,-23,18,-21,18,-22,19,-20,20,-21,18,-19,19,-21,18,-22,16,-21,17,-22,16,-21,18,-24,15,-21,16,-21,14,-23,14,-23,12,-24,14,-24,15,-28,11,-27,13,-28,12,-27,0,0,14,-31,15,-28,13,-27,14,-28,11,-24,11,-28,10,-25,9,-23,8,-25,6,-26,7,-26,5,-25,6,-25,4,-23,5,-26,3,-25,4,-25,4,-24,4,-26,6,-23,5,-25,6,-24,6,-22,7,-21,8,-21,9,-19,10,-17,10,-16,0,0,0,0,0,0]"
CSI_DATA,1391664,1a:00:00:00:00:00,-56,11,-95,4,43,6,1391664,47,0,128,0,"[0,0,0,0,0,0,0,0,24,7,23,9,23,10,23,12,22,15,23,16,21,18,20,18,20,20,17,20,19,19,17,22,18,21,19,22,18,20,19,20,18,19,20,20,19,18,18,19,20,19,20,19,21,19,21,20,22,20,24,20,24,21,23,21,0,0,22,24,21,22,22,21,21,21,21,20,21,20,20,18,19,19,19,18,22,17,23,16,21,15,22,15,20,13,21,14,20,15,23,14,20,14,21,14,18,16,19,17,18,17,18,17,16,16,15,18,13,17,10,17,9,17,0,0,0,0,0,0]"
CSI_DATA,1396752,1a:00:00:00:00:00,-56,11,-95,4,43,6,1396752,47,0,128,0,"[0,0,0,0,0,0,0,0,9,-22,10,-20,13,-22,14,-22,16,-21,18,-24,19,-20,20,-19,22,-19,23,-16,22,-19,22,-15,23,-16,23,-16,22,-15,22,-17,22,-15,22,-20,20,-18,22,-16,20,-17,20,-20,20,-17,23,-20,22,-19,22,-18,23,-21,26,-18,0,0,24,-18,24,-19,23,-20,22,-21,21,-18,21,-19,20,-18,19,-17,20,-20,20,-21,19,-20,17,-19,16,-19,17,-18,17,-20,16,-20,17,-19,18,-19,17,-18,19,-16,19,-18,19,-16,19,-14,19,-13,21,-10,20,-9,16,-6,19,-7,0,0,0,0,0,0]"
CSI_DATA,1401664,1a:00:00:00:00:00,-56,11,-95,4,43,6,1401664,47,0,128,0,"[0,0,0,0,0,0,0,0,-20,16,-19,13,-21,15,-23,13,-26,11,-26,11,-26,9,-27,8,-28,8,-27,5,-28,4,-27,3,-29,5,-28,4,-26,3,-26,6,-26,5,-28,6,-27,5,-25,6,-27,6,-27,6,-28,7,-27,6,-28,8,-28,8,-29,7,-29,7,0,0,-30,8,-31,7,-29,7,-29,7,-26,5,-28,6,-27,6,-24,6,-27,7,-27,10,-26,9,-23,8,-24,9,-22,9,-24,10,-23,9,-23,9,-25,9,-25,9,-24,7,-23,7,-24,6,-23,4,-24,2,-23,1,-23,-1,-19,-3,-19,-3,0,0,0,0,0,0]"
CSI_DATA,1405700,1a:00:00:00:00:00,-56,11,-95,4,43,6,1405700,47,0,128,0,"[0,0,0,0,0,0,0,0,4,24,3,23,1,26,0,27,-1,28,-2,28,-4,29,-5,26,-7,28,-10,25,-8,28,-8,25,-8,27,-9,26,-7,26,-6,28,-6,26,-4,29,-4,26,-5,26,-3,27,-3,28,-3,28,-2,29,-3,29,-2,30,-3,31,-4,28,0,0,-3,33,0,32,-1,30,-2,31,0,27,0,29,1,27,0,27,2,25,3,27,4,26,4,26,4,25,5,24,6,25,7,24,7,25,5,24,5,24,3,25,4,26,3,25,1,25,1,24,0,22,-1,21,-3,18,-3,20,0,0,0,0,0,0]"
CSI_DATA,1411664,1a:00:00:00:00:00,-56,11,-95,4,43,6,1411664,47,0,128,0,"[0,0,0,0,0,0,0,0,-3,-24,-1,-24,0,-26,1,-27,3,-26,6,-29,6,-27,9,-26,10,-26,10,-24,11,-26,12,-24,13,-24,14,-25,13,-23,11,-24,10,-25,11,-25,10,-26,11,-23,11,-26,8,-26,9,-28,9,-28,10,-28,10,-29,12,-27,10,-28,0,0,12,-31,12,-27,11,-28,12,-27,11,-27,10,-28,9,-25,10,-25,9,-25,7,-25,8,-25,9,-24,9,-24,6,-24,7,-23,6,-24,5,-24,7,-24,7,-24,7,-22,8,-24,8,-22,10,-21,11,-20,14,-17,13,-18,14,-14,14,-13,0,0,0,0,0,0]"
CSI_DATA,1417664,1a:00:00:00:00:00,-56,11,-95,4,43,6,1417664,47,0,128,0,"[0,0,0,0,0,0,0,0,-10,-22,-7,-22,-6,-25,-5,-27,-3,-26,-3,-28,0,-28,2,-27,4,-28,7,-27,6,-27,7,-25,9,-27,10,-27,8,-26,8,-27,9,-26,7,-28,7,-26,8,-24,8,-26,8,-26,8,-27,8,-26,10,-26,7,-28,11,-28,10,-30,0,0,14,-30,12,-28,12,-28,13,-28,11,-26,12,-26,13,-24,13,-22,11,-25,10,-24,11,-25,10,-23,10,-24,9,-23,9,-23,10,-24,10,-24,12,-22,12,-22,13,-20,14,-22,15,-20,15,-18,15,-16,17,-15,18,-13,17,-8,17,-9,0,0,0,0,0,0]"
CSI_DATA,1421664,1a:00:00:00:00:00,-56,11,-95,4,43,6,1421664,47,0,128,0,"[0,0,0,0,0,0,0,0,23,7,21,10,23,11,24,13,22,14,24,17,21,19,21,19,21,20,17,20,18,20,15,22,18,21,17,23,16,21,18,22,18,21,21,21,18,20,16,19,20,20,20,20,20,20,20,22,20,21,19,23,22,24,22,24,0,0,23,24,21,22,20,24,20,23,19,22,21,22,18,20,18,20,18,19,19,20,18,19,19,18,19,18,20,18,18,17,19,16,18,16,19,17,19,16,17,17,17,18,14,19,14,20,11,21,10,20,10,20,7,18,5,18,0,0,0,0,0,0]"
CSI_DATA,1423664,1a:00:00:00:00:00,-56,11,-95,4,43,6,1423664,47,0,128,0,"[0,0,0,0,0,0,0,0,15,-18,16,-16,19,-19,19,-19,19,-17,22,-20,21,-18,22,-17,22,-17,23,-14,24,-16,23,-15,23,-17,22,-17,20,-18,20,-18,19,-19,18,-21,17,-21,15,-20,17,-22,15,-23,13,-24,14,-24,14,-25,13,-26,13,-28,15,-25,0,0,10,-30,10,-28,9,-29,10,-28,9,-26,6,-28,6,-26,5,-25,3,-26,2,-28,1,-28,0,-25,-1,-26,-3,-25,-3,-25,-5,-24,-6,-25,-4,-25,-6,-25,-4,-24,-4,-25,-4,-24,-2,-22,-3,-24,-1,-23,0,-21,0,-19,2,-20,0,0,0,0,0,0]"
CSI_DATA,1427664,1a:00:00:00:00:00,-56,11,-95,4,43,6,1427664,47,0,128,0,"[0,0,0,0,0,0,0,0,24,3,23,7,24,8,25,9,25,11,27,14,25,15,21,16,23,18,19,18,20,20,18,19,18,20,18,22,19,20,18,20,18,21,18,21,17,20,16,19,18,20,19,20,19,23,19,21,18,22,18,23,19,25,19,24,0,0,19,27,17,25,14,26,15,25,16,23,17,25,15,24,14,22,14,22,16,24,15,23,13,22,14,21,14,21,12,20,14,22,14,22,12,21,12,22,10,22,11,23,8,23,6,23,4,23,1,24,1,22,-2,19,-2,20,0,0,0,0,0,0]"
CSI_DATA,1431664,1a:00:00:00:00:00,-56,11,-95,4,43,6,1431664,47,0,128,0,"[0,0,0,0,0,0,0,0,-17,17,-17,15,-20,16,-22,16,-23,13,-26,14,-25,12,-27,10,-28,10,-26,7,-27,9,-26,5,-27,5,-28,5,-26,6,-26,6,-26,6,-27,7,-28,8,-24,6,-27,7,-27,8,-26,7,-26,9,-28,8,-28,8,-32,8,-29,9,0,0,-32,9,-29,6,-31,9,-29,6,-27,5,-28,8,-27,6,-25,5,-25,9,-25,10,-26,8,-24,7,-24,7,-23,7,-23,9,-25,9,-23,9,-24,7,-25,8,-23,6,-25,5,-23,4,-23,2,-23,1,-22,0,-22,-2,-18,-4,-19,-5,0,0,0,0,0,0]"
CSI_DATA,1438954,1a:00:00:00:00:00,-56,11,-95,4,43,6,1438954,47,0,128,0,"[0,0,0,0,0,0,0,0,-21,10,-21,9,-24,10,-25,9,-26,8,-27,8,-27,6,-27,6,-28,6,-27,4,-28,4,-27,4,-28,5,-28,6,-26,6,-27,8,-24,8,-28,10,-25,10,-25,10,-26,10,-25,12,-24,14,-25,14,-25,16,-25,16,-26,16,-23,16,0,0,-24,21,-26,18,-24,19,-23,19,-20,18,-21,20,-18,18,-18,19,-18,19,-16,22,-15,22,-15,21,-13,23,-11,21,-13,23,-10,22,-10,25,-11,23,-10,25,-10,22,-11,24,-10,20,-10,21,-11,21,-12,18,-13,18,-13,14,-13,14,0,0,0,0,0,0]"
CSI_DATA,1441664,1a:00:00:00:00:00,-56,11,-95,4,43,6,1441664,47,0,128,0,"[0,0,0,0,0,0,0,0,-3,-24,-1,-24,1,-26,1,-27,2,-26,3,-28,6,-26,9,-26,8,-27,10,-24,11,-26,12,-24,12,-24,14,-25,13,-24,13,-25,11,-24,11,-27,11,-25,10,-22,10,-26,10,-26,10,-26,10,-26,12,-27,13,-27,12,-29,14,-26,0,0,16,-29,15,-26,11,-27,14,-26,12,-25,13,-25,11,-24,12,-25,11,-24,13,-24,12,-25,11,-22,9,-24,9,-23,8,-23,9,-24,8,-23,10,-24,10,-24,11,-21,12,-22,13,-21,14,-19,14,-19,17,-16,16,-16,15,-11,17,-12,0,0,0,0,0,0]"
CSI_DATA,1447664,1a:00:00:00:00:00,-56,11,-95,4,43,6,1447664,47,0,128,0,"[0,0,0,0,0,0,0,0,-10,-22,-7,-22,-7,-25,-5,-27,-5,-27,-3,-28,0,-28,2,-27,5,-28,8,-25,7,-27,9,-25,9,-26,10,-27,9,-26,9,-27,9,-25,8,-28,7,-25,9,-24,8,-25,9,-26,10,-24,11,-27,11,-26,11,-27,13,-28,15,-27,0,0,15,-29,14,-29,13,-26,15,-27,13,-23,16,-24,15,-22,15,-21,15,-21,15,-23,14,-23,14,-22,12,-23,12,-22,14,-21,14,-20,13,-22,14,-20,14,-18,17,-18,18,-18,18,-17,18,-15,18,-15,21,-12,19,-10,18,-7,18,-5,0,0,0,0,0,0]"
CSI_DATA,1451664,1a:00:00:00:00:00,-56,11,-95,4,43,6,1451664,47,0,128,0,"[0,0,0,0,0,0,0,0,22,7,23,8,24,10,23,13,24,15,25,15,23,17,19,18,20,20,17,20,18,21,16,21,17,21,15,23,17,21,18,21,17,22,19,21,16,19,15,19,17,21,19,22,18,21,19,23,18,23,20,22,20,24,18,23,0,0,20,27,19,25,17,22,16,25,16,23,18,22,15,23,15,21,15,22,18,22,17,20,16,19,17,20,16,19,17,20,17,18,16,19,15,19,16,20,13,21,14,21,12,22,11,21,9,21,6,22,6,21,3,19,2,19,0,0,0,0,0,0]"
CSI_DATA,1457664,1a:00:00:00:00:00,-56,11,-95,4,43,6,1457664,47,0,128,0,"[0,0,0,0,0,0,0,0,7,22,6,23,8,25,7,25,7,27,5,28,5,29,4,27,4,29,2,27,4,27,3,27,4,27,4,27,6,27,9,27,8,26,11,26,11,23,11,23,13,24,14,25,16,24,17,22,18,24,20,23,19,23,20,21,0,0,24,23,22,21,23,18,24,19,21,16,23,17,23,16,23,14,24,13,27,10,26,8,25,8,25,6,23,4,25,3,25,2,26,2,24,4,25,2,25,3,25,2,24,2,25,3,23,2,23,3,21,4,19,5,19,4,0,0,0,0,0,0]"
CSI_DATA,1461664,1a:00:00:00:00:00,-56,11,-95,4,43,6,1461664,47,0,128,0,"[0,0,0,0,0,0,0,0,-15,19,-16,17,-18,19,-20,17,-22,15,-24,15,-25,14,-24,11,-26,11,-26,7,-27,9,-26,6,-26,8,-27,7,-26,7,-26,8,-25,6,-28,9,-25,8,-25,8,-25,7,-26,7,-26,6,-28,7,-30,8,-27,8,-29,7,-27,9,0,0,-30,9,-31,6,-28,6,-30,6,-27,4,-29,4,-28,4,-26,4,-25,6,-25,9,-26,8,-24,6,-26,6,-23,6,-23,8,-24,7,-24,7,-24,6,-26,4,-24,3,-25,5,-24,1,-24,0,-23,-1,-23,-2,-20,-4,-18,-6,-18,-7,0,0,0,0,0,0]"
CSI_DATA,1469664,1a:00:00:00:00:00,-56,11,-95,4,43,6,1469664,47,0,128,0,"[0,0,0,0,0,0,0,0,20,14,20,14,20,15,20,17,20,18,20,20,19,21,16,20,17,24,13,22,16,23,13,23,16,22,15,23,17,23,17,23,16,21,19,21,19,19,18,20,19,20,20,20,20,19,21,20,21,20,22,19,22,19,20,18,0,0,25,19,24,19,24,19,24,19,21,17,23,18,22,16,21,16,21,14,24,13,24,12,22,11,24,10,22,11,23,8,24,8,25,9,23,10,22,10,23,11,22,12,21,11,21,12,21,13,20,14,18,13,14,13,14,14,0,0,0,0,0,0]"
CSI_DATA,1471664,1a:00:00:00:00:00,-56,11,-95,4,43,6,1471664,47,0,128,0,"[0,0,0,0,0,0,0,0,-7,-23,-6,-23,-5,-25,-1,-27,-1,-27,1,-27,3,-28,5,-25,7,-27,9,-24,10,-26,10,-25,9,-26,11,-25,10,-27,9,-27,9,-25,9,-28,9,-26,8,-25,9,-26,10,-26,9,-26,9,-26,11,-28,9,-27,11,-28,13,-28,0,0,12,-28,12,-29,11,-27,13,-29,11,-25,14,-26,12,-22,12,-22,14,-25,11,-25,11,-26,10,-24,9,-25,8,-22,10,-23,8,-23,9,-23,11,-23,11,-23,14,-21,15,-21,14,-19,14,-19,14,-18,17,-16,17,-14,15,-11,14,-11,0,0,0,0,0,0]"
CSI_DATA,1482354,1a:00:00:00:00:00,-56,11,-95,4,43,6,1482354,47,0,128,0,"[0,0,0,0,0,0,0,0,-5,-24,-3,-23,-2,-24,-2,-26,-1,-27,0,-28,0,-28,0,-27,1,-29,2,-27,1,-27,2,-28,0,-27,-1,-27,-1,-26,-4,-27,-3,-27,-7,-29,-7,-25,-7,-24,-10,-26,-10,-25,-12,-26,-13,-27,-15,-26,-16,-26,-18,-26,-16,-25,0,0,-19,-24,-20,-26,-19,-24,-20,-22,-19,-19,-22,-21,-19,-17,-20,-16,-20,-16,-24,-15,-24,-12,-24,-11,-24,-10,-22,-8,-23,-7,-23,-7,-26,-6,-25,-6,-25,-6,-23,-7,-25,-5,-23,-7,-23,-7,-22,-6,-22,-7,-20,-8,-17,-9,-19,-8,0,0,0,0,0,0]"
CSI_DATA,1487664,1a:00:00:00:00:00,-56,11,-95,4,43,6,1487664,47,0,128,0,"[0,0,0,0,0,0,0,0,8,23,7,22,6,24,6,25,4,28,5,28,4,28,4,26,2,29,0,26,2,27,2,27,4,26,4,28,6,27,7,27,6,25,9,27,9,23,9,25,12,25,12,24,13,24,14,24,16,25,18,24,19,23,17,23,0,0,21,23,21,26,19,22,20,22,19,19,22,21,20,19,20,17,22,16,24,13,24,13,23,10,25,10,23,8,23,7,23,7,26,6,23,7,25,7,23,6,24,7,23,7,24,8,23,5,21,7,20,8,17,10,17,9,0,0,0,0,0,0]"
CSI_DATA,1491664,1a:00:00:00:00:00,-56,11,-95,4,43,6,1491664,47,0,128,0,"[0,0,0,0,0,0,0,0,-16,19,-16,17,-18,19,-20,16,-22,15,-23,15,-24,13,-24,10,-27,10,-27,7,-27,7,-26,5,-26,7,-28,8,-25,6,-26,8,-26,5,-28,8,-25,6,-25,5,-26,5,-27,5,-27,5,-29,5,-29,6,-29,7,-30,5,-29,5,0,0,-32,4,-31,4,-28,2,-30,4,-27,2,-30,1,-27,1,-26,0,-24,1,-27,4,-27,4,-24,3,-25,4,-23,3,-25,4,-24,3,-25,2,-24,2,-26,2,-23,-1,-25,-2,-23,-3,-23,-3,-22,-3,-22,-6,-20,-7,-18,-9,-17,-10,0,0,0,0,0,0]"
CSI_DATA,1499666,1a:00:00:00:00:00,-56,11,-95,4,43,6,1499666,47,0,128,0,"[0,0,0,0,0,0,0,0,12,21,9,21,9,22,9,25,8,25,9,28,6,27,5,28,4,28,3,26,2,26,0,25,1,27,0,26,0,27,2,27,3,27,6,26,5,26,5,25,7,28,7,26,10,27,8,27,6,26,6,28,7,30,7,27,0,0,12,31,9,29,9,29,8,27,9,27,11,28,9,24,10,24,10,23,12,25,12,24,11,21,11,21,12,21,12,21,14,21,13,21,13,23,14,20,13,20,12,22,11,20,10,23,7,22,6,23,6,21,2,19,2,20,0,0,0,0,0,0]"
CSI_DATA,1501664,1a:00:00:00:00:00,-56,11,-95,4,43,6,1501664,47,0,128,0,"[0,0,0,0,0,0,0,0,-11,-23,-8,-22,-9,-24,-5,-25,-5,-27,-3,-28,0,-28,1,-27,3,-28,6,-26,5,-28,6,-26,7,-27,8,-27,7,-26,5,-27,7,-25,7,-28,7,-24,8,-24,7,-24,9,-27,8,-26,9,-26,9,-27,8,-30,9,-29,9,-28,0,0,13,-29,10,-28,11,-28,12,-28,11,-24,12,-25,11,-23,12,-23,12,-23,9,-28,10,-25,7,-23,9,-24,8,-22,10,-24,10,-22,10,-23,12,-22,12,-22,13,-21,13,-21,14,-19,15,-20,16,-17,17,-15,17,-12,17,-10,16,-9,0,0,0,0,0,0]"
CSI_DATA,1507664,1a:00:00:00:00:00,-56,11,-95,4,43,6,1507664,47,0,128,0,"[0,0,0,0,0,0,0,0,17,-16,18,-15,20,-16,21,-15,23,-15,24,-16,25,-13,24,-13,26,-14,25,-12,25,-13,23,-12,24,-14,24,-15,23,-15,21,-17,20,-16,21,-18,22,-18,20,-17,19,-21,19,-21,17,-20,18,-21,17,-24,16,-25,16,-26,15,-25,0,0,14,-28,15,-26,14,-26,14,-26,11,-24,11,-27,8,-25,8,-25,7,-25,5,-28,5,-27,3,-25,2,-25,0,-24,1,-25,1,-25,-2,-25,0,-25,-2,-25,-1,-24,-1,-25,0,-23,-1,-24,0,-23,2,-22,2,-21,4,-19,4,-18,0,0,0,0,0,0]"
CSI_DATA,1511664,1a:00:00:00:00:00,-56,11,-95,4,43,6,1511664,47,0,128,0,"[0,0,0,0,0,0,0,0,24,2,24,4,24,5,24,8,25,11,26,13,23,15,22,16,23,18,18,18,20,18,20,18,20,19,19,21,20,20,20,21,17,18,19,21,18,19,15,20,18,20,20,21,19,20,18,21,19,21,20,23,20,23,18,23,0,0,19,26,16,24,17,24,17,25,15,23,15,24,15,23,13,24,12,21,14,21,15,22,15,20,14,21,14,19,13,20,13,20,14,20,12,20,13,22,9,22,10,22,9,23,7,22,5,22,4,22,0,22,-1,18,-2,20,0,0,0,0,0,0]"
CSI_DATA,1517664,1a:00:00:00:00:00,-56,11,-95,4,43,6,1517664,47,0,128,0,"[0,0,0,0,0,0,0,0,6,24,4,23,6,22,4,25,2,27,3,28,1,29,0,28,1,28,-2,25,-1,28,1,26,0,27,0,29,2,26,4,28,4,26,5,27,6,25,5,24,8,25,10,26,11,25,10,25,12,29,13,26,14,29,13,26,0,0,17,26,16,26,16,25,17,25,16,22,19,23,17,20,18,20,18,18,20,17,20,18,20,16,20,15,20,12,21,13,21,11,22,12,21,12,23,11,20,10,21,11,21,12,21,12,20,12,17,13,16,12,15,13,14,13,0,0,0,0,0,0]"
CSI_DATA,1524483,1a:00:00:00:00:00,-56,11,-95,4,43,6,1524483,47,0,128,0,"[0,0,0,0,0,0,0,0,1,24,0,23,-3,25,-4,27,-4,26,-6,28,-8,27,-8,25,-9,25,-13,23,-12,25,-12,23,-11,25,-13,23,-10,24,-8,26,-10,25,-8,25,-7,24,-8,25,-9,26,-7,25,-7,27,-7,26,-8,27,-5,29,-8,29,-6,27,0,0,-6,32,-7,29,-5,29,-5,28,-6,26,-6,27,-5,25,-5,25,-4,27,-1,25,-1,25,-2,24,-1,25,0,24,1,24,0,24,1,25,-1,25,-1,24,-2,23,-1,24,-2,23,-3,22,-4,22,-4,22,-6,21,-7,18,-8,18,0,0,0,0,0,0]"
CSI_DATA,1525667,1a:00:00:00:00:00,-56,11,-95,4,43,6,1525667,47,0,128,0,"[0,0,0,0,0,0,0,0,3,-24,5,-23,6,-25,10,-26,11,-24,13,-25,14,-23,16,-22,18,-23,19,-20,18,-20,18,-20,19,-20,18,-21,17,-19,17,-19,16,-19,19,-22,18,-19,18,-18,19,-21,18,-20,18,-20,18,-20,20,-23,17,-22,18,-22,20,-21,0,0,22,-22,21,-22,21,-20,22,-19,19,-19,21,-21,18,-19,19,-17,18,-17,17,-20,17,-21,14,-19,16,-20,14,-18,16,-19,16,-19,16,-19,17,-19,18,-18,19,-17,19,-16,19,-14,19,-13,18,-14,20,-11,20,-9,18,-5,19,-5,0,0,0,0,0,0]"
CSI_DATA,1527664,1a:00:00:00:00:00,-56,11,-95,4,43,6,1527664,47,0,128,0,"[0,0,0,0,0,0,0,0,-22,-9,-21,-8,-23,-10,-24,-10,-23,-12,-25,-13,-25,-15,-23,-14,-24,-16,-21,-15,-23,-15,-21,-16,-22,-14,-23,-15,-23,-13,-24,-13,-22,-13,-27,-10,-23,-9,-24,-8,-25,-7,-25,-7,-25,-7,-27,-4,-29,-4,-28,-5,-29,-5,-27,-4,0,0,-31,-1,-31,-2,-30,-1,-29,1,-27,-2,-29,2,-26,2,-25,3,-25,3,-28,6,-26,8,-23,7,-25,8,-22,9,-24,10,-23,10,-21,13,-21,9,-22,12,-20,11,-22,11,-22,10,-21,9,-21,8,-21,6,-19,5,-18,3,-19,4,0,0,0,0,0,0]"
CSI_DATA,1531664,1a:00:00:00:00:00,-56,11,-95,4,43,6,1531664,47,0,128,0,"[0,0,0,0,0,0,0,0,-6,-23,-6,-23,-4,-24,-1,-26,0,-26,2,-30,4,-27,7,-26,6,-27,9,-25,9,-26,11,-23,12,-25,13,-25,12,-23,12,-24,12,-22,12,-26,12,-24,13,-23,12,-24,11,-24,11,-24,12,-26,15,-26,14,-26,16,-25,18,-23,0,0,15,-25,17,-24,17,-24,19,-23,19,-20,16,-22,16,-21,15,-20,16,-21,14,-22,17,-22,15,-18,16,-20,15,-19,15,-19,16,-20,15,-19,17,-18,18,-18,17,-17,19,-16,18,-14,20,-13,20,-11,21,-8,20,-8,18,-4,17,-3,0,0,0,0,0,0]"
CSI_DATA,1541664,1a:00:00:00:00:00,-56,11,-95,4,43,6,1541664,47,0,128,0,"[0,0,0,0,0,0,0,0,23,8,21,9,22,12,23,13,23,16,24,18,20,20,18,21,18,21,15,21,16,23,14,23,13,24,13,24,13,24,12,24,13,24,13,24,12,24,12,22,13,24,14,24,14,25,14,25,13,27,12,26,10,29,9,28,0,0,11,28,9,31,9,30,8,28,7,27,8,28,6,26,7,26,6,25,7,28,7,27,6,26,7,25,6,24,6,23,6,25,5,25,4,24,4,25,3,23,2,24,0,24,-3,23,-5,22,-6,22,-7,20,-8,16,-9,17,0,0,0,0,0,0]"
CSI_DATA,1545921,1a:00:00:00:00:00,-56,11,-95,4,43,6,1545921,47,0,128,0,"[0,0,0,0,0,0,0,0,-24,-7,-22,-8,-22,-10,-23,-12,-23,-16,-23,-16,-21,-19,-18,-18,-19,-21,-15,-21,-16,-22,-15,-23,-17,-23,-15,-24,-15,-23,-18,-23,-14,-20,-16,-24,-15,-21,-15,-22,-15,-22,-16,-22,-15,-23,-16,-24,-15,-24,-17,-25,-17,-25,-16,-23,0,0,-15,-25,-15,-27,-13,-26,-14,-28,-12,-25,-12,-27,-11,-25,-11,-24,-9,-23,-12,-22,-13,-22,-13,-21,-13,-22,-12,-21,-12,-21,-12,-20,-13,-24,-9,-22,-10,-23,-8,-23,-9,-23,-6,-22,-6,-23,-4,-22,-3,-23,0,-21,2,-19,3,-19,0,0,0,0,0,0]"
CSI_DATA,1551664,1a:00:00:00:00:00,-56,11,-95,4,43,6,1551664,47,0,128,0,"[0,0,0,0,0,0,0,0,-19,15,-19,13,-22,13,-24,14,-24,10,-27,11,-27,6,-27,6,-29,4,-26,0,-28,2,-26,-2,-27,0,-28,-3,-26,-2,-27,-2,-27,-3,-29,-1,-27,0,-25,-2,-27,-3,-28,-3,-27,-3,-28,-4,-29,-4,-29,-6,-30,-7,-26,-5,0,0,-32,-8,-29,-9,-30,-9,-28,-8,-26,-9,-28,-10,-25,-10,-24,-10,-25,-10,-27,-8,-26,-9,-24,-9,-24,-9,-23,-9,-24,-9,-24,-10,-23,-9,-23,-11,-23,-11,-20,-12,-22,-13,-18,-14,-17,-15,-16,-17,-15,-17,-12,-18,-9,-17,-8,-18,0,0,0,0,0,0]"
CSI_DATA,1561664,1a:00:00:00:00:00,-56,11,-95,4,43,6,1561664,47,0,128,0,"[0,0,0,0,0,0,0,0,23,-7,21,-6,25,-6,26,-6,25,-5,27,-7,27,-5,25,-5,29,-4,27,0,29,-5,26,-2,27,-4,28,-4,26,-6,27,-7,26,-7,26,-11,24,-10,24,-11,23,-13,23,-13,23,-13,24,-17,26,-17,23,-17,23,-18,24,-17,0,0,23,-20,20,-22,20,-22,21,-24,17,-20,16,-21,17,-21,16,-21,14,-22,13,-23,11,-23,9,-23,9,-25,7,-22,6,-23,5,-23,4,-25,5,-24,4,-24,6,-25,5,-25,5,-23,5,-23,5,-21,7,-22,6,-22,8,-18,7,-17,0,0,0,0,0,0]"
CSI_DATA,1565664,1a:00:00:00:00:00,-56,11,-95,4,43,6,1565664,47,0,128,0,"[0,0,0,0,0,0,0,0,20,13,19,14,19,18,20,18,18,19,19,22,16,22,14,24,14,24,10,24,12,25,9,25,8,27,9,27,10,27,11,25,9,27,11,25,9,27,9,23,10,26,10,25,10,26,12,26,10,29,10,26,10,29,9,26,0,0,10,30,9,29,8,30,8,29,7,27,8,28,6,26,7,25,7,26,8,26,6,25,7,24,7,26,7,23,8,23,7,23,7,23,6,26,6,24,4,24,4,25,2,23,0,23,-2,23,-4,23,-5,23,-6,18,-7,18,0,0,0,0,0,0]"
CSI_DATA,1571665,1a:00:00:00:00:00,-56,11,-95,4,43,6,1571665,47,0,128,0,"[0,0,0,0,0,0,0,0,-6,24,-7,22,-8,25,-8,24,-9,24,-10,27,-10,27,-12,24,-13,25,-13,23,-11,25,-13,24,-11,24,-13,24,-10,25,-9,27,-7,25,-5,28,-4,26,-4,25,-2,28,-1,27,-1,27,0,28,0,29,2,29,3,30,3,28,0,0,7,32,6,31,7,30,8,29,7,27,8,28,8,26,9,24,10,25,13,26,12,22,14,22,13,22,15,20,16,20,16,18,17,19,16,18,17,17,17,17,18,18,16,18,16,18,14,17,14,19,12,17,10,16,11,17,0,0,0,0,0,0]"
CSI_DATA,1577665,1a:00:00:00:00:00,-56,11,-95,4,43,6,1577665,47,0,128,0,"[0,0,0,0,0,0,0,0,2,23,2,24,-1,26,1,27,0,27,-1,29,-3,29,-5,26,-5,27,-8,26,-5,27,-6,27,-6,27,-6,27,-4,27,-3,27,-3,27,0,30,0,26,-1,26,1,28,3,28,2,28,4,27,4,30,6,28,7,31,4,28,0,0,8,33,5,29,6,29,9,28,8,26,8,28,7,26,9,24,10,27,12,26,13,23,11,20,14,21,13,21,14,22,15,18,16,20,14,20,15,20,13,20,14,21,13,20,12,23,12,21,10,21,9,19,6,18,5,19,0,0,0,0,0,0]"
CSI_DATA,1582490,1a:00:00:00:00:00,-56,11,-95,4,43,6,1582490,47,0,128,0,"[0,0,0,0,0,0,0,0,4,-23,6,-21,7,-23,9,-24,10,-25,11,-26,12,-24,13,-25,13,-24,13,-23,13,-23,14,-24,14,-23,14,-24,11,-24,11,-25,11,-24,10,-26,8,-25,8,-23,6,-27,6,-26,5,-26,5,-29,4,-28,4,-27,4,-31,2,-29,0,0,2,-32,1,-29,2,-30,0,-29,1,-26,-2,-29,-2,-26,-3,-26,-1,-28,-5,-29,-5,-26,-6,-24,-7,-23,-8,-23,-7,-23,-8,-23,-10,-22,-9,-23,-9,-24,-7,-24,-8,-23,-8,-22,-6,-22,-5,-22,-4,-22,-3,-20,-1,-19,-1,-20,0,0,0,0,0,0]"
CSI_DATA,1583668,1a:00:00:00:00:00,-56,11,-95,4,43,6,1583668,47,0,128,0,"[0,0,0,0,0,0,0,0,2,23,1,23,0,26,-2,27,-2,28,-3,29,-5,28,-7,25,-9,27,-10,24,-9,26,-10,24,-10,26,-11,26,-8,26,-7,27,-7,25,-6,27,-6,24,-6,25,-5,26,-5,26,-6,27,-4,29,-5,28,-3,29,-6,29,-6,29,0,0,-5,29,-3,31,-2,29,-5,30,-3,26,-3,28,-2,27,-2,25,-3,27,1,28,1,27,2,24,2,25,3,23,4,25,3,23,3,25,2,24,2,25,0,24,1,25,0,24,-1,24,-1,23,-3,21,-5,22,-6,19,-5,17,0,0,0,0,0,0]"
CSI_DATA,1587665,1a:00:00:00:00:00,-56,11,-95,4,43,6,1587665,47,0,128,0,"[0,0,0,0,0,0,0,0,-22,-12,-21,-12,-21,-13,-20,-16,-21,-17,-23,-18,-21,-19,-19,-18,-20,-21,-17,-21,-19,-20,-16,-20,-19,-21,-18,-21,-19,-19,-20,-18,-19,-18,-23,-17,-22,-16,-20,-15,-22,-15,-22,-16,-22,-16,-24,-14,-25,-13,-27,-13,-27,-14,-25,-12,0,0,-30,-13,-26,-12,-27,-11,-28,-10,-25,-12,-27,-12,-25,-10,-25,-10,-24,-7,-25,-6,-26,-4,-24,-5,-26,-4,-23,-3,-24,0,-24,0,-26,1,-24,-1,-26,-2,-24,-2,-24,-3,-24,-4,-23,-4,-23,-3,-22,-5,-20,-5,-17,-7,-17,-7,0,0,0,0,0,0]"
CSI_DATA,1597665,1a:00:00:00:00:00,-56,11,-95,4,43,6,1597665,47,0,128,0,"[0,0,0,0,0,0,0,0,21,-11,21,-10,22,-10,24,-10,24,-9,27,-9,27,-8,27,-6,28,-6,26,-3,29,-7,26,-3,28,-4,29,-4,25,-5,27,-5,26,-6,26,-9,25,-8,25,-9,25,-11,26,-10,25,-11,26,-13,26,-12,26,-13,26,-14,29,-14,0,0,27,-16,27,-15,25,-16,25,-16,22,-15,23,-16,23,-15,21,-15,22,-18,21,-20,19,-20,17,-16,18,-18,15,-18,15,-20,15,-21,15,-20,16,-20,16,-20,16,-19,17,-19,16,-17,17,-16,15,-15,17,-14,18,-14,15,-10,16,-10,0,0,0,0,0,0]"
CSI_DATA,1601028,1a:00:00:00:00:00,-56,11,-95,4,43,6,1601028,47,0,128,0,"[0,0,0,0,0,0,0,0,-3,24,-6,22,-7,23,-11,24,-13,23,-15,26,-16,21,-18,21,-20,21,-20,18,-21,17,-21,15,-22,17,-23,16,-20,15,-21,17,-22,16,-24,18,-21,16,-22,13,-23,16,-23,15,-22,16,-23,15,-25,15,-24,16,-26,14,-26,14,0,0,-29,16,-26,12,-28,13,-27,12,-24,11,-27,10,-24,8,-25,8,-24,9,-26,8,-27,9,-22,8,-23,8,-22,8,-23,8,-23,8,-23,7,-24,7,-25,6,-24,4,-26,3,-23,1,-23,0,-23,-2,-22,-4,-22,-5,-17,-6,-17,-8,0,0,0,0,0,0]"
CSI_DATA,1607713,1a:00:00:00:00:00,-56,11,-95,4,43,6,1607713,47,0,128,0,"[0,0,0,0,0,0,0,0,12,-21,13,-19,15,-20,17,-19,19,-20,20,-21,21,-19,20,-17,24,-18,23,-14,23,-16,22,-15,22,-16,22,-17,21,-16,21,-19,20,-18,20,-21,18,-19,18,-17,18,-19,18,-21,19,-20,18,-21,19,-23,18,-25,17,-24,18,-23,0,0,17,-26,18,-25,15,-25,16,-26,13,-23,15,-24,14,-22,13,-21,13,-23,10,-26,9,-26,7,-23,8,-25,6,-22,7,-25,4,-24,5,-24,7,-25,7,-24,8,-23,8,-25,8,-22,9,-22,8,-22,9,-22,12,-19,10,-15,11,-15,0,0,0,0,0,0]"
CSI_DATA,1611817,1a:00:00:00:00:00,-56,11,-95,4,43,6,1611817,47,0,128,0,"[0,0,0,0,0,0,0,0,-24,-1,-22,-2,-24,-3,-26,-3,-26,-5,-28,-5,-28,-7,-26,-7,-27,-8,-24,-9,-27,-7,-23,-10,-26,-7,-27,-8,-25,-6,-28,-6,-24,-6,-29,-2,-25,-1,-26,-3,-26,-1,-27,-1,-28,1,-28,1,-30,3,-27,4,-30,2,-30,4,0,0,-30,7,-31,6,-29,6,-29,8,-26,5,-27,8,-27,8,-25,7,-23,9,-25,10,-24,12,-21,12,-21,12,-19,12,-21,16,-19,15,-19,17,-20,16,-19,15,-20,14,-20,15,-18,14,-21,13,-18,12,-19,10,-19,9,-18,7,-18,8,0,0,0,0,0,0]"
CSI_DATA,1617665,1a:00:00:00:00:00,-56,11,-95,4,43,6,1617665,47,0,128,0,"[0,0,0,0,0,0,0,0,-19,-13,-18,-14,-20,-16,-19,-18,-18,-20,-20,-20,-17,-22,-15,-21,-16,-24,-13,-23,-14,-22,-13,-23,-15,-22,-14,-23,-15,-22,-18,-22,-15,-21,-20,-21,-17,-19,-17,-20,-17,-20,-18,-20,-18,-20,-19,-20,-22,-18,-24,-19,-23,-20,-22,-19,0,0,-27,-20,-24,-20,-22,-19,-24,-17,-22,-16,-23,-17,-20,-17,-21,-15,-20,-13,-25,-14,-24,-11,-23,-11,-23,-11,-21,-8,-23,-8,-22,-8,-24,-8,-24,-8,-23,-10,-21,-10,-22,-10,-21,-10,-21,-11,-21,-10,-19,-12,-17,-12,-15,-12,-14,-13,0,0,0,0,0,0]"
CSI_DATA,1624329,1a:00:00:00:00:00,-56,11,-95,4,43,6,1624329,47,0,128,0,"[0,0,0,0,0,0,0,0,0,-24,2,-23,4,-25,6,-25,7,-25,8,-27,10,-25,13,-23,14,-25,16,-21,15,-24,15,-21,16,-20,17,-22,15,-21,15,-23,16,-22,14,-25,13,-22,14,-22,13,-22,14,-23,13,-23,15,-24,16,-24,16,-24,16,-26,17,-25,0,0,18,-26,16,-26,16,-24,16,-24,15,-22,16,-22,15,-21,16,-20,14,-21,14,-23,14,-23,11,-21,12,-23,11,-20,12,-22,12,-21,12,-22,13,-22,14,-20,15,-20,15,-19,15,-19,16,-16,16,-16,19,-14,18,-13,16,-11,16,-9,0,0,0,0,0,0]"
CSI_DATA,1627665,1a:00:00:00:00:00,-56,11,-95,4,43,6,1627665,47,0,128,0,"[0,0,0,0,0,0,0,0,23,-5,24,-5,25,-4,26,-3,26,0,28,0,27,1,27,3,28,4,26,5,27,4,26,6,28,3,28,3,26,3,28,2,27,3,29,1,27,0,26,0,26,-1,27,0,28,0,27,-1,29,-3,27,-6,28,-4,29,-4,0,0,29,-5,32,-4,30,-5,29,-5,26,-3,28,-5,25,-3,25,-5,25,-7,26,-11,25,-10,22,-11,23,-11,22,-10,23,-11,22,-11,22,-13,23,-11,22,-11,22,-9,23,-11,23,-8,23,-7,22,-8,21,-6,21,-4,18,-2,19,-2,0,0,0,0,0,0]"
CSI_DATA,1633665,1a:00:00:00:00:00,-56,11,-95,4,43,6,1633665,47,0,128,0,"[0,0,0,0,0,0,0,0,21,-12,21,-11,22,-11,26,-10,25,-7,28,-7,28,-4,27,-4,29,-2,26,-1,28,-1,26,1,29,0,28,0,27,-1,27,-1,25,-1,28,-3,27,-2,25,-1,27,-1,28,-2,27,-3,28,-2,28,-6,29,-4,29,-6,30,-3,0,0,30,-5,29,-2,29,-3,29,-2,29,-3,29,-4,26,-3,26,-2,26,-3,28,-8,27,-6,25,-6,24,-6,22,-8,23,-6,24,-6,23,-7,24,-6,24,-6,25,-5,24,-5,24,-2,22,-2,22,-2,23,1,21,2,18,4,18,4,0,0,0,0,0,0]"
CSI_DATA,1635665,1a:00:00:00:00:00,-56,11,-95,4,43,6,1635665,47,0,128,0,"[0,0,0,0,0,0,0,0,-4,-24,-3,-23,-4,-23,-3,-25,0,-27,-2,-28,0,-27,0,-28,1,-29,1,-26,2,-26,3,-27,-1,-28,-1,-27,-3,-26,-4,-26,-3,-27,-7,-28,-6,-26,-7,-24,-8,-25,-10,-24,-11,-25,-12,-24,-13,-26,-16,-25,-18,-25,-17,-22,0,0,-19,-21,-18,-24,-19,-24,-19,-22,-18,-20,-20,-21,-19,-18,-18,-17,-19,-17,-23,-16,-23,-12,-23,-10,-24,-11,-23,-9,-22,-9,-23,-9,-24,-8,-24,-7,-23,-6,-22,-7,-25,-7,-23,-7,-22,-8,-22,-8,-21,-9,-19,-9,-16,-8,-16,-9,0,0,0,0,0,0]"
CSI_DATA,1637665,1a:00:00:00:00:00,-56,11,-95,4,43,6,1637665,47,0,128,0,"[0,0,0,0,0,0,0,0,-8,22,-8,21,-11,23,-13,23,-15,22,-17,22,-17,20,-17,20,-20,20,-20,18,-20,19,-20,19,-19,21,-19,20,-17,20,-17,21,-17,20,-18,23,-16,21,-17,20,-16,21,-16,22,-14,22,-16,23,-16,26,-13,26,-13,27,-15,25,0,0,-14,27,-15,26,-15,25,-15,25,-13,23,-14,25,-12,23,-12,23,-12,23,-11,25,-9,26,-6,24,-5,25,-5,24,-6,24,-6,23,-4,24,-6,24,-6,25,-8,24,-7,24,-8,22,-8,21,-6,22,-9,20,-9,19,-11,15,-11,15,0,0,0,0,0,0]"
CSI_DATA,1643665,1a:00:00:00:00:00,-56,11,-95,4,43,6,1643665,47,0,128,0,"[0,0,0,0,0,0,0,0,0,24,-2,23,-3,24,-5,26,-8,26,-8,26,-10,25,-10,24,-13,25,-14,23,-14,23,-13,23,-15,25,-14,24,-13,23,-11,25,-13,23,-15,25,-14,24,-13,22,-12,23,-12,25,-10,24,-13,25,-13,26,-11,27,-12,27,-12,26,0,0,-13,29,-13,27,-14,25,-15,27,-13,22,-12,26,-13,24,-11,23,-12,23,-10,25,-11,26,-8,23,-8,25,-6,22,-9,24,-7,24,-7,23,-8,23,-9,24,-10,22,-10,24,-11,21,-11,21,-12,19,-14,17,-14,16,-13,13,-14,13,0,0,0,0,0,0]"
CSI_DATA,1645665,1a:00:00:00:00:00,-56,11,-95,4,43,6,1645665,47,0,128,0,"[0,0,0,0,0,0,0,0,22,9,21,10,24,10,23,12,22,14,24,14,23,17,22,15,24,16,22,17,23,16,21,17,25,15,23,14,24,12,24,11,23,10,27,10,24,8,25,9,26,6,27,7,26,4,27,6,31,4,29,2,29,2,28,-1,0,0,35,-1,30,0,29,0,30,-3,26,-2,29,-4,25,-5,25,-5,24,-9,24,-10,24,-10,22,-11,23,-11,21,-12,22,-13,20,-14,21,-15,19,-14,21,-16,19,-14,20,-14,20,-13,20,-13,20,-12,18,-12,18,-11,19,-7,17,-7,0,0,0,0,0,0]"
CSI_DATA,1647665,1a:00:00:00:00:00,-56,11,-95,4,43,6,1647665,47,0,128,0,"[0,0,0,0,0,0,0,0,-15,-19,-13,-17,-14,-19,-12,-22,-11,-23,-12,-26,-10,-27,-8,-25,-9,-26,-6,-26,-7,-26,-6,-25,-6,-27,-7,-26,-8,-26,-9,-25,-8,-24,-10,-26,-9,-24,-9,-24,-11,-25,-13,-25,-12,-24,-11,-24,-13,-26,-13,-25,-15,-26,-13,-26,0,0,-15,-27,-15,-26,-14,-24,-14,-25,-13,-24,-16,-24,-15,-24,-13,-21,-13,-21,-18,-20,-18,-21,-18,-18,-17,-19,-15,-16,-17,-19,-17,-17,-18,-18,-18,-18,-18,-18,-15,-19,-16,-19,-15,-18,-15,-17,-14,-19,-11,-19,-10,-18,-6,-18,-7,-17,0,0,0,0,0,0]"
CSI_DATA,1653665,1a:00:00:00:00:00,-56,11,-95,4,43,6,1653665,47,0,128,0,"[0,0,0,0,0,0,0,0,-17,-16,-15,-16,-16,-18,-16,-22,-13,-23,-15,-26,-11,-24,-9,-24,-10,-27,-8,-25,-6,-26,-7,-25,-6,-26,-9,-26,-7,-25,-7,-26,-8,-23,-10,-27,-7,-25,-7,-24,-9,-26,-9,-26,-10,-25,-10,-26,-11,-26,-12,-28,-12,-28,-8,-25,0,0,-12,-28,-10,-29,-10,-29,-9,-28,-8,-25,-9,-27,-10,-26,-9,-24,-10,-25,-13,-25,-11,-25,-12,-22,-11,-24,-12,-20,-10,-22,-9,-21,-10,-21,-10,-22,-11,-23,-9,-22,-9,-23,-6,-23,-6,-23,-5,-22,-3,-21,-1,-20,0,-19,2,-19,0,0,0,0,0,0]"
CSI_DATA,1658796,1a:00:00:00:00:00,-56,11,-95,4,43,6,1658796,47,0,128,0,"[0,0,0,0,0,0,0,0,22,-9,23,-6,24,-8,25,-6,26,-3,29,-2,27,0,27,0,29,2,27,3,27,4,26,6,27,4,27,4,26,4,27,2,27,4,29,3,26,3,25,4,27,4,27,3,28,3,27,3,30,2,29,3,30,3,30,3,0,0,31,4,30,5,30,4,29,5,28,2,29,5,26,4,25,5,24,2,25,0,26,2,25,1,26,2,24,1,25,0,25,2,24,1,25,2,26,2,24,2,24,3,22,5,23,6,21,7,21,8,19,9,16,11,15,11,0,0,0,0,0,0]"
CSI_DATA,1665665,1a:00:00:00:00:00,-56,11,-95,4,43,6,1665665,47,0,128,0,"[0,0,0,0,0,0,0,0,5,-23,7,-22,6,-23,9,-25,10,-24,11,-26,11,-24,13,-25,12,-25,13,-23,13,-24,12,-23,12,-25,12,-25,10,-25,9,-26,8,-25,6,-27,6,-26,6,-25,4,-27,3,-28,0,-27,0,-27,0,-29,-2,-29,-2,-30,-2,-29,0,0,-3,-30,-3,-30,-5,-30,-4,-28,-6,-27,-7,-29,-7,-25,-8,-25,-8,-25,-12,-23,-12,-24,-13,-21,-14,-22,-13,-19,-13,-19,-14,-19,-16,-19,-15,-19,-16,-19,-15,-19,-15,-19,-15,-17,-13,-19,-13,-19,-12,-18,-10,-18,-8,-16,-8,-17,0,0,0,0,0,0]"
CSI_DATA,1669665,1a:00:00:00:00:00,-56,11,-95,4,43,6,1669665,47,0,128,0,"[0,0,0,0,0,0,0,0,23,-5,23,-4,24,-3,25,-1,26,3,28,2,28,5,28,6,27,7,24,7,26,9,24,10,23,11,25,12,25,13,24,13,23,11,26,10,23,12,23,12,24,12,26,12,25,13,26,12,26,13,25,15,25,17,24,14,0,0,27,15,24,16,23,17,26,16,22,17,24,16,23,15,20,14,21,15,21,16,23,15,20,14,21,14,21,14,20,14,21,13,20,14,21,15,21,16,18,16,19,17,15,16,15,18,12,21,10,19,10,20,6,18,5,19,0,0,0,0,0,0]"
CSI_DATA,1675665,1a:00:00:00:00:00,-56,11,-95,4,43,6,1675665,47,0,128,0,"[0,0,0,0,0,0,0,0,13,20,11,21,13,23,12,24,11,25,11,25,9,26,9,25,10,27,8,26,9,26,8,25,10,25,9,26,10,25,12,24,11,23,15,24,14,22,14,21,16,21,17,22,18,22,18,21,21,22,20,22,22,21,20,19,0,0,24,21,23,19,24,19,24,17,23,18,25,16,22,13,23,12,23,13,25,12,25,10,24,8,24,8,24,6,23,6,24,5,25,4,23,4,24,4,24,4,24,3,24,4,23,4,23,5,21,7,20,5,18,9,18,8,0,0,0,0,0,0]"
CSI_DATA,1679665,1a:00:00:00:00:00,-56,11,-95,4,43,6,1679665,47,0,128,0,"[0,0,0,0,0,0,0,0,-8,23,-8,20,-12,22,-12,23,-14,20,-17,24,-19,20,-20,19,-19,19,-21,16,-22,17,-22,13,-23,14,-25,14,-23,13,-23,12,-22,15,-23,16,-23,16,-23,13,-23,13,-23,15,-22,15,-23,14,-25,13,-26,13,-26,14,-26,12,0,0,-26,13,-28,12,-28,11,-28,10,-24,9,-26,11,-24,10,-22,8,-25,10,-26,11,-25,9,-22,9,-23,9,-22,9,-24,9,-24,9,-22,9,-24,8,-23,7,-23,5,-24,5,-23,3,-23,2,-23,1,-23,-2,-21,-4,-17,-5,-17,-6,0,0,0,0,0,0]"
CSI_DATA,1684906,1a:00:00:00:00:00,-56,11,-95,4,43,6,1684906,47,0,128,0,"[0,0,0,0,0,0,0,0,23,-3,23,-1,24,0,27,2,25,5,29,5,25,7,26,11,25,10,23,13,24,12,21,14,22,16,23,15,22,16,23,15,23,16,22,15,23,15,19,14,23,17,22,16,22,17,22,16,23,18,23,19,23,20,24,19,0,0,24,21,20,19,20,22,20,20,19,23,20,22,17,21,17,21,15,20,17,20,18,21,16,20,17,20,16,19,16,19,17,19,16,17,15,21,14,21,13,20,11,21,10,22,8,21,7,22,4,22,3,22,0,17,-2,19,0,0,0,0,0,0]"
CSI_DATA,1691665,1a:00:00:00:00:00,-56,11,-95,4,43,6,1691665,47,0,128,0,"[0,0,0,0,0,0,0,0,-23,5,-21,5,-24,4,-26,4,-25,3,-28,1,-27,2,-27,0,-28,-2,-25,-4,-27,-2,-26,-5,-27,-3,-28,-4,-26,-2,-28,0,-27,-1,-29,2,-25,2,-24,2,-26,2,-27,3,-25,4,-28,5,-29,5,-28,7,-31,5,-28,6,0,0,-31,8,-28,6,-27,7,-29,9,-26,8,-27,8,-25,7,-24,8,-25,10,-23,12,-24,14,-22,12,-22,12,-20,13,-21,14,-20,15,-20,14,-21,13,-20,14,-21,12,-20,13,-20,11,-21,10,-19,10,-21,9,-21,8,-17,5,-18,4,0,0,0,0,0,0]"
CSI_DATA,1695665,1a:00:00:00:00:00,-56,11,-95,4,43,6,1695665,47,0,128,0,"[0,0,0,0,0,0,0,0,15,-18,15,-17,16,-19,18,-20,18,-17,20,-20,20,-19,21,-17,21,-17,22,-14,22,-16,21,-14,22,-16,23,-16,20,-16,20,-19,19,-19,18,-22,17,-20,16,-20,15,-21,15,-22,14,-22,13,-24,14,-24,12,-26,14,-27,14,-27,0,0,12,-30,10,-26,10,-28,10,-28,9,-25,8,-27,7,-25,7,-25,5,-24,4,-24,3,-25,2,-24,1,-26,-1,-24,-1,-25,-1,-24,-3,-23,-3,-23,-3,-24,-2,-23,-2,-25,-2,-23,-1,-23,0,-23,2,-23,2,-22,3,-19,3,-18,0,0,0,0,0,0]"
CSI_DATA,1701665,1a:00:00:00:00:00,-56,11,-95,4,43,6,1701665,47,0,128,0,"[0,0,0,0,0,0,0,0,8,-22,8,-21,10,-22,12,-23,12,-23,14,-24,15,-24,16,-22,17,-22,17,-19,18,-22,17,-19,17,-21,18,-20,16,-20,15,-21,14,-22,15,-24,14,-23,13,-21,13,-23,13,-25,13,-24,12,-24,11,-26,13,-26,12,-28,12,-28,0,0,11,-30,10,-27,9,-27,10,-29,7,-25,8,-27,7,-25,8,-24,6,-25,6,-25,4,-26,4,-25,2,-26,2,-23,1,-24,1,-23,0,-25,1,-24,1,-25,3,-23,3,-24,2,-23,5,-23,4,-22,6,-21,6,-20,7,-17,7,-16,0,0,0,0,0,0]"
CSI_DATA,1707665,1a:00:00:00:00:00,-56,11,-95,4,43,6,1707665,47,0,128,0,"[0,0,0,0,0,0,0,0,4,-23,7,-22,9,-24,11,-25,12,-22,13,-25,14,-22,16,-23,18,-23,17,-21,18,-21,17,-17,18,-20,21,-20,18,-20,17,-20,18,-19,18,-22,16,-21,16,-20,15,-22,15,-22,15,-22,15,-22,17,-23,16,-24,17,-26,18,-23,0,0,18,-25,17,-24,16,-25,15,-24,16,-23,16,-24,15,-22,15,-20,15,-21,14,-23,14,-24,12,-22,12,-22,11,-22,11,-21,11,-22,10,-22,12,-23,11,-23,12,-21,11,-22,13,-20,13,-18,14,-18,16,-15,16,-15,13,-10,15,-10,0,0,0,0,0,0]"
CSI_DATA,1711665,1a:00:00:00:00:00,-56,11,-95,4,43,6,1711665,47,0,128,0,"[0,0,0,0,0,0,0,0,12,21,10,19,12,22,11,23,10,24,11,27,9,27,6,25,7,26,3,26,5,26,3,26,4,26,4,27,5,26,7,26,6,26,10,26,8,23,9,23,9,25,10,26,10,26,12,25,12,27,12,26,14,27,12,25,0,0,15,28,15,27,15,24,14,26,12,23,15,24,14,24,12,22,15,22,17,23,17,21,16,19,17,18,17,18,16,17,17,16,19,16,16,17,17,17,16,18,16,18,15,19,13,18,14,18,12,19,11,17,8,17,7,17,0,0,0,0,0,0]"
CSI_DATA,1717665,1a:00:00:00:00:00,-56,11,-95,4,43,6,1717665,47,0,128,0,"[0,0,0,0,0,0,0,0,19,14,17,14,19,17,19,19,17,21,17,22,17,22,14,22,14,23,9,25,12,25,9,25,11,24,10,26,10,25,12,25,11,24,15,25,14,22,12,22,14,23,14,24,14,24,16,24,15,25,16,26,17,27,14,25,0,0,17,27,16,27,15,25,16,26,14,24,15,24,13,23,12,22,14,23,16,23,15,20,15,19,16,20,15,18,17,18,16,18,17,19,15,19,13,19,13,20,12,21,11,20,10,22,10,20,9,21,7,19,4,20,3,19,0,0,0,0,0,0]"
CSI_DATA,1721665,1a:00:00:00:00:00,-56,11,-95,4,43,6,1721665,47,0,128,0,"[0,0,0,0,0,0,0,0,-23,-3,-22,-3,-24,-5,-24,-6,-25,-9,-27,-8,-26,-10,-25,-11,-26,-13,-22,-12,-24,-13,-23,-14,-25,-11,-24,-13,-22,-12,-25,-10,-22,-12,-26,-10,-24,-9,-23,-9,-24,-9,-26,-9,-26,-10,-25,-8,-27,-8,-27,-8,-30,-8,-27,-7,0,0,-31,-7,-29,-9,-29,-6,-29,-6,-26,-5,-27,-6,-27,-6,-25,-6,-25,-4,-26,-3,-26,-1,-25,-1,-26,0,-23,0,-25,2,-24,3,-25,2,-25,1,-25,1,-24,-1,-25,-1,-22,-1,-24,-3,-23,-2,-22,-4,-20,-4,-18,-5,-17,-6,0,0,0,0,0,0]"
CSI_DATA,1725665,1a:00:00:00:00:00,-56,11,-95,4,43,6,1725665,47,0,128,0,"[0,0,0,0,0,0,0,0,16,-18,15,-16,17,-17,20,-16,20,-17,20,-19,21,-17,23,-14,24,-16,24,-12,23,-13,24,-12,22,-16,23,-15,21,-14,21,-16,20,-16,21,-20,19,-18,18,-18,18,-19,18,-19,19,-19,18,-22,19,-22,18,-24,15,-24,18,-23,0,0,16,-27,16,-26,14,-26,14,-27,14,-24,14,-25,13,-23,12,-23,12,-22,10,-26,7,-26,6,-24,4,-25,4,-23,4,-24,2,-25,3,-24,5,-25,4,-25,4,-24,4,-24,4,-21,4,-22,6,-22,6,-21,6,-21,8,-16,7,-16,0,0,0,0,0,0]"
CSI_DATA,1731665,1a:00:00:00:00:00,-56,11,-95,4,43,6,1731665,47,0,128,0,"[0,0,0,0,0,0,0,0,13,-19,14,-17,16,-19,17,-19,19,-19,20,-17,21,-17,22,-15,23,-15,23,-12,24,-15,24,-11,24,-13,25,-14,23,-13,23,-15,22,-14,22,-17,20,-15,20,-16,20,-16,21,-16,21,-17,21,-19,22,-19,21,-20,21,-20,23,-21,0,0,23,-20,22,-22,20,-21,21,-22,18,-20,19,-20,18,-19,18,-17,18,-19,18,-23,15,-21,14,-21,14,-22,12,-20,13,-22,12,-21,12,-22,13,-21,13,-21,13,-21,15,-21,14,-18,15,-18,14,-16,16,-17,17,-15,15,-11,14,-11,0,0,0,0,0,0]"
CSI_DATA,1735665,1a:00:00:00:00:00,-56,11,-95,4,43,6,1735665,47,0,128,0,"[0,0,0,0,0,0,0,0,2,24,1,24,1,24,-2,26,-2,27,-2,28,-3,28,-6,25,-6,27,-7,24,-7,26,-6,26,-8,27,-6,27,-5,26,-2,27,-2,26,-1,29,-1,25,0,26,0,26,1,27,2,27,2,26,3,29,3,29,4,30,4,28,0,0,6,31,6,30,6,29,6,29,7,26,8,28,8,25,7,25,9,24,12,24,12,24,12,22,13,22,14,20,14,19,13,19,16,20,14,20,15,20,13,20,14,21,13,20,12,21,11,21,10,21,8,19,6,17,7,18,0,0,0,0,0,0]"
CSI_DATA,1741665,1a:00:00:00:00:00,-56,11,-95,4,43,6,1741665,47,0,128,0,"[0,0,0,0,0,0,0,0,8,23,7,21,7,24,6,25,5,28,5,27,2,26,0,26,1,29,-4,26,-1,26,-3,26,-2,27,-2,27,-1,27,1,28,0,25,3,27,2,25,2,26,3,27,3,28,3,27,4,28,3,28,7,29,5,30,5,28,0,0,6,31,6,31,7,29,6,28,5,26,7,28,5,26,5,25,6,25,9,23,9,25,9,23,10,23,9,21,10,23,10,22,11,23,10,23,9,23,8,22,8,23,8,22,6,24,6,22,4,22,3,20,1,18,0,19,0,0,0,0,0,0]"
CSI_DATA,1745665,1a:00:00:00:00:00,-56,11,-95,4,43,6,1745665,47,0,128,0,"[0,0,0,0,0,0,0,0,-21,-9,-20,-10,-21,-11,-21,-14,-21,-16,-23,-17,-21,-17,-20,-16,-21,-17,-18,-19,-20,-18,-18,-19,-20,-17,-21,-19,-20,-18,-21,-16,-21,-16,-23,-15,-21,-13,-21,-13,-23,-14,-23,-14,-24,-12,-25,-12,-28,-11,-26,-10,-28,-9,-27,-10,0,0,-31,-12,-27,-11,-27,-10,-28,-9,-25,-8,-27,-9,-25,-8,-24,-7,-25,-6,-27,-4,-26,-2,-24,-2,-25,-2,-25,-1,-24,1,-24,2,-25,2,-24,0,-25,1,-24,0,-25,0,-22,-1,-23,-2,-22,-1,-21,-2,-21,-4,-18,-5,-18,-6,0,0,0,0,0,0]"
CSI_DATA,1751665,1a:00:00:00:00:00,-56,11,-95,4,43,6,1751665,47,0,128,0,"[0,0,0,0,0,0,0,0,-22,-7,-21,-8,-23,-9,-23,-11,-22,-14,-25,-15,-22,-16,-21,-16,-20,-18,-17,-20,-19,-18,-16,-19,-20,-19,-19,-19,-19,-19,-20,-18,-19,-18,-23,-16,-22,-16,-20,-16,-21,-16,-22,-17,-22,-16,-22,-16,-23,-17,-25,-14,-25,-16,-23,-15,0,0,-28,-16,-24,-15,-23,-16,-25,-15,-24,-14,-25,-15,-22,-14,-22,-13,-22,-12,-24,-12,-25,-10,-22,-9,-25,-10,-22,-9,-23,-8,-23,-7,-23,-8,-24,-8,-24,-7,-22,-10,-22,-11,-20,-10,-20,-11,-20,-11,-19,-12,-17,-13,-13,-12,-13,-13,0,0,0,0,0,0]"
CSI_DATA,1757665,1a:00:00:00:00:00,-56,11,-95,4,43,6,1757665,47,0,128,0,"[0,0,0,0,0,0,0,0,-23,-4,-22,-5,-23,-7,-24,-9,-24,-12,-25,-13,-23,-15,-21,-16,-22,-18,-19,-18,-20,-18,-19,-19,-20,-18,-20,-19,-18,-19,-21,-18,-18,-17,-22,-18,-19,-17,-18,-17,-19,-19,-20,-18,-20,-18,-21,-18,-22,-18,-22,-18,-23,-21,-23,-21,0,0,-21,-21,-22,-20,-20,-20,-21,-21,-19,-18,-21,-21,-19,-19,-19,-18,-18,-19,-22,-18,-21,-16,-19,-16,-20,-16,-18,-14,-19,-15,-19,-15,-20,-15,-17,-16,-19,-17,-16,-17,-16,-17,-15,-18,-15,-18,-14,-18,-11,-19,-9,-20,-7,-19,-8,-17,0,0,0,0,0,0]"
CSI_DATA,1761668,1a:00:00:00:00:00,-56,11,-95,4,43,6,1761668,47,0,128,0,"[0,0,0,0,0,0,0,0,22,-7,22,-6,23,-6,25,-5,27,-2,27,-1,26,0,26,1,28,1,25,3,27,2,26,5,28,3,27,4,26,3,27,1,26,3,29,0,25,1,25,0,27,0,27,0,27,-1,26,0,28,-1,28,-2,30,-2,30,-3,0,0,31,-2,30,-1,29,-2,30,-2,27,-1,28,-1,27,-1,25,-1,25,-4,26,-7,26,-6,24,-5,24,-6,22,-6,24,-6,22,-6,24,-7,24,-7,23,-8,24,-6,24,-5,23,-3,24,-2,22,-2,21,0,21,0,19,3,18,3,0,0,0,0,0,0]"
CSI_DATA,1765666,1a:00:00:00:00:00,-56,11,-95,4,43,6,1765666,47,0,128,0,"[0,0,0,0,0,0,0,0,-6,22,-8,21,-9,23,-11,23,-12,23,-13,24,-15,23,-15,21,-17,23,-16,19,-18,22,-16,21,-16,22,-15,22,-14,22,-14,22,-13,21,-13,27,-12,23,-12,23,-11,23,-11,24,-10,25,-10,24,-12,27,-9,28,-10,28,-9,28,0,0,-11,29,-8,29,-8,27,-7,29,-7,27,-7,28,-6,25,-5,26,-4,26,-3,28,-1,26,0,24,1,25,0,23,1,25,2,23,3,24,1,25,1,25,0,24,1,23,1,24,0,23,-1,22,-2,22,-4,21,-5,18,-6,18,0,0,0,0,0,0]"
CSI_DATA,1771666,1a:00:00:00:00:00,-56,11,-95,4,43,6,1771666,47,0,128,0,"[0,0,0,0,0,0,0,0,1,24,-2,24,-4,25,-5,24,-6,26,-8,27,-10,26,-11,24,-11,26,-12,24,-14,24,-12,24,-13,24,-14,25,-11,24,-11,24,-11,21,-12,27,-11,24,-12,23,-10,24,-10,25,-8,25,-10,25,-8,29,-9,27,-8,28,-10,29,0,0,-8,28,-12,29,-11,27,-10,27,-8,24,-10,27,-9,25,-7,24,-9,24,-6,26,-6,27,-3,24,-5,25,-2,24,-5,26,-4,24,-3,25,-4,24,-4,26,-5,23,-5,24,-6,23,-6,22,-7,22,-9,20,-9,18,-10,15,-11,15,0,0,0,0,0,0]"
CSI_DATA,1777666,1a:00:00:00:00:00,-56,11,-95,4,43,6,1777666,47,0,128,0,"[0,0,0,0,0,0,0,0,4,23,2,23,0,25,-1,26,-5,25,-6,28,-7,26,-9,26,-11,27,-12,24,-12,24,-12,23,-12,26,-12,25,-11,24,-11,24,-11,22,-12,26,-11,23,-12,23,-11,23,-12,25,-10,24,-12,25,-12,27,-11,25,-12,27,-14,27,0,0,-15,28,-15,26,-14,26,-15,26,-12,24,-14,25,-13,23,-12,22,-14,22,-12,25,-11,24,-9,23,-9,24,-8,21,-11,24,-11,21,-11,22,-12,22,-14,23,-14,20,-14,20,-14,18,-13,18,-14,16,-17,14,-16,13,-17,11,-15,9,0,0,0,0,0,0]"
CSI_DATA,1783666,1a:00:00:00:00:00,-56,11,-95,4,43,6,1783666,47,0,128,0,"[0,0,0,0,0,0,0,0,-21,12,-21,9,-22,11,-24,11,-25,8,-26,11,-26,8,-27,8,-27,9,-25,6,-26,8,-25,7,-28,8,-25,9,-24,11,-23,13,-23,12,-24,15,-22,14,-22,14,-20,17,-21,17,-18,18,-19,18,-19,21,-17,24,-20,24,-17,20,0,0,-14,28,-17,23,-16,25,-15,27,-13,23,-13,27,-11,24,-8,23,-9,24,-7,26,-4,27,-2,24,-1,25,0,24,0,26,0,24,2,24,0,25,2,25,0,25,2,25,1,23,2,23,2,23,0,22,0,22,-1,17,-2,20,0,0,0,0,0,0]"
CSI_DATA,1787303,1a:00:00:00:00:00,-56,11,-95,4,43,6,1787303,47,0,128,0,"[0,0,0,0,0,0,0,0,14,18,13,19,11,21,12,23,9,25,11,28,7,27,6,26,6,26,4,26,3,27,2,25,1,27,0,28,2,28,2,27,3,27,3,27,3,26,2,24,3,27,5,28,6,26,4,26,5,28,5,28,5,31,4,29,0,0,6,32,3,30,2,29,3,29,2,26,4,29,3,26,3,25,2,25,4,25,2,26,4,24,3,26,5,24,4,23,4,23,4,25,3,24,3,24,3,23,2,25,1,24,0,23,-2,22,-6,21,-6,21,-6,17,-7,17,0,0,0,0,0,0]"
CSI_DATA,1791666,1a:00:00:00:00:00,-56,11,-95,4,43,6,1791666,47,0,128,0,"[0,0,0,0,0,0,0,0,23,-4,23,-1,24,-1,25,-1,26,3,28,3,26,6,26,6,27,7,26,7,26,7,24,9,26,9,25,10,26,10,25,9,26,8,27,7,26,7,24,6,27,7,26,5,27,6,27,7,29,6,28,8,30,6,27,5,0,0,32,4,27,8,28,8,28,7,27,7,28,5,26,4,25,4,25,3,26,1,26,4,24,4,25,4,24,2,24,3,24,2,25,2,25,3,25,2,22,3,23,3,23,5,22,5,23,8,21,8,20,9,16,9,16,11,0,0,0,0,0,0]"
CSI_DATA,1797666,1a:00:00:00:00:00,-56,11,-95,4,43,6,1797666,47,0,128,0,"[0,0,0,0,0,0,0,0,22,-7,23,-5,24,-4,25,-3,27,1,28,1,27,4,26,4,27,6,25,8,26,8,25,9,25,9,26,10,25,8,25,8,24,9,26,9,24,8,23,9,25,9,26,10,25,9,25,10,28,10,28,10,29,11,27,10,0,0,28,11,27,12,25,13,27,12,26,12,26,12,23,11,22,12,22,10,25,10,25,11,23,8,23,9,22,8,22,10,22,9,23,10,22,10,23,12,21,12,21,12,19,14,17,15,18,15,15,15,14,16,10,17,9,17,0,0,0,0,0,0]"
CSI_DATA,1803666,1a:00:00:00:00:00,-56,11,-95,4,43,6,1803666,47,0,128,0,"[0,0,0,0,0,0,0,0,15,18,12,20,13,21,14,21,11,23,14,25,12,24,11,24,13,24,11,24,13,24,10,24,11,25,13,24,12,24,15,24,15,22,18,22,18,20,16,18,20,20,20,17,21,18,21,18,22,16,24,17,25,17,26,14,0,0,26,12,25,13,24,13,26,12,23,11,27,8,25,7,25,7,24,7,25,3,26,3,26,2,25,1,25,0,25,-2,24,-1,25,-2,24,-3,24,-4,24,-3,24,-4,23,-3,22,-1,22,-1,22,-1,23,0,18,2,18,3,0,0,0,0,0,0]"
CSI_DATA,1810021,1a:00:00:00:00:00,-56,11,-95,4,43,6,1810021,47,0,128,0,"[0,0,0,0,0,0,0,0,-23,7,-21,7,-24,8,-25,6,-25,4,-26,5,-27,3,-27,1,-27,2,-26,-1,-28,0,-27,-3,-26,1,-29,1,-27,1,-27,2,-25,2,-29,4,-25,5,-25,5,-25,5,-26,6,-25,7,-27,8,-28,10,-26,9,-29,11,-28,10,0,0,-29,12,-29,10,-26,12,-26,13,-24,10,-27,12,-22,10,-22,11,-22,14,-23,14,-21,16,-19,14,-20,16,-18,16,-18,18,-16,17,-17,18,-18,17,-18,16,-18,15,-19,16,-19,15,-19,13,-18,13,-19,13,-19,10,-18,8,-16,8,0,0,0,0,0,0]"
CSI_DATA,1813999,1a:00:00:00:00:00,-56,11,-95,4,43,6,1813999,47,0,128,0,"[0,0,0,0,0,0,0,0,-21,-10,-22,-10,-22,-11,-21,-13,-23,-15,-23,-15,-22,-16,-21,-16,-22,-17,-20,-16,-21,-16,-20,-18,-23,-16,-23,-16,-22,-15,-22,-14,-21,-12,-25,-11,-24,-11,-25,-10,-25,-11,-26,-10,-25,-8,-26,-9,-29,-7,-29,-6,-29,-5,-29,-3,0,0,-29,-2,-30,-3,-28,-4,-29,-2,-27,-1,-30,-1,-26,0,-26,1,-25,2,-25,6,-25,6,-23,6,-24,7,-22,7,-23,8,-22,10,-23,11,-22,10,-24,11,-21,10,-22,11,-22,7,-22,9,-21,7,-21,6,-21,6,-20,2,-19,3,0,0,0,0,0,0]"
CSI_DATA,1819666,1a:00:00:00:00:00,-56,11,-95,4,43,6,1819666,47,0,128,0,"[0,0,0,0,0,0,0,0,-24,3,-22,1,-25,1,-26,1,-26,-2,-28,-1,-27,-3,-27,-4,-26,-2,-26,-4,-26,-4,-26,-6,-27,-4,-28,-5,-26,-4,-27,-3,-24,-2,-28,-1,-27,0,-25,0,-28,1,-26,3,-26,3,-27,5,-29,5,-29,4,-30,4,-27,5,0,0,-29,9,-30,6,-28,7,-27,8,-25,8,-27,10,-26,9,-23,9,-23,12,-23,14,-23,12,-20,10,-21,13,-19,14,-21,14,-21,14,-18,15,-19,15,-20,16,-19,15,-19,16,-19,12,-19,12,-20,10,-20,9,-20,9,-18,6,-18,5,0,0,0,0,0,0]"
CSI_DATA,1823666,1a:00:00:00:00:00,-56,11,-95,4,43,6,1823666,47,0,128,0,"[0,0,0,0,0,0,0,0,17,-16,17,-14,19,-16,21,-17,20,-16,23,-18,21,-14,24,-14,24,-14,23,-12,23,-15,22,-13,23,-14,24,-14,22,-15,22,-17,21,-16,19,-18,18,-18,17,-18,17,-20,16,-21,16,-22,16,-24,15,-23,14,-24,16,-25,16,-25,0,0,13,-30,12,-27,11,-27,11,-26,8,-25,9,-27,7,-25,6,-25,5,-26,4,-25,4,-26,1,-24,1,-25,-1,-23,0,-24,-3,-24,-4,-22,-3,-24,-4,-24,-3,-23,-3,-25,-3,-23,-3,-22,-1,-22,0,-22,0,-22,1,-17,2,-18,0,0,0,0,0,0]"
CSI_DATA,1829666,1a:00:00:00:00:00,-56,11,-95,4,43,6,1829666,47,0,128,0,"[0,0,0,0,0,0,0,0,12,-22,13,-18,16,-18,16,-20,17,-20,18,-21,19,-19,21,-18,20,-19,19,-17,20,-19,20,-17,22,-16,22,-16,20,-17,18,-18,19,-18,17,-21,17,-21,16,-19,17,-21,14,-23,13,-23,14,-22,14,-25,15,-25,17,-25,16,-23,0,0,15,-28,14,-26,13,-26,13,-25,12,-25,10,-27,9,-24,9,-23,9,-24,8,-26,8,-25,5,-23,5,-25,3,-24,4,-24,3,-24,2,-25,3,-25,0,-25,3,-23,2,-26,2,-23,3,-22,5,-22,7,-20,7,-20,8,-17,8,-16,0,0,0,0,0,0]"
CSI_DATA,1833666,1a:00:00:00:00:00,-56,11,-95,4,43,6,1833666,47,0,128,0,"[0,0,0,0,0,0,0,0,7,23,4,23,5,25,4,25,4,26,3,29,2,26,0,27,0,28,0,25,1,27,-1,25,0,27,0,27,3,27,4,27,4,26,6,26,6,24,5,24,8,26,11,26,11,25,13,24,12,25,14,25,15,27,15,26,0,0,16,27,16,25,17,24,16,24,16,22,18,23,17,20,18,19,19,17,21,15,22,17,20,15,22,14,21,12,21,11,21,10,22,11,22,12,23,11,22,11,21,9,21,10,21,11,20,12,19,11,18,11,14,11,15,13,0,0,0,0,0,0]"
CSI_DATA,1837666,1a:00:00:00:00:00,-56,11,-95,4,43,6,1837666,47,0,128,0,"[0,0,0,0,0,0,0,0,-16,16,-18,15,-19,15,-22,15,-23,13,-25,14,-25,10,-25,9,-27,7,-25,5,-28,5,-25,2,-27,3,-27,3,-26,3,-28,3,-27,2,-28,4,-25,3,-25,2,-26,2,-26,2,-27,1,-29,1,-28,2,-28,1,-30,0,-29,1,0,0,-30,-1,-29,-3,-29,-2,-29,-1,-28,-3,-28,-3,-28,-4,-25,-4,-25,-2,-27,-1,-26,-2,-24,-2,-26,-2,-23,-2,-24,-2,-23,-2,-24,-1,-25,-3,-23,-4,-23,-6,-24,-6,-22,-7,-20,-9,-20,-9,-18,-12,-18,-12,-13,-12,-14,-14,0,0,0,0,0,0]"
CSI_DATA,1843666,1a:00:00:00:00:00,-56,11,-95,4,43,6,1843666,47,0,128,0,"[0,0,0,0,0,0,0,0,-20,-12,-18,-13,-19,-14,-21,-16,-18,-18,-22,-18,-19,-19,-19,-18,-19,-20,-15,-20,-19,-20,-17,-20,-20,-19,-19,-20,-19,-19,-21,-17,-19,-17,-23,-15,-22,-14,-21,-13,-23,-13,-23,-13,-24,-12,-25,-12,-26,-11,-26,-10,-28,-11,-26,-8,0,0,-31,-9,-29,-7,-30,-7,-28,-4,-26,-6,-28,-5,-27,-4,-25,-4,-24,-2,-25,2,-25,3,-24,1,-25,3,-23,4,-23,5,-23,8,-23,8,-24,5,-23,6,-24,6,-23,6,-24,5,-23,4,-22,5,-22,3,-22,2,-19,-1,-18,-1,0,0,0,0,0,0]"
CSI_DATA,1847666,1a:00:00:00:00:00,-56,11,-95,4,43,6,1847666,47,0,128,0,"[0,0,0,0,0,0,0,0,-1,-23,2,-22,3,-26,6,-26,6,-25,8,-27,11,-24,13,-25,15,-24,16,-20,16,-23,16,-19,17,-22,18,-21,17,-19,16,-21,16,-20,16,-22,15,-19,16,-18,17,-20,17,-20,18,-21,18,-21,20,-21,20,-20,20,-21,21,-18,0,0,22,-20,23,-18,22,-19,23,-19,20,-16,22,-16,20,-15,20,-13,20,-15,23,-17,20,-16,20,-15,19,-16,18,-14,19,-14,20,-15,19,-16,21,-13,21,-15,22,-11,23,-11,21,-9,22,-7,21,-6,23,-3,22,-2,18,1,19,1,0,0,0,0,0,0]"
CSI_DATA,1851666,1a:00:00:00:00:00,-56,11,-95,4,43,6,1851666,47,0,128,0,"[0,0,0,0,0,0,0,0,19,15,17,16,17,17,17,19,17,21,16,23,15,24,12,23,12,26,7,24,9,25,6,26,7,26,7,26,7,26,11,27,8,25,11,26,8,24,8,24,9,25,10,26,10,26,10,26,10,26,10,27,13,29,8,29,0,0,11,30,10,29,8,27,9,27,6,26,6,28,6,26,5,25,8,26,9,25,10,25,8,24,9,25,8,21,9,23,9,22,9,23,7,24,7,24,4,24,6,24,4,23,2,23,2,23,0,22,-2,20,-4,18,-4,18,0,0,0,0,0,0]"
CSI_DATA,1857666,1a:00:00:00:00:00,-56,11,-95,4,43,6,1857666,47,0,128,0,"[0,0,0,0,0,0,0,0,16,17,14,19,14,21,13,23,11,24,12,26,8,25,6,26,4,26,2,25,3,28,-1,27,2,26,-1,27,-1,26,1,27,0,26,1,27,0,27,-1,24,-1,27,-2,27,-2,26,-3,29,-2,29,-1,29,-3,30,-5,29,0,0,-4,32,-5,31,-5,28,-5,28,-6,26,-6,27,-8,26,-8,23,-6,25,-5,25,-4,25,-5,24,-7,25,-5,23,-5,23,-5,24,-6,24,-8,23,-8,22,-11,21,-10,22,-12,21,-13,19,-13,18,-15,17,-15,15,-14,12,-15,12,0,0,0,0,0,0]"
CSI_DATA,1861666,1a:00:00:00:00:00,-56,11,-95,4,43,6,1861666,47,0,128,0,"[0,0,0,0,0,0,0,0,-24,4,-22,2,-24,2,-26,-1,-26,-3,-27,-3,-28,-6,-25,-6,-26,-8,-23,-10,-25,-9,-23,-12,-24,-12,-25,-12,-24,-11,-24,-12,-24,-11,-27,-10,-23,-9,-23,-11,-23,-10,-25,-11,-25,-12,-26,-10,-28,-13,-27,-11,-28,-11,-26,-12,0,0,-29,-14,-27,-13,-25,-13,-28,-13,-23,-12,-25,-15,-23,-13,-22,-13,-21,-11,-24,-12,-24,-11,-22,-11,-23,-10,-20,-11,-22,-10,-22,-9,-23,-10,-21,-11,-21,-12,-21,-12,-20,-13,-19,-13,-18,-15,-17,-15,-15,-16,-14,-16,-10,-16,-8,-16,0,0,0,0,0,0]"
CSI_DATA,1867666,1a:00:00:00:00:00,-56,11,-95,4,43,6,1867666,47,0,128,0,"[0,0,0,0,0,0,0,0,-13,-20,-11,-21,-13,-21,-11,-22,-11,-23,-11,-26,-11,-27,-9,-24,-9,-25,-7,-25,-9,-25,-8,-26,-11,-24,-11,-24,-12,-24,-14,-23,-12,-22,-17,-22,-15,-19,-15,-20,-18,-20,-19,-21,-19,-19,-20,-20,-22,-19,-24,-17,-24,-17,-23,-16,0,0,-27,-16,-27,-14,-23,-12,-27,-13,-24,-10,-27,-11,-24,-11,-25,-10,-23,-8,-25,-5,-25,-3,-25,-3,-26,-1,-22,0,-25,2,-23,4,-24,3,-24,3,-26,3,-23,2,-25,2,-23,1,-23,2,-22,2,-22,1,-20,0,-18,-1,-19,-1,0,0,0,0,0,0]"
CSI_DATA,1873666,1a:00:00:00:00:00,-56,11,-95,4,43,6,1873666,47,0,128,0,"[0,0,0,0,0,0,0,0,-16,-17,-15,-18,-15,-19,-16,-21,-14,-22,-14,-22,-14,-23,-13,-24,-13,-24,-9,-25,-13,-24,-10,-24,-13,-24,-13,-24,-13,-23,-15,-23,-12,-22,-17,-22,-17,-20,-16,-19,-19,-20,-18,-19,-19,-19,-21,-19,-20,-18,-23,-18,-23,-19,-21,-18,0,0,-24,-18,-25,-20,-26,-17,-23,-15,-23,-14,-24,-14,-23,-14,-21,-13,-23,-13,-25,-10,-24,-9,-24,-7,-25,-7,-23,-6,-22,-3,-23,-4,-25,-3,-23,-5,-24,-4,-22,-5,-24,-5,-22,-4,-23,-6,-22,-5,-21,-7,-19,-8,-16,-7,-16,-8,0,0,0,0,0,0]"
CSI_DATA,1877666,1a:00:00:00:00:00,-56,11,-95,4,43,6,1877666,47,0,128,0,"[0,0,0,0,0,0,0,0,22,4,23,4,25,5,25,6,25,9,27,6,25,10,26,8,26,10,24,11,25,9,25,9,27,9,26,9,26,6,25,5,24,6,30,3,26,1,26,2,26,0,28,-1,27,-2,28,-3,29,-5,28,-5,28,-6,26,-6,0,0,29,-11,29,-10,27,-10,27,-11,25,-10,26,-12,24,-11,23,-11,22,-14,22,-18,21,-17,18,-16,18,-17,15,-16,16,-18,14,-19,15,-19,15,-20,15,-19,15,-19,14,-20,14,-17,14,-17,15,-18,14,-16,15,-16,14,-12,14,-12,0,0,0,0,0,0]"
CSI_DATA,1883666,1a:00:00:00:00:00,-56,11,-95,4,43,6,1883666,47,0,128,0,"[0,0,0,0,0,0,0,0,23,2,23,4,24,3,25,6,25,7,26,7,26,9,26,10,26,10,24,11,25,11,24,11,27,9,26,9,24,8,25,9,24,7,28,6,25,4,26,4,25,5,27,4,26,3,28,2,30,2,29,1,29,0,29,-2,0,0,32,-5,31,-1,29,-2,30,-4,26,-2,29,-4,26,-3,24,-4,25,-6,26,-10,25,-10,23,-8,24,-10,21,-9,20,-11,20,-12,21,-12,21,-12,22,-12,22,-11,22,-12,20,-9,21,-9,21,-9,21,-7,19,-6,18,-4,18,-4,0,0,0,0,0,0]"
CSI_DATA,1893666,1a:00:00:00:00:00,-56,11,-95,4,43,6,1893666,47,0,128,0,"[0,0,0,0,0,0,0,0,-15,17,-16,16,-18,16,-19,16,-20,15,-23,16,-22,14,-22,14,-25,13,-24,11,-24,13,-22,12,-24,14,-23,14,-22,15,-20,16,-19,14,-21,17,-20,16,-19,15,-20,17,-19,18,-19,20,-19,18,-20,22,-18,23,-18,24,-19,20,0,0,-17,27,-19,23,-18,23,-18,24,-14,22,-16,24,-13,22,-13,22,-12,22,-9,23,-10,25,-6,23,-7,24,-5,22,-7,23,-6,23,-6,23,-6,24,-5,24,-7,23,-6,23,-7,23,-6,22,-6,23,-8,21,-9,21,-10,15,-9,16,0,0,0,0,0,0]"
CSI_DATA,1899666,1a:00:00:00:00:00,-56,11,-95,4,43,6,1899666,47,0,128,0,"[0,0,0,0,0,0,0,0,-12,19,-12,19,-14,20,-16,19,-17,19,-19,20,-20,18,-21,18,-22,18,-23,15,-22,15,-21,14,-23,16,-22,16,-22,16,-20,18,-20,15,-22,17,-19,17,-19,16,-18,19,-21,19,-19,18,-18,20,-19,21,-18,22,-18,23,-22,20,0,0,-20,23,-19,24,-20,22,-20,22,-17,20,-19,22,-17,19,-15,18,-16,20,-15,21,-14,23,-12,22,-13,21,-10,21,-12,21,-11,22,-11,22,-12,23,-12,24,-12,21,-12,21,-14,18,-13,19,-13,18,-14,16,-15,16,-14,11,-15,12,0,0,0,0,0,0]"
CSI_DATA,1903666,1a:00:00:00:00:00,-56,11,-95,4,43,6,1903666,47,0,128,0,"[0,0,0,0,0,0,0,0,-2,-23,0,-22,2,-24,2,-25,3,-27,5,-28,6,-26,6,-25,8,-27,8,-24,8,-26,8,-25,6,-26,7,-26,6,-26,5,-26,3,-26,3,-27,3,-24,4,-25,1,-27,1,-27,-1,-27,0,-28,-1,-28,-3,-27,-1,-29,-2,-26,0,0,-5,-29,-2,-32,-5,-30,-4,-28,-4,-26,-8,-27,-6,-24,-6,-24,-6,-26,-10,-26,-11,-24,-11,-23,-12,-23,-12,-20,-11,-22,-11,-20,-14,-20,-12,-21,-14,-21,-10,-21,-12,-21,-10,-21,-10,-21,-9,-20,-7,-19,-6,-20,-6,-20,-4,-18,0,0,0,0,0,0]"
CSI_DATA,1909535,1a:00:00:00:00:00,-56,11,-95,4,43,6,1909535,47,0,128,0,"[0,0,0,0,0,0,0,0,21,12,19,13,19,15,19,16,20,20,20,21,19,22,16,21,15,23,13,21,15,22,13,23,16,23,15,23,15,22,17,21,16,21,18,21,16,19,16,18,17,21,18,20,18,20,18,21,20,20,22,19,22,21,21,19,0,0,23,20,23,20,20,19,22,20,20,19,20,21,19,19,19,17,20,17,21,16,22,14,21,13,22,14,21,12,22,12,20,13,23,11,21,12,21,13,20,14,19,14,19,14,19,14,18,14,16,15,15,15,12,15,12,14,0,0,0,0,0,0]"
CSI_DATA,1913666,1a:00:00:00:00:00,-56,11,-95,4,43,6,1913666,47,0,128,0,"[0,0,0,0,0,0,0,0,19,12,19,13,21,13,20,16,19,19,20,19,20,20,18,20,18,22,15,21,18,20,16,20,17,21,18,21,18,21,19,20,18,20,22,18,20,17,19,17,22,16,22,17,22,17,22,17,25,16,26,16,28,14,24,15,0,0,26,14,27,14,26,13,25,13,24,10,26,12,24,11,24,11,23,10,24,8,25,5,24,5,26,5,24,5,24,4,24,3,24,1,25,3,24,2,23,4,24,5,22,5,23,5,23,6,22,7,21,7,16,9,17,8,0,0,0,0,0,0]"
CSI_DATA,1919666,1a:00:00:00:00:00,-56,11,-95,4,43,6,1919666,47,0,128,0,"[0,0,0,0,0,0,0,0,21,10,19,12,21,13,20,14,21,18,21,18,19,20,17,19,18,22,14,20,16,21,15,22,16,22,16,22,16,21,17,21,16,20,19,21,16,19,16,19,18,19,20,19,18,20,19,20,22,22,21,21,23,20,19,20,0,0,23,22,23,21,22,21,23,19,20,19,23,20,20,18,20,17,18,16,22,15,22,15,20,13,21,13,20,12,21,12,20,12,22,11,20,12,21,12,18,14,20,14,18,15,18,16,17,16,15,16,14,17,11,16,10,16,0,0,0,0,0,0]"
CSI_DATA,1925666,1a:00:00:00:00:00,-56,11,-95,4,43,6,1925666,47,0,128,0,"[0,0,0,0,0,0,0,0,22,5,22,6,23,8,24,9,24,12,24,15,22,16,20,15,22,18,19,18,20,17,19,19,17,20,18,20,19,18,19,18,18,18,20,20,18,18,17,18,19,19,20,19,19,18,20,19,22,18,21,21,22,23,21,20,0,0,20,22,20,20,20,20,21,21,18,20,19,21,19,19,18,20,17,17,18,18,19,19,18,16,20,17,19,15,18,16,17,16,19,18,18,16,19,17,17,18,18,17,15,19,15,19,12,18,11,20,9,19,5,19,4,20,0,0,0,0,0,0]"
CSI_DATA,1929666,1a:00:00:00:00:00,-56,11,-95,4,43,6,1929666,47,0,128,0,"[0,0,0,0,0,0,0,0,-21,8,-21,7,-23,7,-26,6,-25,5,-27,4,-26,1,-28,1,-28,1,-26,-1,-27,0,-25,-3,-26,-2,-28,-4,-27,-2,-26,-3,-26,-3,-28,0,-28,0,-25,0,-26,0,-27,1,-25,3,-28,3,-29,2,-29,2,-30,1,-31,1,0,0,-31,5,-29,2,-30,1,-29,3,-27,1,-28,5,-26,3,-25,4,-25,4,-27,6,-26,6,-24,5,-24,5,-23,7,-23,7,-24,7,-23,8,-24,6,-23,8,-23,6,-23,7,-23,3,-22,3,-22,0,-22,0,-21,0,-18,-3,-19,-4,0,0,0,0,0,0]"
CSI_DATA,1935666,1a:00:00:00:00:00,-56,11,-95,4,43,6,1935666,47,0,128,0,"[0,0,0,0,0,0,0,0,-19,13,-20,10,-22,11,-23,10,-25,7,-27,7,-27,4,-27,4,-28,4,-26,2,-26,0,-26,-1,-26,0,-28,-1,-26,-1,-27,0,-25,0,-29,0,-26,0,-25,0,-26,1,-26,0,-27,2,-27,1,-29,1,-29,0,-30,-1,-27,-1,0,0,-29,0,-31,-2,-30,-2,-30,-1,-26,-4,-29,-2,-26,-2,-24,-1,-25,-1,-27,2,-27,0,-23,-1,-25,0,-23,1,-24,-1,-23,1,-24,0,-26,-1,-25,1,-23,-2,-25,-1,-23,-4,-22,-5,-21,-7,-19,-8,-19,-8,-16,-10,-16,-11,0,0,0,0,0,0]"
CSI_DATA,1937666,1a:00:00:00:00:00,-56,11,-95,4,43,6,1937666,47,0,128,0,"[0,0,0,0,0,0,0,0,4,23,2,22,2,25,2,27,0,26,1,29,-1,26,-2,26,-1,28,-3,25,-3,27,-4,26,-3,27,-2,27,-2,25,-1,27,1,27,2,28,2,26,2,25,4,26,7,25,7,27,8,26,9,27,10,28,10,27,8,28,0,0,13,28,12,29,11,27,14,27,13,24,15,25,14,22,14,21,15,21,15,21,16,21,16,19,17,19,19,17,18,16,19,16,19,15,18,14,20,14,18,14,19,14,18,15,18,15,16,15,13,16,13,16,11,14,11,16,0,0,0,0,0,0]"
CSI_DATA,1939666,1a:00:00:00:00:00,-56,11,-95,4,43,6,1939666,47,0,128,0,"[0,0,0,0,0,0,0,0,5,-23,7,-21,8,-23,11,-25,11,-23,14,-25,15,-22,17,-23,16,-23,18,-20,18,-20,17,-18,19,-19,20,-20,18,-18,17,-19,16,-21,16,-22,16,-21,15,-19,17,-21,13,-22,13,-23,14,-23,14,-24,16,-23,17,-24,17,-24,0,0,17,-28,16,-24,15,-25,16,-23,16,-25,15,-24,13,-23,13,-21,12,-22,11,-24,14,-22,10,-22,12,-23,9,-21,10,-21,10,-24,9,-22,11,-24,9,-23,10,-20,10,-22,11,-20,12,-19,13,-17,14,-16,15,-16,13,-12,14,-12,0,0,0,0,0,0]"
CSI_DATA,1945666,1a:00:00:00:00:00,-56,11,-95,4,43,6,1945666,47,0,128,0,"[0,0,0,0,0,0,0,0,2,-22,5,-22,7,-23,8,-25,10,-24,14,-26,13,-22,15,-21,16,-23,17,-20,18,-22,17,-18,19,-20,20,-19,18,-19,19,-19,18,-18,20,-21,18,-19,17,-18,18,-20,18,-20,17,-20,18,-21,19,-21,18,-21,22,-23,21,-21,0,0,22,-24,22,-20,22,-20,22,-20,19,-18,19,-20,18,-17,18,-14,18,-18,19,-18,18,-19,16,-17,19,-19,15,-18,16,-17,18,-19,15,-18,19,-18,18,-18,17,-14,19,-17,19,-15,18,-12,19,-10,21,-8,19,-7,18,-4,18,-3,0,0,0,0,0,0]"
CSI_DATA,1951666,1a:00:00:00:00:00,-56,11,-95,4,43,6,1951666,47,0,128,0,"[0,0,0,0,0,0,0,0,23,-1,23,1,25,0,26,0,25,0,28,2,27,2,27,4,28,3,26,3,26,2,26,4,28,3,28,2,26,1,27,-1,25,-2,29,-4,26,-5,26,-5,26,-7,25,-9,24,-9,25,-12,26,-12,26,-11,26,-11,28,-12,0,0,25,-15,25,-16,25,-15,24,-19,20,-16,22,-19,18,-18,18,-18,17,-18,16,-21,16,-22,13,-21,13,-21,11,-21,12,-22,9,-22,9,-22,9,-22,8,-24,8,-21,9,-25,8,-21,10,-21,9,-20,11,-20,9,-19,10,-15,10,-15,0,0,0,0,0,0]"
CSI_DATA,1955666,1a:00:00:00:00:00,-56,11,-95,4,43,6,1955666,47,0,128,0,"[0,0,0,0,0,0,0,0,14,19,12,19,12,21,10,23,9,24,8,27,5,26,4,27,4,27,-1,25,2,27,0,27,-1,27,-2,26,-1,26,1,26,-1,26,1,28,1,26,0,26,0,27,1,27,1,27,0,27,0,28,1,28,0,31,-2,30,0,0,-1,28,-3,30,-2,28,-2,29,-3,27,-2,29,-3,26,-3,25,-3,27,-2,26,-1,26,0,25,-1,25,0,25,-2,24,-1,25,0,24,-1,24,-3,25,-4,23,-4,24,-5,22,-7,21,-8,22,-10,20,-10,17,-11,15,-10,16,0,0,0,0,0,0]"
CSI_DATA,1959666,1a:00:00:00:00:00,-56,11,-95,4,43,6,1959666,47,0,128,0,"[0,0,0,0,0,0,0,0,-23,-6,-21,-8,-23,-9,-23,-12,-23,-13,-24,-14,-22,-16,-21,-16,-21,-17,-19,-18,-21,-19,-16,-19,-18,-19,-18,-20,-17,-19,-19,-19,-19,-19,-22,-18,-21,-18,-19,-16,-21,-18,-21,-17,-21,-16,-22,-17,-22,-17,-23,-18,-24,-19,-22,-20,0,0,-25,-19,-23,-19,-25,-18,-21,-19,-21,-17,-22,-17,-21,-17,-19,-16,-21,-15,-21,-14,-21,-14,-21,-14,-20,-15,-20,-13,-20,-11,-20,-12,-21,-12,-20,-13,-21,-13,-19,-13,-20,-14,-18,-15,-17,-16,-15,-15,-14,-16,-12,-18,-10,-16,-10,-17,0,0,0,0,0,0]"
CSI_DATA,1969909,1a:00:00:00:00:00,-56,11,-95,4,43,6,1969909,47,0,128,0,"[0,0,0,0,0,0,0,0,17,-15,18,-14,21,-14,21,-15,24,-11,26,-11,25,-9,27,-8,26,-9,26,-6,26,-6,26,-4,27,-5,27,-4,26,-4,25,-5,25,-4,28,-6,26,-5,24,-5,26,-7,26,-6,26,-7,26,-7,29,-8,26,-6,29,-6,27,-7,0,0,31,-9,29,-6,29,-5,29,-6,25,-4,26,-7,26,-6,24,-6,26,-6,27,-9,25,-7,23,-7,24,-6,21,-7,24,-8,24,-7,24,-8,23,-7,23,-9,23,-5,23,-7,22,-3,24,-2,22,0,22,1,20,2,18,4,18,5,0,0,0,0,0,0]"
CSI_DATA,1975667,1a:00:00:00:00:00,-56,11,-95,4,43,6,1975667,47,0,128,0,"[0,0,0,0,0,0,0,0,18,-16,18,-14,20,-14,22,-14,22,-11,25,-12,25,-9,25,-8,27,-6,26,-4,27,-3,25,-1,27,-3,27,-2,26,-2,27,-3,26,-1,29,-3,25,-4,25,-2,27,-1,26,-2,27,-1,27,-1,28,0,28,-2,31,0,28,0,0,0,34,0,28,1,28,2,29,1,27,2,30,2,25,2,26,4,25,3,28,1,27,0,24,1,25,0,23,0,25,0,24,1,24,0,25,2,23,3,23,5,24,5,22,6,22,7,21,8,20,10,19,9,15,11,15,11,0,0,0,0,0,0]"
CSI_DATA,1979667,1a:00:00:00:00:00,-56,11,-95,4,43,6,1979667,47,0,128,0,"[0,0,0,0,0,0,0,0,-1,23,-3,21,-3,24,-6,26,-8,25,-7,27,-10,26,-11,24,-13,24,-15,21,-14,23,-16,21,-16,23,-16,22,-14,22,-14,23,-14,22,-14,25,-13,23,-12,21,-14,23,-13,23,-13,23,-13,26,-15,24,-14,25,-15,26,-15,26,0,0,-15,28,-15,25,-15,26,-16,26,-14,23,-13,24,-13,23,-12,21,-13,23,-11,24,-11,24,-10,22,-11,24,-9,21,-10,23,-9,21,-9,23,-11,23,-10,22,-12,20,-12,20,-13,18,-13,17,-13,18,-16,17,-16,15,-14,11,-16,11,0,0,0,0,0,0]"
CSI_DATA,1985667,1a:00:00:00:00:00,-56,11,-95,4,43,6,1985667,47,0,128,0,"[0,0,0,0,0,0,0,0,6,23,4,23,4,25,2,26,-1,26,-1,27,-3,26,-5,26,-7,27,-8,24,-9,26,-12,23,-11,25,-13,24,-10,23,-11,24,-10,23,-10,27,-10,23,-10,24,-9,24,-10,25,-11,24,-11,24,-13,25,-12,26,-13,27,-13,24,0,0,-16,26,-16,27,-14,24,-16,26,-15,21,-16,23,-15,21,-14,21,-13,21,-14,23,-13,22,-13,20,-12,21,-12,19,-11,22,-12,21,-12,22,-15,20,-15,21,-16,18,-17,17,-15,16,-16,15,-17,13,-19,11,-19,10,-17,7,-18,7,0,0,0,0,0,0]"
CSI_DATA,1995667,1a:00:00:00:00:00,-56,11,-95,4,43,6,1995667,47,0,128,0,"[0,0,0,0,0,0,0,0,-21,-12,-19,-14,-18,-16,-17,-17,-17,-21,-18,-22,-15,-23,-12,-22,-11,-25,-8,-25,-10,-25,-6,-25,-8,-25,-7,-26,-7,-26,-9,-26,-7,-25,-10,-27,-8,-24,-6,-25,-8,-25,-7,-26,-6,-26,-6,-26,-6,-28,-7,-27,-6,-28,-5,-28,0,0,-3,-32,-4,-29,-5,-28,-3,-29,-3,-26,-1,-28,-2,-25,-1,-25,1,-25,-1,-26,-2,-25,-3,-25,-4,-25,-3,-23,-3,-24,-3,-22,-4,-24,-1,-23,0,-24,2,-23,3,-25,4,-22,5,-23,5,-21,6,-21,10,-20,9,-17,9,-16,0,0,0,0,0,0]"
CSI_DATA,2001667,1a:00:00:00:00:00,-56,11,-95,4,43,6,2001667,47,0,128,0,"[0,0,0,0,0,0,0,0,4,-23,5,-22,6,-24,7,-24,8,-26,9,-27,10,-26,11,-23,13,-26,14,-22,13,-24,13,-23,12,-24,11,-24,10,-25,9,-26,8,-25,7,-28,6,-24,5,-24,4,-26,4,-29,3,-26,2,-27,1,-29,-1,-27,0,-30,-2,-30,0,0,-3,-31,-4,-31,-4,-28,-4,-30,-5,-27,-4,-29,-5,-26,-6,-25,-6,-25,-8,-25,-11,-23,-12,-21,-12,-22,-13,-20,-13,-21,-12,-19,-16,-20,-13,-20,-14,-20,-12,-19,-13,-21,-12,-21,-13,-19,-13,-19,-11,-20,-11,-19,-7,-18,-7,-17,0,0,0,0,0,0]"
CSI_DATA,2005667,1a:00:00:00:00:00,-56,11,-95,4,43,6,2005667,47,0,128,0,"[0,0,0,0,0,0,0,0,24,-7,22,-4,25,-5,25,-3,26,0,28,1,27,4,26,5,27,7,23,9,26,9,24,11,25,11,24,13,25,12,25,11,24,12,25,11,24,10,22,10,24,12,24,12,24,13,25,13,25,14,27,13,28,14,26,17,0,0,29,17,26,17,24,16,25,16,21,17,21,19,22,16,19,18,20,15,20,15,21,15,19,15,21,16,18,14,19,14,19,13,19,15,19,16,18,17,16,17,16,19,14,18,13,20,14,19,11,20,9,20,4,18,4,19,0,0,0,0,0,0]"
CSI_DATA,2011667,1a:00:00:00:00:00,-56,11,-95,4,43,6,2011667,47,0,128,0,"[0,0,0,0,0,0,0,0,14,20,13,19,13,21,12,22,11,24,11,24,11,27,10,25,9,26,6,25,8,25,7,25,9,25,10,26,11,25,12,25,12,23,15,24,14,21,14,21,16,22,16,22,16,21,18,21,20,21,20,20,20,21,21,18,0,0,23,19,22,20,22,16,23,18,20,17,23,16,22,16,20,14,22,13,24,11,24,9,23,9,24,7,22,7,24,5,22,4,25,4,25,5,24,5,23,5,24,6,23,6,23,7,21,6,20,7,19,7,17,8,17,8,0,0,0,0,0,0]"
CSI_DATA,2013667,1a:00:00:00:00:00,-56,11,-95,4,43,6,2013667,47,0,128,0,"[0,0,0,0,0,0,0,0,-6,-22,-4,-23,-2,-25,-1,-25,1,-26,0,-28,2,-27,5,-26,5,-27,6,-25,6,-27,6,-26,7,-25,7,-26,5,-25,6,-26,5,-24,5,-28,4,-26,5,-25,3,-27,3,-27,2,-26,3,-27,4,-28,2,-27,3,-27,4,-27,0,0,2,-30,4,-31,2,-28,4,-29,3,-27,1,-26,3,-25,2,-25,2,-25,-1,-26,-1,-27,-2,-25,-3,-24,-2,-23,-2,-23,-3,-24,-1,-24,-3,-24,-2,-24,-1,-24,0,-25,1,-24,0,-23,1,-23,5,-21,5,-20,7,-17,7,-17,0,0,0,0,0,0]"
CSI_DATA,2015667,1a:00:00:00:00:00,-56,11,-95,4,43,6,2015667,47,0,128,0,"[0,0,0,0,0,0,0,0,-8,22,-12,19,-13,22,-16,20,-18,19,-20,21,-21,17,-21,16,-23,16,-23,12,-24,14,-23,9,-24,13,-26,11,-25,10,-24,10,-24,10,-26,13,-23,10,-22,10,-25,9,-26,10,-25,9,-25,9,-27,10,-28,10,-27,11,-26,7,0,0,-30,11,-29,7,-28,6,-28,7,-26,3,-27,4,-25,2,-25,2,-25,2,-27,5,-25,5,-23,5,-25,3,-22,4,-24,4,-23,4,-24,4,-24,2,-24,2,-23,0,-24,-2,-23,-2,-22,-3,-22,-5,-21,-7,-19,-7,-15,-9,-16,-9,0,0,0,0,0,0]"
CSI_DATA,2021667,1a:00:00:00:00:00,-56,11,-95,4,43,6,2021667,47,0,128,0,"[0,0,0,0,0,0,0,0,-23,-1,-23,-3,-24,-3,-25,-5,-26,-6,-27,-7,-25,-9,-24,-10,-27,-9,-23,-11,-25,-10,-24,-11,-26,-9,-26,-8,-25,-8,-26,-7,-24,-6,-28,-4,-25,-4,-25,-4,-25,-3,-26,-2,-27,-2,-28,-2,-28,1,-28,3,-30,3,-29,3,0,0,-30,5,-30,3,-29,4,-30,5,-25,4,-28,6,-25,6,-25,5,-25,8,-24,10,-22,13,-21,11,-21,10,-20,13,-20,14,-19,14,-20,15,-19,14,-21,14,-19,14,-20,14,-20,13,-19,12,-18,12,-20,12,-19,9,-18,6,-18,7,0,0,0,0,0,0]"
CSI_DATA,2025667,1a:00:00:00:00:00,-56,11,-95,4,43,6,2025667,47,0,128,0,"[0,0,0,0,0,0,0,0,-12,-19,-9,-20,-9,-24,-7,-25,-5,-26,-4,-27,-1,-27,1,-26,2,-28,6,-26,6,-29,6,-25,6,-27,6,-27,7,-25,6,-26,7,-25,7,-26,8,-24,8,-23,8,-25,10,-25,9,-24,9,-26,10,-28,8,-26,10,-27,13,-27,0,0,12,-26,14,-26,13,-25,14,-26,12,-24,15,-25,14,-23,15,-21,14,-20,12,-25,12,-23,11,-22,11,-22,11,-19,13,-21,12,-20,13,-22,15,-19,16,-20,17,-18,18,-17,16,-15,17,-14,18,-13,18,-12,19,-9,17,-6,18,-6,0,0,0,0,0,0]"
CSI_DATA,2031667,1a:00:00:00:00:00,-56,11,-95,4,43,6,2031667,47,0,128,0,"[0,0,0,0,0,0,0,0,18,-14,20,-13,22,-13,23,-11,24,-10,24,-11,26,-9,26,-8,27,-8,27,-6,26,-7,25,-8,26,-10,26,-10,24,-12,25,-11,24,-11,26,-13,23,-13,23,-12,22,-14,22,-15,22,-17,22,-16,22,-18,21,-18,21,-21,23,-19,0,0,21,-23,21,-20,20,-19,21,-21,18,-19,18,-22,16,-19,15,-19,15,-21,13,-25,12,-24,10,-23,9,-23,8,-22,9,-23,8,-23,7,-22,7,-23,9,-23,8,-22,9,-23,8,-21,8,-21,8,-21,8,-20,9,-18,10,-15,11,-15,0,0,0,0,0,0]"
CSI_DATA,2033667,1a:00:00:00:00:00,-56,11,-95,4,43,6,2033667,47,0,128,0,"[0,0,0,0,0,0,0,0,-23,5,-23,3,-24,3,-25,0,-27,-1,-27,-3,-27,-5,-26,-5,-27,-6,-26,-7,-27,-8,-26,-8,-27,-7,-27,-8,-25,-7,-25,-7,-24,-8,-27,-7,-25,-6,-25,-6,-25,-6,-27,-7,-26,-6,-27,-7,-29,-5,-29,-4,-29,-5,-27,-6,0,0,-30,-5,-29,-7,-29,-7,-29,-5,-26,-6,-28,-5,-26,-6,-24,-4,-25,-6,-27,-1,-26,-3,-24,-1,-25,-1,-23,-1,-24,-2,-24,0,-24,0,-24,-1,-25,-1,-24,-2,-24,-3,-22,-4,-21,-5,-22,-5,-21,-7,-19,-7,-16,-10,-16,-10,0,0,0,0,0,0]"
CSI_DATA,2037667,1a:00:00:00:00:00,-56,11,-95,4,43,6,2037667,47,0,128,0,"[0,0,0,0,0,0,0,0,14,-19,15,-17,17,-19,19,-18,22,-17,22,-17,22,-15,23,-13,26,-15,24,-12,24,-12,24,-13,25,-13,24,-14,22,-13,21,-15,22,-14,24,-17,21,-15,21,-14,21,-16,21,-17,22,-17,21,-17,22,-20,20,-21,20,-20,21,-19,0,0,21,-24,23,-19,22,-20,20,-21,19,-19,19,-20,19,-19,17,-18,17,-20,15,-23,15,-24,12,-21,13,-21,12,-19,13,-22,10,-22,12,-21,12,-22,11,-22,12,-20,14,-22,13,-19,13,-20,14,-18,15,-17,15,-15,14,-11,14,-12,0,0,0,0,0,0]"
CSI_DATA,2041667,1a:00:00:00:00:00,-56,11,-95,4,43,6,2041667,47,0,128,0,"[0,0,0,0,0,0,0,0,0,25,-1,24,-2,25,-5,25,-5,26,-4,29,-6,27,-8,27,-9,27,-7,24,-8,25,-8,26,-8,26,-8,26,-6,26,-5,27,-4,24,-4,28,-3,25,-3,25,-1,26,-2,28,1,27,1,26,1,30,1,30,3,32,3,29,0,0,5,30,5,29,6,28,6,29,7,27,7,29,7,26,7,25,7,24,9,23,10,24,11,22,11,22,12,20,12,21,13,19,14,21,14,20,14,21,13,20,13,20,12,19,12,20,11,20,9,19,8,19,5,18,7,18,0,0,0,0,0,0]"
CSI_DATA,2047667,1a:00:00:00:00:00,-56,11,-95,4,43,6,2047667,47,0,128,0,"[0,0,0,0,0,0,0,0,7,23,5,23,5,25,3,24,1,28,0,28,-2,28,-3,27,-3,28,-5,26,-5,27,-4,26,-5,28,-5,28,-3,27,-1,27,-2,24,-1,28,-1,25,-2,25,-1,26,0,27,2,28,2,27,2,30,4,29,3,29,4,29,0,0,3,31,2,30,3,28,3,29,3,27,4,28,4,26,5,25,2,25,7,25,8,26,7,23,9,23,9,21,8,24,8,22,10,22,8,22,9,23,8,23,8,24,7,23,7,23,5,23,3,21,2,20,0,19,0,19,0,0,0,0,0,0]"
CSI_DATA,2051667,1a:00:00:00:00:00,-56,11,-95,4,43,6,2051667,47,0,128,0,"[0,0,0,0,0,0,0,0,-17,-15,-15,-16,-16,-19,-17,-18,-17,-21,-17,-22,-15,-23,-14,-22,-15,-24,-14,-23,-13,-23,-12,-22,-14,-22,-14,-22,-14,-22,-17,-22,-15,-20,-18,-22,-17,-18,-17,-20,-17,-19,-19,-19,-20,-17,-21,-18,-24,-19,-23,-18,-24,-19,-24,-16,0,0,-27,-16,-25,-18,-23,-16,-24,-16,-22,-13,-25,-14,-22,-13,-21,-12,-24,-10,-27,-8,-25,-7,-23,-7,-25,-7,-22,-4,-23,-5,-22,-5,-24,-4,-23,-5,-25,-3,-23,-5,-23,-3,-22,-6,-22,-6,-21,-6,-20,-7,-19,-7,-17,-9,-16,-10,0,0,0,0,0,0]"
CSI_DATA,2055667,1a:00:00:00:00:00,-56,11,-95,4,43,6,2055667,47,0,128,0,"[0,0,0,0,0,0,0,0,24,-1,22,0,25,1,25,1,26,3,27,3,27,5,26,5,28,4,26,6,27,5,25,5,27,3,28,4,25,3,26,1,24,1,30,-1,25,-2,26,-3,26,-4,27,-5,26,-6,26,-7,28,-9,27,-9,28,-11,26,-9,0,0,28,-13,28,-13,26,-13,26,-14,23,-13,23,-14,22,-14,21,-15,19,-15,18,-18,19,-19,16,-18,17,-19,15,-18,16,-19,13,-21,12,-21,13,-22,13,-23,13,-20,13,-22,14,-19,13,-19,13,-19,13,-17,13,-15,13,-13,14,-12,0,0,0,0,0,0]"
CSI_DATA,2061667,1a:00:00:00:00:00,-56,11,-95,4,43,6,2061667,47,0,128,0,"[0,0,0,0,0,0,0,0,24,-3,22,0,23,0,25,-1,26,2,27,4,27,4,27,5,28,5,26,6,27,5,26,7,27,5,28,7,26,5,26,5,26,3,29,2,26,0,25,1,27,-1,26,-1,27,-3,28,-4,29,-3,28,-3,29,-2,31,-4,0,0,30,-6,30,-6,28,-7,28,-7,27,-6,28,-8,25,-8,25,-7,23,-10,24,-10,24,-12,22,-10,23,-11,19,-13,20,-13,20,-13,19,-15,20,-14,20,-15,19,-14,19,-14,20,-13,20,-12,20,-10,19,-10,21,-7,18,-5,18,-5,0,0,0,0,0,0]"
CSI_DATA,2074350,1a:00:00:00:00:00,-56,11,-95,4,43,6,2074350,47,0,128,0,"[0,0,0,0,0,0,0,0,-11,21,-12,18,-14,21,-16,21,-18,18,-20,19,-22,17,-22,16,-24,16,-24,12,-24,13,-23,11,-24,13,-24,13,-24,12,-24,12,-23,10,-25,13,-23,12,-23,9,-24,11,-24,11,-23,12,-24,11,-27,14,-25,11,-26,12,-27,12,0,0,-28,12,-28,11,-27,9,-29,9,-24,8,-27,8,-25,8,-25,6,-24,7,-23,13,-24,9,-21,10,-24,7,-21,8,-23,8,-22,7,-24,9,-23,8,-25,6,-23,5,-23,5,-22,2,-22,2,-23,0,-21,-1,-22,-3,-18,-6,-17,-5,0,0,0,0,0,0]"
CSI_DATA,2077667,1a:00:00:00:00:00,-56,11,-95,4,43,6,2077667,47,0,128,0,"[0,0,0,0,0,0,0,0,-12,20,-13,17,-16,20,-18,19,-18,18,-20,21,-19,17,-22,17,-22,17,-22,14,-22,15,-22,14,-23,14,-25,14,-21,13,-23,15,-21,16,-21,18,-22,17,-20,14,-20,16,-20,17,-19,19,-20,19,-22,20,-20,19,-22,20,-23,20,0,0,-22,21,-22,21,-22,20,-21,19,-19,18,-19,19,-18,18,-16,18,-18,19,-16,22,-18,21,-15,19,-15,20,-13,19,-14,20,-14,20,-12,20,-13,20,-14,20,-14,18,-14,19,-15,17,-15,16,-16,15,-18,13,-18,13,-15,9,-17,10,0,0,0,0,0,0]"
CSI_DATA,2083667,1a:00:00:00:00:00,-56,11,-95,4,43,6,2083667,47,0,128,0,"[0,0,0,0,0,0,0,0,-9,21,-10,20,-12,23,-13,23,-15,21,-17,22,-19,19,-20,17,-21,18,-21,15,-21,18,-21,15,-23,15,-23,16,-21,14,-22,15,-21,15,-23,18,-21,16,-20,15,-21,16,-19,17,-20,16,-21,16,-23,16,-22,18,-23,18,-22,18,0,0,-27,17,-24,17,-23,17,-23,18,-22,14,-23,17,-22,14,-21,14,-22,15,-21,18,-20,16,-18,15,-20,15,-18,15,-17,17,-18,17,-18,16,-20,15,-20,16,-18,13,-21,14,-19,11,-19,11,-20,9,-22,7,-21,6,-17,3,-20,3,0,0,0,0,0,0]"
CSI_DATA,2087667,1a:00:00:00:00:00,-56,11,-95,4,43,6,2087667,47,0,128,0,"[0,0,0,0,0,0,0,0,-5,-23,-3,-22,-1,-25,-1,-26,1,-25,2,-29,4,-27,6,-27,6,-27,9,-25,9,-26,9,-24,9,-26,8,-26,7,-25,7,-25,6,-25,5,-26,6,-26,5,-24,5,-27,4,-26,5,-26,4,-27,4,-29,2,-29,3,-29,6,-29,0,0,4,-31,3,-29,3,-30,6,-28,3,-27,3,-28,3,-26,3,-26,2,-25,1,-24,1,-25,-1,-24,-1,-24,-2,-23,-2,-23,-2,-23,-3,-24,-2,-24,-2,-24,-1,-23,0,-25,1,-22,2,-23,4,-21,5,-21,5,-21,7,-17,6,-17,0,0,0,0,0,0]"
CSI_DATA,2097667,1a:00:00:00:00:00,-56,11,-95,4,43,6,2097667,47,0,128,0,"[0,0,0,0,0,0,0,0,20,10,19,12,21,13,21,15,20,17,22,17,19,19,19,18,19,20,14,21,17,21,14,22,17,22,16,22,15,22,17,22,17,22,19,19,18,19,15,17,19,20,19,20,19,20,19,19,20,20,21,19,21,22,20,22,0,0,22,22,22,21,20,19,22,20,19,18,20,20,19,19,18,17,20,17,22,17,21,15,20,13,21,15,20,13,19,12,20,13,20,13,19,14,19,13,18,14,19,15,18,16,16,17,15,16,14,17,13,18,8,15,9,17,0,0,0,0,0,0]"
CSI_DATA,2103667,1a:00:00:00:00:00,-56,11,-95,4,43,6,2103667,47,0,128,0,"[0,0,0,0,0,0,0,0,23,7,21,8,23,10,22,12,22,13,24,15,21,17,19,18,19,19,15,20,17,19,14,22,16,21,17,22,16,22,17,21,16,20,18,21,17,20,15,19,16,21,18,21,16,20,17,21,18,22,19,23,19,23,15,23,0,0,19,26,17,24,16,24,17,23,15,21,17,23,14,22,15,21,13,22,16,21,15,19,16,20,15,19,15,18,15,18,16,18,16,19,15,20,14,20,12,20,12,20,11,19,9,21,7,22,6,21,4,19,2,17,2,18,0,0,0,0,0,0]"
CSI_DATA,2107667,1a:00:00:00:00:00,-56,11,-95,4,43,6,2107667,47,0,128,0,"[0,0,0,0,0,0,0,0,-22,9,-22,7,-24,8,-26,6,-25,3,-28,5,-27,3,-27,0,-28,0,-26,-3,-27,-3,-25,-6,-26,-3,-26,-3,-26,-2,-26,-3,-25,-3,-28,0,-25,-1,-25,-1,-25,-1,-26,-1,-27,-1,-27,0,-28,1,-28,2,-29,0,-28,2,0,0,-32,3,-27,0,-28,0,-30,2,-26,0,-26,0,-26,0,-24,-1,-25,2,-26,4,-26,4,-23,3,-24,4,-22,4,-24,5,-22,5,-23,6,-25,3,-23,3,-23,3,-25,2,-23,0,-23,0,-22,-1,-22,-2,-22,-3,-17,-5,-18,-5,0,0,0,0,0,0]"
CSI_DATA,2114005,1a:00:00:00:00:00,-56,11,-95,4,43,6,2114005,47,0,128,0,"[0,0,0,0,0,0,0,0,-23,-7,-21,-9,-21,-11,-22,-13,-21,-14,-22,-16,-20,-19,-18,-18,-18,-22,-13,-21,-14,-22,-13,-22,-14,-23,-14,-23,-13,-23,-15,-23,-12,-22,-16,-23,-14,-21,-13,-21,-14,-22,-14,-22,-14,-23,-14,-24,-13,-25,-14,-24,-14,-25,-13,-27,0,0,-14,-25,-12,-26,-12,-26,-12,-27,-11,-24,-10,-26,-10,-24,-9,-24,-8,-22,-9,-24,-11,-24,-10,-22,-10,-23,-11,-21,-9,-21,-11,-22,-11,-23,-8,-23,-8,-23,-6,-22,-6,-23,-6,-21,-3,-23,-3,-22,-1,-22,2,-20,4,-20,5,-18,0,0,0,0,0,0]"
CSI_DATA,2114157,1a:00:00:00:00:00,-56,11,-95,4,43,6,2114157,47,0,128,0,"[0,0,0,0,0,0,0,0,-23,8,-22,5,-22,4,-24,4,-26,0,-28,0,-27,-4,-26,-3,-27,-4,-25,-5,-26,-7,-24,-9,-25,-10,-25,-10,-23,-9,-24,-9,-22,-10,-26,-9,-24,-10,-23,-9,-23,-9,-25,-11,-25,-9,-24,-10,-27,-11,-27,-14,-26,-13,-25,-12,0,0,-26,-14,-26,-15,-24,-15,-25,-15,-21,-15,-24,-14,-22,-13,-21,-13,-20,-13,-25,-14,-22,-13,-21,-13,-20,-12,-18,-10,-20,-13,-21,-12,-21,-12,-20,-12,-20,-14,-18,-14,-20,-15,-15,-17,-16,-17,-13,-16,-12,-18,-10,-18,-6,-17,-5,-19,0,0,0,0,0,0]"
CSI_DATA,2117667,1a:00:00:00:00:00,-56,11,-95,4,43,6,2117667,47,0,128,0,"[0,0,0,0,0,0,0,0,6,-22,7,-21,8,-23,10,-24,10,-23,13,-23,14,-23,16,-20,18,-22,19,-17,18,-19,18,-18,19,-19,19,-19,18,-19,18,-21,17,-19,18,-22,16,-19,16,-19,16,-20,17,-21,16,-20,16,-21,18,-22,16,-23,17,-22,20,-23,0,0,18,-22,16,-23,17,-24,18,-23,17,-20,17,-23,16,-20,17,-19,14,-20,16,-21,13,-23,12,-21,12,-23,10,-21,11,-23,11,-21,11,-21,13,-21,14,-21,13,-19,13,-19,14,-18,15,-18,15,-16,16,-15,18,-14,14,-9,15,-9,0,0,0,0,0,0]"
CSI_DATA,2123667,1a:00:00:00:00:00,-57,11,-95,4,43,6,2123667,47,0,128,0,"[0,0,0,0,0,0,0,0,0,-23,1,-21,2,-26,5,-24,7,-25,8,-25,9,-26,12,-23,14,-24,17,-20,16,-22,17,-20,15,-22,18,-22,15,-20,14,-23,15,-20,16,-22,13,-21,15,-20,15,-20,17,-21,17,-19,17,-20,18,-23,16,-22,17,-22,18,-22,0,0,20,-23,21,-22,18,-20,19,-23,18,-17,20,-20,19,-17,18,-15,18,-18,19,-21,16,-21,15,-18,16,-20,15,-17,15,-19,15,-18,16,-19,16,-17,18,-17,19,-13,19,-14,18,-14,19,-11,19,-12,20,-9,20,-7,18,-4,17,-5,0,0,0,0,0,0]"
CSI_DATA,2129667,1a:00:00:00:00:00,-57,11,-95,4,43,6,2129667,47,0,128,0,"[0,0,0,0,0,0,0,0,22,-9,22,-9,23,-8,24,-9,25,-7,25,-9,26,-6,27,-5,29,-7,26,-3,27,-5,24,-4,26,-7,26,-7,25,-7,25,-9,23,-9,25,-12,23,-11,23,-13,23,-14,23,-15,21,-14,22,-17,21,-16,21,-19,21,-21,22,-19,0,0,20,-24,19,-22,18,-22,17,-22,15,-22,16,-24,13,-21,12,-21,12,-22,11,-25,9,-26,7,-24,7,-23,5,-21,4,-25,4,-23,4,-23,3,-24,3,-25,3,-23,4,-23,4,-21,3,-22,3,-22,5,-21,5,-19,6,-17,6,-17,0,0,0,0,0,0]"
CSI_DATA,2133667,1a:00:00:00:00:00,-57,11,-95,4,43,6,2133667,47,0,128,0,"[0,0,0,0,0,0,0,0,17,16,14,17,15,19,13,21,13,22,12,25,10,26,8,26,6,26,4,26,4,26,2,26,3,27,1,28,2,26,3,26,1,25,3,28,2,25,2,25,4,26,2,27,2,26,4,27,3,28,4,30,2,30,-1,29,0,0,2,29,0,30,1,28,0,29,-2,27,-1,28,-1,26,-1,25,-1,25,1,25,0,25,0,23,0,25,0,22,0,24,-1,23,2,24,-1,25,-2,24,-4,22,-4,23,-5,22,-7,21,-7,21,-9,20,-9,19,-10,15,-11,15,0,0,0,0,0,0]"
CSI_DATA,2135667,1a:00:00:00:00:00,-56,11,-95,4,43,6,2135667,47,0,128,0,"[0,0,0,0,0,0,0,0,20,-11,21,-9,23,-9,24,-9,24,-8,26,-8,26,-7,26,-5,27,-5,25,-2,25,-3,24,-3,27,-5,27,-4,25,-5,26,-6,25,-6,26,-10,24,-9,24,-9,25,-9,25,-10,23,-9,23,-11,25,-13,25,-13,25,-14,25,-14,0,0,26,-15,25,-15,23,-15,23,-17,21,-16,22,-16,22,-16,19,-14,18,-17,19,-20,18,-21,15,-18,15,-19,13,-18,13,-20,12,-19,12,-20,14,-21,13,-20,14,-18,15,-20,14,-18,14,-17,14,-17,15,-16,14,-16,15,-12,13,-12,0,0,0,0,0,0]"
CSI_DATA,2137667,1a:00:00:00:00:00,-57,11,-95,4,43,6,2137667,47,0,128,0,"[0,0,0,0,0,0,0,0,-23,-2,-21,-3,-23,-5,-25,-7,-22,-9,-27,-10,-23,-11,-22,-13,-22,-14,-19,-16,-21,-16,-19,-17,-20,-15,-20,-16,-21,-16,-21,-15,-20,-15,-23,-15,-21,-13,-21,-14,-21,-14,-23,-16,-22,-16,-23,-15,-24,-15,-24,-14,-26,-17,-23,-16,0,0,-26,-17,-24,-15,-24,-16,-25,-15,-20,-15,-23,-17,-20,-15,-19,-14,-20,-14,-23,-14,-22,-11,-20,-11,-23,-12,-20,-11,-22,-10,-21,-10,-23,-9,-20,-12,-20,-13,-19,-12,-18,-13,-18,-14,-16,-15,-17,-14,-16,-15,-14,-15,-10,-15,-9,-14,0,0,0,0,0,0]"
CSI_DATA,2143667,1a:00:00:00:00:00,-57,11,-95,4,43,6,2143667,47,0,128,0,"[0,0,0,0,0,0,0,0,-23,-2,-22,-4,-24,-5,-24,-7,-24,-10,-25,-11,-22,-13,-22,-14,-21,-16,-19,-17,-20,-17,-19,-18,-20,-17,-19,-18,-19,-19,-20,-18,-17,-18,-20,-18,-19,-17,-17,-18,-19,-18,-19,-20,-18,-20,-18,-20,-19,-18,-19,-21,-22,-21,-18,-19,0,0,-20,-23,-18,-21,-17,-22,-18,-23,-15,-21,-17,-23,-16,-21,-15,-21,-13,-21,-16,-21,-16,-19,-15,-20,-16,-19,-15,-17,-14,-18,-14,-17,-15,-19,-14,-19,-13,-20,-11,-20,-12,-21,-9,-20,-8,-19,-8,-20,-4,-21,-4,-20,0,-19,0,-19,0,0,0,0,0,0]"
CSI_DATA,2147667,1a:00:00:00:00:00,-57,11,-95,4,43,6,2147667,47,0,128,0,"[0,0,0,0,0,0,0,0,18,-15,18,-12,21,-14,22,-13,23,-10,25,-10,25,-7,25,-8,27,-6,26,-3,27,-3,26,-2,27,-3,27,-4,26,-3,26,-3,25,-3,27,-6,25,-5,25,-3,25,-5,27,-5,27,-3,27,-4,28,-6,27,-7,29,-6,27,-3,0,0,29,-5,29,-5,27,-5,28,-4,26,-3,29,-4,27,-2,24,-4,24,-5,26,-7,24,-7,22,-7,24,-6,24,-5,24,-7,22,-6,24,-6,23,-6,24,-5,23,-3,23,-3,23,-3,21,-1,22,-1,21,1,20,2,18,6,17,5,0,0,0,0,0,0]"
CSI_DATA,2153667,1a:00:00:00:00:00,-57,11,-95,4,43,6,2153667,47,0,128,0,"[0,0,0,0,0,0,0,0,16,-17,16,-16,20,-17,21,-14,22,-13,24,-13,25,-10,25,-9,27,-7,26,-4,26,-3,25,-4,26,-5,27,-4,25,-4,26,-2,25,-2,29,-4,25,-4,25,-1,26,-2,26,-2,25,-2,26,-2,29,-2,29,-2,29,-3,29,-3,0,0,30,-1,28,1,27,2,30,3,26,3,27,3,25,4,25,2,25,1,27,0,26,0,24,-1,25,1,22,1,23,2,24,1,24,2,24,3,24,3,22,5,23,5,22,7,21,8,21,8,19,9,18,10,14,11,13,12,0,0,0,0,0,0]"
CSI_DATA,2159667,1a:00:00:00:00:00,-57,11,-95,4,43,6,2159667,47,0,128,0,"[0,0,0,0,0,0,0,0,22,7,21,8,22,10,23,9,23,11,24,13,22,13,22,12,23,14,21,13,22,14,22,15,22,13,23,13,23,12,23,13,23,11,26,9,25,9,24,9,26,8,25,7,25,5,25,5,26,3,29,4,30,1,30,0,0,0,30,1,30,0,30,-1,29,0,27,-2,28,-2,26,-3,24,-3,25,-5,24,-9,24,-8,23,-10,22,-10,21,-11,22,-10,21,-10,20,-13,21,-12,21,-12,19,-11,21,-13,22,-10,19,-10,20,-10,18,-9,19,-7,17,-4,18,-4,0,0,0,0,0,0]"
CSI_DATA,2165668,1a:00:00:00:00:00,-57,11,-95,4,43,6,2165668,47,0,128,0,"[0,0,0,0,0,0,0,0,22,8,21,9,22,11,20,12,21,15,22,16,21,18,21,16,21,17,19,17,21,18,18,17,22,18,20,18,20,16,21,17,20,15,23,15,20,14,20,14,21,13,22,13,23,12,24,13,25,12,25,10,27,13,25,9,0,0,30,9,26,13,25,12,27,12,26,10,26,9,25,6,24,7,24,6,26,1,25,4,24,3,25,3,22,2,24,2,23,1,24,1,24,-1,25,0,24,1,24,0,21,2,23,2,22,3,21,5,19,4,18,8,17,6,0,0,0,0,0,0]"
CSI_DATA,2169671,1a:00:00:00:00:00,-56,11,-95,4,43,6,2169671,47,0,128,0,"[0,0,0,0,0,0,0,0,-23,6,-21,4,-24,5,-24,4,-25,3,-27,4,-27,2,-26,1,-28,1,-26,-2,-26,1,-25,-2,-27,1,-27,1,-26,2,-26,3,-25,4,-27,7,-24,8,-23,7,-23,7,-26,9,-24,9,-23,11,-26,12,-25,12,-27,14,-24,13,0,0,-26,15,-24,15,-22,15,-24,17,-21,15,-22,17,-21,15,-21,14,-19,18,-17,22,-16,20,-14,18,-14,20,-13,19,-12,22,-10,20,-12,20,-13,21,-10,22,-12,20,-12,20,-11,18,-13,18,-12,19,-12,17,-13,17,-13,12,-12,13,0,0,0,0,0,0]"
CSI_DATA,2175668,1a:00:00:00:00:00,-57,11,-95,4,43,6,2175668,47,0,128,0,"[0,0,0,0,0,0,0,0,-21,11,-20,9,-22,9,-24,9,-26,6,-26,6,-27,5,-25,4,-27,3,-25,1,-26,3,-26,0,-27,4,-27,3,-25,4,-24,5,-24,6,-28,6,-24,5,-25,6,-24,8,-25,9,-23,9,-25,7,-27,10,-25,11,-25,11,-25,10,0,0,-26,13,-27,10,-26,11,-27,14,-23,11,-26,12,-21,12,-22,11,-22,13,-23,15,-22,16,-19,14,-18,16,-15,15,-19,17,-18,16,-17,18,-17,16,-18,17,-18,15,-17,16,-16,14,-17,15,-17,14,-18,12,-17,10,-17,7,-17,7,0,0,0,0,0,0]"
CSI_DATA,2179668,1a:00:00:00:00:00,-57,11,-95,4,43,6,2179668,47,0,128,0,"[0,0,0,0,0,0,0,0,7,-23,9,-20,10,-22,12,-22,14,-22,14,-24,15,-22,16,-22,16,-22,16,-20,17,-20,14,-20,15,-22,14,-22,13,-21,12,-23,12,-22,12,-25,10,-24,11,-21,10,-24,9,-25,7,-25,7,-25,7,-27,5,-26,4,-29,6,-28,0,0,4,-30,4,-29,3,-28,3,-28,2,-26,0,-28,1,-25,-1,-23,-1,-26,-7,-24,-4,-25,-7,-21,-5,-23,-7,-22,-7,-21,-7,-21,-9,-21,-8,-22,-10,-23,-8,-21,-9,-22,-7,-21,-8,-22,-7,-21,-4,-20,-4,-19,-2,-18,-2,-18,0,0,0,0,0,0]"
CSI_DATA,2185668,1a:00:00:00:00:00,-57,11,-95,4,43,6,2185668,47,0,128,0,"[0,0,0,0,0,0,0,0,7,-22,8,-20,10,-23,12,-22,13,-22,14,-23,14,-22,15,-21,15,-22,17,-20,18,-21,14,-20,18,-20,18,-21,15,-20,15,-22,15,-21,15,-23,13,-21,14,-20,13,-23,11,-24,10,-24,10,-24,11,-26,12,-25,12,-26,13,-26,0,0,10,-27,11,-25,12,-28,11,-26,8,-25,8,-26,7,-24,6,-23,6,-25,3,-26,4,-26,3,-22,4,-23,1,-21,2,-23,2,-22,0,-25,2,-24,1,-24,2,-22,1,-24,2,-22,4,-23,5,-22,6,-21,6,-19,8,-17,7,-16,0,0,0,0,0,0]"
CSI_DATA,2191668,1a:00:00:00:00:00,-57,11,-95,4,43,6,2191668,47,0,128,0,"[0,0,0,0,0,0,0,0,4,-22,6,-20,7,-23,9,-23,11,-23,12,-24,14,-23,14,-22,15,-21,16,-20,16,-20,17,-20,17,-20,19,-21,16,-19,16,-21,15,-19,16,-22,15,-20,16,-19,14,-21,14,-21,15,-22,14,-22,16,-24,13,-23,16,-24,15,-23,0,0,15,-25,16,-23,16,-23,16,-23,16,-22,14,-23,14,-21,12,-20,12,-21,12,-22,13,-22,10,-21,10,-23,8,-21,11,-22,10,-21,8,-22,11,-22,9,-23,11,-19,11,-22,12,-19,13,-18,12,-18,15,-15,15,-15,14,-11,14,-11,0,0,0,0,0,0]"
CSI_DATA,2196925,1a:00:00:00:00:00,-57,11,-95,4,43,6,2196925,47,0,128,0,"[0,0,0,0,0,0,0,0,-18,-14,-16,-15,-17,-18,-16,-18,-16,-21,-15,-22,-13,-24,-11,-23,-10,-26,-7,-24,-9,-24,-9,-24,-9,-24,-7,-25,-9,-25,-11,-25,-8,-23,-10,-26,-9,-23,-7,-23,-11,-25,-9,-24,-10,-25,-10,-24,-10,-27,-13,-24,-12,-26,-8,-25,0,0,-13,-28,-11,-27,-10,-28,-10,-27,-8,-23,-9,-26,-8,-25,-9,-24,-8,-23,-10,-23,-11,-22,-12,-21,-12,-22,-11,-19,-12,-20,-12,-20,-12,-21,-10,-21,-11,-22,-9,-20,-10,-21,-7,-22,-6,-22,-6,-21,-3,-20,-2,-20,0,-18,1,-19,0,0,0,0,0,0]"
CSI_DATA,2201668,1a:00:00:00:00:00,-57,11,-95,4,43,6,2201668,47,0,128,0,"[0,0,0,0,0,0,0,0,13,18,12,19,11,21,11,24,10,24,11,26,8,25,6,25,7,25,4,25,5,26,2,25,2,26,1,27,3,26,4,27,4,26,5,26,5,25,3,23,5,25,6,26,7,24,8,26,5,27,7,29,6,29,5,27,0,0,7,29,7,28,5,28,7,27,6,26,5,26,6,24,5,24,6,22,5,23,7,25,8,23,8,23,9,22,8,22,9,22,10,22,8,23,8,21,8,22,7,23,5,22,3,21,3,22,1,22,-1,21,-2,17,-2,19,0,0,0,0,0,0]"
CSI_DATA,2207668,1a:00:00:00:00:00,-57,11,-95,4,43,6,2207668,47,0,128,0,"[0,0,0,0,0,0,0,0,19,13,17,15,17,18,17,19,16,20,17,23,12,23,11,23,11,25,9,25,9,25,6,24,6,25,5,27,7,24,7,26,7,24,7,25,5,25,5,24,7,25,8,25,9,26,8,25,9,26,7,28,7,29,4,27,0,0,7,29,6,28,4,28,5,27,4,24,5,28,5,26,5,24,3,25,6,26,5,25,5,24,4,24,6,23,4,23,4,23,3,24,4,24,4,24,3,22,1,23,0,23,-2,22,-4,22,-6,21,-6,19,-8,16,-9,15,0,0,0,0,0,0]"
CSI_DATA,2211668,1a:00:00:00:00:00,-57,11,-95,4,43,6,2211668,47,0,128,0,"[0,0,0,0,0,0,0,0,-23,-2,-22,-2,-24,-2,-25,-4,-25,-6,-27,-8,-24,-10,-23,-11,-24,-12,-22,-13,-24,-13,-21,-14,-22,-14,-21,-15,-21,-14,-22,-13,-21,-14,-23,-12,-23,-12,-22,-12,-23,-12,-23,-13,-22,-12,-25,-12,-25,-13,-24,-12,-24,-14,-26,-12,0,0,-27,-13,-25,-14,-25,-14,-25,-12,-23,-13,-24,-12,-22,-13,-21,-11,-23,-10,-24,-10,-23,-10,-22,-9,-23,-10,-21,-8,-22,-7,-23,-7,-23,-7,-22,-9,-22,-8,-21,-10,-21,-11,-19,-11,-19,-11,-18,-11,-17,-13,-16,-13,-12,-13,-11,-13,0,0,0,0,0,0]"
CSI_DATA,2217668,1a:00:00:00:00:00,-57,11,-95,4,43,6,2217668,47,0,128,0,"[0,0,0,0,0,0,0,0,-23,2,-23,-1,-24,0,-25,-3,-25,-6,-28,-7,-25,-9,-23,-9,-26,-10,-22,-12,-23,-11,-21,-13,-21,-14,-22,-15,-21,-15,-22,-15,-22,-14,-22,-14,-22,-14,-20,-13,-22,-14,-23,-14,-22,-13,-23,-14,-23,-15,-23,-17,-23,-18,-20,-15,0,0,-25,-17,-22,-20,-21,-19,-21,-18,-19,-19,-21,-19,-19,-17,-17,-16,-18,-15,-20,-15,-18,-16,-18,-16,-18,-16,-18,-15,-17,-15,-18,-15,-18,-14,-17,-16,-19,-16,-16,-17,-17,-17,-14,-17,-13,-18,-10,-18,-8,-19,-6,-19,-4,-18,-4,-18,0,0,0,0,0,0]"
CSI_DATA,2221668,1a:00:00:00:00:00,-57,11,-95,4,43,6,2221668,47,0,128,0,"[0,0,0,0,0,0,0,0,14,-18,16,-15,17,-15,19,-15,21,-14,23,-16,23,-13,24,-12,24,-12,23,-10,24,-9,25,-7,25,-9,25,-7,24,-7,24,-8,23,-8,24,-10,23,-10,22,-8,25,-9,24,-10,22,-11,25,-11,24,-12,26,-10,27,-11,27,-9,0,0,28,-13,27,-9,28,-8,25,-10,24,-8,25,-10,24,-9,23,-9,22,-10,25,-11,24,-11,22,-11,21,-10,21,-12,20,-11,22,-12,18,-11,22,-12,21,-11,21,-9,22,-10,22,-8,20,-6,21,-6,21,-2,21,-2,17,0,18,1,0,0,0,0,0,0]"
CSI_DATA,2225668,1a:00:00:00:00:00,-57,11,-95,4,43,6,2225668,47,0,128,0,"[0,0,0,0,0,0,0,0,-2,23,-3,23,-5,24,-6,24,-6,24,-8,27,-9,24,-10,24,-12,24,-12,21,-13,23,-13,22,-13,21,-13,21,-11,23,-10,25,-11,23,-11,25,-10,24,-11,22,-9,23,-8,25,-10,25,-9,25,-10,27,-8,25,-7,27,-10,28,0,0,-10,28,-7,28,-8,27,-7,27,-5,23,-7,26,-6,24,-6,22,-7,25,-3,26,-2,24,-1,22,-2,24,-1,23,-1,23,0,22,0,23,-1,22,-2,23,-3,23,-3,23,-3,23,-4,21,-4,21,-6,20,-7,19,-6,16,-8,16,0,0,0,0,0,0]"
CSI_DATA,2231978,1a:00:00:00:00:00,-57,11,-95,4,43,6,2231978,47,0,128,0,"[0,0,0,0,0,0,0,0,22,5,21,7,21,8,24,10,23,13,24,13,21,16,20,16,21,17,18,17,19,17,17,19,17,19,17,20,18,19,17,19,17,19,19,18,17,19,17,17,18,18,19,19,20,18,19,19,20,20,19,20,21,21,19,20,0,0,20,19,19,22,19,22,20,21,16,19,19,21,18,19,16,19,17,18,19,17,17,17,17,17,17,16,16,16,16,17,17,16,18,16,16,17,17,17,14,18,15,19,13,19,12,18,10,20,8,20,6,19,3,17,2,18,0,0,0,0,0,0]"
CSI_DATA,2237668,1a:00:00:00:00:00,-57,11,-95,4,43,6,2237668,47,0,128,0,"[0,0,0,0,0,0,0,0,5,22,3,21,0,25,-1,26,-2,25,-3,27,-6,26,-8,25,-10,24,-11,23,-11,23,-11,22,-13,22,-14,22,-13,21,-12,23,-12,23,-12,25,-10,23,-13,22,-11,22,-12,23,-14,22,-12,24,-15,24,-14,24,-16,25,-16,22,0,0,-16,23,-18,24,-16,23,-17,22,-16,20,-16,21,-16,19,-16,18,-15,19,-14,20,-15,20,-14,18,-14,18,-14,18,-13,18,-13,19,-13,19,-17,18,-16,17,-16,16,-19,15,-16,14,-18,12,-18,12,-19,10,-21,8,-17,4,-16,3,0,0,0,0,0,0]"
CSI_DATA,2241668,1a:00:00:00:00:00,-57,11,-95,4,43,6,2241668,47,0,128,0,"[0,0,0,0,0,0,0,0,-20,-11,-18,-12,-19,-14,-19,-16,-18,-18,-19,-20,-17,-21,-14,-21,-15,-23,-10,-23,-13,-23,-9,-23,-11,-21,-11,-24,-11,-24,-12,-23,-12,-22,-14,-22,-13,-21,-12,-21,-13,-22,-13,-23,-12,-22,-14,-23,-14,-24,-14,-24,-15,-25,-12,-25,0,0,-13,-26,-15,-26,-12,-25,-15,-24,-11,-23,-13,-23,-10,-23,-10,-23,-11,-21,-12,-22,-12,-20,-12,-21,-13,-21,-11,-19,-13,-19,-12,-19,-14,-19,-11,-20,-12,-21,-9,-20,-9,-21,-9,-20,-6,-22,-7,-21,-4,-21,-2,-20,-1,-18,0,-18,0,0,0,0,0,0]"
CSI_DATA,2247668,1a:00:00:00:00:00,-57,11,-95,4,43,6,2247668,47,0,128,0,"[0,0,0,0,0,0,0,0,-22,-3,-21,-4,-22,-6,-23,-9,-23,-10,-24,-12,-22,-15,-19,-16,-21,-18,-16,-19,-18,-19,-15,-18,-16,-20,-16,-20,-17,-20,-18,-20,-15,-20,-18,-19,-16,-18,-13,-18,-16,-21,-16,-20,-17,-20,-16,-21,-15,-21,-18,-21,-17,-22,-15,-24,0,0,-16,-25,-14,-25,-14,-24,-13,-24,-12,-24,-12,-25,-10,-23,-10,-23,-11,-21,-11,-21,-11,-22,-11,-20,-11,-21,-11,-20,-10,-19,-10,-21,-11,-22,-8,-22,-8,-21,-6,-21,-6,-23,-6,-22,-3,-22,-3,-21,0,-21,2,-19,3,-17,4,-17,0,0,0,0,0,0]"
CSI_DATA,2251668,1a:00:00:00:00:00,-57,11,-95,4,43,6,2251668,47,0,128,0,"[0,0,0,0,0,0,0,0,20,-11,21,-9,22,-9,23,-8,24,-4,26,-6,27,-3,27,-1,27,1,25,2,27,2,24,3,28,2,25,4,26,4,26,2,24,2,28,1,24,0,24,1,25,2,27,1,26,3,26,3,28,3,27,1,27,2,28,3,0,0,29,3,29,3,27,3,30,4,27,5,27,4,24,4,24,6,24,4,28,2,25,0,23,2,24,2,22,1,23,0,23,0,25,1,25,2,25,2,23,3,23,4,21,5,21,6,20,8,20,8,18,10,15,11,15,10,0,0,0,0,0,0]"
CSI_DATA,2255668,1a:00:00:00:00:00,-57,11,-95,4,43,6,2255668,47,0,128,0,"[0,0,0,0,0,0,0,0,-10,20,-10,19,-12,21,-14,21,-15,19,-17,20,-19,17,-18,17,-20,17,-20,15,-22,16,-21,15,-20,15,-21,15,-19,15,-20,18,-18,15,-21,18,-19,16,-19,15,-19,17,-19,17,-19,17,-20,17,-20,20,-18,21,-19,20,-18,19,0,0,-19,21,-20,21,-19,21,-20,21,-18,17,-19,20,-19,18,-17,17,-16,19,-15,20,-15,21,-12,19,-13,20,-12,18,-14,19,-13,19,-12,20,-13,20,-14,20,-14,18,-16,19,-15,16,-14,15,-14,15,-16,13,-18,11,-16,9,-15,9,0,0,0,0,0,0]"
CSI_DATA,2261668,1a:00:00:00:00:00,-56,11,-95,4,43,6,2261668,47,0,128,0,"[0,0,0,0,0,0,0,0,-4,23,-6,21,-6,23,-10,24,-12,23,-12,23,-14,22,-16,20,-16,20,-19,19,-18,18,-18,15,-18,19,-20,19,-18,18,-19,18,-18,17,-20,20,-18,18,-18,18,-18,18,-18,18,-19,18,-20,19,-20,20,-19,20,-20,21,-20,19,0,0,-20,20,-23,19,-21,19,-22,19,-18,15,-21,17,-19,16,-19,14,-18,16,-17,18,-18,17,-17,16,-17,18,-15,15,-17,17,-15,16,-16,18,-17,16,-18,15,-18,14,-19,15,-18,11,-20,11,-18,10,-20,8,-20,7,-18,3,-18,4,0,0,0,0,0,0]"
CSI_DATA,2267668,1a:00:00:00:00:00,-57,11,-95,4,43,6,2267668,47,0,128,0,"[0,0,0,0,0,0,0,0,-22,2,-22,2,-24,0,-25,-1,-25,-2,-26,-2,-26,-3,-25,-3,-26,-2,-26,-4,-27,-5,-25,-3,-27,-1,-27,-1,-26,0,-25,1,-24,2,-27,3,-25,4,-25,4,-24,7,-23,6,-24,8,-25,9,-27,13,-23,12,-25,14,-23,14,0,0,-25,16,-23,15,-22,14,-24,16,-20,14,-21,16,-20,17,-16,16,-17,17,-14,21,-15,21,-11,20,-12,20,-10,19,-11,22,-10,21,-8,21,-8,23,-8,24,-7,21,-8,23,-8,20,-8,21,-8,20,-8,19,-10,18,-9,14,-10,15,0,0,0,0,0,0]"
CSI_DATA,2277668,1a:00:00:00:00:00,-57,11,-95,4,43,6,2277668,47,0,128,0,"[0,0,0,0,0,0,0,0,14,-17,16,-16,17,-16,18,-17,19,-16,20,-17,21,-15,22,-15,22,-15,22,-13,23,-14,20,-14,20,-16,20,-17,19,-17,18,-18,17,-17,19,-20,15,-19,16,-19,14,-21,15,-22,12,-22,13,-23,13,-25,10,-24,8,-28,10,-25,0,0,7,-28,8,-27,7,-26,7,-27,5,-25,6,-26,4,-25,2,-24,3,-25,0,-26,-3,-25,-5,-24,-4,-25,-5,-21,-6,-22,-6,-22,-9,-22,-8,-22,-8,-23,-7,-21,-8,-23,-7,-21,-8,-22,-7,-21,-5,-21,-4,-20,-3,-17,-2,-18,0,0,0,0,0,0]"
CSI_DATA,2283668,1a:00:00:00:00:00,-57,11,-95,4,43,6,2283668,47,0,128,0,"[0,0,0,0,0,0,0,0,10,-20,11,-19,12,-20,13,-20,17,-21,16,-21,18,-19,18,-19,19,-19,19,-16,20,-19,20,-17,19,-19,20,-19,17,-19,16,-21,16,-18,16,-22,15,-21,15,-21,13,-21,14,-23,12,-22,12,-23,12,-25,10,-26,10,-26,10,-25,0,0,8,-27,11,-27,7,-26,10,-27,8,-23,7,-26,7,-25,5,-23,6,-25,4,-26,2,-26,0,-24,-1,-24,-2,-22,0,-23,-1,-23,-3,-24,-3,-23,-3,-24,-1,-24,-2,-24,-1,-23,0,-23,-1,-23,2,-21,2,-20,3,-18,4,-18,0,0,0,0,0,0]"
CSI_DATA,2287668,1a:00:00:00:00:00,-57,11,-95,4,43,6,2287668,47,0,128,0,"[0,0,0,0,0,0,0,0,21,0,21,2,23,5,24,7,24,9,23,12,23,13,21,13,22,17,19,18,19,17,17,17,19,18,18,19,18,19,18,19,16,18,18,20,17,20,15,19,17,20,16,19,15,22,15,21,18,21,18,23,18,24,15,23,0,0,15,25,15,27,14,24,13,26,10,23,11,25,10,24,8,22,10,23,11,22,10,23,10,22,10,23,9,22,8,21,9,22,10,23,6,21,7,23,2,21,5,22,2,23,1,21,1,22,-3,20,-5,19,-6,17,-6,16,0,0,0,0,0,0]"
CSI_DATA,2293668,1a:00:00:00:00:00,-57,11,-95,4,43,6,2293668,47,0,128,0,"[0,0,0,0,0,0,0,0,9,21,8,21,8,23,7,24,4,26,5,26,4,27,2,26,1,27,0,24,1,25,2,26,2,27,1,27,5,26,4,26,5,24,5,26,4,25,5,23,7,25,9,26,10,25,9,25,11,24,13,25,14,25,11,25,0,0,12,27,13,26,13,25,13,25,12,23,13,24,14,21,14,20,14,20,17,17,17,17,17,16,18,16,17,15,18,14,17,15,20,15,18,14,19,15,17,15,17,15,16,16,17,14,17,15,13,15,13,16,10,14,11,15,0,0,0,0,0,0]"
CSI_DATA,2299413,1a:00:00:00:00:00,-57,11,-95,4,43,6,2299413,47,0,128,0,"[0,0,0,0,0,0,0,0,20,9,18,11,20,12,20,12,20,15,22,16,19,17,19,18,19,18,17,19,18,19,16,19,18,19,17,20,17,18,19,18,19,16,21,15,20,15,18,14,20,15,21,16,22,15,23,14,21,14,24,16,25,16,23,15,0,0,26,14,25,16,25,13,25,13,23,12,23,12,22,11,21,10,23,11,24,10,25,8,22,9,23,7,21,6,22,6,23,5,23,4,22,4,24,4,22,6,23,5,22,7,20,9,19,9,19,10,18,11,14,10,13,12,0,0,0,0,0,0]"
CSI_DATA,2305668,1a:00:00:00:00:00,-57,11,-95,4,43,6,2305668,47,0,128,0,"[0,0,0,0,0,0,0,0,13,20,11,19,10,20,10,23,8,25,8,27,5,26,4,25,3,27,0,25,1,25,0,25,1,26,0,27,0,25,1,26,1,24,1,27,1,24,1,24,2,26,2,25,3,26,3,26,3,27,4,26,3,28,2,28,0,0,3,29,1,29,1,28,1,27,1,25,2,27,1,25,2,25,1,24,3,24,3,25,4,23,4,23,5,22,3,22,3,22,5,23,3,23,3,24,2,22,2,24,0,22,1,22,-1,21,-3,20,-4,20,-6,17,-8,17,0,0,0,0,0,0]"
CSI_DATA,2309668,1a:00:00:00:00:00,-57,11,-95,4,43,6,2309668,47,0,128,0,"[0,0,0,0,0,0,0,0,-22,-6,-20,-7,-22,-9,-22,-11,-22,-12,-24,-14,-21,-15,-21,-15,-21,-16,-19,-16,-19,-15,-18,-17,-19,-16,-19,-18,-18,-16,-19,-16,-19,-15,-22,-14,-22,-14,-20,-15,-21,-14,-20,-14,-21,-12,-22,-14,-23,-13,-22,-14,-27,-15,-23,-15,0,0,-29,-12,-24,-13,-26,-13,-23,-14,-22,-13,-23,-12,-22,-12,-22,-9,-22,-11,-23,-10,-23,-9,-22,-7,-23,-8,-22,-5,-22,-5,-23,-5,-23,-4,-23,-5,-23,-6,-22,-7,-22,-7,-21,-7,-20,-10,-18,-10,-17,-10,-17,-12,-13,-11,-13,-12,0,0,0,0,0,0]"
CSI_DATA,2315668,1a:00:00:00:00:00,-57,11,-95,4,43,6,2315668,47,0,128,0,"[0,0,0,0,0,0,0,0,-22,-3,-21,-5,-23,-6,-23,-8,-22,-10,-24,-11,-23,-13,-22,-13,-23,-14,-19,-14,-20,-15,-18,-16,-20,-17,-19,-17,-18,-18,-19,-17,-19,-15,-20,-15,-21,-15,-18,-14,-20,-16,-20,-15,-21,-15,-22,-16,-22,-14,-22,-15,-22,-18,-20,-18,0,0,-27,-16,-21,-18,-21,-18,-21,-16,-18,-16,-21,-16,-20,-16,-20,-15,-19,-15,-20,-14,-21,-14,-19,-14,-20,-15,-20,-13,-19,-12,-20,-12,-20,-12,-19,-13,-20,-13,-17,-13,-19,-13,-16,-15,-15,-16,-14,-16,-11,-16,-10,-17,-7,-14,-8,-16,0,0,0,0,0,0]"
CSI_DATA,2319668,1a:00:00:00:00:00,-57,11,-95,4,43,6,2319668,47,0,128,0,"[0,0,0,0,0,0,0,0,21,-9,21,-8,22,-6,24,-7,25,-5,27,-5,23,-2,26,-2,27,-1,25,2,27,-1,23,3,26,2,26,2,25,2,25,0,25,0,26,-1,26,-2,23,-1,26,-3,26,-1,26,-2,26,-5,27,-4,27,-3,28,-4,27,-4,0,0,30,-5,27,-4,27,-4,25,-6,25,-5,26,-5,24,-5,23,-4,23,-6,24,-10,24,-8,23,-8,21,-7,21,-7,21,-9,23,-9,20,-9,22,-9,21,-9,21,-7,22,-7,21,-6,20,-3,21,-3,21,-2,21,-2,17,1,18,2,0,0,0,0,0,0]"
CSI_DATA,2321668,1a:00:00:00:00:00,-57,11,-95,4,43,6,2321668,47,0,128,0,"[0,0,0,0,0,0,0,0,-22,-1,-21,-4,-23,-5,-23,-6,-23,-9,-26,-11,-23,-13,-21,-14,-21,-15,-19,-16,-20,-16,-17,-18,-18,-17,-17,-19,-16,-19,-18,-19,-18,-19,-19,-17,-18,-18,-16,-18,-18,-19,-17,-18,-18,-18,-19,-19,-17,-19,-18,-20,-17,-22,-16,-22,0,0,-19,-21,-17,-24,-16,-23,-14,-22,-13,-22,-16,-22,-14,-21,-13,-21,-13,-20,-15,-22,-14,-22,-14,-20,-13,-21,-13,-18,-11,-18,-13,-19,-13,-19,-11,-20,-12,-20,-9,-20,-11,-21,-8,-21,-5,-20,-5,-22,-1,-22,-1,-19,0,-17,3,-19,0,0,0,0,0,0]"
CSI_DATA,2325668,1a:00:00:00:00:00,-57,11,-95,4,43,6,2325668,47,0,128,0,"[0,0,0,0,0,0,0,0,20,-13,20,-11,21,-11,23,-10,23,-8,27,-8,25,-5,24,-3,26,-3,24,-1,27,-2,24,0,26,-1,26,0,25,0,25,-1,24,0,26,-2,25,-3,23,-1,25,-2,25,-1,26,-1,27,-2,27,-2,27,-3,29,0,28,-1,0,0,30,-4,29,0,28,0,27,0,25,1,27,0,25,1,24,1,25,-2,25,-3,25,-3,22,-1,23,-2,23,-2,23,-3,24,-3,23,-3,24,-1,23,-1,24,1,24,1,22,2,21,4,22,4,20,6,20,7,16,8,16,8,0,0,0,0,0,0]"
CSI_DATA,2331730,1a:00:00:00:00:00,-57,11,-95,4,43,6,2331730,47,0,128,0,"[0,0,0,0,0,0,0,0,14,-19,14,-16,16,-18,17,-17,18,-18,19,-18,19,-17,20,-17,21,-16,20,-14,20,-16,18,-16,19,-18,19,-19,17,-19,15,-20,15,-20,15,-22,13,-20,13,-19,11,-22,13,-24,8,-24,9,-24,8,-26,6,-26,6,-27,6,-28,0,0,6,-25,4,-30,4,-29,3,-27,0,-25,0,-26,-1,-25,-1,-24,-2,-24,-5,-23,-6,-24,-9,-21,-9,-22,-10,-20,-8,-21,-11,-20,-12,-20,-11,-20,-13,-21,-11,-19,-10,-19,-11,-20,-11,-19,-12,-19,-9,-19,-7,-18,-6,-16,-7,-16,0,0,0,0,0,0]"
CSI_DATA,2335668,1a:00:00:00:00:00,-57,11,-95,4,43,6,2335668,47,0,128,0,"[0,0,0,0,0,0,0,0,-2,22,-3,22,-5,24,-6,25,-9,24,-8,25,-10,24,-13,21,-14,24,-16,19,-15,22,-16,20,-17,20,-17,19,-17,19,-15,20,-15,19,-16,22,-15,21,-15,18,-15,19,-14,21,-14,21,-15,21,-17,21,-16,21,-18,23,-17,22,0,0,-18,24,-19,21,-17,22,-17,22,-17,18,-16,19,-16,19,-17,18,-16,18,-17,19,-15,19,-14,18,-15,19,-13,19,-14,19,-13,20,-13,20,-14,18,-14,19,-16,17,-17,17,-15,15,-17,15,-16,13,-19,11,-19,9,-15,6,-16,6,0,0,0,0,0,0]"
CSI_DATA,2339668,1a:00:00:00:00:00,-57,11,-95,4,43,6,2339668,47,0,128,0,"[0,0,0,0,0,0,0,0,-7,-21,-4,-21,-5,-22,-4,-24,-4,-24,-2,-27,0,-25,2,-26,1,-26,4,-24,3,-26,5,-24,4,-24,5,-25,4,-25,3,-25,3,-24,2,-26,2,-25,2,-23,2,-25,0,-26,0,-26,-1,-26,0,-26,0,-27,0,-28,1,-27,0,0,0,-29,0,-29,1,-28,1,-26,-1,-27,-1,-26,-2,-24,0,-24,-2,-24,-3,-24,-3,-24,-3,-23,-3,-24,-4,-23,-4,-22,-4,-23,-5,-22,-4,-22,-4,-22,-2,-21,-3,-21,-1,-22,0,-22,0,-22,2,-21,4,-20,5,-17,5,-18,0,0,0,0,0,0]"
CSI_DATA,2345668,1a:00:00:00:00:00,-57,11,-95,4,43,6,2345668,47,0,128,0,"[0,0,0,0,0,0,0,0,-16,-15,-14,-16,-15,-19,-13,-20,-12,-22,-12,-24,-11,-24,-9,-24,-7,-25,-4,-24,-5,-24,-2,-24,-3,-25,-2,-26,-4,-25,-4,-24,-4,-25,-6,-26,-4,-24,-3,-23,-5,-24,-5,-26,-5,-25,-5,-26,-4,-27,-5,-26,-5,-28,-3,-28,0,0,-3,-29,-5,-27,-4,-27,-1,-26,-1,-25,-3,-27,-1,-24,-1,-23,-3,-24,-4,-24,-3,-25,-3,-23,-4,-24,-3,-22,-4,-22,-4,-23,-5,-24,-2,-23,-1,-23,0,-22,-1,-23,0,-22,3,-22,3,-21,6,-20,5,-18,7,-15,8,-17,0,0,0,0,0,0]"
CSI_DATA,2349668,1a:00:00:00:00:00,-57,11,-95,4,43,6,2349668,47,0,128,0,"[0,0,0,0,0,0,0,0,22,5,22,5,22,8,22,9,24,11,24,12,22,14,20,14,21,16,19,16,21,16,17,16,20,16,19,18,20,17,20,17,19,16,22,15,20,14,20,13,21,14,20,16,20,15,21,15,23,15,24,13,23,17,23,17,0,0,24,15,24,16,21,15,23,15,21,15,23,15,21,15,21,14,20,13,21,13,22,10,21,11,22,12,20,8,21,9,21,8,22,9,20,10,22,10,20,12,19,11,19,12,18,13,17,12,16,14,14,14,12,14,10,14,0,0,0,0,0,0]"
CSI_DATA,2355668,1a:00:00:00:00:00,-57,11,-95,4,43,6,2355668,47,0,128,0,"[0,0,0,0,0,0,0,0,23,1,22,4,23,5,23,8,23,10,23,11,23,13,20,14,21,15,17,16,19,17,17,19,18,17,18,19,18,18,19,18,17,18,20,17,18,15,17,15,17,17,20,17,18,18,20,18,20,18,20,17,21,20,19,19,0,0,20,21,19,21,18,20,18,20,16,19,19,21,16,19,16,19,16,18,16,21,18,19,16,17,17,17,16,16,17,16,16,15,16,16,15,18,16,17,14,19,13,19,13,19,10,20,9,20,6,20,7,18,3,16,3,17,0,0,0,0,0,0]"
CSI_DATA,2361668,1a:00:00:00:00:00,-57,11,-95,4,43,6,2361668,47,0,128,0,"[0,0,0,0,0,0,0,0,5,22,5,22,6,23,3,25,4,26,5,24,3,27,2,25,2,27,0,23,2,26,-1,25,3,25,3,26,4,26,6,25,5,25,9,25,9,22,9,22,9,23,12,25,11,23,13,24,14,24,17,21,18,23,17,22,0,0,20,22,19,21,17,19,21,19,19,18,20,19,19,17,18,16,19,15,22,14,22,10,21,8,23,10,21,7,22,6,23,5,23,6,22,6,22,6,21,7,22,5,22,7,22,7,21,6,20,7,19,8,16,8,16,8,0,0,0,0,0,0]"
CSI_DATA,2365668,1a:00:00:00:00:00,-57,11,-95,4,43,6,2365668,47,0,128,0,"[0,0,0,0,0,0,0,0,-16,17,-17,16,-17,16,-19,15,-21,13,-22,13,-24,12,-23,11,-26,9,-24,6,-25,6,-24,4,-25,5,-26,4,-24,4,-25,5,-23,4,-26,7,-24,5,-23,5,-24,6,-25,4,-23,4,-25,5,-26,5,-27,5,-27,5,-29,5,0,0,-28,6,-27,2,-27,3,-28,3,-27,2,-28,2,-24,2,-24,1,-25,1,-25,4,-25,4,-23,3,-22,4,-22,3,-24,4,-23,4,-23,3,-25,2,-23,1,-23,0,-22,-2,-22,-2,-22,-5,-22,-3,-19,-6,-19,-7,-16,-8,-15,-9,0,0,0,0,0,0]"
CSI_DATA,2371669,1a:00:00:00:00:00,-57,11,-95,4,43,6,2371669,47,0,128,0,"[0,0,0,0,0,0,0,0,-19,-9,-19,-11,-21,-11,-21,-12,-20,-14,-23,-14,-21,-15,-20,-15,-21,-16,-18,-17,-20,-16,-19,-17,-22,-16,-21,-15,-20,-13,-22,-12,-21,-13,-24,-9,-23,-8,-22,-8,-25,-9,-23,-6,-25,-6,-24,-6,-26,-4,-27,-2,-28,-1,-26,-3,0,0,-28,-1,-27,1,-27,1,-28,3,-26,1,-27,3,-25,2,-24,2,-23,5,-22,9,-21,9,-21,7,-22,9,-20,10,-20,12,-20,13,-19,15,-20,12,-20,13,-20,11,-20,12,-18,11,-20,9,-18,11,-19,10,-18,9,-17,6,-17,7,0,0,0,0,0,0]"
CSI_DATA,2375669,1a:00:00:00:00:00,-57,11,-95,4,43,6,2375669,47,0,128,0,"[0,0,0,0,0,0,0,0,1,-22,3,-22,4,-23,6,-23,8,-24,9,-25,12,-23,13,-22,15,-22,16,-18,15,-20,16,-18,17,-19,16,-19,15,-19,16,-19,16,-17,17,-22,17,-18,16,-18,16,-19,16,-19,16,-19,18,-19,18,-21,17,-21,18,-22,19,-20,0,0,19,-20,20,-20,19,-17,21,-20,18,-15,19,-17,19,-15,19,-15,17,-15,18,-18,18,-18,17,-16,18,-17,15,-16,18,-16,16,-16,16,-16,18,-14,19,-15,19,-12,20,-13,19,-10,20,-11,19,-10,20,-7,21,-5,17,-2,17,-1,0,0,0,0,0,0]"
CSI_DATA,2381669,1a:00:00:00:00:00,-57,11,-95,4,43,6,2381669,47,0,128,0,"[0,0,0,0,0,0,0,0,21,-7,21,-5,24,-5,24,-5,24,-5,26,-5,25,-3,26,-2,27,-2,25,0,25,-1,23,-2,25,-4,25,-2,24,-4,25,-4,24,-6,26,-9,23,-6,23,-7,23,-10,24,-9,22,-12,23,-12,23,-14,21,-15,22,-16,22,-17,0,0,23,-17,21,-18,20,-18,21,-19,17,-17,18,-19,17,-17,15,-17,14,-18,14,-21,13,-21,11,-20,10,-22,8,-19,8,-21,8,-21,7,-22,8,-22,7,-23,9,-21,8,-21,8,-20,8,-20,7,-19,9,-18,8,-18,9,-16,9,-14,0,0,0,0,0,0]"
CSI_DATA,2387669,1a:00:00:00:00:00,-57,11,-95,4,43,6,2387669,47,0,128,0,"[0,0,0,0,0,0,0,0,20,-8,20,-8,22,-8,24,-7,24,-6,25,-5,26,-3,25,-3,27,-3,25,0,26,0,24,-1,26,-2,26,-4,23,-3,25,-5,24,-3,26,-5,23,-6,24,-6,24,-7,25,-7,23,-8,24,-9,24,-10,24,-10,25,-11,26,-10,0,0,23,-11,24,-14,24,-11,25,-12,22,-11,23,-13,22,-12,23,-12,21,-12,21,-17,19,-17,18,-16,18,-16,15,-15,17,-17,15,-17,14,-18,15,-17,16,-18,16,-16,16,-16,17,-14,16,-14,15,-14,16,-13,16,-12,15,-8,15,-10,0,0,0,0,0,0]"
CSI_DATA,2391669,1a:00:00:00:00:00,-57,11,-95,4,43,6,2391669,47,0,128,0,"[0,0,0,0,0,0,0,0,-8,21,-9,20,-11,21,-11,20,-14,22,-13,21,-14,22,-15,19,-16,20,-18,19,-16,19,-16,20,-15,21,-14,21,-13,21,-11,23,-10,22,-11,24,-9,21,-10,22,-7,23,-7,25,-6,24,-6,25,-5,28,-4,26,-3,27,-5,26,0,0,-2,26,-2,27,-2,27,0,28,1,25,1,28,1,25,1,24,3,25,5,25,6,23,8,22,9,23,9,19,9,21,10,20,12,20,11,21,10,22,9,21,10,21,8,19,9,21,9,18,7,19,6,19,4,17,5,17,0,0,0,0,0,0]"
CSI_DATA,2397669,1a:00:00:00:00:00,-57,11,-95,4,43,6,2397669,47,0,128,0,"[0,0,0,0,0,0,0,0,-7,21,-7,21,-9,22,-10,21,-13,23,-12,24,-14,22,-15,20,-17,21,-16,18,-15,20,-16,19,-16,19,-16,20,-13,21,-14,21,-13,20,-12,23,-12,21,-12,20,-11,22,-11,23,-10,23,-9,24,-9,25,-8,26,-9,26,-9,25,0,0,-10,28,-8,25,-8,26,-8,27,-6,25,-5,26,-5,24,-5,22,-3,24,-1,25,-1,24,0,22,0,25,1,21,0,23,2,22,2,24,1,22,1,24,1,22,1,22,0,21,-1,22,0,21,-2,21,-3,19,-4,16,-5,17,0,0,0,0,0,0]"
CSI_DATA,2401851,1a:00:00:00:00:00,-57,11,-95,4,43,6,2401851,47,0,128,0,"[0,0,0,0,0,0,0,0,23,-3,21,-1,24,-3,26,-2,24,0,27,0,25,1,25,3,27,3,25,6,26,4,23,4,25,3,27,4,24,2,26,0,25,0,27,-1,23,-3,24,-4,24,-4,25,-5,25,-5,26,-8,26,-8,25,-8,27,-10,25,-9,0,0,28,-11,24,-10,25,-11,25,-14,22,-11,22,-12,20,-12,21,-10,21,-14,19,-17,17,-18,17,-15,17,-16,15,-16,15,-18,14,-18,14,-19,15,-18,14,-19,16,-16,15,-18,15,-16,14,-18,14,-16,15,-14,15,-13,15,-10,14,-11,0,0,0,0,0,0]"
CSI_DATA,2407669,1a:00:00:00:00:00,-57,11,-95,4,43,6,2407669,47,0,128,0,"[0,0,0,0,0,0,0,0,-5,-22,-5,-21,-5,-22,-3,-23,-1,-25,-1,-26,2,-26,1,-25,2,-26,3,-24,3,-24,3,-25,3,-24,3,-25,0,-24,0,-26,1,-23,-1,-26,0,-24,1,-23,-2,-25,-3,-26,-4,-25,-5,-25,-5,-26,-6,-26,-7,-27,-6,-27,0,0,-8,-26,-8,-28,-8,-27,-6,-25,-7,-24,-8,-26,-7,-23,-8,-22,-8,-22,-9,-22,-11,-22,-12,-20,-12,-20,-12,-18,-12,-19,-12,-19,-14,-19,-12,-19,-14,-20,-11,-19,-12,-20,-10,-18,-12,-19,-10,-18,-8,-19,-5,-19,-4,-17,-5,-17,0,0,0,0,0,0]"
CSI_DATA,2411669,1a:00:00:00:00:00,-57,11,-95,4,43,6,2411669,47,0,128,0,"[0,0,0,0,0,0,0,0,20,12,19,11,18,11,21,13,19,15,20,16,20,17,19,17,20,18,18,19,18,17,18,18,19,16,20,16,20,15,20,14,19,14,23,13,21,13,21,11,23,11,24,11,22,10,23,9,25,9,25,9,27,6,26,6,0,0,29,8,27,7,27,5,26,3,24,4,27,3,24,3,24,2,24,0,27,-5,25,-4,22,-4,23,-4,22,-3,22,-5,22,-6,22,-7,23,-7,22,-6,22,-5,22,-6,22,-6,20,-5,21,-4,19,-3,20,-2,17,0,19,1,0,0,0,0,0,0]"
CSI_DATA,2417669,1a:00:00:00:00:00,-57,11,-95,4,43,6,2417669,47,0,128,0,"[0,0,0,0,0,0,0,0,21,8,19,10,20,10,19,11,20,15,21,15,20,18,18,17,18,17,16,17,18,17,17,19,18,17,19,19,18,17,18,16,18,16,22,16,19,15,19,15,20,14,22,14,21,13,22,14,24,14,24,13,25,14,24,13,0,0,26,11,26,13,25,13,25,12,22,10,24,11,23,10,21,9,23,8,26,6,24,5,22,5,24,5,22,4,23,4,22,3,23,3,22,3,24,3,23,3,22,4,20,5,21,5,21,6,19,6,17,8,16,9,16,9,0,0,0,0,0,0]"
CSI_DATA,2421669,1a:00:00:00:00:00,-57,11,-95,4,43,6,2421669,47,0,128,0,"[0,0,0,0,0,0,0,0,-22,5,-21,4,-23,4,-23,3,-24,1,-25,2,-26,0,-24,-1,-26,0,-25,-2,-24,-1,-24,-2,-25,-1,-26,0,-25,1,-24,1,-23,2,-28,4,-24,3,-23,4,-23,6,-24,5,-23,9,-23,7,-25,10,-25,10,-24,12,-25,12,0,0,-24,12,-25,11,-23,13,-24,13,-21,12,-23,14,-19,14,-19,13,-18,15,-18,17,-17,17,-15,15,-16,18,-13,16,-15,19,-13,18,-13,19,-14,19,-13,20,-14,17,-13,19,-14,16,-14,17,-14,16,-15,15,-15,13,-13,11,-14,10,0,0,0,0,0,0]"
CSI_DATA,2427669,1a:00:00:00:00:00,-57,11,-95,4,43,6,2427669,47,0,128,0,"[0,0,0,0,0,0,0,0,-21,5,-22,4,-23,3,-25,2,-24,0,-26,1,-25,-1,-25,-2,-25,-2,-24,-4,-25,-3,-22,-5,-24,-4,-26,-4,-24,-3,-23,-2,-24,-1,-27,-2,-24,0,-24,-1,-24,1,-25,2,-24,3,-25,2,-27,4,-27,2,-28,4,-27,4,0,0,-28,5,-27,5,-27,3,-27,4,-24,4,-25,6,-23,6,-22,6,-22,7,-23,8,-22,9,-22,8,-22,8,-20,9,-22,10,-21,10,-19,11,-20,10,-21,11,-20,9,-21,10,-19,8,-19,8,-19,6,-20,4,-19,5,-17,2,-18,0,0,0,0,0,0,0]"
CSI_DATA,2431669,1a:00:00:00:00:00,-57,11,-95,4,43,6,2431669,47,0,128,0,"[0,0,0,0,0,0,0,0,15,-18,14,-14,16,-15,18,-16,19,-16,20,-16,19,-14,21,-14,21,-14,21,-13,21,-14,20,-13,22,-14,21,-14,20,-14,19,-16,18,-16,18,-18,18,-17,17,-16,16,-18,15,-21,13,-20,13,-21,15,-22,16,-21,15,-22,14,-22,0,0,14,-24,14,-24,13,-24,10,-25,11,-22,10,-23,9,-22,8,-22,8,-23,6,-24,7,-24,5,-23,4,-23,2,-22,3,-23,2,-23,0,-22,1,-22,1,-22,2,-21,0,-23,1,-21,2,-21,3,-20,6,-19,5,-18,6,-16,7,-16,0,0,0,0,0,0]"
CSI_DATA,2437669,1a:00:00:00:00:00,-57,11,-95,4,43,6,2437669,47,0,128,0,"[0,0,0,0,0,0,0,0,11,-18,12,-17,14,-18,15,-18,16,-18,18,-20,19,-18,19,-14,20,-16,21,-13,20,-14,19,-14,20,-15,21,-15,19,-16,19,-16,17,-16,19,-17,18,-15,18,-15,17,-17,16,-17,15,-18,16,-18,17,-22,16,-21,17,-20,19,-22,0,0,14,-21,17,-22,15,-22,17,-21,15,-20,14,-22,13,-20,12,-19,12,-21,11,-24,12,-22,9,-21,9,-22,7,-21,8,-21,8,-21,7,-21,9,-21,9,-22,10,-21,8,-22,9,-19,10,-19,11,-17,12,-16,13,-15,12,-13,11,-11,0,0,0,0,0,0]"
CSI_DATA,2441669,1a:00:00:00:00:00,-57,11,-95,4,43,6,2441669,47,0,128,0,"[0,0,0,0,0,0,0,0,4,21,3,21,3,21,2,23,1,25,0,26,-2,26,-1,25,-2,25,-3,23,-2,26,-4,25,-3,26,-3,26,-1,24,0,24,-1,23,2,25,1,24,2,23,4,24,5,24,6,24,7,24,7,26,7,26,7,27,8,24,0,0,10,26,11,26,10,26,11,25,10,23,12,24,12,21,11,21,12,20,13,18,14,20,14,18,15,18,14,16,14,17,14,15,16,17,15,15,18,16,15,15,16,16,14,16,15,16,14,16,12,17,10,17,8,16,8,16,0,0,0,0,0,0]"
CSI_DATA,2447669,1a:00:00:00:00:00,-57,11,-95,4,43,6,2447669,47,0,128,0,"[0,0,0,0,0,0,0,0,6,22,3,21,4,22,2,24,1,25,1,27,-2,25,-2,24,-2,26,-5,24,-4,26,-4,23,-4,24,-6,24,-3,24,-2,24,-2,24,-1,26,-1,25,-1,23,1,25,1,24,1,25,2,26,1,26,3,26,2,27,5,25,0,0,4,28,2,27,2,27,3,25,3,25,4,25,4,24,5,24,5,23,6,21,7,23,8,22,7,23,8,21,7,20,8,20,10,19,8,20,8,20,7,20,8,22,6,21,6,21,5,21,3,21,1,21,-1,17,0,17,0,0,0,0,0,0]"
CSI_DATA,2451669,1a:00:00:00:00:00,-57,11,-95,4,43,6,2451669,47,0,128,0,"[0,0,0,0,0,0,0,0,-17,-14,-16,-14,-15,-16,-17,-17,-15,-18,-17,-20,-14,-20,-16,-20,-15,-21,-13,-19,-14,-21,-11,-20,-13,-20,-14,-21,-13,-20,-14,-20,-14,-19,-17,-18,-18,-17,-16,-16,-18,-17,-19,-16,-19,-16,-19,-15,-22,-16,-21,-15,-23,-16,-21,-14,0,0,-25,-13,-22,-14,-24,-14,-23,-12,-22,-15,-23,-12,-21,-10,-21,-9,-22,-10,-23,-8,-23,-7,-21,-6,-23,-6,-22,-5,-21,-4,-23,-3,-22,-2,-22,-3,-22,-1,-21,-2,-24,-3,-21,-4,-20,-4,-20,-6,-20,-8,-19,-7,-16,-8,-15,-7,0,0,0,0,0,0]"
CSI_DATA,2457769,1a:00:00:00:00:00,-57,11,-95,4,43,6,2457769,47,0,128,0,"[0,0,0,0,0,0,0,0,7,-20,9,-19,9,-21,11,-21,13,-21,13,-21,15,-20,16,-17,18,-19,18,-17,17,-18,17,-16,18,-18,17,-17,16,-17,16,-20,16,-16,17,-20,15,-18,16,-18,15,-18,16,-21,13,-20,14,-19,16,-23,13,-22,13,-23,14,-22,0,0,15,-23,17,-24,15,-22,14,-21,12,-21,13,-23,12,-20,11,-19,12,-20,8,-21,10,-22,8,-22,8,-22,7,-22,8,-22,8,-20,7,-21,7,-21,7,-22,8,-20,7,-22,9,-19,9,-19,10,-18,12,-17,12,-14,11,-12,12,-12,0,0,0,0,0,0]"
CSI_DATA,2461669,1a:00:00:00:00:00,-57,11,-95,4,43,6,2461669,47,0,128,0,"[0,0,0,0,0,0,0,0,22,1,20,2,22,1,23,3,23,5,25,6,24,7,24,8,25,6,22,8,24,8,22,8,23,9,25,10,21,8,23,8,23,6,25,4,24,3,22,3,25,3,23,1,25,0,25,1,27,1,26,0,27,2,26,0,0,0,29,-3,28,-2,26,-3,26,-3,24,-1,26,-5,25,-5,23,-4,23,-7,22,-6,22,-8,21,-6,22,-8,20,-9,20,-8,21,-10,19,-10,20,-9,20,-11,19,-10,21,-12,20,-10,19,-8,19,-6,19,-5,20,-5,17,-2,16,-2,0,0,0,0,0,0]"
CSI_DATA,2467669,1a:00:00:00:00:00,-57,11,-95,4,43,6,2467669,47,0,128,0,"[0,0,0,0,0,0,0,0,22,-1,21,1,23,1,24,1,24,3,26,6,24,5,23,7,24,7,22,9,24,8,21,9,23,9,24,11,22,11,24,9,23,8,24,5,23,6,22,6,23,5,23,5,24,5,25,4,25,4,25,4,28,6,27,2,0,0,29,4,26,5,27,5,27,3,25,3,25,4,24,3,24,3,23,1,23,0,24,0,22,-1,24,0,22,-2,22,-2,22,-2,22,-3,23,-1,22,-3,22,0,23,0,21,0,20,2,20,2,20,4,19,4,15,7,15,7,0,0,0,0,0,0]"
CSI_DATA,2471669,1a:00:00:00:00:00,-57,11,-95,4,43,6,2471669,47,0,128,0,"[0,0,0,0,0,0,0,0,-15,15,-15,12,-19,15,-19,14,-20,13,-22,13,-22,11,-21,10,-23,11,-22,9,-23,11,-21,8,-24,10,-24,9,-22,11,-21,12,-21,11,-22,14,-20,14,-19,13,-20,15,-19,15,-18,15,-20,16,-20,18,-18,19,-19,19,-19,18,0,0,-20,22,-19,18,-18,20,-18,20,-16,19,-16,20,-15,18,-13,18,-15,18,-15,21,-12,22,-10,21,-10,21,-9,20,-8,20,-9,21,-8,20,-8,22,-9,22,-10,20,-10,21,-9,20,-9,18,-10,18,-12,18,-12,16,-11,12,-12,12,0,0,0,0,0,0]"
CSI_DATA,2481669,1a:00:00:00:00:00,-57,11,-95,4,43,6,2481669,47,0,128,0,"[0,0,0,0,0,0,0,0,0,-21,3,-20,3,-22,4,-24,5,-23,5,-24,6,-24,8,-22,8,-23,10,-21,9,-24,10,-21,9,-23,10,-22,8,-23,7,-24,7,-22,5,-24,4,-22,5,-23,3,-23,4,-25,3,-24,2,-26,2,-26,1,-25,1,-27,3,-25,0,0,0,-27,1,-28,0,-26,1,-27,-1,-23,-1,-25,-2,-24,-1,-22,-4,-24,-6,-24,-5,-24,-5,-21,-8,-22,-6,-21,-7,-22,-7,-19,-10,-21,-7,-21,-9,-22,-5,-21,-7,-21,-6,-22,-4,-21,-5,-19,-2,-19,-1,-19,0,-17,1,-17,0,0,0,0,0,0]"
CSI_DATA,2487669,1a:00:00:00:00:00,-57,11,-95,4,43,6,2487669,47,0,128,0,"[0,0,0,0,0,0,0,0,-5,-22,-2,-21,-2,-22,0,-23,2,-26,1,-24,3,-25,5,-23,6,-24,9,-22,8,-24,8,-23,8,-23,8,-24,7,-23,5,-23,6,-22,5,-24,4,-22,5,-23,5,-22,5,-23,4,-24,3,-24,4,-27,2,-25,2,-27,4,-26,0,0,4,-26,3,-29,3,-25,3,-27,3,-24,3,-26,5,-24,4,-22,2,-23,0,-23,1,-23,-1,-22,-2,-23,-1,-22,-2,-22,-2,-21,-2,-23,0,-22,1,-22,1,-22,2,-22,1,-21,2,-22,3,-20,5,-19,5,-20,6,-15,7,-17,0,0,0,0,0,0]"
CSI_DATA,2491669,1a:00:00:00:00:00,-57,11,-95,4,43,6,2491669,47,0,128,0,"[0,0,0,0,0,0,0,0,15,15,13,16,15,17,15,18,15,20,15,20,14,22,12,21,11,23,9,21,11,22,9,22,11,21,10,23,11,22,13,21,11,20,15,22,13,18,13,19,13,20,15,21,16,20,16,21,15,18,17,18,19,21,19,21,0,0,21,20,21,20,19,18,20,19,17,18,19,17,17,16,17,15,17,15,20,15,20,12,19,12,21,12,19,9,21,9,20,8,21,9,19,10,21,10,18,11,20,11,19,11,18,13,17,12,15,12,15,12,12,12,11,12,0,0,0,0,0,0]"
CSI_DATA,2497669,1a:00:00:00:00:00,-57,11,-95,4,43,6,2497669,47,0,128,0,"[0,0,0,0,0,0,0,0,15,16,14,16,14,18,13,18,12,22,13,22,11,22,9,22,9,24,4,24,7,23,6,24,8,23,8,23,8,23,8,24,7,22,9,24,9,21,7,21,10,22,9,23,10,23,11,22,11,25,12,25,13,24,10,22,0,0,12,28,11,23,12,24,12,24,10,22,11,24,10,23,10,22,9,21,12,22,14,21,11,20,13,20,12,19,13,18,14,17,14,19,13,18,13,20,10,19,11,20,9,19,8,19,9,19,7,19,5,19,2,17,3,17,0,0,0,0,0,0]"
CSI_DATA,2507172,1a:00:00:00:00:00,-57,11,-95,4,43,6,2507172,47,0,128,0,"[0,0,0,0,0,0,0,0,-15,14,-17,13,-17,13,-19,13,-21,11,-22,11,-23,10,-23,9,-23,8,-23,6,-24,8,-22,5,-24,7,-24,7,-22,7,-23,8,-21,8,-25,9,-23,9,-22,8,-22,9,-22,10,-22,11,-22,10,-23,13,-23,12,-22,14,-23,13,0,0,-25,16,-24,13,-23,12,-23,14,-21,11,-23,13,-21,11,-19,11,-20,12,-19,16,-19,16,-18,14,-17,15,-15,14,-17,16,-17,14,-16,15,-16,15,-18,16,-17,13,-17,13,-17,12,-18,11,-17,11,-18,10,-17,7,-17,5,-16,4,0,0,0,0,0,0]"
CSI_DATA,2511669,1a:00:00:00:00:00,-57,11,-95,4,43,6,2511669,47,0,128,0,"[0,0,0,0,0,0,0,0,17,-12,17,-10,21,-11,21,-10,22,-9,23,-9,23,-7,24,-7,25,-7,24,-4,24,-5,23,-3,24,-6,24,-5,22,-7,23,-6,21,-7,25,-8,21,-8,21,-8,22,-8,22,-9,22,-9,22,-11,24,-11,22,-12,23,-13,23,-10,0,0,24,-16,22,-13,23,-14,23,-14,21,-11,22,-13,20,-12,19,-12,19,-12,19,-13,18,-16,16,-14,16,-15,15,-15,15,-16,15,-16,14,-17,15,-16,16,-16,16,-15,17,-15,16,-14,17,-13,16,-12,16,-11,16,-10,15,-6,15,-7,0,0,0,0,0,0]"
CSI_DATA,2517669,1a:00:00:00:00:00,-57,11,-95,4,43,6,2517669,47,0,128,0,"[0,0,0,0,0,0,0,0,17,-13,17,-12,20,-12,21,-10,21,-9,23,-11,24,-6,24,-6,25,-4,21,-2,24,-4,24,-2,24,-3,26,-3,23,-2,23,-4,23,-2,24,-4,23,-5,23,-4,23,-4,23,-5,24,-4,24,-5,25,-5,25,-7,24,-6,25,-4,0,0,27,-8,26,-5,25,-6,25,-5,23,-4,25,-5,23,-4,23,-3,23,-4,24,-7,23,-8,19,-8,21,-8,18,-7,21,-9,19,-9,20,-8,21,-7,20,-6,21,-5,22,-5,21,-4,20,-4,19,-3,20,-2,19,0,16,2,16,2,0,0,0,0,0,0]"
CSI_DATA,2523442,1a:00:00:00:00:00,-57,11,-95,4,43,6,2523442,47,0,128,0,"[0,0,0,0,0,0,0,0,17,13,14,15,15,16,15,18,14,19,15,22,12,21,11,21,10,22,8,22,9,23,5,23,5,23,6,23,6,23,8,23,6,23,8,23,7,23,5,21,7,23,9,24,10,22,7,24,7,25,8,24,7,27,7,26,0,0,7,26,6,26,5,26,5,25,5,24,6,25,5,23,4,23,4,22,4,23,5,23,6,21,5,23,7,21,6,20,6,20,6,21,5,22,5,22,4,20,3,21,2,21,0,20,-1,20,-3,20,-4,19,-5,15,-5,16,0,0,0,0,0,0]"
CSI_DATA,2523710,1a:00:00:00:00:00,-57,11,-95,4,43,6,2523710,47,0,128,0,"[0,0,0,0,0,0,0,0,-17,11,-18,9,-20,10,-21,9,-23,7,-23,6,-24,4,-23,3,-24,2,-23,-1,-24,1,-24,-4,-24,-1,-24,-3,-23,-2,-23,-2,-23,-2,-25,-1,-23,-2,-21,-2,-23,-1,-23,-1,-24,-3,-24,-2,-25,-1,-24,-1,-25,-3,-26,-2,0,0,-29,-3,-25,-4,-27,-4,-25,-4,-23,-5,-24,-6,-23,-5,-21,-5,-22,-6,-23,-4,-23,-3,-23,-4,-22,-4,-21,-3,-21,-3,-22,-3,-21,-3,-21,-4,-22,-5,-20,-6,-21,-7,-19,-7,-17,-9,-16,-10,-17,-11,-15,-12,-10,-11,-11,-12,0,0,0,0,0,0]"
CSI_DATA,2527669,1a:00:00:00:00:00,-57,11,-95,4,43,6,2527669,47,0,128,0,"[0,0,0,0,0,0,0,0,-3,21,-5,18,-6,22,-7,22,-9,22,-9,21,-12,21,-13,18,-14,21,-15,18,-15,20,-15,18,-16,18,-15,19,-14,18,-13,20,-14,18,-15,21,-15,18,-14,17,-14,19,-13,21,-14,20,-14,19,-14,21,-13,21,-14,24,-14,21,0,0,-15,20,-17,21,-15,20,-16,21,-13,18,-15,19,-15,20,-14,17,-13,17,-11,21,-10,21,-11,18,-10,20,-9,18,-11,20,-9,19,-10,19,-10,19,-12,20,-14,18,-14,18,-14,16,-13,16,-13,16,-15,14,-14,12,-15,9,-15,8,0,0,0,0,0,0]"
CSI_DATA,2531669,1a:00:00:00:00:00,-57,11,-95,4,43,6,2531669,47,0,128,0,"[0,0,0,0,0,0,0,0,-11,-18,-8,-18,-7,-20,-7,-21,-6,-22,-6,-25,-4,-25,-3,-23,-2,-24,1,-23,0,-24,1,-22,-1,-23,-2,-23,-2,-23,-2,-24,-3,-23,-4,-25,-3,-22,-3,-22,-6,-22,-5,-23,-5,-24,-6,-24,-6,-24,-10,-24,-8,-24,-6,-23,0,0,-11,-25,-8,-26,-7,-23,-7,-25,-7,-22,-8,-24,-7,-22,-6,-21,-7,-20,-8,-21,-11,-20,-11,-18,-11,-20,-11,-17,-11,-18,-11,-17,-12,-19,-10,-18,-11,-20,-9,-18,-9,-20,-9,-19,-8,-19,-9,-19,-6,-18,-4,-18,-3,-17,-2,-17,0,0,0,0,0,0]"
CSI_DATA,2537669,1a:00:00:00:00:00,-57,11,-95,4,43,6,2537669,47,0,128,0,"[0,0,0,0,0,0,0,0,-13,-17,-10,-17,-9,-20,-8,-20,-7,-23,-7,-24,-5,-24,-4,-23,-2,-24,0,-22,-1,-23,0,-24,0,-24,0,-23,1,-23,-2,-23,-1,-23,-2,-25,-1,-21,0,-21,-3,-23,-1,-24,-3,-23,-3,-24,-4,-24,-4,-24,-3,-26,-3,-25,0,0,-4,-25,-1,-27,-1,-25,-1,-26,-1,-24,-2,-25,-2,-23,-2,-23,0,-22,-1,-24,-4,-23,-5,-21,-5,-22,-5,-21,-4,-22,-3,-20,-5,-22,-3,-21,-3,-22,-1,-22,-2,-21,0,-21,0,-20,1,-19,3,-19,4,-18,6,-16,6,-16,0,0,0,0,0,0]"
CSI_DATA,2541812,1a:00:00:00:00:00,-58,11,-95,4,43,6,2541812,47,0,128,0,"[0,0,0,0,0,0,0,0,7,-20,6,-18,10,-20,11,-20,13,-20,13,-20,15,-19,15,-18,17,-19,16,-17,17,-16,16,-16,16,-17,17,-18,15,-17,14,-17,14,-17,16,-19,15,-17,16,-17,15,-18,15,-19,13,-19,14,-20,14,-22,13,-22,13,-22,13,-20,0,0,17,-23,15,-21,16,-20,15,-22,12,-20,13,-21,12,-19,12,-18,13,-20,11,-22,11,-20,8,-20,7,-20,7,-19,9,-20,9,-20,7,-20,9,-20,9,-21,8,-19,9,-19,11,-17,10,-18,11,-17,13,-16,13,-14,12,-11,13,-11,0,0,0,0,0,0]"
CSI_DATA,2543669,1a:00:00:00:00:00,-58,11,-95,4,43,6,2543669,47,0,128,0,"[0,0,0,0,0,0,0,0,-11,-18,-10,-18,-9,-20,-6,-20,-5,-23,-5,-23,-2,-24,-1,-22,1,-24,2,-23,2,-23,3,-24,3,-24,4,-24,2,-22,2,-22,3,-21,2,-24,3,-21,3,-22,4,-24,4,-23,4,-24,4,-23,3,-26,2,-24,5,-24,5,-24,0,0,4,-25,7,-27,7,-26,8,-24,7,-21,7,-24,8,-21,8,-21,8,-20,8,-23,7,-22,6,-20,6,-22,4,-20,5,-20,6,-19,7,-20,7,-19,8,-20,10,-19,9,-19,11,-18,11,-18,12,-16,14,-14,13,-13,14,-9,13,-10,0,0,0,0,0,0]"
CSI_DATA,2547669,1a:00:00:00:00:00,-57,11,-95,4,43,6,2547669,47,0,128,0,"[0,0,0,0,0,0,0,0,21,5,20,6,20,6,21,9,20,12,20,13,21,14,19,14,18,15,16,15,17,16,15,17,17,17,16,17,17,16,17,16,16,15,19,17,17,15,16,16,18,15,17,16,18,16,18,17,18,17,19,17,22,18,19,17,0,0,19,17,20,19,17,19,17,18,16,17,18,18,17,17,16,16,16,16,19,13,18,14,17,13,18,14,17,13,17,12,16,12,18,14,16,15,16,15,15,15,16,15,13,15,14,16,13,16,10,16,9,17,6,16,6,15,0,0,0,0,0,0]"
CSI_DATA,2551669,1a:00:00:00:00:00,-57,11,-95,4,43,6,2551669,47,0,128,0,"[0,0,0,0,0,0,0,0,-19,8,-19,7,-21,7,-22,5,-24,3,-24,4,-23,1,-23,2,-26,1,-22,-2,-24,0,-24,-1,-24,0,-24,-2,-22,0,-22,0,-22,0,-25,2,-22,2,-22,2,-23,2,-23,2,-22,2,-24,2,-26,5,-25,5,-25,4,-25,5,0,0,-27,4,-25,4,-24,3,-25,6,-24,4,-25,5,-23,5,-23,4,-22,4,-22,7,-22,8,-19,7,-21,7,-19,7,-19,8,-20,7,-20,7,-21,8,-20,8,-21,6,-20,6,-19,6,-20,4,-20,4,-19,3,-18,2,-17,-2,-16,-2,0,0,0,0,0,0]"
CSI_DATA,2557669,1a:00:00:00:00:00,-57,11,-95,4,43,6,2557669,47,0,128,0,"[0,0,0,0,0,0,0,0,-20,6,-19,4,-21,3,-22,2,-24,-2,-25,-1,-24,-3,-24,-4,-24,-4,-21,-6,-23,-6,-22,-8,-23,-8,-23,-8,-21,-9,-21,-7,-21,-6,-23,-6,-22,-6,-20,-7,-21,-6,-23,-5,-23,-5,-23,-7,-25,-5,-23,-6,-23,-9,-23,-8,0,0,-27,-7,-25,-8,-25,-8,-23,-8,-22,-9,-23,-7,-21,-6,-21,-7,-21,-6,-20,-7,-22,-6,-22,-6,-21,-5,-20,-5,-20,-4,-21,-4,-21,-4,-21,-4,-21,-5,-20,-8,-20,-7,-18,-9,-18,-8,-17,-10,-15,-11,-14,-10,-11,-12,-11,-12,0,0,0,0,0,0]"
CSI_DATA,2561669,1a:00:00:00:00:00,-57,11,-95,4,43,6,2561669,47,0,128,0,"[0,0,0,0,0,0,0,0,12,-17,13,-14,16,-15,17,-15,18,-13,20,-14,19,-12,22,-12,21,-13,21,-11,22,-12,20,-9,21,-10,22,-10,20,-9,20,-11,20,-10,21,-12,20,-11,18,-10,21,-12,19,-14,18,-14,18,-14,21,-14,20,-14,20,-14,22,-14,0,0,21,-16,23,-15,21,-15,20,-14,19,-15,19,-16,16,-13,17,-14,16,-14,18,-15,18,-16,16,-14,15,-13,13,-15,15,-15,15,-15,14,-15,15,-16,15,-16,14,-15,16,-14,16,-13,15,-12,16,-10,17,-9,17,-8,15,-5,14,-6,0,0,0,0,0,0]"
CSI_DATA,2565669,1a:00:00:00:00:00,-58,11,-95,4,43,6,2565669,47,0,128,0,"[0,0,0,0,0,0,0,0,1,20,-2,20,-2,21,-2,22,-5,21,-5,24,-6,23,-7,22,-8,21,-9,21,-8,22,-8,21,-9,22,-10,22,-7,21,-6,21,-5,23,-5,23,-5,22,-5,21,-3,22,-2,22,-2,23,-1,24,-2,25,-2,25,-2,25,-1,25,0,0,-1,26,-1,25,0,24,0,24,2,23,3,23,4,23,2,21,3,21,5,21,4,21,5,21,4,21,6,20,6,19,7,20,7,20,7,20,7,20,5,18,7,21,6,21,5,19,4,20,1,19,2,18,0,16,0,16,0,0,0,0,0,0]"
CSI_DATA,2571670,1a:00:00:00:00:00,-58,11,-95,4,43,6,2571670,47,0,128,0,"[0,0,0,0,0,0,0,0,3,21,1,20,0,21,-1,22,-2,22,-4,24,-3,22,-7,22,-5,22,-8,21,-7,22,-7,21,-9,21,-10,21,-8,21,-8,21,-6,22,-7,22,-7,22,-6,20,-5,21,-4,22,-4,22,-4,23,-4,25,-6,25,-4,25,-6,24,0,0,-4,27,-7,24,-6,22,-6,24,-4,22,-4,24,-4,22,-3,23,-2,22,-1,21,-3,22,-1,21,-2,21,1,20,-2,20,-1,21,-1,21,-1,21,-1,21,-2,19,-1,22,-2,21,-3,20,-4,19,-6,17,-7,18,-8,14,-8,14,0,0,0,0,0,0]"
CSI_DATA,2577670,1a:00:00:00:00:00,-58,11,-95,4,43,6,2577670,47,0,128,0,"[0,0,0,0,0,0,0,0,3,20,2,19,0,21,-1,22,-3,22,-4,23,-7,22,-7,21,-9,22,-11,20,-10,22,-10,19,-12,21,-11,21,-10,20,-10,20,-10,18,-11,21,-11,20,-11,18,-10,20,-10,22,-9,20,-10,21,-11,23,-10,23,-11,22,-10,25,0,0,-13,23,-14,23,-13,22,-12,22,-13,20,-12,22,-12,19,-11,18,-12,19,-10,19,-11,20,-9,19,-10,20,-9,19,-10,18,-11,18,-9,19,-11,18,-10,18,-11,16,-12,17,-12,15,-12,15,-14,13,-15,11,-15,10,-13,7,-14,7,0,0,0,0,0,0]"
CSI_DATA,2581970,1a:00:00:00:00:00,-58,11,-95,4,43,6,2581970,47,0,128,0,"[0,0,0,0,0,0,0,0,-6,20,-7,18,-9,19,-13,19,-13,18,-14,18,-15,16,-16,16,-18,16,-18,14,-18,15,-18,13,-17,14,-17,14,-17,14,-15,16,-16,14,-17,16,-16,14,-16,14,-17,15,-16,17,-17,16,-17,15,-16,18,-17,18,-16,19,-18,20,0,0,-19,19,-18,16,-18,16,-19,16,-16,14,-18,15,-18,15,-15,14,-17,15,-15,20,-15,17,-14,16,-14,17,-11,16,-14,18,-14,16,-13,16,-13,16,-15,15,-15,14,-16,14,-15,14,-14,12,-14,12,-16,10,-17,9,-15,5,-15,5,0,0,0,0,0,0]"
CSI_DATA,2587670,1a:00:00:00:00:00,-58,11,-95,4,43,6,2587670,47,0,128,0,"[0,0,0,0,0,0,0,0,-16,-12,-14,-13,-13,-15,-15,-16,-12,-17,-13,-20,-10,-20,-10,-21,-9,-20,-7,-20,-8,-20,-5,-20,-7,-22,-5,-23,-5,-21,-7,-22,-6,-21,-7,-20,-6,-20,-5,-20,-7,-21,-8,-20,-7,-22,-7,-22,-7,-22,-6,-23,-6,-24,-4,-23,0,0,-6,-24,-6,-26,-6,-25,-3,-21,-5,-23,-6,-23,-5,-23,-3,-21,-5,-22,-7,-22,-5,-20,-5,-20,-6,-20,-5,-19,-5,-19,-6,-20,-6,-20,-4,-21,-4,-20,-2,-19,-3,-21,-1,-20,-1,-19,1,-19,4,-18,3,-17,5,-14,6,-15,0,0,0,0,0,0]"
CSI_DATA,2593670,1a:00:00:00:00:00,-58,11,-95,4,43,6,2593670,47,0,128,0,"[0,0,0,0,0,0,0,0,6,-18,6,-19,8,-19,9,-20,9,-21,10,-21,10,-19,11,-20,11,-19,13,-19,11,-19,11,-18,12,-19,12,-19,9,-19,8,-20,8,-20,6,-22,5,-21,5,-18,4,-24,2,-22,2,-23,0,-23,3,-23,0,-24,0,-25,0,-22,0,0,-5,-23,-5,-23,-5,-26,-5,-23,-5,-23,-7,-22,-5,-21,-7,-19,-9,-20,-10,-19,-11,-20,-11,-16,-10,-17,-13,-16,-12,-14,-14,-16,-14,-14,-14,-15,-14,-16,-12,-14,-15,-14,-13,-14,-13,-14,-13,-16,-11,-14,-11,-15,-8,-15,-9,-14,0,0,0,0,0,0]"
CSI_DATA,2597670,1a:00:00:00:00:00,-58,11,-95,4,43,6,2597670,47,0,128,0,"[0,0,0,0,0,0,0,0,20,1,19,4,21,4,21,6,20,7,23,8,21,10,19,11,19,13,17,13,18,14,15,15,17,14,17,15,17,15,19,14,16,15,18,14,16,13,16,13,17,15,17,15,18,15,17,16,18,16,18,16,20,16,19,17,0,0,20,19,17,17,17,18,17,17,15,17,17,17,15,16,15,16,14,14,15,15,16,15,15,15,16,15,15,14,15,14,16,13,16,14,13,14,14,16,13,16,12,17,11,17,10,17,8,16,7,17,6,17,4,16,2,15,0,0,0,0,0,0]"
CSI_DATA,2602045,1a:00:00:00:00:00,-58,11,-95,4,43,6,2602045,47,0,128,0,"[0,0,0,0,0,0,0,0,19,-3,20,-1,21,-1,21,2,22,4,22,4,22,6,22,8,22,8,19,9,21,9,20,10,21,9,22,11,20,10,21,9,19,8,21,9,19,8,19,9,21,9,21,8,20,9,20,8,23,8,21,8,24,8,23,9,0,0,25,10,23,10,21,9,23,10,21,10,21,11,20,9,19,11,20,10,22,7,21,7,19,7,21,7,17,6,20,6,19,6,20,7,19,8,20,8,18,9,18,10,17,10,17,11,15,12,14,11,13,13,10,12,11,13,0,0,0,0,0,0]"
CSI_DATA,2609359,1a:00:00:00:00:00,-58,11,-95,4,43,6,2609359,47,0,128,0,"[0,0,0,0,0,0,0,0,-12,16,-11,16,-14,16,-14,16,-16,15,-16,16,-17,15,-17,14,-18,14,-18,12,-18,12,-17,13,-18,16,-18,15,-15,16,-14,16,-14,14,-16,18,-14,16,-14,16,-13,18,-12,18,-11,19,-12,19,-13,21,-11,23,-11,24,-9,22,0,0,-10,24,-10,24,-10,24,-9,23,-7,22,-7,24,-7,21,-7,20,-5,21,-2,21,-3,22,-1,21,-1,21,-1,19,-1,22,0,19,2,22,1,20,1,22,-1,21,0,21,0,19,-1,20,0,20,-1,18,-1,18,-4,16,-4,16,0,0,0,0,0,0]"
CSI_DATA,2613670,1a:00:00:00:00:00,-58,11,-95,4,43,6,2613670,47,0,128,0,"[0,0,0,0,0,0,0,0,-17,-8,-17,-9,-19,-10,-19,-11,-18,-12,-20,-13,-18,-13,-19,-14,-19,-14,-17,-14,-18,-14,-16,-16,-18,-13,-18,-14,-18,-13,-19,-12,-18,-11,-21,-9,-21,-8,-19,-7,-21,-9,-21,-7,-22,-4,-21,-5,-23,-4,-23,-5,-23,-4,-23,-5,0,0,-27,-1,-24,-1,-25,1,-25,1,-23,0,-23,1,-22,1,-21,2,-21,5,-22,7,-20,7,-20,6,-19,7,-18,7,-18,9,-18,10,-18,10,-19,10,-17,10,-18,10,-18,10,-17,9,-18,9,-17,7,-17,7,-18,7,-15,4,-16,3,0,0,0,0,0,0]"
CSI_DATA,2617670,1a:00:00:00:00:00,-58,11,-95,4,43,6,2617670,47,0,128,0,"[0,0,0,0,0,0,0,0,-3,-19,-2,-19,-1,-21,3,-21,2,-22,5,-23,5,-23,6,-21,9,-22,11,-18,11,-20,11,-18,11,-20,13,-20,12,-18,11,-19,11,-18,11,-20,10,-18,12,-19,10,-19,11,-18,12,-19,12,-20,12,-21,12,-19,13,-19,17,-20,0,0,14,-20,16,-20,13,-18,14,-21,13,-18,15,-18,14,-17,14,-15,14,-15,13,-17,14,-18,12,-16,12,-16,12,-16,13,-17,11,-16,13,-16,14,-15,13,-15,15,-13,16,-13,16,-12,16,-11,16,-10,16,-9,18,-6,15,-4,14,-4,0,0,0,0,0,0]"
CSI_DATA,2625853,1a:00:00:00:00:00,-58,11,-95,4,43,6,2625853,47,0,128,0,"[0,0,0,0,0,0,0,0,8,-18,9,-17,10,-18,11,-18,14,-18,14,-18,15,-17,17,-16,17,-16,17,-12,18,-13,17,-14,17,-15,18,-14,15,-14,15,-14,16,-14,17,-16,16,-16,16,-14,15,-15,15,-16,14,-17,16,-15,14,-19,14,-19,14,-18,16,-18,0,0,15,-21,18,-19,17,-18,16,-17,15,-16,14,-19,14,-16,13,-15,14,-18,10,-20,13,-19,10,-17,11,-18,9,-17,10,-18,10,-17,9,-17,11,-18,11,-18,11,-16,11,-17,12,-14,12,-15,13,-14,14,-13,15,-11,13,-8,13,-9,0,0,0,0,0,0]"
CSI_DATA,2627670,1a:00:00:00:00:00,-58,11,-95,4,43,6,2627670,47,0,128,0,"[0,0,0,0,0,0,0,0,12,15,12,15,11,17,11,19,9,19,9,22,7,20,5,22,3,23,1,22,1,22,0,22,1,23,-1,21,2,22,1,23,0,22,1,24,0,22,0,19,0,21,0,21,0,22,-1,22,0,23,0,25,2,25,0,23,0,0,-2,27,-3,25,-3,23,-4,23,-2,21,-4,24,-4,23,-3,21,-4,21,-4,22,-2,22,-3,19,-1,21,-2,19,-2,19,-2,18,-3,20,-5,21,-6,20,-6,18,-7,19,-7,18,-9,18,-9,16,-10,15,-10,13,-12,11,-11,11,0,0,0,0,0,0]"
CSI_DATA,2639670,1a:00:00:00:00:00,-58,11,-95,4,43,6,2639670,47,0,128,0,"[0,0,0,0,0,0,0,0,-9,16,-10,16,-14,17,-14,15,-15,16,-15,17,-17,15,-16,14,-18,14,-18,12,-19,13,-18,13,-18,14,-17,14,-17,14,-15,15,-16,14,-17,18,-14,15,-14,16,-15,17,-15,17,-14,17,-13,17,-15,19,-11,21,-13,21,-14,19,0,0,-13,22,-13,22,-13,22,-13,22,-11,18,-11,19,-11,17,-10,18,-9,19,-8,23,-7,21,-6,18,-5,20,-5,19,-4,21,-4,18,-4,19,-5,20,-5,20,-5,20,-6,20,-6,18,-5,19,-6,17,-8,18,-8,16,-9,14,-7,14,0,0,0,0,0,0]"
CSI_DATA,2643670,1a:00:00:00:00:00,-58,11,-95,4,43,6,2643670,47,0,128,0,"[0,0,0,0,0,0,0,0,-2,-19,-1,-18,-1,-20,1,-21,0,-22,1,-23,3,-23,3,-21,3,-21,6,-21,5,-20,3,-22,3,-22,3,-21,1,-22,1,-22,1,-21,-1,-22,-1,-19,-1,-22,-3,-20,-4,-23,-4,-22,-4,-23,-6,-24,-7,-22,-8,-23,-5,-22,0,0,-8,-23,-9,-24,-9,-21,-10,-22,-9,-20,-9,-21,-12,-19,-10,-18,-11,-17,-12,-16,-13,-16,-14,-14,-15,-14,-14,-12,-15,-13,-14,-14,-18,-13,-16,-13,-15,-13,-14,-13,-15,-13,-15,-13,-15,-13,-15,-13,-12,-13,-10,-13,-9,-13,-9,-12,0,0,0,0,0,0]"
CSI_DATA,2649670,1a:00:00:00:00:00,-58,11,-95,4,43,6,2649670,47,0,128,0,"[0,0,0,0,0,0,0,0,-5,-19,-3,-18,-2,-19,-1,-21,0,-21,-1,-23,1,-22,3,-22,3,-23,4,-20,5,-21,4,-21,3,-21,4,-22,2,-22,1,-21,1,-21,0,-22,0,-21,0,-21,-2,-21,-1,-22,-2,-23,-3,-23,-3,-23,-6,-22,-2,-25,-4,-22,0,0,-4,-24,-5,-25,-5,-23,-4,-23,-6,-21,-6,-22,-6,-21,-5,-19,-6,-20,-8,-19,-8,-21,-9,-18,-10,-18,-9,-17,-9,-17,-9,-17,-11,-17,-11,-18,-10,-18,-9,-17,-9,-18,-7,-17,-8,-17,-7,-18,-5,-18,-4,-16,-1,-15,-1,-14,0,0,0,0,0,0]"
CSI_DATA,2653670,1a:00:00:00:00:00,-58,11,-95,4,43,6,2653670,47,0,128,0,"[0,0,0,0,0,0,0,0,14,13,14,13,15,13,15,14,14,17,13,17,13,18,13,18,13,17,12,18,12,18,13,19,12,17,15,17,14,18,15,16,13,16,16,15,16,14,15,14,16,13,18,15,18,12,18,13,20,11,20,12,24,10,21,11,0,0,23,13,21,11,21,9,22,10,20,8,21,8,19,8,20,7,21,6,22,3,21,3,21,2,21,0,19,1,20,1,21,1,20,-1,20,0,20,0,20,2,19,1,20,2,19,1,19,1,18,2,17,3,15,5,15,5,0,0,0,0,0,0]"
CSI_DATA,2657688,1a:00:00:00:00:00,-58,11,-95,4,43,6,2657688,47,0,128,0,"[0,0,0,0,0,0,0,0,-20,-3,-17,-4,-19,-6,-19,-6,-18,-9,-20,-10,-18,-12,-17,-13,-17,-16,-14,-16,-15,-15,-12,-16,-12,-17,-13,-17,-13,-17,-13,-17,-11,-17,-14,-17,-12,-15,-12,-15,-14,-17,-13,-18,-12,-18,-13,-18,-13,-17,-13,-19,-13,-20,-12,-21,0,0,-12,-20,-12,-21,-11,-20,-10,-21,-10,-21,-9,-21,-9,-20,-7,-19,-7,-19,-9,-19,-9,-19,-8,-19,-8,-19,-8,-18,-8,-18,-7,-18,-8,-18,-6,-18,-6,-20,-4,-19,-3,-19,-2,-19,-1,-19,0,-18,0,-17,4,-17,5,-13,5,-14,0,0,0,0,0,0]"
CSI_DATA,2663747,1a:00:00:00:00:00,-58,11,-95,4,43,6,2663747,47,0,128,0,"[0,0,0,0,0,0,0,0,-18,6,-17,4,-19,5,-20,4,-20,2,-21,3,-22,0,-21,1,-22,0,-21,-1,-22,-1,-21,-1,-21,0,-21,0,-21,1,-21,2,-19,1,-24,4,-20,4,-20,5,-19,5,-19,6,-20,6,-20,7,-22,8,-21,9,-21,10,-20,8,0,0,-23,11,-22,11,-19,10,-21,12,-18,11,-19,12,-18,12,-17,11,-17,12,-16,12,-14,16,-13,14,-15,15,-12,13,-12,15,-12,14,-13,16,-11,16,-13,16,-12,14,-13,14,-13,14,-12,13,-12,12,-13,12,-14,12,-13,10,-12,10,0,0,0,0,0,0]"
CSI_DATA,2670245,1a:00:00:00:00:00,-58,11,-95,4,43,6,2670245,47,0,128,0,"[0,0,0,0,0,0,0,0,-17,-9,-16,-10,-15,-11,-16,-13,-14,-14,-16,-15,-14,-17,-13,-16,-13,-17,-11,-17,-13,-17,-11,-17,-11,-19,-11,-19,-11,-18,-11,-18,-11,-17,-13,-17,-14,-16,-11,-16,-13,-17,-14,-15,-14,-15,-14,-16,-15,-16,-16,-16,-13,-18,-13,-18,0,0,-16,-17,-15,-19,-16,-18,-15,-16,-15,-16,-16,-16,-14,-15,-14,-13,-16,-13,-17,-11,-16,-13,-16,-12,-15,-12,-16,-12,-16,-10,-15,-11,-16,-11,-16,-11,-16,-11,-14,-11,-15,-11,-14,-11,-12,-12,-13,-14,-11,-14,-10,-14,-7,-13,-6,-13,0,0,0,0,0,0]"
CSI_DATA,2673670,1a:00:00:00:00:00,-58,11,-95,4,43,6,2673670,47,0,128,0,"[0,0,0,0,0,0,0,0,13,-12,15,-10,16,-11,16,-11,18,-10,19,-11,19,-9,20,-8,21,-9,20,-7,20,-9,20,-7,20,-9,20,-9,18,-9,18,-9,17,-9,19,-12,17,-10,18,-10,17,-12,16,-14,16,-13,16,-13,18,-15,15,-18,17,-17,17,-16,0,0,15,-16,16,-18,15,-17,17,-17,13,-17,13,-18,12,-17,11,-16,11,-16,10,-21,9,-19,7,-17,7,-19,6,-17,7,-19,5,-19,5,-19,5,-18,5,-20,7,-17,6,-17,6,-16,7,-17,7,-16,7,-15,7,-15,7,-12,8,-13,0,0,0,0,0,0]"
CSI_DATA,2679867,1a:00:00:00:00:00,-58,11,-95,4,43,6,2679867,47,0,128,0,"[0,0,0,0,0,0,0,0,-8,17,-10,14,-11,16,-11,17,-13,16,-14,16,-14,14,-15,14,-17,14,-17,11,-18,13,-17,12,-18,13,-19,12,-16,13,-16,14,-16,14,-17,15,-15,14,-15,13,-14,14,-14,15,-13,16,-13,15,-16,16,-13,17,-14,17,-15,16,0,0,-14,20,-15,18,-15,19,-14,18,-14,16,-13,19,-11,17,-12,16,-12,18,-11,19,-10,17,-10,16,-9,17,-9,17,-7,17,-8,18,-8,18,-8,18,-8,17,-10,17,-10,16,-10,16,-10,14,-10,14,-11,13,-12,12,-11,8,-12,9,0,0,0,0,0,0]"
CSI_DATA,2683670,1a:00:00:00:00:00,-58,11,-95,4,43,6,2683670,47,0,128,0,"[0,0,0,0,0,0,0,0,-6,17,-6,17,-8,17,-9,18,-10,18,-11,19,-12,17,-13,17,-13,18,-14,15,-12,16,-13,15,-14,16,-13,17,-11,16,-10,16,-10,17,-11,20,-10,17,-10,16,-8,18,-9,19,-7,20,-7,19,-7,22,-6,22,-6,21,-7,21,0,0,-5,21,-7,23,-4,22,-4,21,-3,20,-4,22,-3,19,-2,18,-1,19,1,21,0,21,2,19,2,19,3,18,3,18,3,18,4,19,4,19,3,20,2,19,3,19,1,18,3,19,2,18,0,18,0,17,-2,15,-2,15,0,0,0,0,0,0]"
CSI_DATA,2689670,1a:00:00:00:00:00,-59,11,-95,4,43,6,2689670,47,0,128,0,"[0,0,0,0,0,0,0,0,-6,18,-5,16,-7,18,-8,18,-10,18,-11,18,-13,18,-12,15,-13,17,-13,16,-13,16,-14,16,-14,16,-14,15,-13,16,-12,16,-12,15,-14,19,-12,17,-11,16,-10,17,-10,17,-10,18,-9,18,-12,21,-8,21,-10,21,-10,20,0,0,-11,21,-12,21,-10,21,-10,21,-10,17,-9,19,-9,20,-8,20,-8,18,-6,19,-6,20,-5,17,-5,20,-5,17,-5,18,-4,19,-5,19,-5,18,-5,19,-5,18,-5,19,-6,17,-5,17,-8,16,-9,15,-8,13,-9,12,-10,12,0,0,0,0,0,0]"
CSI_DATA,2696344,1a:00:00:00:00:00,-59,11,-95,4,43,6,2696344,47,0,128,0,"[0,0,0,0,0,0,0,0,-16,-7,-15,-8,-16,-9,-15,-12,-16,-13,-15,-14,-14,-15,-13,-16,-11,-17,-10,-18,-10,-19,-9,-18,-10,-18,-10,-19,-9,-18,-11,-19,-9,-18,-11,-18,-9,-17,-9,-17,-10,-19,-10,-19,-10,-18,-10,-18,-10,-19,-11,-20,-12,-21,-8,-20,0,0,-9,-19,-10,-23,-10,-20,-9,-21,-7,-20,-7,-20,-8,-18,-6,-18,-8,-17,-10,-17,-9,-17,-7,-16,-8,-18,-8,-17,-8,-18,-8,-17,-9,-17,-7,-17,-7,-17,-6,-18,-5,-17,-4,-18,-3,-18,-3,-18,-2,-17,1,-17,3,-14,3,-13,0,0,0,0,0,0]"
CSI_DATA,2701670,1a:00:00:00:00:00,-59,11,-95,4,43,6,2701670,47,0,128,0,"[0,0,0,0,0,0,0,0,-5,17,-7,17,-7,18,-8,18,-11,17,-12,17,-13,15,-14,15,-15,14,-16,13,-16,13,-16,12,-17,13,-18,11,-17,9,-17,10,-16,11,-17,12,-16,11,-16,11,-17,12,-17,12,-16,12,-18,11,-19,13,-18,11,-18,12,-19,12,0,0,-22,12,-21,11,-21,11,-20,10,-17,8,-19,10,-17,8,-18,8,-17,8,-18,8,-19,8,-17,8,-17,7,-15,8,-17,8,-17,7,-17,9,-18,7,-18,6,-16,6,-18,6,-16,5,-17,2,-17,1,-16,-1,-16,-2,-13,-3,-13,-4,0,0,0,0,0,0]"
CSI_DATA,2705765,1a:00:00:00:00:00,-59,11,-95,4,43,6,2705765,47,0,128,0,"[0,0,0,0,0,0,0,0,10,-16,10,-14,11,-15,12,-16,13,-13,15,-15,16,-13,17,-11,18,-12,19,-8,18,-8,19,-7,18,-8,19,-9,17,-7,18,-8,17,-8,19,-11,17,-10,17,-10,18,-10,18,-9,18,-9,19,-9,19,-10,19,-12,20,-11,19,-7,0,0,21,-12,20,-11,18,-12,18,-10,19,-8,20,-9,18,-8,17,-6,17,-7,20,-9,18,-10,17,-10,15,-10,15,-9,16,-9,16,-10,15,-11,16,-8,17,-8,17,-6,16,-6,17,-5,18,-6,17,-5,17,-2,17,-3,15,0,13,1,0,0,0,0,0,0]"
CSI_DATA,2711947,1a:00:00:00:00:00,-59,11,-95,4,43,6,2711947,47,0,128,0,"[0,0,0,0,0,0,0,0,-3,17,-3,16,-5,19,-5,19,-7,19,-7,20,-7,20,-8,19,-8,20,-9,18,-7,18,-8,18,-7,19,-7,20,-5,21,-3,22,-4,19,-3,22,-2,20,-1,19,0,20,0,22,0,20,2,21,2,21,5,22,5,22,4,22,0,0,5,20,8,22,8,21,9,20,8,19,8,20,9,19,10,17,10,17,13,17,15,15,14,14,15,13,13,12,14,12,14,11,16,11,16,11,16,12,14,11,14,11,14,11,14,10,13,10,12,11,10,12,9,11,9,11,0,0,0,0,0,0]"
CSI_DATA,2721670,1a:00:00:00:00:00,-59,11,-95,4,43,6,2721670,47,0,128,0,"[0,0,0,0,0,0,0,0,-6,15,-8,16,-8,16,-8,17,-9,16,-11,21,-11,17,-11,17,-11,16,-13,16,-10,17,-12,16,-11,17,-13,17,-9,17,-8,19,-7,19,-7,19,-5,19,-3,18,-4,20,-3,21,-2,20,-2,20,-1,23,0,22,3,25,4,18,0,0,1,26,3,21,4,21,6,22,6,18,6,20,7,20,7,18,8,16,8,16,9,16,11,16,12,15,12,14,13,13,12,13,13,12,13,14,14,12,13,12,13,13,14,11,12,12,12,12,11,12,10,13,7,11,9,12,0,0,0,0,0,0]"
CSI_DATA,2728289,1a:00:00:00:00:00,-59,11,-95,4,43,6,2728289,47,0,128,0,"[0,0,0,0,0,0,0,0,16,-8,15,-7,17,-8,18,-8,19,-6,21,-5,20,-5,20,-4,21,-5,20,-3,20,-3,18,-4,20,-3,20,-5,18,-5,18,-5,18,-5,21,-7,19,-7,19,-6,19,-8,19,-8,19,-9,19,-9,20,-11,19,-11,18,-12,18,-12,0,0,19,-16,18,-12,18,-11,17,-13,16,-11,16,-14,15,-10,16,-12,15,-12,14,-14,13,-16,11,-15,11,-15,10,-14,13,-15,12,-15,10,-15,10,-16,11,-15,11,-14,11,-15,11,-13,11,-13,11,-13,12,-12,12,-11,11,-7,11,-9,0,0,0,0,0,0]"
CSI_DATA,2731958,1a:00:00:00:00:00,-59,11,-95,4,43,6,2731958,47,0,128,0,"[0,0,0,0,0,0,0,0,1,18,1,17,1,18,-1,18,-3,20,-2,21,-3,21,-4,19,-5,20,-4,18,-3,20,-4,21,-3,20,-3,20,-2,20,0,20,0,20,2,21,1,19,2,20,2,20,4,21,6,19,6,20,8,21,10,21,9,20,9,20,0,0,9,19,9,22,10,20,10,19,11,19,12,19,11,16,12,14,12,17,16,15,15,14,15,12,15,12,15,10,15,10,15,10,16,9,17,9,16,10,14,10,16,9,14,8,17,9,15,10,13,9,12,9,12,10,10,10,0,0,0,0,0,0]"
CSI_DATA,2732098,1a:00:00:00:00:00,-59,11,-95,4,43,6,2732098,47,0,128,0,"[0,0,0,0,0,0,0,0,17,-1,17,0,18,-1,20,1,20,1,21,1,20,2,20,2,21,4,19,5,20,3,20,5,19,2,20,3,19,2,19,0,19,-1,21,-3,20,-2,18,-4,19,-5,21,-4,19,-4,20,-7,20,-7,20,-7,20,-9,21,-7,0,0,23,-10,19,-9,17,-11,19,-12,17,-11,18,-11,15,-10,15,-11,14,-13,13,-15,11,-14,12,-14,11,-14,10,-13,9,-16,9,-16,8,-17,9,-15,10,-15,9,-15,11,-16,9,-15,10,-14,8,-14,11,-14,10,-13,9,-9,10,-10,0,0,0,0,0,0]"
CSI_DATA,2737217,1a:00:00:00:00:00,-59,11,-95,4,43,6,2737217,47,0,128,0,"[0,0,0,0,0,0,0,0,14,12,12,14,13,13,14,14,12,16,13,16,12,18,12,15,12,18,10,16,11,17,11,17,12,17,13,17,12,16,14,14,14,15,14,15,16,13,14,12,16,12,17,13,17,11,18,12,19,12,19,10,21,12,19,10,0,0,21,9,22,9,20,9,20,8,19,7,21,6,20,5,19,4,20,3,20,1,21,1,19,0,20,-1,17,0,19,-1,18,-1,19,-2,18,-2,19,-4,17,-3,18,-3,18,-1,18,0,17,0,18,-1,16,-1,14,2,14,3,0,0,0,0,0,0]"
CSI_DATA,2742260,1a:00:00:00:00:00,-59,11,-95,4,43,6,2742260,47,0,128,0,"[0,0,0,0,0,0,0,0,-13,13,-14,10,-13,12,-15,11,-16,11,-18,14,-17,10,-18,11,-19,11,-19,9,-18,9,-17,10,-18,11,-18,11,-16,11,-16,13,-14,11,-16,14,-14,13,-14,13,-13,15,-13,16,-13,18,-12,15,-13,18,-13,19,-12,19,-10,20,0,0,-13,22,-10,21,-11,20,-10,22,-7,19,-8,19,-7,18,-7,19,-5,17,-3,20,-4,19,-2,18,-1,19,0,17,0,20,-1,18,1,19,0,18,1,19,0,19,0,19,0,17,-1,18,0,17,-2,17,-4,15,-3,15,-4,14,0,0,0,0,0,0]"
CSI_DATA,2749457,1a:00:00:00:00:00,-59,11,-95,4,43,6,2749457,47,0,128,0,"[0,0,0,0,0,0,0,0,15,9,13,10,15,11,15,13,14,14,15,15,13,16,12,16,12,17,9,17,10,17,8,17,10,17,10,18,10,18,11,18,10,16,12,15,11,15,12,14,11,15,12,17,12,16,12,16,13,16,13,17,15,17,14,18,0,0,13,17,15,17,15,16,13,18,13,16,12,18,13,15,12,16,12,14,13,15,14,14,13,13,14,14,13,11,14,13,13,11,15,12,13,12,12,13,13,14,12,14,12,14,10,13,11,14,9,14,8,14,5,13,6,12,0,0,0,0,0,0]"
CSI_DATA,2754108,1a:00:00:00:00:00,-59,11,-95,4,43,6,2754108,47,0,128,0,"[0,0,0,0,0,0,0,0,-18,5,-17,4,-18,3,-19,2,-21,-1,-21,1,-21,-3,-18,-2,-20,-2,-19,-4,-19,-3,-20,-6,-20,-4,-20,-4,-18,-4,-20,-4,-18,-3,-22,-2,-19,-1,-19,-2,-19,-1,-20,-2,-19,-1,-20,-2,-22,0,-22,-1,-23,1,-21,1,0,0,-21,2,-21,0,-20,-1,-22,0,-17,-1,-21,0,-20,0,-20,0,-18,1,-20,2,-19,2,-18,3,-17,3,-16,4,-19,4,-17,3,-18,4,-18,4,-18,4,-17,3,-19,2,-16,1,-18,1,-17,1,-16,-1,-15,-2,-15,-3,-12,-4,0,0,0,0,0,0]"
CSI_DATA,2757748,1a:00:00:00:00:00,-59,11,-95,4,43,6,2757748,47,0,128,0,"[0,0,0,0,0,0,0,0,-18,3,-17,0,-19,-1,-20,-1,-20,-2,-20,-3,-20,-4,-20,-5,-20,-4,-19,-5,-19,-5,-19,-6,-19,-5,-20,-5,-18,-3,-19,-3,-19,-2,-21,-1,-20,-2,-19,-2,-20,-1,-20,0,-19,1,-21,3,-22,4,-21,4,-21,4,-21,3,0,0,-22,5,-23,4,-21,4,-22,5,-19,4,-21,5,-18,6,-17,5,-18,7,-18,8,-20,8,-15,8,-16,9,-14,9,-15,10,-16,9,-15,11,-15,11,-16,11,-16,9,-16,10,-15,9,-16,8,-15,7,-15,6,-15,6,-13,4,-14,4,0,0,0,0,0,0]"
CSI_DATA,2760032,1a:00:00:00:00:00,-59,11,-95,4,43,6,2760032,47,0,128,0,"[0,0,0,0,0,0,0,0,-16,-8,-14,-10,-15,-10,-16,-11,-13,-13,-15,-13,-13,-15,-11,-14,-12,-16,-10,-16,-12,-17,-9,-17,-9,-17,-9,-18,-9,-16,-9,-17,-10,-17,-11,-17,-10,-17,-9,-16,-11,-17,-12,-16,-12,-15,-12,-17,-12,-17,-13,-19,-12,-20,-10,-18,0,0,-13,-18,-12,-19,-12,-18,-11,-19,-10,-17,-12,-18,-10,-17,-10,-16,-9,-15,-11,-16,-11,-17,-10,-16,-11,-16,-11,-15,-11,-15,-10,-15,-11,-15,-10,-15,-11,-15,-9,-15,-10,-16,-7,-16,-7,-15,-6,-17,-5,-16,-3,-16,-2,-14,-1,-13,0,0,0,0,0,0]"
CSI_DATA,2761670,1a:00:00:00:00:00,-59,11,-95,4,43,6,2761670,47,0,128,0,"[0,0,0,0,0,0,0,0,12,-12,14,-10,15,-10,16,-11,17,-12,17,-12,17,-10,18,-9,18,-10,17,-7,19,-10,18,-8,19,-10,18,-11,18,-10,17,-12,16,-11,16,-14,13,-13,15,-13,14,-13,13,-14,13,-15,12,-16,13,-17,11,-18,11,-20,10,-18,0,0,11,-19,10,-20,6,-20,8,-21,6,-18,6,-20,6,-18,6,-18,5,-17,3,-19,2,-19,1,-18,0,-19,0,-17,-2,-18,-2,-18,-3,-17,-3,-18,-2,-19,-3,-18,-2,-18,-3,-18,-2,-18,-2,-17,0,-17,0,-16,1,-14,1,-14,0,0,0,0,0,0]"
CSI_DATA,2768432,1a:00:00:00:00:00,-59,11,-95,4,43,6,2768432,47,0,128,0,"[0,0,0,0,0,0,0,0,-1,18,-1,17,-2,19,-3,19,-5,20,-5,19,-7,20,-7,19,-8,19,-11,17,-9,18,-8,19,-8,19,-8,18,-8,19,-7,19,-5,18,-7,21,-6,18,-6,19,-5,19,-5,20,-5,18,-5,20,-4,21,-3,21,-3,22,-3,21,0,0,-4,23,-3,24,-2,22,-2,23,-2,19,-2,21,-3,20,-1,19,-2,19,0,22,1,21,3,19,2,20,3,18,1,18,2,17,4,19,2,18,3,19,1,17,2,19,1,17,0,17,0,17,-2,16,-3,15,-4,14,-3,13,0,0,0,0,0,0]"
CSI_DATA,2771671,1a:00:00:00:00:00,-59,11,-95,4,43,6,2771671,47,0,128,0,"[0,0,0,0,0,0,0,0,-8,16,-8,15,-9,16,-9,15,-10,17,-11,17,-11,17,-13,15,-13,16,-14,13,-14,15,-13,14,-13,17,-12,16,-10,16,-9,17,-9,17,-9,18,-8,19,-7,16,-6,19,-7,21,-6,18,-6,20,-5,21,-5,22,-4,22,-5,21,0,0,-3,22,-1,22,-1,23,-1,22,0,19,-1,22,1,19,3,18,2,19,5,20,4,20,6,17,7,17,7,16,6,16,7,17,9,16,8,18,8,18,6,18,8,16,8,15,7,16,7,16,6,15,5,15,3,13,3,13,0,0,0,0,0,0]"
CSI_DATA,2777671,1a:00:00:00:00:00,-59,11,-95,4,43,6,2777671,47,0,128,0,"[0,0,0,0,0,0,0,0,-6,15,-6,14,-9,16,-10,17,-10,16,-10,17,-13,17,-13,16,-15,15,-14,14,-14,16,-13,14,-14,15,-14,16,-11,16,-12,17,-11,16,-11,17,-11,15,-10,16,-8,16,-10,19,-7,18,-8,18,-9,18,-7,21,-7,23,-9,19,0,0,-6,21,-6,22,-7,21,-7,22,-6,19,-6,20,-5,19,-5,19,-3,19,-1,21,-1,20,1,19,1,18,1,17,1,18,0,18,1,18,0,19,0,19,0,18,0,19,0,18,0,18,1,17,-3,16,-3,16,-4,13,-4,13,0,0,0,0,0,0]"
CSI_DATA,2785671,1a:00:00:00:00:00,-59,11,-95,4,43,6,2785671,47,0,128,0,"[0,0,0,0,0,0,0,0,13,-11,15,-10,15,-10,16,-8,19,-6,20,-6,20,-4,19,-4,21,-3,20,-1,20,-1,20,2,21,-1,20,1,20,1,21,0,18,1,21,-1,19,0,18,1,19,0,21,1,20,1,20,2,20,1,22,2,24,2,22,1,0,0,22,4,22,5,22,3,22,4,20,4,21,5,19,5,18,5,19,6,22,4,18,3,18,3,19,3,17,3,18,4,16,4,18,4,17,5,18,5,16,5,17,6,15,8,15,9,15,10,14,9,12,10,9,11,9,12,0,0,0,0,0,0]"
CSI_DATA,2791671,1a:00:00:00:00:00,-59,11,-95,4,43,6,2791671,47,0,128,0,"[0,0,0,0,0,0,0,0,14,11,14,12,14,12,14,12,14,16,13,16,13,16,12,14,14,17,11,17,12,16,11,16,13,15,13,16,12,15,14,15,14,13,16,13,15,11,15,11,16,12,17,11,18,11,18,10,20,9,20,9,21,9,18,6,0,0,22,7,19,7,20,6,20,6,18,5,21,6,18,4,18,4,19,2,21,0,20,0,17,0,19,0,16,-1,17,-3,17,-2,18,-3,17,-3,18,-3,17,-2,16,-2,17,-3,17,-1,17,-1,16,-1,15,0,14,2,15,2,0,0,0,0,0,0]"
CSI_DATA,2795671,1a:00:00:00:00:00,-59,11,-95,4,43,6,2795671,47,0,128,0,"[0,0,0,0,0,0,0,0,-18,-2,-16,-2,-17,-3,-18,-5,-18,-4,-20,-5,-19,-6,-20,-6,-21,-6,-18,-7,-19,-6,-18,-5,-20,-4,-21,-4,-18,-2,-19,-3,-18,-2,-21,0,-19,0,-18,1,-18,1,-19,3,-18,3,-20,4,-20,6,-19,6,-20,7,-20,6,0,0,-18,9,-21,10,-18,9,-19,10,-17,10,-17,11,-16,11,-14,9,-13,13,-12,14,-11,15,-11,14,-11,14,-9,14,-10,16,-8,15,-8,17,-8,17,-7,17,-8,15,-7,16,-8,14,-8,16,-6,15,-9,15,-8,13,-9,12,-9,11,0,0,0,0,0,0]"
CSI_DATA,2801671,1a:00:00:00:00:00,-59,11,-95,4,43,6,2801671,47,0,128,0,"[0,0,0,0,0,0,0,0,-17,-1,-16,-1,-19,-3,-18,-3,-19,-5,-19,-5,-19,-6,-20,-6,-19,-7,-18,-7,-20,-7,-17,-7,-21,-6,-21,-6,-18,-6,-19,-3,-19,-4,-19,-2,-19,-2,-18,-2,-21,-3,-20,-3,-19,-2,-21,0,-21,4,-20,3,-23,5,-21,4,0,0,-21,5,-22,3,-22,4,-21,7,-19,4,-21,7,-18,6,-18,5,-17,7,-16,9,-16,10,-14,10,-16,10,-14,10,-15,10,-13,11,-13,12,-14,13,-16,12,-14,12,-14,12,-14,9,-14,9,-13,10,-15,9,-14,7,-13,5,-13,5,0,0,0,0,0,0]"
CSI_DATA,2811964,1a:00:00:00:00:00,-59,11,-95,4,43,6,2811964,47,0,128,0,"[0,0,0,0,0,0,0,0,-16,-7,-15,-7,-17,-7,-16,-10,-16,-12,-17,-12,-15,-13,-14,-13,-16,-12,-14,-13,-15,-13,-14,-14,-16,-11,-17,-13,-16,-12,-16,-11,-15,-10,-19,-10,-17,-7,-16,-9,-17,-10,-18,-10,-18,-7,-18,-6,-21,-8,-20,-7,-20,-6,-20,-5,0,0,-24,-5,-21,-7,-21,-7,-21,-5,-19,-5,-19,-3,-18,-3,-19,-2,-17,0,-18,0,-19,2,-18,0,-18,1,-17,2,-19,3,-17,2,-18,3,-18,4,-18,4,-16,3,-18,2,-16,2,-17,2,-17,2,-16,1,-16,-1,-14,-2,-14,-2,0,0,0,0,0,0]"
CSI_DATA,2816522,1a:00:00:00:00:00,-59,11,-95,4,43,6,2816522,47,0,128,0,"[0,0,0,0,0,0,0,0,9,-16,10,-15,10,-16,11,-17,13,-15,12,-18,13,-15,14,-16,13,-16,13,-15,13,-14,12,-15,15,-15,14,-15,12,-15,13,-16,11,-16,11,-16,10,-17,8,-15,10,-18,7,-18,6,-20,7,-19,8,-19,6,-21,6,-22,7,-19,0,0,5,-24,5,-22,4,-24,3,-20,3,-20,2,-20,3,-19,2,-20,0,-20,-1,-18,0,-21,-2,-20,-2,-19,-4,-19,-3,-18,-4,-18,-6,-17,-5,-19,-5,-18,-4,-17,-5,-18,-4,-16,-3,-17,-2,-16,-2,-18,-2,-16,0,-13,1,-14,0,0,0,0,0,0]"
CSI_DATA,2821523,1a:00:00:00:00:00,-59,11,-95,4,43,6,2821523,47,0,128,0,"[0,0,0,0,0,0,0,0,-18,-1,-17,-1,-19,-2,-19,-4,-19,-4,-20,-5,-19,-6,-20,-5,-20,-7,-18,-7,-20,-6,-18,-9,-20,-6,-19,-7,-20,-6,-19,-4,-19,-4,-21,-2,-20,-2,-19,-2,-20,-2,-19,-1,-21,-1,-21,1,-22,1,-22,3,-21,3,-22,3,0,0,-23,6,-22,4,-21,3,-22,5,-19,5,-20,5,-20,4,-19,6,-19,8,-20,11,-17,10,-16,10,-17,10,-15,10,-15,12,-15,12,-15,11,-14,11,-16,12,-15,11,-15,11,-16,10,-15,9,-14,8,-14,9,-15,8,-13,6,-13,5,0,0,0,0,0,0]"
CSI_DATA,2826436,1a:00:00:00:00:00,-59,11,-95,4,43,6,2826436,47,0,128,0,"[0,0,0,0,0,0,0,0,11,14,10,16,10,16,10,17,9,19,10,19,10,19,8,19,8,20,6,18,8,19,8,19,7,19,7,19,8,19,9,19,11,17,10,18,11,16,9,16,12,16,13,15,13,16,14,16,15,16,17,14,18,17,17,14,0,0,20,16,17,13,18,15,18,12,17,13,18,12,17,10,17,10,16,10,20,8,18,7,17,7,19,6,17,6,19,4,18,3,19,4,18,4,19,3,18,4,19,3,18,4,17,5,16,6,16,6,14,6,13,8,13,8,0,0,0,0,0,0]"
CSI_DATA,2831177,1a:00:00:00:00:00,-59,11,-95,4,43,6,2831177,47,0,128,0,"[0,0,0,0,0,0,0,0,-6,-16,-6,-17,-5,-17,-5,-19,-4,-20,-6,-22,-3,-20,-3,-21,-4,-20,-3,-20,-3,-20,-1,-20,-3,-20,-2,-20,-4,-19,-4,-19,-5,-21,-8,-18,-7,-19,-6,-18,-8,-18,-9,-18,-10,-18,-10,-18,-11,-18,-12,-18,-12,-19,-12,-18,0,0,-17,-20,-14,-18,-14,-19,-14,-16,-14,-16,-15,-15,-15,-14,-14,-13,-15,-12,-15,-12,-16,-11,-16,-10,-16,-9,-17,-8,-17,-8,-18,-8,-17,-5,-18,-7,-18,-7,-16,-6,-19,-7,-16,-7,-16,-8,-15,-9,-14,-9,-13,-9,-11,-8,-11,-10,0,0,0,0,0,0]"
CSI_DATA,2831374,1a:00:00:00:00:00,-59,11,-95,4,43,6,2831374,47,0,128,0,"[0,0,0,0,0,0,0,0,13,12,13,13,14,14,15,14,13,15,14,17,11,15,12,17,13,17,11,16,12,16,10,17,12,17,12,18,12,17,13,15,13,14,15,14,15,13,13,13,16,13,16,13,18,12,19,11,18,12,17,12,21,11,19,10,0,0,22,9,21,10,21,9,21,8,19,8,20,8,18,6,19,5,20,3,20,4,20,3,17,2,19,3,18,2,18,0,18,-1,19,-1,19,0,18,-2,18,-2,19,0,18,-1,17,2,17,1,18,2,17,3,13,2,13,3,0,0,0,0,0,0]"
CSI_DATA,2837353,1a:00:00:00:00:00,-59,11,-95,4,43,6,2837353,47,0,128,0,"[0,0,0,0,0,0,0,0,6,-17,6,-17,8,-17,9,-17,10,-18,12,-17,13,-16,13,-16,14,-17,14,-14,14,-14,13,-15,15,-17,13,-18,14,-16,12,-17,11,-16,13,-17,11,-17,12,-16,11,-17,9,-18,9,-18,9,-18,10,-19,8,-20,8,-22,10,-18,0,0,8,-22,7,-20,9,-21,8,-20,7,-19,7,-20,6,-20,7,-19,7,-19,3,-19,4,-20,2,-18,2,-19,2,-17,1,-18,3,-18,1,-18,1,-18,1,-20,2,-17,3,-20,4,-16,2,-16,4,-18,5,-16,6,-15,8,-13,6,-13,0,0,0,0,0,0]"
CSI_DATA,2843247,1a:00:00:00:00:00,-59,11,-95,4,43,6,2843247,47,0,128,0,"[0,0,0,0,0,0,0,0,-17,-5,-16,-5,-18,-6,-19,-8,-18,-9,-19,-10,-19,-10,-17,-12,-17,-13,-14,-13,-17,-13,-14,-15,-15,-13,-15,-14,-15,-13,-17,-13,-15,-13,-18,-11,-16,-12,-16,-10,-16,-12,-17,-12,-16,-11,-17,-12,-19,-11,-19,-10,-21,-13,-21,-11,0,0,-21,-13,-19,-13,-19,-11,-19,-12,-18,-12,-18,-11,-17,-11,-17,-11,-17,-8,-17,-10,-18,-9,-17,-9,-17,-7,-18,-7,-17,-7,-17,-7,-18,-7,-15,-7,-17,-8,-15,-8,-17,-8,-15,-9,-14,-10,-13,-9,-13,-11,-12,-11,-9,-10,-9,-11,0,0,0,0,0,0]"
CSI_DATA,2849564,1a:00:00:00:00:00,-59,11,-95,4,43,6,2849564,47,0,128,0,"[0,0,0,0,0,0,0,0,-15,11,-14,9,-18,10,-18,9,-19,7,-20,7,-21,5,-20,4,-23,2,-20,-1,-22,1,-20,-2,-22,-1,-20,-2,-20,-1,-22,-1,-19,0,-21,1,-19,0,-20,0,-21,-2,-22,-2,-22,-1,-22,0,-23,-1,-22,-1,-23,-2,-23,-3,0,0,-23,-3,-22,-3,-22,-3,-22,-2,-19,-3,-21,-3,-20,-4,-21,-5,-18,-4,-20,-2,-21,-3,-19,-3,-19,-3,-18,-2,-18,-2,-18,-2,-19,-2,-18,-3,-19,-4,-19,-4,-19,-6,-16,-7,-16,-8,-15,-7,-15,-10,-14,-10,-10,-11,-10,-9,0,0,0,0,0,0]"
CSI_DATA,2851671,1a:00:00:00:00:00,-58,11,-95,4,43,6,2851671,47,0,128,0,"[0,0,0,0,0,0,0,0,-17,-6,-16,-7,-17,-9,-18,-9,-18,-11,-19,-12,-16,-12,-16,-14,-16,-14,-15,-13,-15,-14,-13,-12,-17,-13,-15,-13,-15,-12,-16,-13,-18,-12,-18,-11,-17,-10,-16,-9,-18,-10,-18,-9,-19,-7,-19,-8,-21,-6,-21,-7,-20,-7,-22,-8,0,0,-22,-6,-21,-7,-23,-5,-21,-5,-20,-6,-21,-3,-20,-4,-19,-2,-20,-2,-22,-1,-19,0,-19,0,-19,1,-18,1,-18,1,-19,2,-17,2,-19,3,-19,4,-18,2,-19,2,-18,1,-18,0,-16,-1,-17,-2,-17,-2,-14,-3,-14,-3,0,0,0,0,0,0]"
CSI_DATA,2857671,1a:00:00:00:00:00,-58,11,-95,4,43,6,2857671,47,0,128,0,"[0,0,0,0,0,0,0,0,-18,-4,-18,-6,-18,-7,-18,-8,-17,-9,-20,-11,-18,-11,-17,-12,-18,-12,-14,-12,-17,-12,-14,-14,-15,-14,-16,-14,-14,-13,-16,-13,-16,-13,-18,-10,-16,-11,-16,-10,-17,-10,-19,-10,-19,-10,-19,-9,-19,-10,-20,-11,-21,-12,-19,-10,0,0,-21,-11,-20,-11,-20,-11,-21,-9,-19,-10,-20,-10,-19,-9,-18,-6,-19,-7,-20,-6,-19,-7,-18,-7,-18,-6,-17,-6,-18,-3,-18,-3,-18,-4,-18,-4,-17,-4,-18,-5,-18,-6,-17,-6,-15,-8,-15,-8,-15,-8,-13,-9,-11,-9,-10,-10,0,0,0,0,0,0]"
CSI_DATA,2861883,1a:00:00:00:00:00,-58,11,-95,4,43,6,2861883,47,0,128,0,"[0,0,0,0,0,0,0,0,-17,-6,-17,-7,-18,-7,-19,-7,-18,-12,-19,-10,-18,-12,-17,-12,-18,-12,-16,-14,-17,-12,-15,-14,-18,-13,-16,-13,-17,-13,-19,-11,-16,-10,-19,-11,-18,-9,-18,-9,-18,-9,-19,-9,-19,-8,-20,-9,-22,-8,-22,-6,-22,-9,-19,-5,0,0,-26,-7,-23,-7,-21,-7,-22,-7,-19,-6,-22,-6,-20,-5,-19,-5,-18,-4,-20,-2,-20,-1,-19,0,-20,-2,-19,0,-19,0,-18,1,-20,1,-19,1,-20,0,-19,0,-20,-2,-18,-1,-19,-1,-18,-3,-17,-3,-16,-4,-14,-5,-13,-6,0,0,0,0,0,0]"
CSI_DATA,2866486,1a:00:00:00:00:00,-58,11,-95,4,43,6,2866486,47,0,128,0,"[0,0,0,0,0,0,0,0,-14,14,-13,12,-16,13,-17,13,-16,10,-18,12,-19,10,-19,11,-20,10,-19,8,-19,9,-19,8,-19,9,-19,9,-17,11,-17,11,-18,11,-19,13,-16,11,-18,11,-16,13,-16,14,-14,13,-16,16,-16,15,-15,17,-16,17,-15,17,0,0,-15,17,-15,17,-14,17,-15,18,-13,16,-14,18,-12,17,-12,16,-10,17,-8,20,-9,19,-8,17,-8,18,-6,16,-7,17,-7,17,-6,18,-6,18,-7,19,-6,18,-7,19,-7,16,-7,16,-7,14,-9,14,-8,14,-9,11,-9,12,0,0,0,0,0,0]"
CSI_DATA,2875932,1a:00:00:00:00:00,-58,11,-95,4,43,6,2875932,47,0,128,0,"[0,0,0,0,0,0,0,0,19,-2,18,-1,19,0,20,1,20,1,22,2,21,3,22,4,22,4,21,4,22,4,19,5,21,4,21,4,20,3,20,2,21,3,22,0,20,1,20,-1,21,-2,21,-3,21,-3,21,-5,22,-4,21,-5,24,-6,23,-5,0,0,22,-6,21,-7,22,-7,21,-9,19,-8,21,-7,19,-8,19,-9,17,-10,17,-9,17,-12,16,-11,16,-11,15,-11,14,-12,14,-14,13,-12,14,-15,14,-14,15,-12,15,-13,14,-12,13,-11,13,-12,15,-10,14,-9,12,-7,13,-6,0,0,0,0,0,0]"
CSI_DATA,2876073,1a:00:00:00:00:00,-59,11,-95,4,43,6,2876073,47,0,128,0,"[0,0,0,0,0,0,0,0,-9,-15,-8,-14,-8,-16,-8,-18,-6,-20,-6,-20,-6,-21,-4,-20,-5,-20,-4,-19,-3,-20,-3,-20,-5,-20,-5,-20,-7,-20,-7,-20,-6,-19,-7,-20,-8,-17,-9,-18,-9,-18,-10,-18,-10,-18,-12,-18,-13,-19,-14,-18,-14,-19,-14,-17,0,0,-14,-20,-16,-19,-14,-18,-14,-17,-14,-16,-15,-16,-15,-14,-13,-14,-14,-14,-17,-12,-18,-11,-17,-10,-17,-11,-15,-9,-17,-8,-16,-8,-17,-7,-16,-8,-17,-8,-15,-8,-16,-9,-14,-10,-16,-9,-17,-9,-14,-9,-12,-10,-10,-9,-10,-10,0,0,0,0,0,0]"
CSI_DATA,2882803,1a:00:00:00:00:00,-58,11,-95,4,43,6,2882803,47,0,128,0,"[0,0,0,0,0,0,0,0,-9,-16,-8,-16,-9,-18,-8,-19,-7,-20,-7,-22,-5,-21,-3,-20,-2,-22,0,-20,-1,-21,0,-20,1,-21,0,-22,-1,-21,-2,-22,-1,-20,-3,-22,-3,-20,-2,-20,-3,-21,-2,-21,-4,-22,-3,-21,-3,-22,-6,-22,-5,-22,-4,-23,0,0,-4,-23,-2,-23,-6,-22,-3,-23,-3,-19,-4,-21,-3,-19,-3,-20,-5,-19,-6,-18,-6,-19,-5,-18,-6,-20,-7,-18,-7,-16,-8,-17,-8,-18,-7,-18,-5,-19,-5,-18,-5,-19,-4,-16,-2,-18,-3,-18,0,-17,1,-17,1,-14,4,-15,0,0,0,0,0,0]"
CSI_DATA,2887785,1a:00:00:00:00:00,-58,11,-95,4,43,6,2887785,47,0,128,0,"[0,0,0,0,0,0,0,0,8,16,8,16,8,18,7,19,6,19,6,22,3,21,2,20,3,21,2,21,0,21,0,20,0,21,-1,22,0,21,2,20,2,21,2,21,2,21,2,20,4,22,4,21,5,22,4,22,4,23,4,22,3,23,3,23,0,0,4,22,3,25,5,23,3,22,4,22,5,21,2,21,5,18,5,20,7,20,5,19,5,18,5,20,7,18,5,18,6,18,6,17,6,19,6,18,6,17,5,19,4,18,3,18,1,18,0,17,-2,17,-2,15,-4,15,0,0,0,0,0,0]"
CSI_DATA,2892509,1a:00:00:00:00:00,-58,11,-95,4,43,6,2892509,47,0,128,0,"[0,0,0,0,0,0,0,0,-17,8,-17,6,-17,7,-19,6,-22,4,-21,4,-21,2,-22,2,-22,2,-22,0,-22,0,-21,-1,-21,0,-22,-1,-22,1,-21,-1,-20,0,-22,1,-20,1,-19,1,-20,1,-21,1,-22,1,-21,2,-22,3,-22,4,-24,4,-24,4,0,0,-23,4,-23,2,-21,1,-23,3,-19,3,-24,2,-20,2,-19,3,-19,2,-21,5,-21,6,-18,6,-18,7,-17,6,-19,7,-17,6,-19,7,-19,6,-19,6,-18,4,-18,5,-17,2,-18,4,-17,3,-17,1,-17,-1,-14,-2,-14,-2,0,0,0,0,0,0]"
CSI_DATA,2895578,1a:00:00:00:00:00,-58,11,-95,4,43,6,2895578,47,0,128,0,"[0,0,0,0,0,0,0,0,-16,9,-16,8,-18,8,-19,9,-18,6,-21,8,-19,7,-20,6,-22,7,-20,4,-20,6,-20,4,-21,5,-20,5,-19,7,-18,8,-19,7,-20,9,-20,9,-19,9,-17,11,-18,13,-17,14,-16,12,-19,15,-19,15,-18,14,-17,14,0,0,-16,16,-16,15,-15,16,-15,16,-15,15,-14,18,-12,16,-11,17,-11,17,-10,17,-11,18,-9,16,-9,17,-6,17,-6,18,-6,18,-4,18,-6,19,-6,18,-5,18,-6,20,-6,17,-7,16,-6,15,-9,15,-8,15,-8,11,-9,12,0,0,0,0,0,0]"
CSI_DATA,2897786,1a:00:00:00:00:00,-58,11,-95,4,43,6,2897786,47,0,128,0,"[0,0,0,0,0,0,0,0,-17,-3,-17,-4,-19,-4,-19,-6,-20,-9,-20,-7,-18,-11,-17,-11,-19,-12,-16,-14,-18,-13,-15,-14,-16,-14,-17,-13,-17,-12,-17,-13,-16,-13,-20,-10,-16,-11,-16,-11,-18,-11,-18,-11,-16,-13,-18,-12,-19,-13,-20,-11,-21,-12,-20,-15,0,0,-18,-12,-21,-12,-20,-12,-19,-13,-18,-12,-20,-12,-17,-11,-17,-11,-17,-9,-18,-9,-18,-8,-17,-8,-18,-9,-16,-8,-18,-6,-17,-7,-19,-7,-16,-8,-16,-8,-16,-9,-15,-11,-16,-10,-14,-11,-15,-11,-13,-12,-12,-12,-8,-12,-8,-12,0,0,0,0,0,0]"
CSI_DATA,2903980,1a:00:00:00:00:00,-58,11,-95,4,43,6,2903980,47,0,128,0,"[0,0,0,0,0,0,0,0,17,-10,16,-8,18,-9,19,-6,21,-5,21,-5,21,-2,21,-1,23,0,22,1,21,1,21,3,21,2,21,3,19,3,22,2,20,4,22,2,20,2,19,4,20,3,22,4,21,3,22,4,23,4,23,3,25,4,23,6,0,0,23,5,23,7,22,5,23,6,20,7,20,7,21,7,20,6,19,7,22,6,20,6,19,5,20,5,17,3,18,5,18,4,18,6,18,6,19,8,17,7,17,8,15,9,16,11,14,10,14,12,12,11,10,11,8,11,0,0,0,0,0,0]"
CSI_DATA,2913897,1a:00:00:00:00:00,-58,11,-95,4,43,6,2913897,47,0,128,0,"[0,0,0,0,0,0,0,0,-7,18,-8,16,-9,19,-12,17,-14,16,-14,16,-16,14,-17,13,-18,13,-18,12,-18,12,-19,12,-18,11,-20,11,-17,10,-17,10,-18,10,-20,12,-18,9,-18,8,-17,10,-19,9,-18,10,-19,9,-21,11,-19,12,-22,10,-21,9,0,0,-22,8,-23,8,-21,8,-22,8,-19,7,-21,7,-19,7,-18,6,-20,6,-21,10,-21,8,-18,8,-19,8,-15,6,-19,7,-18,8,-19,6,-19,6,-19,6,-19,4,-19,4,-19,1,-17,1,-17,0,-16,-1,-17,-1,-14,-5,-15,-4,0,0,0,0,0,0]"
CSI_DATA,2919671,1a:00:00:00:00:00,-58,11,-95,4,43,6,2919671,47,0,128,0,"[0,0,0,0,0,0,0,0,-2,-20,-2,-18,-2,-19,-1,-20,1,-21,0,-22,2,-21,2,-21,2,-23,4,-21,2,-21,3,-20,0,-21,1,-21,0,-21,-1,-21,-1,-21,-3,-21,-3,-20,-3,-20,-5,-21,-6,-22,-7,-20,-7,-22,-8,-21,-10,-22,-10,-20,-10,-21,0,0,-12,-20,-13,-20,-13,-18,-12,-20,-14,-17,-13,-18,-14,-16,-12,-15,-13,-14,-15,-13,-17,-12,-16,-12,-16,-11,-17,-9,-16,-10,-16,-9,-18,-9,-18,-8,-18,-9,-16,-9,-16,-9,-16,-8,-17,-9,-15,-9,-15,-9,-14,-9,-12,-9,-12,-10,0,0,0,0,0,0]"
CSI_DATA,2925732,1a:00:00:00:00:00,-58,11,-95,4,43,6,2925732,47,0,128,0,"[0,0,0,0,0,0,0,0,-19,5,-19,3,-20,3,-21,3,-22,1,-22,2,-24,0,-22,0,-22,-1,-21,-3,-22,-3,-22,-4,-23,-1,-23,-1,-22,-1,-23,0,-20,-1,-24,1,-21,2,-20,2,-21,3,-22,3,-22,4,-22,5,-23,6,-23,5,-24,6,-23,8,0,0,-22,8,-24,8,-22,8,-23,8,-20,7,-21,9,-18,8,-20,8,-17,10,-18,11,-18,11,-17,12,-17,13,-15,12,-16,14,-15,12,-15,14,-15,14,-16,13,-16,12,-16,13,-15,11,-14,11,-15,11,-16,10,-15,9,-14,6,-14,6,0,0,0,0,0,0]"
CSI_DATA,2935038,1a:00:00:00:00:00,-58,11,-95,4,43,6,2935038,47,0,128,0,"[0,0,0,0,0,0,0,0,-10,17,-10,16,-12,16,-13,17,-14,18,-16,18,-15,17,-15,16,-16,16,-18,14,-17,16,-16,15,-16,15,-16,15,-15,17,-13,17,-14,16,-14,20,-12,18,-12,17,-10,19,-10,20,-9,20,-10,20,-9,23,-8,22,-8,23,-10,22,0,0,-4,27,-7,24,-5,23,-5,24,-5,22,-4,23,-3,22,-3,21,-1,21,-2,22,0,22,0,20,2,21,2,18,4,21,3,20,6,20,5,20,4,21,3,20,4,20,3,19,3,19,2,18,1,19,0,17,0,15,-2,15,0,0,0,0,0,0]"
CSI_DATA,2935199,1a:00:00:00:00:00,-58,11,-95,4,43,6,2935199,47,0,128,0,"[0,0,0,0,0,0,0,0,-10,17,-10,17,-11,16,-13,18,-15,16,-16,18,-15,17,-15,16,-18,16,-17,14,-17,15,-17,16,-17,16,-16,15,-15,16,-14,17,-14,17,-15,19,-13,19,-11,17,-12,18,-11,20,-10,20,-9,20,-10,21,-9,23,-10,22,-9,23,0,0,-8,24,-9,23,-6,24,-7,23,-7,21,-4,24,-4,21,-4,20,-4,22,-2,23,-1,23,0,19,0,21,1,19,2,20,2,20,3,20,2,20,3,21,2,19,3,21,3,18,1,19,0,19,-1,18,-1,17,-2,15,-2,15,0,0,0,0,0,0]"
CSI_DATA,2941374,1a:00:00:00:00:00,-58,11,-95,4,43,6,2941374,47,0,128,0,"[0,0,0,0,0,0,0,0,-18,6,-19,6,-20,7,-20,6,-22,3,-23,4,-22,2,-21,1,-24,0,-21,-2,-23,0,-22,-2,-23,-1,-23,-1,-21,0,-22,1,-21,-1,-23,3,-22,2,-22,2,-19,3,-22,2,-22,2,-22,3,-24,4,-21,5,-23,4,-24,3,0,0,-25,5,-24,5,-23,5,-23,6,-20,4,-23,4,-21,4,-20,6,-20,5,-21,9,-20,9,-19,9,-19,9,-17,8,-18,10,-17,10,-19,11,-19,9,-18,10,-17,7,-19,8,-17,6,-18,6,-17,6,-18,5,-17,3,-16,0,-14,1,0,0,0,0,0,0]"
CSI_DATA,2944156,1a:00:00:00:00:00,-58,11,-95,4,43,6,2944156,47,0,128,0,"[0,0,0,0,0,0,0,0,13,-14,13,-13,16,-13,16,-14,18,-14,17,-14,19,-13,18,-12,19,-13,19,-10,19,-12,20,-11,18,-13,19,-12,17,-14,17,-16,15,-15,15,-19,14,-16,12,-15,12,-18,12,-19,12,-18,11,-20,12,-21,8,-22,11,-23,10,-23,0,0,8,-24,8,-24,5,-23,6,-23,5,-21,3,-23,4,-22,3,-20,1,-20,-1,-22,-3,-22,-3,-20,-4,-19,-5,-19,-5,-20,-5,-19,-7,-19,-7,-18,-7,-19,-5,-20,-5,-18,-6,-18,-6,-20,-4,-17,-4,-17,-3,-17,-2,-16,-2,-14,0,0,0,0,0,0]"
CSI_DATA,2950149,1a:00:00:00:00:00,-58,11,-95,4,43,6,2950149,47,0,128,0,"[0,0,0,0,0,0,0,0,5,-20,5,-18,6,-20,9,-21,9,-21,10,-21,10,-20,11,-20,12,-19,12,-16,12,-19,13,-17,12,-18,13,-19,10,-18,10,-21,9,-19,8,-21,7,-19,7,-20,6,-21,6,-21,6,-21,4,-24,6,-23,4,-24,6,-25,4,-26,0,0,4,-26,1,-26,1,-24,0,-25,1,-22,0,-23,1,-22,1,-21,-2,-21,-3,-21,-4,-22,-5,-19,-5,-21,-6,-19,-7,-20,-7,-18,-8,-19,-7,-19,-7,-20,-5,-20,-6,-18,-5,-18,-6,-20,-6,-19,-3,-18,-2,-18,-2,-16,-1,-15,0,0,0,0,0,0]"
CSI_DATA,2955671,1a:00:00:00:00:00,-58,11,-95,4,43,6,2955671,47,0,128,0,"[0,0,0,0,0,0,0,0,16,-12,17,-9,19,-10,19,-9,22,-9,22,-9,21,-8,23,-8,24,-7,21,-6,22,-6,22,-5,23,-6,23,-6,22,-6,22,-7,20,-6,24,-9,20,-8,21,-8,20,-9,20,-11,19,-10,20,-10,22,-13,23,-12,21,-13,22,-14,0,0,21,-16,20,-15,22,-13,21,-14,19,-12,19,-15,17,-14,17,-14,17,-15,16,-19,16,-17,14,-16,14,-16,12,-16,14,-17,13,-17,13,-16,12,-17,13,-17,13,-16,12,-17,14,-15,13,-14,15,-13,15,-12,15,-11,12,-9,14,-9,0,0,0,0,0,0]"
CSI_DATA,2957823,1a:00:00:00:00:00,-58,11,-95,4,43,6,2957823,47,0,128,0,"[0,0,0,0,0,0,0,0,-13,17,-14,14,-15,14,-16,13,-19,13,-21,11,-22,9,-21,9,-22,9,-20,7,-22,6,-21,5,-23,6,-24,6,-21,5,-22,7,-20,4,-23,6,-21,6,-21,6,-21,6,-21,6,-21,7,-22,7,-24,5,-22,5,-24,8,-23,6,0,0,-24,7,-23,5,-24,5,-24,3,-23,4,-23,4,-21,3,-22,3,-20,4,-22,5,-21,6,-20,5,-21,6,-19,5,-21,5,-19,6,-19,5,-20,5,-21,4,-19,2,-20,5,-20,0,-20,0,-19,-1,-18,-2,-17,-3,-15,-5,-15,-5,0,0,0,0,0,0]"
CSI_DATA,2960277,1a:00:00:00:00:00,-58,11,-95,4,43,6,2960277,47,0,128,0,"[0,0,0,0,0,0,0,0,-3,-20,-1,-19,0,-21,2,-21,3,-23,3,-23,5,-23,5,-22,6,-23,8,-21,7,-22,6,-21,6,-22,6,-21,4,-22,3,-24,3,-22,3,-24,2,-22,2,-21,1,-21,1,-23,-1,-22,-2,-22,-1,-24,-5,-23,-2,-25,-4,-23,0,0,-4,-25,-5,-27,-4,-24,-3,-24,-5,-21,-6,-24,-5,-21,-5,-20,-7,-22,-10,-19,-9,-20,-10,-18,-12,-18,-10,-18,-10,-19,-9,-17,-12,-18,-10,-16,-11,-18,-10,-18,-11,-18,-10,-17,-10,-17,-8,-17,-7,-16,-5,-16,-3,-15,-5,-15,0,0,0,0,0,0]"
CSI_DATA,2965739,1a:00:00:00:00:00,-58,11,-95,4,43,6,2965739,47,0,128,0,"[0,0,0,0,0,0,0,0,15,14,13,14,13,16,13,17,12,17,14,21,11,19,11,20,11,21,10,20,10,20,8,20,8,20,9,21,8,20,10,21,10,20,14,19,13,19,11,17,13,20,14,17,14,18,15,18,16,19,16,19,16,21,16,19,0,0,19,19,14,18,17,19,16,16,17,17,18,17,16,14,16,14,18,13,18,11,18,12,16,12,18,12,18,10,18,9,18,10,19,9,19,11,20,10,16,9,18,10,17,10,16,12,15,12,13,13,13,12,10,11,10,12,0,0,0,0,0,0]"
CSI_DATA,2971734,1a:00:00:00:00:00,-58,11,-95,4,43,6,2971734,47,0,128,0,"[0,0,0,0,0,0,0,0,19,6,19,7,20,8,21,10,19,12,20,12,19,14,17,14,17,16,16,17,16,16,15,17,16,17,17,17,16,16,17,15,15,16,20,15,16,15,16,13,17,15,19,15,18,15,19,15,20,14,21,15,22,17,19,15,0,0,22,16,20,17,19,17,19,15,19,14,20,15,16,14,17,13,16,14,21,12,19,11,19,10,19,12,17,9,19,10,19,9,19,10,18,11,18,12,17,11,17,13,17,12,16,13,14,14,13,14,13,13,8,13,9,14,0,0,0,0,0,0]"
CSI_DATA,2975672,1a:00:00:00:00:00,-58,11,-95,4,43,6,2975672,47,0,128,0,"[0,0,0,0,0,0,0,0,-6,-19,-4,-19,-3,-20,-2,-23,-1,-22,-1,-24,1,-23,1,-24,2,-24,4,-21,4,-21,3,-21,3,-23,3,-23,3,-23,4,-23,2,-22,0,-24,0,-22,1,-21,0,-22,-1,-23,-3,-23,-2,-23,-3,-23,-3,-24,-3,-26,-1,-26,0,0,-4,-24,-5,-27,-5,-24,-5,-23,-5,-22,-6,-23,-5,-21,-5,-21,-6,-22,-9,-22,-7,-21,-8,-19,-9,-19,-9,-18,-8,-18,-8,-18,-10,-18,-9,-19,-10,-19,-8,-18,-9,-19,-7,-18,-7,-19,-7,-19,-5,-17,-3,-17,-1,-16,-1,-17,0,0,0,0,0,0]"
CSI_DATA,2981672,1a:00:00:00:00:00,-58,11,-95,4,43,6,2981672,47,0,128,0,"[0,0,0,0,0,0,0,0,-7,-18,-5,-18,-4,-20,-3,-22,-3,-22,-3,-25,-1,-24,2,-23,2,-24,3,-22,4,-22,4,-23,5,-23,5,-23,4,-23,3,-23,3,-21,2,-23,3,-22,4,-20,1,-22,1,-23,0,-22,0,-24,1,-24,1,-24,2,-27,0,-24,0,0,-1,-25,1,-26,1,-25,4,-25,2,-23,0,-23,-1,-23,0,-21,0,-22,-3,-23,-1,-22,-1,-21,-2,-22,-3,-21,-2,-21,-3,-20,-4,-21,-2,-20,-2,-21,0,-19,-1,-20,-1,-19,1,-21,3,-19,5,-18,5,-17,7,-15,7,-15,0,0,0,0,0,0]"
CSI_DATA,2985672,1a:00:00:00:00:00,-58,11,-95,4,43,6,2985672,47,0,128,0,"[0,0,0,0,0,0,0,0,15,12,14,12,15,15,16,16,14,16,16,19,14,19,13,20,14,19,10,19,13,19,9,21,12,20,11,21,11,20,12,19,12,19,15,17,15,18,13,16,16,17,15,17,16,18,16,17,17,17,17,18,18,19,17,17,0,0,19,18,18,16,18,18,19,16,19,16,19,15,17,14,17,15,17,12,18,12,19,11,19,12,18,11,18,9,19,9,19,10,18,8,20,9,19,8,18,9,18,11,17,10,16,12,16,11,14,12,14,13,11,12,10,12,0,0,0,0,0,0]"
CSI_DATA,2999456,1a:00:00:00:00:00,-57,11,-95,4,43,6,2999456,47,0,128,0,"[0,0,0,0,0,0,0,0,0,21,-2,19,-1,22,-3,22,-3,22,-3,24,-5,23,-6,22,-7,23,-8,21,-7,23,-8,22,-7,21,-8,22,-7,23,-5,23,-6,23,-2,24,-3,23,-1,21,0,23,-1,22,-1,24,1,24,1,24,3,24,3,27,0,27,0,0,4,27,3,24,5,24,5,25,6,22,6,23,6,22,5,21,6,21,7,22,10,20,11,19,11,20,11,17,12,17,12,16,13,17,13,17,12,18,12,18,11,18,11,16,9,18,10,17,9,17,7,18,5,15,5,15,0,0,0,0,0,0]"
CSI_DATA,3005328,1a:00:00:00:00:00,-57,11,-95,4,43,6,3005328,47,0,128,0,"[0,0,0,0,0,0,0,0,-10,-19,-7,-19,-7,-19,-7,-21,-6,-21,-7,-25,-5,-24,-2,-24,-3,-25,-1,-23,-3,-24,-1,-22,-1,-23,-1,-23,-2,-24,-2,-23,-4,-22,-5,-23,-6,-23,-5,-21,-6,-23,-7,-22,-7,-23,-8,-22,-8,-24,-8,-25,-10,-26,-8,-24,0,0,-10,-24,-10,-24,-9,-24,-10,-23,-10,-23,-10,-23,-11,-20,-10,-20,-11,-19,-13,-19,-12,-20,-12,-18,-13,-18,-12,-17,-14,-16,-14,-17,-14,-16,-13,-17,-14,-16,-12,-17,-13,-17,-11,-18,-10,-17,-10,-18,-8,-18,-7,-18,-4,-15,-5,-16,0,0,0,0,0,0]"
CSI_DATA,3005471,1a:00:00:00:00:00,-58,11,-95,4,43,6,3005471,47,0,128,0,"[0,0,0,0,0,0,0,0,-17,11,-17,10,-18,11,-21,10,-21,7,-23,8,-22,5,-22,5,-24,4,-22,2,-22,2,-22,2,-23,4,-24,4,-22,4,-21,4,-21,5,-24,7,-21,6,-22,6,-22,6,-22,7,-20,8,-21,8,-24,10,-23,11,-23,12,-23,10,0,0,-24,12,-24,10,-23,9,-24,11,-21,10,-22,11,-19,10,-19,9,-18,10,-18,13,-18,13,-16,13,-16,13,-15,12,-16,13,-15,12,-16,14,-16,14,-16,14,-16,12,-17,13,-16,10,-16,11,-15,11,-16,10,-17,8,-15,4,-15,4,0,0,0,0,0,0]"
CSI_DATA,3011278,1a:00:00:00:00:00,-58,11,-95,4,43,6,3011278,47,0,128,0,"[0,0,0,0,0,0,0,0,20,10,18,10,17,10,20,13,18,14,19,16,16,16,16,17,16,17,13,16,15,17,13,18,13,18,14,18,14,19,15,18,14,18,16,17,16,17,13,15,15,18,16,17,17,16,17,17,18,17,17,20,20,18,18,18,0,0,22,18,18,19,18,17,17,18,16,17,17,15,16,16,15,15,17,15,18,15,18,15,16,12,17,15,17,12,16,12,16,12,16,11,17,13,17,11,15,13,16,13,14,14,13,15,11,15,11,16,10,17,6,14,7,15,0,0,0,0,0,0]"
CSI_DATA,3016308,1a:00:00:00:00:00,-57,11,-95,4,43,6,3016308,47,0,128,0,"[0,0,0,0,0,0,0,0,17,11,15,13,17,14,15,15,15,17,17,17,13,19,12,20,13,20,10,19,11,21,9,21,10,20,9,21,10,21,11,21,11,20,13,20,11,20,10,18,12,19,13,21,12,20,14,20,14,20,14,20,15,21,12,22,0,0,15,23,13,21,13,21,14,22,11,20,14,21,13,18,12,18,12,18,12,18,14,17,14,17,14,18,13,16,14,16,14,14,16,15,13,17,14,16,11,17,12,16,11,17,10,18,9,18,7,18,5,17,4,15,3,16,0,0,0,0,0,0]"
CSI_DATA,3020337,1a:00:00:00:00:00,-58,11,-95,4,43,6,3020337,47,0,128,0,"[0,0,0,0,0,0,0,0,14,-13,16,-12,17,-12,20,-13,20,-10,23,-12,22,-9,23,-8,23,-9,22,-7,22,-7,23,-6,22,-6,24,-6,21,-6,21,-7,22,-8,22,-9,22,-9,21,-8,21,-10,20,-11,20,-12,20,-11,22,-13,23,-12,23,-11,21,-10,0,0,22,-16,21,-14,21,-13,21,-13,18,-13,18,-14,17,-13,17,-12,19,-13,17,-16,17,-15,15,-14,15,-15,13,-15,14,-15,15,-15,14,-16,15,-16,15,-16,15,-16,14,-16,15,-14,14,-12,16,-11,16,-10,17,-10,14,-6,15,-6,0,0,0,0,0,0]"
CSI_DATA,3026566,1a:00:00:00:00:00,-58,11,-95,4,43,6,3026566,47,0,128,0,"[0,0,0,0,0,0,0,0,-5,-19,-4,-20,-3,-21,-2,-23,-2,-22,-1,-25,1,-22,3,-23,3,-23,5,-22,6,-23,7,-22,7,-22,8,-23,7,-22,6,-23,6,-21,4,-22,5,-23,6,-21,5,-23,4,-23,3,-25,3,-24,5,-24,4,-25,6,-26,7,-24,0,0,7,-26,5,-25,5,-26,5,-23,5,-24,5,-24,5,-21,5,-21,6,-22,5,-22,4,-22,4,-21,3,-21,3,-21,2,-20,2,-22,3,-21,3,-21,3,-20,5,-20,4,-20,5,-19,7,-20,6,-17,10,-16,10,-17,10,-13,10,-12,0,0,0,0,0,0]"
CSI_DATA,3031840,1a:00:00:00:00:00,-58,11,-95,4,43,6,3031840,47,0,128,0,"[0,0,0,0,0,0,0,0,-1,-20,0,-19,1,-21,3,-21,6,-22,6,-22,8,-22,8,-21,10,-22,12,-19,12,-20,12,-19,13,-21,13,-21,11,-19,12,-20,12,-19,13,-21,12,-19,12,-19,12,-19,13,-19,11,-19,13,-19,13,-22,11,-21,13,-22,15,-20,0,0,14,-19,14,-21,14,-21,14,-21,13,-18,14,-19,13,-19,13,-17,13,-18,11,-21,11,-19,10,-18,10,-20,9,-18,11,-18,11,-18,11,-19,12,-18,12,-19,13,-16,13,-17,12,-15,13,-14,13,-13,15,-13,15,-10,15,-7,14,-7,0,0,0,0,0,0]"
CSI_DATA,3036499,1a:00:00:00:00:00,-58,11,-95,4,43,6,3036499,47,0,128,0,"[0,0,0,0,0,0,0,0,0,21,-3,19,-5,22,-5,23,-6,22,-7,23,-9,21,-11,20,-11,21,-13,18,-13,20,-12,18,-15,19,-15,19,-14,18,-14,18,-13,19,-13,20,-13,20,-11,18,-11,20,-12,20,-11,21,-12,20,-13,20,-13,20,-14,24,-16,22,0,0,-16,22,-15,21,-14,20,-14,22,-13,19,-13,19,-13,18,-13,18,-13,18,-12,18,-12,19,-10,18,-11,18,-10,19,-10,18,-10,18,-9,19,-11,19,-11,19,-12,17,-12,19,-12,17,-13,14,-14,14,-15,11,-16,11,-14,8,-14,7,0,0,0,0,0,0]"
CSI_DATA,3041672,1a:00:00:00:00:00,-58,11,-95,4,43,6,3041672,47,0,128,0,"[0,0,0,0,0,0,0,0,18,8,17,11,17,10,17,13,17,16,18,17,16,17,13,17,13,21,10,21,11,21,11,20,11,19,10,21,11,20,12,21,10,20,14,21,10,19,10,19,12,19,12,21,11,20,11,21,13,22,14,22,13,23,14,25,0,0,11,25,12,24,11,22,11,22,10,20,11,21,10,21,8,19,8,21,11,20,12,20,12,17,12,19,11,17,10,19,10,18,11,19,9,18,11,20,8,20,7,20,7,20,5,20,5,19,3,19,1,18,0,15,-1,16,0,0,0,0,0,0]"
CSI_DATA,3045672,1a:00:00:00:00:00,-57,11,-95,4,43,6,3045672,47,0,128,0,"[0,0,0,0,0,0,0,0,-20,3,-19,2,-21,2,-21,1,-23,-3,-24,-3,-23,-5,-23,-4,-24,-5,-22,-8,-21,-7,-21,-7,-22,-6,-23,-7,-22,-7,-23,-6,-21,-6,-24,-5,-22,-5,-21,-6,-23,-5,-23,-5,-21,-4,-24,-6,-25,-3,-25,-3,-25,-3,-25,-4,0,0,-25,-3,-25,-3,-24,-5,-26,-4,-23,-4,-24,-3,-23,-3,-21,-4,-22,-1,-22,-1,-21,0,-20,-1,-22,0,-20,1,-21,1,-21,0,-20,2,-19,0,-21,-1,-21,-2,-21,-2,-20,-3,-19,-3,-19,-3,-19,-6,-17,-7,-15,-7,-14,-8,0,0,0,0,0,0]"
CSI_DATA,3052697,1a:00:00:00:00:00,-58,11,-95,4,43,6,3052697,47,0,128,0,"[0,0,0,0,0,0,0,0,-5,20,-4,19,-6,21,-8,21,-8,21,-7,23,-8,22,-10,20,-10,22,-11,20,-9,22,-10,20,-10,22,-10,22,-8,22,-6,22,-6,22,-3,24,-3,22,-3,21,-1,23,0,23,0,23,1,23,2,25,3,24,4,25,6,25,0,0,6,28,9,25,7,22,8,24,10,21,8,23,9,20,8,20,11,19,12,18,13,17,15,16,15,16,14,15,14,15,16,13,17,13,17,14,16,14,15,14,17,14,16,14,15,14,15,13,13,13,14,13,11,12,11,12,0,0,0,0,0,0]"
CSI_DATA,3057328,1a:00:00:00:00:00,-58,11,-95,4,43,6,3057328,47,0,128,0,"[0,0,0,0,0,0,0,0,5,19,3,19,2,21,0,23,-2,23,-3,23,-5,22,-6,21,-8,23,-9,20,-11,21,-12,20,-10,22,-10,22,-11,20,-10,20,-10,19,-11,21,-11,20,-12,18,-12,19,-12,20,-11,20,-13,20,-12,23,-12,21,-12,24,-14,21,0,0,-17,21,-17,20,-16,20,-15,20,-16,17,-17,18,-16,17,-15,16,-16,16,-13,20,-14,19,-12,17,-14,16,-13,16,-14,16,-13,16,-14,16,-15,15,-16,16,-16,13,-17,13,-16,11,-17,10,-17,9,-17,8,-18,5,-17,3,-16,2,0,0,0,0,0,0]"
CSI_DATA,3062266,1a:00:00:00:00:00,-58,11,-95,4,43,6,3062266,47,0,128,0,"[0,0,0,0,0,0,0,0,-16,13,-15,12,-17,13,-18,11,-20,11,-21,11,-22,11,-21,10,-22,10,-21,9,-22,10,-20,11,-21,12,-21,13,-17,13,-17,15,-16,13,-19,16,-16,15,-15,15,-14,16,-15,18,-12,18,-12,18,-13,22,-11,23,-10,24,-9,23,0,0,-10,26,-9,25,-9,22,-7,25,-5,22,-4,23,-4,21,-2,21,-3,23,2,23,2,23,3,20,5,22,4,20,3,21,5,18,7,19,7,21,7,21,6,20,7,20,5,19,7,18,6,18,5,18,5,17,2,16,3,16,0,0,0,0,0,0]"
CSI_DATA,3067764,1a:00:00:00:00:00,-58,11,-95,4,43,6,3067764,47,0,128,0,"[0,0,0,0,0,0,0,0,5,21,4,19,4,22,3,22,3,22,2,24,2,24,0,21,1,24,-2,22,1,24,-1,23,1,22,2,24,2,23,4,24,5,23,6,22,7,21,8,20,9,22,10,22,11,22,11,22,11,22,13,22,14,23,15,20,0,0,15,22,17,22,15,20,17,19,16,18,18,18,16,17,16,16,18,14,17,14,19,11,19,11,20,11,20,9,20,8,19,7,20,7,19,7,21,7,19,8,19,7,19,7,18,8,17,7,18,9,18,9,14,8,15,9,0,0,0,0,0,0]"
CSI_DATA,3073688,1a:00:00:00:00:00,-58,11,-95,4,43,6,3073688,47,0,128,0,"[0,0,0,0,0,0,0,0,-1,20,-4,20,-4,22,-5,21,-6,21,-6,24,-7,22,-8,21,-10,22,-11,21,-11,22,-9,20,-9,21,-10,22,-8,21,-6,23,-7,21,-6,23,-4,21,-4,22,-3,23,-4,23,-4,23,-2,23,-2,25,0,25,0,27,-3,25,0,0,0,25,1,25,2,26,1,26,2,23,2,25,2,24,2,22,2,22,5,22,7,23,7,20,9,21,9,20,8,19,10,19,10,19,8,18,8,19,7,19,8,20,8,20,6,19,7,17,5,19,5,17,2,15,3,16,0,0,0,0,0,0]"
CSI_DATA,3079063,1a:00:00:00:00:00,-58,11,-95,4,43,6,3079063,47,0,128,0,"[0,0,0,0,0,0,0,0,-19,-9,-17,-8,-18,-11,-18,-13,-19,-13,-20,-14,-19,-16,-17,-14,-16,-16,-14,-15,-17,-16,-14,-18,-16,-17,-16,-17,-17,-15,-17,-15,-15,-14,-20,-13,-17,-12,-18,-12,-19,-13,-19,-14,-19,-12,-19,-12,-20,-13,-21,-11,-22,-12,-20,-12,0,0,-24,-11,-24,-12,-22,-10,-23,-9,-21,-10,-23,-9,-21,-10,-20,-8,-21,-7,-23,-5,-22,-4,-21,-2,-22,-3,-19,-2,-21,-3,-19,-2,-22,-2,-22,-3,-21,-2,-19,-4,-21,-3,-19,-4,-19,-5,-20,-5,-19,-6,-17,-6,-14,-6,-14,-6,0,0,0,0,0,0]"
CSI_DATA,3081672,1a:00:00:00:00:00,-58,11,-95,4,43,6,3081672,47,0,128,0,"[0,0,0,0,0,0,0,0,-5,-19,-3,-20,-2,-22,-1,-21,0,-22,1,-25,3,-23,4,-22,6,-24,8,-21,8,-22,8,-20,10,-21,11,-21,9,-19,9,-22,9,-19,9,-22,9,-19,10,-20,9,-22,7,-21,9,-20,9,-21,10,-21,10,-22,11,-23,11,-21,0,0,12,-25,12,-21,12,-22,12,-21,11,-19,11,-22,12,-20,10,-20,12,-19,13,-19,13,-19,11,-18,10,-19,9,-18,11,-18,10,-17,9,-18,12,-16,11,-19,12,-16,13,-17,13,-15,14,-14,15,-12,16,-9,16,-9,14,-6,15,-6,0,0,0,0,0,0]"
CSI_DATA,3083796,1a:00:00:00:00:00,-58,11,-95,4,43,6,3083796,47,0,128,0,"[0,0,0,0,0,0,0,0,19,-3,20,-1,22,-2,22,1,21,2,23,2,23,3,23,4,25,5,21,5,23,6,21,7,24,4,24,4,23,4,22,3,21,3,24,0,21,1,22,0,22,1,23,1,23,0,23,-1,24,-2,25,-4,25,-4,25,-5,0,0,26,-5,26,-5,24,-4,25,-6,24,-5,23,-6,22,-6,21,-5,21,-7,20,-9,20,-11,20,-10,18,-10,18,-9,19,-11,17,-12,17,-12,18,-10,19,-10,18,-11,19,-10,18,-9,19,-8,17,-9,17,-7,18,-7,16,-2,15,-4,0,0,0,0,0,0]"
CSI_DATA,3086180,1a:00:00:00:00:00,-58,11,-95,4,43,6,3086180,47,0,128,0,"[0,0,0,0,0,0,0,0,-7,19,-8,16,-10,20,-11,19,-14,19,-13,19,-16,17,-16,17,-18,18,-18,14,-18,15,-19,12,-19,14,-20,13,-19,13,-19,12,-17,13,-19,16,-17,13,-18,12,-19,13,-18,13,-19,13,-19,14,-20,15,-19,15,-19,15,-21,15,0,0,-22,14,-21,14,-20,14,-21,14,-19,13,-20,13,-19,11,-20,10,-19,11,-20,14,-19,14,-16,13,-18,12,-16,11,-17,13,-18,12,-17,13,-19,12,-19,11,-18,10,-20,10,-17,8,-19,6,-19,5,-19,4,-18,3,-16,0,-16,0,0,0,0,0,0,0]"
CSI_DATA,3097921,1a:00:00:00:00:00,-58,11,-95,4,43,6,3097921,47,0,128,0,"[0,0,0,0,0,0,0,0,-10,16,-9,16,-12,19,-13,18,-14,17,-15,18,-15,18,-16,15,-18,16,-18,14,-18,16,-15,15,-16,16,-16,16,-15,17,-14,19,-13,17,-14,20,-12,17,-11,17,-11,20,-12,20,-9,21,-10,21,-10,23,-8,25,-8,24,-8,24,0,0,-8,26,-7,26,-5,22,-5,24,-5,22,-4,23,-4,22,-5,21,-4,22,1,24,2,23,2,21,2,21,3,20,3,20,4,19,6,21,4,20,4,21,2,21,2,22,1,20,3,20,4,19,1,18,0,19,-1,15,0,15,0,0,0,0,0,0]"
CSI_DATA,3101672,1a:00:00:00:00:00,-58,11,-95,4,43,6,3101672,47,0,128,0,"[0,0,0,0,0,0,0,0,-20,0,-19,0,-20,-3,-21,-5,-21,-7,-23,-7,-20,-9,-21,-11,-21,-12,-18,-14,-18,-12,-17,-14,-15,-13,-17,-15,-18,-15,-17,-15,-16,-14,-18,-13,-18,-14,-15,-13,-17,-14,-18,-14,-18,-15,-17,-16,-16,-17,-16,-16,-18,-19,-16,-17,0,0,-18,-19,-17,-19,-17,-20,-16,-17,-14,-17,-16,-19,-13,-17,-13,-18,-13,-16,-14,-17,-13,-16,-14,-17,-13,-17,-12,-16,-13,-17,-13,-16,-13,-15,-12,-18,-12,-17,-9,-17,-10,-17,-10,-17,-6,-18,-5,-18,-4,-18,-3,-18,0,-16,1,-16,0,0,0,0,0,0]"
CSI_DATA,3107672,1a:00:00:00:00:00,-58,11,-95,4,43,6,3107672,47,0,128,0,"[0,0,0,0,0,0,0,0,-4,-19,-3,-19,-3,-20,-3,-21,-3,-22,-2,-24,-2,-24,0,-23,1,-23,2,-22,1,-23,2,-21,1,-23,1,-22,0,-22,-2,-23,-2,-22,-4,-23,-5,-21,-6,-20,-6,-22,-8,-23,-7,-21,-8,-22,-8,-23,-11,-22,-10,-24,-11,-21,0,0,-11,-22,-14,-21,-14,-22,-13,-21,-13,-19,-15,-19,-14,-19,-13,-16,-14,-17,-17,-17,-16,-15,-16,-13,-18,-13,-17,-12,-17,-10,-17,-10,-18,-10,-18,-11,-18,-10,-17,-10,-19,-11,-16,-12,-16,-12,-17,-12,-14,-12,-14,-11,-11,-11,-11,-11,0,0,0,0,0,0]"
CSI_DATA,3111672,1a:00:00:00:00:00,-58,11,-95,4,43,6,3111672,47,0,128,0,"[0,0,0,0,0,0,0,0,15,-13,15,-10,18,-12,20,-11,19,-8,22,-9,20,-6,22,-7,23,-5,22,-2,24,-4,21,0,23,-1,23,1,22,1,23,0,22,1,23,-1,23,-1,21,0,22,0,23,1,23,0,23,0,24,0,24,0,26,2,25,4,0,0,26,2,24,4,23,3,24,4,23,6,23,4,22,4,20,4,21,3,23,1,21,4,19,3,20,5,20,3,21,3,21,4,20,5,20,6,20,6,20,6,19,7,18,9,17,10,16,11,15,11,14,13,10,13,9,13,0,0,0,0,0,0]"
CSI_DATA,3115672,1a:00:00:00:00:00,-58,11,-95,4,43,6,3115672,47,0,128,0,"[0,0,0,0,0,0,0,0,-6,19,-8,18,-10,19,-11,19,-12,19,-13,21,-15,18,-16,16,-18,17,-16,14,-18,15,-18,13,-19,14,-19,14,-17,13,-17,14,-17,14,-18,16,-18,14,-17,13,-18,16,-16,15,-16,15,-17,16,-18,15,-18,16,-19,16,-20,17,0,0,-20,17,-18,14,-18,14,-18,15,-18,13,-19,14,-18,13,-18,12,-17,12,-17,13,-17,14,-15,13,-16,14,-14,15,-16,14,-16,14,-16,13,-17,13,-17,12,-17,12,-18,11,-17,11,-16,10,-17,8,-19,6,-18,6,-15,2,-16,2,0,0,0,0,0,0]"
CSI_DATA,3122782,1a:00:00:00:00:00,-58,11,-95,4,43,6,3122782,47,0,128,0,"[0,0,0,0,0,0,0,0,14,16,12,16,13,18,11,17,11,19,13,19,11,21,9,20,10,21,7,20,10,20,8,21,9,20,9,22,10,21,12,19,13,18,13,18,13,16,13,16,14,15,16,18,15,17,16,16,18,17,18,17,20,17,20,16,0,0,18,16,21,15,20,14,21,14,19,13,20,12,19,12,18,12,20,9,20,8,21,7,19,6,21,6,18,4,21,4,19,2,22,3,21,3,20,3,19,4,21,5,19,5,20,5,18,6,18,6,17,7,15,8,14,7,0,0,0,0,0,0]"
CSI_DATA,3125876,1a:00:00:00:00:00,-58,11,-95,4,43,6,3125876,47,0,128,0,"[0,0,0,0,0,0,0,0,10,18,8,16,7,20,5,21,4,21,2,23,0,23,0,22,-2,23,-4,21,-4,23,-4,22,-3,22,-4,22,-4,22,-2,21,-5,19,-4,23,-4,21,-6,20,-3,21,-3,23,-3,23,-3,23,-4,24,-3,22,-3,25,-4,23,0,0,-5,26,-7,25,-7,25,-8,24,-6,22,-5,23,-6,22,-4,19,-7,21,-4,23,-5,22,-3,21,-4,21,-3,19,-6,21,-5,19,-5,20,-5,20,-6,21,-7,19,-8,19,-9,18,-9,18,-10,16,-11,15,-11,14,-12,10,-12,10,0,0,0,0,0,0]"
CSI_DATA,3133130,1a:00:00:00:00:00,-58,11,-95,4,43,6,3133130,47,0,128,0,"[0,0,0,0,0,0,0,0,7,-19,7,-18,10,-18,10,-18,13,-19,13,-20,13,-18,15,-18,15,-18,15,-16,16,-17,15,-16,15,-18,16,-18,14,-18,12,-18,12,-18,13,-19,11,-17,11,-17,10,-20,10,-21,10,-20,10,-21,10,-23,8,-24,8,-23,11,-24,0,0,7,-23,8,-24,6,-23,7,-25,6,-22,7,-23,5,-22,5,-21,4,-21,3,-23,2,-24,-1,-21,-2,-21,-1,-19,-1,-20,-1,-20,-3,-21,-1,-21,-2,-21,-1,-19,0,-21,0,-20,0,-20,1,-18,2,-18,3,-17,4,-15,4,-15,0,0,0,0,0,0]"
CSI_DATA,3139652,1a:00:00:00:00:00,-58,11,-95,4,43,6,3139652,47,0,128,0,"[0,0,0,0,0,0,0,0,5,20,5,18,3,21,0,21,0,22,-2,23,-2,24,-4,22,-6,23,-7,21,-5,22,-6,23,-7,23,-7,23,-5,21,-3,22,-5,21,-6,23,-5,21,-4,21,-4,22,-4,23,-3,22,-4,23,-3,23,-2,24,-3,24,-4,22,0,0,-4,25,-4,25,-4,24,-5,24,-4,22,-6,24,-4,22,-3,21,-4,22,0,21,-2,22,0,21,-1,22,0,20,-2,22,-1,20,-1,21,0,21,-2,21,-1,21,-2,21,-3,19,-4,20,-4,18,-6,18,-8,17,-8,14,-8,13,0,0,0,0,0,0]"
CSI_DATA,3139858,1a:00:00:00:00:00,-58,11,-95,4,43,6,3139858,47,0,128,0,"[0,0,0,0,0,0,0,0,7,-18,9,-17,9,-19,11,-19,11,-17,13,-18,14,-17,15,-16,15,-17,17,-14,17,-16,17,-14,17,-14,19,-13,18,-12,17,-14,16,-14,18,-16,16,-14,16,-14,15,-16,16,-16,16,-17,15,-18,18,-18,17,-16,17,-18,18,-18,0,0,18,-17,18,-17,18,-17,19,-17,15,-14,16,-17,14,-16,16,-15,14,-15,14,-15,15,-16,14,-14,14,-16,12,-15,13,-16,13,-16,12,-16,13,-17,12,-17,14,-14,14,-15,14,-13,16,-13,15,-11,18,-9,18,-9,15,-6,14,-5,0,0,0,0,0,0]"
CSI_DATA,3142113,1a:00:00:00:00:00,-58,11,-95,4,43,6,3142113,47,0,128,0,"[0,0,0,0,0,0,0,0,-1,-19,0,-21,-1,-20,1,-21,3,-22,2,-24,4,-23,4,-22,4,-23,5,-21,5,-21,4,-22,4,-22,3,-23,3,-22,3,-22,0,-21,-1,-23,-1,-21,0,-22,-3,-23,-4,-22,-5,-22,-4,-22,-6,-22,-7,-23,-7,-23,-6,-24,0,0,-11,-23,-11,-24,-10,-23,-10,-21,-11,-20,-13,-21,-11,-18,-12,-18,-11,-17,-13,-17,-14,-17,-14,-16,-15,-15,-15,-12,-16,-12,-15,-13,-17,-12,-16,-12,-16,-13,-15,-12,-17,-11,-14,-12,-15,-12,-15,-13,-12,-13,-12,-13,-10,-13,-10,-12,0,0,0,0,0,0]"
CSI_DATA,3148674,1a:00:00:00:00:00,-58,11,-95,4,43,6,3148674,47,0,128,0,"[0,0,0,0,0,0,0,0,-12,-16,-10,-17,-9,-18,-10,-19,-8,-22,-7,-22,-6,-23,-6,-21,-6,-23,-4,-21,-5,-21,-4,-22,-3,-21,-4,-23,-5,-22,-4,-21,-4,-21,-7,-23,-5,-21,-5,-20,-8,-21,-8,-22,-8,-20,-9,-21,-10,-22,-11,-22,-12,-22,-9,-21,0,0,-13,-24,-9,-23,-10,-22,-10,-23,-10,-21,-11,-21,-10,-19,-12,-18,-9,-18,-12,-18,-13,-18,-12,-17,-12,-17,-12,-16,-13,-15,-13,-15,-14,-15,-14,-16,-13,-15,-12,-15,-13,-15,-11,-17,-10,-17,-10,-17,-8,-16,-7,-16,-5,-15,-4,-16,0,0,0,0,0,0]"
CSI_DATA,3154994,1a:00:00:00:00:00,-58,11,-95,4,43,6,3154994,47,0,128,0,"[0,0,0,0,0,0,0,0,-16,-10,-15,-11,-16,-12,-16,-14,-15,-15,-16,-16,-15,-17,-11,-17,-11,-19,-10,-19,-11,-20,-10,-20,-10,-20,-9,-20,-10,-21,-10,-20,-10,-19,-13,-20,-11,-18,-10,-18,-12,-19,-11,-19,-12,-19,-12,-20,-12,-20,-13,-21,-12,-23,-10,-20,0,0,-13,-22,-12,-22,-11,-22,-11,-21,-10,-20,-10,-20,-10,-20,-9,-19,-9,-19,-10,-18,-11,-18,-10,-17,-11,-18,-10,-17,-12,-16,-11,-17,-11,-17,-10,-17,-10,-18,-9,-18,-9,-18,-8,-19,-5,-19,-6,-18,-4,-19,-1,-17,0,-15,0,-16,0,0,0,0,0,0]"
CSI_DATA,3157670,1a:00:00:00:00:00,-58,11,-95,4,43,6,3157670,47,0,128,0,"[0,0,0,0,0,0,0,0,-6,-18,-5,-17,-5,-19,-4,-21,-3,-22,-4,-24,-2,-23,-1,-22,-1,-23,1,-21,-1,-22,1,-22,-1,-22,-1,-21,-1,-22,-3,-22,-2,-23,-4,-22,-4,-21,-2,-20,-6,-22,-6,-21,-7,-21,-8,-22,-7,-23,-9,-23,-9,-23,-7,-20,0,0,-12,-21,-12,-22,-12,-22,-10,-20,-12,-19,-12,-21,-12,-18,-12,-18,-12,-17,-14,-18,-14,-17,-14,-16,-14,-16,-14,-15,-14,-14,-16,-13,-17,-13,-15,-14,-16,-13,-14,-13,-14,-14,-14,-14,-14,-13,-13,-14,-12,-14,-10,-15,-8,-13,-8,-14,0,0,0,0,0,0]"
CSI_DATA,3163673,1a:00:00:00:00:00,-58,11,-95,4,43,6,3163673,47,0,128,0,"[0,0,0,0,0,0,0,0,1,-19,2,-18,3,-20,4,-21,4,-22,5,-23,7,-21,8,-21,10,-22,10,-18,10,-20,11,-18,11,-21,11,-20,9,-21,8,-21,10,-20,7,-21,7,-21,7,-18,8,-22,6,-22,6,-22,6,-22,6,-22,6,-23,7,-23,7,-24,0,0,6,-25,5,-24,5,-25,5,-24,5,-22,4,-23,3,-21,3,-22,4,-21,3,-23,2,-22,1,-21,0,-21,0,-21,0,-20,0,-21,-1,-20,1,-21,-1,-20,1,-19,1,-21,2,-19,3,-20,3,-19,5,-19,6,-18,6,-14,8,-15,0,0,0,0,0,0]"
CSI_DATA,3167673,1a:00:00:00:00:00,-58,11,-95,4,43,6,3167673,47,0,128,0,"[0,0,0,0,0,0,0,0,15,12,15,13,15,15,14,15,14,17,15,17,13,20,11,18,13,20,9,19,12,19,11,20,12,19,13,20,12,20,14,20,13,17,15,16,14,16,12,16,16,17,15,16,15,15,17,15,19,15,20,15,22,18,18,13,0,0,23,17,22,16,19,13,20,13,18,12,21,14,19,12,18,11,17,10,21,10,21,8,19,7,21,7,19,5,20,4,20,5,21,4,21,4,21,6,19,5,19,6,18,7,18,6,19,7,16,8,16,8,13,8,14,9,0,0,0,0,0,0]"
CSI_DATA,3174421,1a:00:00:00:00:00,-58,11,-95,4,43,6,3174421,47,0,128,0,"[0,0,0,0,0,0,0,0,-13,16,-12,14,-15,16,-16,14,-18,13,-19,15,-19,10,-20,10,-20,11,-20,7,-21,8,-21,7,-20,8,-20,7,-20,7,-21,8,-20,7,-21,11,-19,10,-20,8,-21,9,-20,8,-19,9,-22,10,-22,11,-20,10,-22,10,-24,11,0,0,-26,10,-23,11,-21,9,-22,9,-20,10,-21,9,-20,9,-20,7,-19,10,-21,9,-20,11,-19,10,-18,11,-17,11,-18,10,-17,11,-17,11,-18,10,-18,11,-18,8,-19,9,-18,8,-18,5,-18,4,-19,4,-19,2,-14,0,-15,0,0,0,0,0,0,0]"
CSI_DATA,3177673,1a:00:00:00:00:00,-58,11,-95,4,43,6,3177673,47,0,128,0,"[0,0,0,0,0,0,0,0,-18,-4,-16,-4,-16,-7,-16,-10,-21,-8,-18,-9,-20,-14,-19,-12,-17,-14,-17,-13,-17,-16,-16,-12,-16,-12,-16,-12,-16,-13,-18,-13,-18,-13,-19,-9,-17,-8,-20,-9,-22,-7,-20,-11,-21,-6,-24,-10,-20,-7,-22,-6,-24,-9,-23,-11,0,0,-26,-6,-24,-7,-20,-7,-25,-3,-20,-3,-27,-8,-19,-4,-23,-3,-18,-6,-23,2,-21,4,-17,2,-18,1,-17,-1,-22,5,-19,5,-23,-1,-21,2,-17,1,-23,4,-20,-1,-19,5,-25,-3,-24,1,-24,2,-20,2,-17,-9,-19,-9,0,0,0,0,0,0]"
CSI_DATA,3181673,1a:00:00:00:00:00,-58,11,-95,4,43,6,3181673,47,0,128,0,"[0,0,0,0,0,0,0,0,17,-8,18,-7,19,-9,21,-7,21,-5,23,-7,22,-4,23,-5,24,-4,21,-2,22,-4,21,-3,22,-5,23,-5,21,-6,21,-7,20,-7,22,-9,20,-7,18,-10,19,-11,21,-11,20,-11,18,-11,21,-14,20,-14,19,-15,20,-15,0,0,20,-16,17,-17,18,-16,17,-17,16,-16,16,-18,14,-16,14,-16,14,-17,13,-20,11,-20,10,-18,9,-18,7,-18,7,-19,6,-20,6,-19,6,-20,7,-19,7,-20,7,-20,7,-17,7,-18,8,-18,9,-16,8,-16,9,-13,8,-12,0,0,0,0,0,0]"
CSI_DATA,3187767,1a:00:00:00:00:00,-58,11,-95,4,43,6,3187767,47,0,128,0,"[0,0,0,0,0,0,0,0,14,14,13,14,14,17,15,16,12,18,13,19,12,21,10,20,9,21,8,19,11,20,8,21,11,20,9,21,10,20,12,20,11,19,13,19,12,17,12,18,12,17,13,18,13,17,15,17,16,19,17,18,18,19,16,19,0,0,16,19,19,19,18,17,18,17,15,15,17,17,17,15,15,14,17,13,18,11,18,12,18,11,19,11,17,10,20,9,18,8,19,9,18,9,19,10,17,10,17,10,16,10,16,11,16,11,16,11,13,12,11,11,10,11,0,0,0,0,0,0]"
CSI_DATA,3193422,1a:00:00:00:00:00,-58,11,-95,4,43,6,3193422,47,0,128,0,"[0,0,0,0,0,0,0,0,13,-15,13,-14,14,-15,17,-15,17,-14,19,-14,19,-12,21,-11,20,-10,19,-8,21,-9,20,-7,20,-10,20,-10,21,-10,19,-10,18,-9,20,-12,18,-11,17,-10,19,-12,19,-12,18,-12,19,-13,20,-14,19,-14,19,-16,19,-15,0,0,22,-15,20,-15,19,-15,20,-15,18,-14,20,-14,19,-12,17,-14,17,-14,16,-16,16,-16,14,-16,14,-16,13,-15,14,-15,14,-16,13,-16,14,-16,14,-15,15,-13,15,-13,15,-12,15,-12,15,-12,16,-11,16,-9,15,-6,14,-6,0,0,0,0,0,0]"
CSI_DATA,3204893,1a:00:00:00:00:00,-58,11,-95,4,43,6,3204893,47,0,128,0,"[0,0,0,0,0,0,0,0,-12,15,-12,13,-14,15,-15,14,-18,12,-19,13,-20,10,-20,10,-23,10,-21,8,-21,8,-20,6,-21,7,-22,7,-21,5,-21,7,-20,6,-23,7,-21,6,-21,5,-20,5,-23,6,-21,7,-22,6,-22,7,-23,7,-24,7,-23,6,0,0,-22,7,-24,4,-24,6,-25,4,-22,3,-24,5,-21,3,-20,3,-21,3,-21,5,-22,5,-20,4,-20,3,-19,4,-21,5,-19,4,-21,5,-20,3,-21,3,-19,2,-20,2,-20,-1,-20,0,-18,-2,-18,-4,-17,-4,-14,-6,-14,-7,0,0,0,0,0,0]"
CSI_DATA,3214399,1a:00:00:00:00:00,-58,11,-95,4,43,6,3214399,47,0,128,0,"[0,0,0,0,0,0,0,0,-8,-17,-8,-18,-7,-20,-5,-19,-4,-23,-3,-23,0,-22,2,-22,1,-22,4,-21,2,-22,3,-21,2,-22,5,-23,3,-22,2,-22,2,-21,3,-25,2,-20,3,-21,3,-22,3,-23,2,-22,4,-23,3,-24,1,-24,3,-24,4,-25,0,0,6,-26,5,-25,4,-24,4,-26,5,-21,6,-23,5,-22,3,-20,4,-22,2,-23,3,-22,1,-20,1,-21,2,-20,3,-20,2,-19,3,-20,3,-21,4,-21,7,-18,6,-20,6,-19,6,-19,8,-17,8,-16,10,-14,10,-12,11,-11,0,0,0,0,0,0]"
CSI_DATA,3214838,1a:00:00:00:00:00,-58,11,-95,4,43,6,3214838,47,0,128,0,"[0,0,0,0,0,0,0,0,16,11,15,13,14,14,15,16,14,17,15,19,12,19,10,20,9,22,6,21,8,20,5,22,7,20,5,22,6,22,7,21,7,20,8,21,8,21,5,20,6,21,8,21,6,21,7,22,6,23,7,24,8,25,5,21,0,0,7,26,3,24,7,24,5,23,5,20,3,23,3,22,3,21,3,21,3,24,6,21,4,20,4,21,4,19,3,20,5,20,4,21,3,20,3,20,2,19,0,21,-1,20,-2,19,-3,19,-5,18,-5,18,-6,16,-6,15,0,0,0,0,0,0]"
CSI_DATA,3221686,1a:00:00:00:00:00,-58,11,-95,4,43,6,3221686,47,0,128,0,"[0,0,0,0,0,0,0,0,-1,-21,-1,-18,1,-19,1,-21,4,-22,2,-24,4,-23,4,-20,7,-23,7,-20,7,-22,5,-20,5,-22,6,-22,5,-21,3,-22,3,-21,2,-23,1,-21,2,-21,0,-21,0,-23,-2,-23,-1,-23,-2,-24,-3,-24,-4,-23,-3,-25,0,0,-5,-25,-5,-26,-6,-23,-4,-23,-6,-22,-7,-23,-6,-21,-7,-20,-6,-20,-11,-22,-10,-20,-11,-18,-12,-17,-11,-15,-10,-17,-11,-16,-13,-16,-12,-16,-12,-17,-11,-15,-11,-17,-11,-16,-10,-17,-10,-17,-7,-16,-7,-16,-6,-16,-4,-14,0,0,0,0,0,0]"
CSI_DATA,3224463,1a:00:00:00:00:00,-58,11,-95,4,43,6,3224463,47,0,128,0,"[0,0,0,0,0,0,0,0,17,-10,17,-9,19,-9,19,-9,22,-4,23,-5,22,-3,22,-2,23,-1,23,0,22,0,22,1,22,1,22,0,21,1,23,1,22,2,24,1,21,1,22,2,21,1,21,1,23,3,22,2,25,1,24,0,24,1,25,1,0,0,23,1,26,4,24,3,26,4,23,4,23,4,22,4,21,4,21,4,22,1,22,1,20,2,21,2,19,1,21,2,21,1,20,2,20,2,22,3,20,5,20,4,18,7,18,7,18,7,17,9,15,10,11,11,12,10,0,0,0,0,0,0]"
CSI_DATA,3230055,1a:00:00:00:00:00,-58,11,-95,4,43,6,3230055,47,0,128,0,"[0,0,0,0,0,0,0,0,14,-13,15,-11,17,-11,19,-10,21,-6,23,-7,21,-5,21,-4,22,-2,22,-1,24,-1,22,0,22,0,22,1,22,0,24,0,21,1,23,-1,21,0,21,2,22,3,23,3,22,1,22,3,24,1,22,1,25,3,23,3,0,0,25,3,25,6,23,6,24,6,22,6,22,6,22,6,20,6,20,5,21,4,22,4,19,4,19,5,19,5,20,5,21,5,20,4,20,5,21,7,18,8,18,8,17,10,16,10,16,11,16,11,13,12,9,13,9,12,0,0,0,0,0,0]"
CSI_DATA,3235673,1a:00:00:00:00:00,-58,11,-95,4,43,6,3235673,47,0,128,0,"[0,0,0,0,0,0,0,0,-15,9,-16,9,-18,10,-19,10,-20,9,-22,10,-19,7,-22,8,-22,8,-20,7,-21,8,-19,7,-21,7,-22,7,-19,8,-18,11,-18,11,-19,12,-18,13,-17,11,-18,13,-17,16,-15,15,-16,17,-17,18,-17,20,-16,19,-16,19,0,0,-15,21,-13,18,-12,20,-12,20,-11,18,-11,20,-9,20,-9,20,-7,20,-7,20,-7,21,-5,20,-4,20,-2,20,-2,20,-1,21,2,20,-2,22,0,20,-1,21,0,19,0,19,-1,18,-2,19,-2,19,-4,17,-4,15,-4,14,0,0,0,0,0,0]"
CSI_DATA,3240295,1a:00:00:00:00:00,-58,11,-95,4,43,6,3240295,47,0,128,0,"[0,0,0,0,0,0,0,0,-19,8,-17,6,-20,6,-20,8,-21,6,-22,5,-22,5,-23,3,-24,4,-22,1,-23,4,-21,3,-22,5,-22,5,-21,6,-21,7,-19,7,-21,11,-19,9,-20,10,-18,11,-17,12,-19,12,-17,14,-18,15,-17,16,-16,17,-17,16,0,0,-17,19,-17,19,-15,18,-15,19,-14,18,-12,19,-13,19,-10,17,-9,20,-7,21,-7,22,-6,19,-5,19,-3,18,-3,20,-3,20,-1,22,-2,21,-2,21,-2,20,-4,21,-2,19,-2,18,-3,20,-4,18,-4,17,-4,14,-4,15,0,0,0,0,0,0]"
CSI_DATA,3245742,1a:00:00:00:00:00,-58,11,-95,4,43,6,3245742,47,0,128,0,"[0,0,0,0,0,0,0,0,-11,-16,-10,-17,-10,-18,-9,-18,-8,-21,-10,-22,-6,-21,-6,-21,-6,-21,-4,-21,-5,-20,-6,-21,-8,-21,-9,-21,-9,-20,-9,-19,-9,-19,-12,-20,-13,-18,-10,-18,-12,-19,-13,-18,-14,-18,-12,-20,-17,-17,-18,-16,-19,-17,-17,-16,0,0,-18,-17,-19,-15,-19,-14,-19,-15,-19,-15,-18,-14,-18,-11,-17,-13,-17,-9,-20,-8,-20,-7,-20,-6,-20,-5,-20,-4,-19,-6,-20,-5,-19,-3,-18,-5,-20,-2,-20,-6,-18,-3,-22,-5,-17,-5,-17,-4,-16,-7,-18,-7,-13,-5,-12,-5,0,0,0,0,0,0]"
CSI_DATA,3247673,1a:00:00:00:00:00,-58,11,-95,4,43,6,3247673,47,0,128,0,"[0,0,0,0,0,0,0,0,-19,5,-18,3,-21,3,-22,3,-22,2,-23,2,-22,0,-22,-1,-23,0,-21,-3,-23,-3,-20,-4,-22,-5,-22,-4,-21,-3,-21,-2,-21,-2,-22,-1,-23,-1,-20,-1,-22,0,-22,0,-23,1,-23,1,-23,2,-23,1,-25,1,-24,2,0,0,-25,4,-24,2,-24,2,-24,4,-22,1,-22,3,-21,3,-21,3,-21,4,-22,4,-23,5,-20,5,-20,6,-20,6,-19,5,-20,6,-19,7,-19,6,-20,5,-19,6,-20,6,-18,5,-18,3,-18,2,-18,2,-18,1,-15,-1,-15,-3,0,0,0,0,0,0]"
CSI_DATA,3251897,1a:00:00:00:00:00,-58,11,-95,4,43,6,3251897,47,0,128,0,"[0,0,0,0,0,0,0,0,-18,-5,-18,-7,-19,-8,-20,-9,-19,-11,-21,-11,-18,-13,-18,-12,-19,-13,-15,-15,-16,-14,-17,-16,-19,-14,-18,-14,-18,-14,-18,-12,-17,-13,-20,-12,-17,-11,-18,-11,-19,-11,-20,-11,-20,-9,-20,-8,-21,-9,-22,-8,-22,-8,-21,-7,0,0,-22,-9,-23,-8,-23,-8,-24,-6,-22,-7,-23,-6,-21,-6,-21,-6,-20,-4,-21,-4,-21,-2,-20,-1,-21,-1,-19,-1,-22,0,-20,0,-20,1,-20,1,-20,0,-21,-1,-20,-2,-19,-2,-20,-2,-19,-3,-19,-3,-17,-5,-15,-6,-14,-6,0,0,0,0,0,0]"
CSI_DATA,3255804,1a:00:00:00:00:00,-58,11,-95,4,43,6,3255804,47,0,128,0,"[0,0,0,0,0,0,0,0,7,-18,7,-18,9,-19,9,-19,10,-20,12,-20,12,-18,13,-18,13,-18,13,-16,14,-18,13,-18,13,-19,12,-20,10,-18,9,-21,8,-18,9,-21,8,-20,7,-20,7,-21,6,-22,5,-22,5,-21,4,-25,2,-23,2,-24,5,-22,0,0,0,-25,3,-25,1,-24,1,-24,0,-21,-1,-23,-1,-22,-1,-22,-1,-21,-4,-21,-5,-21,-7,-19,-6,-21,-7,-18,-7,-20,-7,-18,-9,-19,-8,-19,-9,-19,-7,-18,-9,-19,-7,-18,-8,-19,-7,-17,-6,-18,-4,-16,-3,-16,-3,-15,0,0,0,0,0,0]"
CSI_DATA,3259692,1a:00:00:00:00:00,-58,11,-95,4,43,6,3259692,47,0,128,0,"[0,0,0,0,0,0,0,0,11,-16,12,-16,12,-17,14,-16,14,-17,14,-18,15,-18,15,-15,17,-18,15,-13,15,-18,15,-14,15,-18,14,-17,13,-17,12,-18,10,-19,9,-20,8,-18,8,-18,7,-21,6,-22,5,-22,4,-23,5,-23,3,-24,2,-25,4,-24,0,0,2,-24,-1,-25,-2,-24,-3,-25,-2,-22,-4,-23,-4,-22,-4,-21,-5,-21,-10,-21,-9,-19,-10,-18,-10,-18,-11,-15,-12,-17,-13,-15,-14,-15,-12,-16,-13,-15,-12,-15,-14,-16,-13,-15,-11,-16,-13,-16,-11,-16,-9,-15,-8,-15,-8,-13,0,0,0,0,0,0]"
CSI_DATA,3266416,1a:00:00:00:00:00,-58,11,-95,4,43,6,3266416,47,0,128,0,"[0,0,0,0,0,0,0,0,6,-19,6,-17,7,-20,8,-18,9,-20,9,-21,11,-20,11,-18,13,-19,13,-17,13,-19,13,-17,12,-18,13,-19,11,-19,9,-20,10,-19,9,-21,8,-20,8,-20,6,-21,8,-21,8,-21,5,-23,7,-22,5,-23,6,-24,8,-21,0,0,6,-24,4,-26,3,-23,3,-25,3,-23,3,-23,3,-22,3,-20,0,-22,-1,-21,-2,-22,-2,-19,-2,-21,-2,-20,-4,-20,-3,-20,-5,-21,-4,-19,-4,-21,-1,-19,-3,-21,-2,-19,-1,-19,-2,-18,0,-19,1,-18,2,-15,3,-14,0,0,0,0,0,0]"
CSI_DATA,3271458,1a:00:00:00:00:00,-58,11,-95,4,43,6,3271458,47,0,128,0,"[0,0,0,0,0,0,0,0,20,-2,19,-1,20,-1,22,1,21,2,23,2,22,3,22,4,23,6,21,6,22,5,20,7,22,4,22,6,21,5,22,4,21,3,25,1,21,1,21,1,23,1,22,1,23,1,24,-2,24,-3,24,-2,25,-3,26,-3,0,0,25,-3,25,-4,23,-4,23,-5,22,-4,22,-4,21,-3,21,-5,21,-6,20,-8,22,-9,19,-9,19,-8,18,-7,19,-11,18,-10,18,-10,18,-9,18,-10,17,-10,18,-10,16,-7,18,-8,17,-7,18,-7,17,-5,15,-2,16,-3,0,0,0,0,0,0]"
CSI_DATA,3273873,1a:00:00:00:00:00,-58,11,-95,4,43,6,3273873,47,0,128,0,"[0,0,0,0,0,0,0,0,-9,-17,-8,-17,-7,-20,-5,-21,-3,-22,-4,-22,-1,-22,1,-22,2,-22,4,-22,3,-22,3,-22,3,-22,4,-22,3,-21,2,-23,4,-21,3,-23,3,-21,4,-21,3,-22,3,-21,4,-22,4,-22,5,-24,3,-23,3,-24,4,-25,0,0,6,-26,6,-23,7,-23,7,-24,6,-20,6,-23,7,-22,7,-21,7,-21,4,-22,4,-21,3,-20,3,-22,3,-19,5,-19,4,-20,4,-21,6,-20,7,-21,7,-17,7,-18,7,-19,9,-17,10,-17,11,-16,11,-13,12,-10,11,-10,0,0,0,0,0,0]"
CSI_DATA,3281823,1a:00:00:00:00:00,-58,11,-95,4,43,6,3281823,47,0,128,0,"[0,0,0,0,0,0,0,0,14,-14,14,-13,16,-12,18,-12,18,-11,20,-11,19,-10,19,-9,22,-9,20,-6,21,-8,20,-5,20,-7,22,-8,21,-9,20,-9,19,-9,21,-11,19,-10,19,-10,19,-11,20,-12,17,-12,19,-12,20,-12,19,-14,20,-15,18,-14,0,0,22,-13,18,-15,19,-15,19,-16,18,-14,18,-14,17,-13,17,-14,15,-15,15,-16,15,-16,12,-16,12,-15,11,-15,12,-17,11,-18,11,-16,13,-17,13,-17,14,-15,13,-16,14,-14,14,-14,13,-14,14,-13,15,-11,13,-8,14,-9,0,0,0,0,0,0]"
CSI_DATA,3287128,1a:00:00:00:00:00,-58,11,-95,4,43,6,3287128,47,0,128,0,"[0,0,0,0,0,0,0,0,-14,14,-14,13,-16,15,-17,15,-17,12,-18,14,-19,12,-20,10,-21,11,-21,7,-21,9,-20,8,-21,9,-21,9,-19,9,-20,10,-18,10,-20,13,-19,12,-20,10,-19,11,-18,13,-19,12,-18,13,-20,14,-17,14,-20,15,-21,14,0,0,-20,15,-21,15,-19,14,-19,14,-17,13,-19,14,-17,12,-17,13,-16,14,-15,16,-14,15,-13,15,-15,16,-12,15,-14,16,-12,15,-13,16,-13,16,-14,16,-14,15,-16,15,-13,13,-14,12,-14,12,-17,12,-16,9,-14,6,-14,6,0,0,0,0,0,0]"
CSI_DATA,3292104,1a:00:00:00:00:00,-58,11,-95,4,43,6,3292104,47,0,128,0,"[0,0,0,0,0,0,0,0,4,-18,6,-18,5,-19,7,-21,10,-20,9,-21,10,-21,12,-19,13,-19,12,-17,12,-18,13,-17,15,-17,14,-17,12,-18,12,-17,11,-19,11,-20,12,-18,11,-17,11,-21,10,-19,9,-21,9,-20,11,-20,10,-20,9,-22,12,-23,0,0,11,-25,9,-23,9,-23,10,-23,9,-21,9,-23,8,-21,7,-19,8,-21,6,-23,6,-21,5,-20,5,-21,3,-20,6,-19,5,-21,3,-19,4,-19,6,-20,5,-19,4,-20,5,-20,7,-18,8,-18,8,-16,10,-16,8,-12,10,-13,0,0,0,0,0,0]"
CSI_DATA,3295673,1a:00:00:00:00:00,-58,11,-95,4,43,6,3295673,47,0,128,0,"[0,0,0,0,0,0,0,0,13,-14,13,-14,15,-15,15,-15,16,-15,16,-16,18,-14,19,-12,18,-14,18,-11,19,-13,18,-10,19,-12,19,-14,18,-13,16,-15,16,-14,16,-18,15,-16,15,-16,13,-17,14,-17,13,-18,12,-18,14,-20,14,-20,12,-21,12,-19,0,0,12,-24,10,-22,10,-21,11,-22,10,-19,10,-21,8,-21,9,-19,8,-19,7,-20,5,-22,4,-20,2,-21,3,-20,1,-21,1,-20,0,-21,2,-21,2,-21,3,-20,2,-21,2,-19,3,-18,3,-19,5,-17,4,-17,5,-14,6,-14,0,0,0,0,0,0]"
CSI_DATA,3299863,1a:00:00:00:00:00,-58,11,-95,4,43,6,3299863,47,0,128,0,"[0,0,0,0,0,0,0,0,-12,-13,-12,-15,-13,-17,-13,-16,-11,-18,-12,-19,-11,-19,-12,-19,-11,-19,-11,-19,-12,-19,-9,-19,-12,-19,-12,-18,-12,-18,-12,-17,-13,-18,-16,-16,-16,-14,-13,-14,-16,-15,-17,-15,-18,-12,-19,-14,-20,-14,-20,-12,-22,-13,-21,-12,0,0,-25,-10,-23,-12,-23,-11,-22,-7,-19,-7,-23,-7,-21,-6,-21,-5,-21,-5,-22,-3,-23,-2,-20,-1,-21,-1,-20,1,-19,2,-20,1,-19,3,-21,3,-20,4,-20,3,-20,4,-19,2,-19,2,-18,0,-18,0,-18,0,-16,-3,-16,-2,0,0,0,0,0,0]"
CSI_DATA,3305673,1a:00:00:00:00:00,-58,11,-95,4,43,6,3305673,47,0,128,0,"[0,0,0,0,0,0,0,0,-3,20,-4,19,-4,20,-5,20,-7,22,-8,21,-9,21,-9,20,-10,21,-12,19,-11,21,-10,19,-10,21,-8,21,-8,20,-6,22,-7,20,-7,23,-7,20,-6,21,-4,21,-4,23,-3,23,-2,22,-4,25,-1,24,-1,24,-1,26,0,0,-3,26,0,25,-2,24,-1,25,0,21,1,24,2,23,2,21,3,22,6,24,6,22,7,19,6,20,7,18,8,19,8,18,8,20,8,19,9,20,6,19,7,20,8,18,5,18,6,19,4,19,4,17,1,16,2,16,0,0,0,0,0,0]"
CSI_DATA,3329054,1a:00:00:00:00:00,-58,11,-95,4,43,6,3329054,47,0,128,0,"[0,0,0,0,0,0,0,0,11,-15,12,-15,14,-17,14,-15,16,-15,16,-16,17,-14,16,-14,18,-15,16,-13,17,-16,16,-14,17,-15,16,-16,14,-17,14,-18,12,-18,13,-19,11,-18,11,-18,10,-19,10,-20,9,-20,8,-22,8,-22,5,-22,6,-23,6,-23,0,0,5,-25,3,-24,2,-24,2,-25,0,-21,0,-23,0,-22,-2,-20,-1,-21,-4,-23,-5,-20,-8,-19,-7,-20,-7,-17,-7,-19,-8,-18,-9,-18,-10,-18,-10,-17,-8,-17,-9,-18,-8,-17,-8,-17,-9,-16,-7,-16,-3,-17,-4,-15,-5,-15,0,0,0,0,0,0]"
CSI_DATA,3331783,1a:00:00:00:00:00,-58,11,-95,4,43,6,3331783,47,0,128,0,"[0,0,0,0,0,0,0,0,-16,10,-16,9,-19,8,-20,9,-21,6,-21,7,-22,6,-21,4,-23,4,-22,0,-23,2,-21,1,-22,3,-23,1,-22,2,-22,3,-22,2,-22,5,-21,4,-20,4,-21,4,-21,5,-21,5,-22,6,-22,6,-22,6,-22,6,-23,7,0,0,-24,7,-24,6,-24,6,-23,7,-21,5,-22,6,-22,6,-21,5,-20,6,-21,8,-20,9,-19,8,-20,9,-17,7,-18,10,-17,10,-18,10,-19,9,-19,9,-19,7,-20,8,-18,6,-19,6,-18,5,-18,3,-18,2,-16,1,-16,-1,0,0,0,0,0,0]"
CSI_DATA,3339321,1a:00:00:00:00:00,-58,11,-95,4,43,6,3339321,47,0,128,0,"[0,0,0,0,0,0,0,0,-18,-4,-20,-5,-20,-5,-20,-6,-21,-6,-22,-8,-21,-8,-21,-7,-22,-8,-21,-10,-22,-9,-18,-10,-23,-8,-22,-8,-20,-7,-22,-5,-21,-6,-23,-3,-21,-2,-21,-2,-21,-2,-22,-1,-22,-1,-23,0,-24,2,-23,2,-24,3,-27,2,0,0,-25,5,-26,4,-24,6,-24,8,-21,5,-23,6,-21,6,-20,8,-19,9,-20,13,-19,13,-17,11,-17,13,-15,12,-16,14,-13,14,-14,15,-14,15,-15,15,-15,14,-15,14,-15,13,-15,13,-14,13,-15,12,-14,11,-13,7,-12,8,0,0,0,0,0,0]"
CSI_DATA,3342691,1a:00:00:00:00:00,-58,11,-95,4,43,6,3342691,47,0,128,0,"[0,0,0,0,0,0,0,0,20,1,18,1,19,1,21,3,21,7,22,7,21,9,19,9,21,10,18,12,19,12,18,12,19,12,19,13,18,11,19,14,18,13,20,12,18,10,18,12,18,11,19,11,20,11,18,14,20,12,23,12,22,11,22,14,0,0,24,13,22,14,20,14,20,14,19,13,20,14,18,13,17,12,17,12,18,12,19,10,17,10,19,12,17,10,19,9,18,10,19,11,18,12,17,11,17,12,16,14,14,13,16,15,12,13,12,13,12,15,8,14,7,15,0,0,0,0,0,0]"
CSI_DATA,3346558,1a:00:00:00:00:00,-58,11,-95,4,43,6,3346558,47,0,128,0,"[0,0,0,0,0,0,0,0,1,-19,1,-19,3,-21,4,-20,4,-21,6,-21,8,-21,9,-20,10,-20,11,-18,11,-20,12,-18,10,-19,11,-19,9,-19,9,-20,10,-19,9,-22,9,-20,8,-20,8,-21,8,-20,8,-21,8,-23,8,-22,6,-22,9,-23,9,-22,0,0,9,-21,8,-24,6,-23,8,-23,8,-21,8,-23,7,-21,7,-20,5,-21,3,-21,4,-21,3,-20,2,-21,2,-20,4,-21,1,-19,1,-20,3,-20,3,-21,4,-20,5,-20,5,-18,6,-19,6,-18,8,-18,8,-15,9,-14,8,-13,0,0,0,0,0,0]"
CSI_DATA,3356589,1a:00:00:00:00:00,-58,11,-95,4,43,6,3356589,47,0,128,0,"[0,0,0,0,0,0,0,0,-18,-7,-17,-9,-19,-9,-17,-9,-18,-11,-18,-13,-17,-14,-16,-15,-17,-15,-14,-16,-16,-16,-15,-17,-15,-17,-14,-18,-14,-16,-14,-16,-13,-17,-17,-15,-16,-12,-15,-14,-16,-15,-16,-14,-17,-14,-18,-14,-19,-14,-18,-15,-19,-17,-17,-15,0,0,-20,-14,-20,-16,-18,-15,-18,-15,-17,-16,-18,-14,-17,-13,-17,-13,-17,-12,-17,-12,-18,-12,-17,-11,-19,-11,-18,-10,-17,-8,-17,-9,-19,-9,-17,-10,-17,-11,-16,-11,-17,-11,-15,-12,-15,-13,-15,-13,-13,-14,-11,-13,-9,-13,-8,-14,0,0,0,0,0,0]"
CSI_DATA,3356730,1a:00:00:00:00:00,-58,11,-95,4,43,6,3356730,47,0,128,0,"[0,0,0,0,0,0,0,0,-3,19,-5,18,-6,21,-8,18,-9,20,-11,20,-12,19,-13,18,-14,18,-15,16,-15,16,-14,16,-14,17,-15,18,-13,16,-13,18,-13,16,-14,18,-13,17,-12,16,-14,17,-12,17,-12,18,-13,18,-13,21,-11,21,-12,22,-15,19,0,0,-13,22,-14,21,-14,20,-14,20,-13,17,-12,20,-12,17,-11,18,-12,18,-11,19,-10,19,-9,18,-9,19,-8,17,-10,18,-8,18,-7,19,-8,18,-9,18,-10,16,-10,19,-10,15,-9,16,-11,15,-12,12,-11,11,-12,9,-12,9,0,0,0,0,0,0]"
CSI_DATA,3357295,1a:00:00:00:00:00,-58,11,-95,4,43,6,3357295,47,0,128,0,"[0,0,0,0,0,0,0,0,4,18,4,17,1,21,1,21,1,22,-2,23,-3,22,-4,21,-5,21,-7,18,-7,21,-7,20,-8,21,-8,20,-7,21,-7,20,-6,19,-6,21,-5,19,-7,19,-5,20,-6,22,-5,21,-5,22,-7,22,-6,23,-7,24,-7,24,0,0,-8,25,-7,24,-6,23,-7,24,-6,20,-8,22,-7,20,-6,20,-7,19,-6,21,-3,21,-3,19,-5,20,-4,19,-5,20,-4,19,-4,20,-5,19,-6,20,-7,19,-6,18,-7,18,-8,18,-9,16,-10,15,-10,13,-10,11,-11,11,0,0,0,0,0,0]"
CSI_DATA,3361674,1a:00:00:00:00:00,-58,11,-95,4,43,6,3361674,47,0,128,0,"[0,0,0,0,0,0,0,0,-6,17,-8,15,-9,18,-10,18,-12,18,-12,18,-14,15,-16,15,-15,16,-17,15,-16,15,-17,14,-17,14,-18,14,-16,15,-16,16,-17,15,-17,17,-15,15,-14,15,-15,16,-15,17,-14,18,-14,17,-17,17,-17,19,-17,19,-18,19,0,0,-17,19,-17,18,-16,17,-16,18,-14,16,-15,19,-15,16,-13,16,-12,17,-13,17,-12,17,-11,16,-12,17,-11,17,-11,17,-11,17,-10,17,-11,16,-11,18,-12,17,-13,16,-12,14,-13,14,-13,13,-16,11,-14,11,-13,7,-14,7,0,0,0,0,0,0]"
CSI_DATA,3377401,1a:00:00:00:00:00,-58,11,-95,4,43,6,3377401,47,0,128,0,"[0,0,0,0,0,0,0,0,-13,15,-13,14,-14,14,-15,14,-16,12,-18,12,-19,11,-19,10,-20,10,-19,7,-22,7,-20,4,-21,6,-22,4,-21,6,-20,7,-20,7,-20,9,-19,8,-19,6,-21,5,-20,8,-19,7,-21,8,-23,7,-22,8,-24,9,-21,7,0,0,-24,8,-23,6,-22,7,-24,6,-20,5,-20,5,-21,6,-20,5,-18,5,-21,6,-21,6,-20,6,-19,6,-17,8,-19,7,-19,6,-18,6,-20,5,-20,5,-19,5,-22,3,-19,1,-20,0,-18,0,-19,-2,-17,-2,-14,-3,-15,-4,0,0,0,0,0,0]"
CSI_DATA,3377544,1a:00:00:00:00:00,-58,11,-95,4,43,6,3377544,47,0,128,0,"[0,0,0,0,0,0,0,0,15,12,12,13,13,15,12,15,11,18,11,19,9,20,9,18,8,20,7,18,6,20,4,21,5,21,5,22,4,21,5,21,6,21,6,22,5,19,5,19,6,20,6,21,6,21,7,21,6,22,7,22,5,23,6,23,0,0,8,24,5,24,3,23,4,24,3,20,4,23,4,21,4,21,3,20,4,21,4,21,5,20,4,20,5,18,3,20,4,19,4,19,4,18,4,21,3,20,2,20,0,20,-1,20,-2,17,-4,18,-4,16,-4,15,-7,14,0,0,0,0,0,0]"
CSI_DATA,3383098,1a:00:00:00:00:00,-58,11,-95,4,43,6,3383098,47,0,128,0,"[0,0,0,0,0,0,0,0,10,-16,10,-16,12,-16,12,-16,14,-17,12,-18,13,-18,14,-15,15,-17,15,-15,14,-17,15,-16,14,-17,15,-18,12,-18,11,-19,9,-18,8,-21,7,-20,7,-20,6,-21,6,-21,4,-21,5,-23,3,-22,0,-23,2,-24,2,-22,0,0,-1,-25,-2,-24,-4,-24,-4,-25,-2,-22,-5,-23,-5,-21,-5,-20,-4,-20,-9,-22,-10,-19,-9,-17,-12,-18,-11,-16,-13,-16,-12,-15,-15,-14,-13,-15,-13,-15,-12,-14,-14,-15,-12,-15,-13,-15,-12,-14,-11,-14,-10,-15,-8,-13,-8,-13,0,0,0,0,0,0]"
CSI_DATA,3392734,1a:00:00:00:00:00,-58,11,-95,4,43,6,3392734,47,0,128,0,"[0,0,0,0,0,0,0,0,-19,-4,-18,-6,-19,-7,-18,-8,-17,-13,-18,-12,-17,-14,-16,-14,-15,-17,-13,-17,-14,-16,-13,-17,-14,-18,-14,-18,-13,-18,-13,-18,-13,-17,-14,-17,-13,-18,-11,-18,-14,-17,-13,-18,-12,-19,-13,-18,-13,-18,-14,-19,-15,-18,-12,-19,0,0,-14,-22,-11,-21,-11,-21,-11,-21,-9,-20,-11,-21,-10,-20,-9,-20,-8,-19,-10,-19,-10,-19,-9,-19,-9,-18,-10,-17,-9,-18,-9,-17,-10,-18,-8,-19,-7,-20,-6,-18,-6,-19,-4,-18,-4,-19,-3,-20,-1,-18,1,-17,3,-15,3,-16,0,0,0,0,0,0]"
CSI_DATA,3392895,1a:00:00:00:00:00,-58,11,-95,4,43,6,3392895,47,0,128,0,"[0,0,0,0,0,0,0,0,-19,-1,-18,-4,-20,-5,-19,-7,-19,-9,-21,-10,-20,-11,-18,-13,-17,-14,-15,-15,-17,-16,-14,-17,-16,-15,-14,-16,-14,-17,-14,-17,-14,-16,-16,-16,-13,-15,-13,-15,-15,-16,-15,-17,-14,-16,-15,-18,-14,-20,-16,-18,-15,-19,-13,-20,0,0,-14,-19,-14,-21,-13,-20,-12,-19,-13,-19,-11,-20,-9,-19,-9,-19,-9,-19,-12,-20,-12,-18,-11,-18,-11,-18,-11,-17,-10,-17,-10,-15,-10,-18,-9,-18,-9,-18,-7,-19,-6,-18,-5,-19,-4,-18,-3,-18,-2,-18,0,-17,2,-15,3,-15,0,0,0,0,0,0]"
CSI_DATA,3393056,1a:00:00:00:00:00,-58,11,-95,4,43,6,3393056,47,0,128,0,"[0,0,0,0,0,0,0,0,-1,-19,0,-18,1,-19,-1,-21,1,-22,1,-24,3,-21,3,-22,1,-22,2,-20,2,-21,2,-20,2,-21,2,-21,0,-22,-1,-21,-3,-21,-4,-20,-5,-21,-5,-19,-7,-21,-9,-20,-9,-19,-10,-19,-9,-20,-12,-21,-13,-21,-10,-21,0,0,-15,-21,-15,-19,-16,-20,-15,-16,-14,-18,-17,-14,-16,-14,-16,-15,-17,-12,-18,-10,-18,-11,-17,-10,-19,-10,-18,-8,-19,-6,-19,-6,-20,-4,-19,-7,-19,-4,-19,-4,-20,-5,-19,-5,-18,-5,-19,-6,-17,-7,-17,-7,-13,-6,-16,-8,0,0,0,0,0,0]"
CSI_DATA,3400477,1a:00:00:00:00:00,-58,11,-95,4,43,6,3400477,47,0,128,0,"[0,0,0,0,0,0,0,0,9,17,7,18,6,19,6,20,4,21,5,23,3,22,2,22,1,22,0,20,1,21,1,21,1,22,0,22,1,22,3,22,1,21,3,23,3,21,2,21,3,21,4,23,4,22,5,23,7,23,7,22,7,25,6,23,0,0,8,24,7,24,6,23,5,23,7,22,6,22,7,21,6,20,6,20,11,19,10,20,10,17,9,19,9,15,10,17,10,16,12,18,10,19,10,18,8,18,9,19,7,18,9,17,7,18,5,17,4,17,2,15,2,15,0,0,0,0,0,0]"
CSI_DATA,3404440,1a:00:00:00:00:00,-58,11,-95,4,43,6,3404440,47,0,128,0,"[0,0,0,0,0,0,0,0,11,16,9,16,10,18,9,19,9,20,10,21,8,22,7,20,8,22,5,21,7,21,5,21,7,21,6,22,7,20,8,22,8,19,10,20,11,20,11,19,10,19,13,20,13,18,14,18,13,20,15,19,16,20,15,19,0,0,16,20,17,19,15,17,17,17,17,17,16,16,16,14,17,15,15,14,18,15,18,10,18,12,19,11,17,9,17,8,18,7,20,8,18,9,18,7,17,9,18,10,17,9,17,10,15,10,14,11,14,11,11,11,10,11,0,0,0,0,0,0]"
CSI_DATA,3406062,1a:00:00:00:00:00,-58,11,-95,4,43,6,3406062,47,0,128,0,"[0,0,0,0,0,0,0,0,16,12,13,13,13,14,14,16,14,17,14,18,12,19,11,19,12,19,8,19,10,19,8,20,8,21,8,22,9,21,10,21,10,20,11,21,9,19,9,18,11,19,11,19,11,20,11,20,13,20,11,20,13,22,11,21,0,0,15,19,13,21,13,20,11,21,12,19,12,20,11,18,12,17,13,19,14,17,13,18,13,16,13,17,13,16,14,16,13,14,14,15,13,15,13,16,13,16,12,16,10,17,11,17,9,17,6,16,6,17,3,16,4,16,0,0,0,0,0,0]"
CSI_DATA,3407957,1a:00:00:00:00:00,-58,11,-95,4,43,6,3407957,47,0,128,0,"[0,0,0,0,0,0,0,0,-13,-14,-11,-14,-12,-16,-13,-17,-12,-18,-12,-18,-12,-20,-12,-18,-12,-19,-10,-18,-12,-19,-11,-18,-12,-19,-13,-18,-12,-17,-14,-16,-15,-16,-18,-15,-16,-13,-16,-14,-17,-13,-19,-13,-19,-12,-20,-10,-20,-9,-22,-11,-23,-10,-23,-8,0,0,-25,-7,-22,-7,-24,-8,-23,-7,-21,-4,-24,-4,-23,-2,-21,-1,-20,0,-21,2,-22,2,-20,2,-21,3,-19,5,-20,6,-18,6,-20,7,-18,7,-20,8,-18,8,-18,8,-19,6,-19,6,-18,6,-18,4,-17,5,-17,2,-15,2,0,0,0,0,0,0]"
CSI_DATA,3413436,1a:00:00:00:00:00,-58,11,-95,4,43,6,3413436,47,0,128,0,"[0,0,0,0,0,0,0,0,4,18,2,18,3,20,3,22,1,21,2,25,1,21,0,23,0,23,-1,21,0,22,-2,21,0,22,-1,23,1,22,2,22,3,21,5,20,5,21,5,20,7,22,8,21,9,21,10,19,9,21,10,22,13,22,11,21,0,0,15,23,14,20,14,21,14,18,14,18,16,17,15,15,16,15,16,14,19,13,17,13,17,12,18,12,18,11,18,10,19,9,19,7,19,9,19,8,18,8,17,7,18,8,17,10,17,10,16,10,16,10,13,9,12,10,0,0,0,0,0,0]"
CSI_DATA,3417780,1a:00:00:00:00:00,-58,11,-95,4,43,6,3417780,47,0,128,0,"[0,0,0,0,0,0,0,0,-11,-15,-9,-16,-9,-19,-8,-20,-5,-21,-5,-23,-2,-23,-2,-21,0,-22,2,-21,1,-23,2,-21,3,-21,4,-23,4,-21,3,-22,3,-22,3,-22,5,-21,6,-20,4,-23,4,-22,2,-21,4,-23,4,-24,4,-24,5,-24,6,-24,0,0,7,-26,8,-25,9,-23,8,-22,7,-19,7,-23,9,-20,8,-20,9,-19,10,-21,8,-20,8,-20,8,-20,7,-19,8,-18,8,-18,7,-18,9,-17,10,-19,10,-16,10,-17,12,-17,13,-15,13,-15,15,-10,15,-10,14,-7,15,-7,0,0,0,0,0,0]"
CSI_DATA,3424174,1a:00:00:00:00:00,-58,11,-95,4,43,6,3424174,47,0,128,0,"[0,0,0,0,0,0,0,0,-8,-17,-9,-17,-7,-19,-7,-19,-7,-20,-6,-21,-5,-22,-2,-21,-3,-23,0,-21,-2,-20,-1,-21,-4,-21,-4,-21,-4,-21,-5,-22,-5,-20,-8,-20,-8,-20,-7,-20,-8,-20,-8,-21,-9,-19,-9,-21,-11,-21,-12,-22,-13,-20,-11,-19,0,0,-12,-21,-14,-19,-13,-21,-15,-20,-13,-17,-14,-19,-14,-18,-11,-18,-14,-15,-16,-14,-16,-12,-15,-12,-16,-13,-15,-11,-17,-10,-16,-10,-18,-10,-17,-11,-17,-11,-15,-13,-16,-13,-14,-11,-15,-13,-16,-12,-14,-12,-12,-12,-10,-13,-10,-12,0,0,0,0,0,0]"
CSI_DATA,3429674,1a:00:00:00:00:00,-58,11,-95,4,43,6,3429674,47,0,128,0,"[0,0,0,0,0,0,0,0,-18,-4,-18,-7,-18,-7,-18,-8,-19,-10,-19,-10,-19,-11,-18,-12,-19,-13,-17,-14,-17,-13,-17,-14,-18,-13,-18,-14,-17,-13,-18,-11,-18,-12,-20,-10,-18,-9,-18,-9,-19,-10,-20,-10,-20,-8,-20,-9,-23,-8,-23,-7,-22,-8,-20,-7,0,0,-24,-9,-24,-9,-21,-9,-23,-8,-21,-6,-23,-7,-21,-5,-20,-6,-20,-3,-21,-1,-21,-1,-20,-1,-21,-2,-17,0,-21,1,-20,1,-21,0,-20,-1,-21,0,-20,-1,-20,-1,-18,-1,-18,-2,-19,-2,-18,-4,-17,-5,-15,-6,-14,-6,0,0,0,0,0,0]"
CSI_DATA,3435674,1a:00:00:00:00:00,-58,11,-95,4,43,6,3435674,47,0,128,0,"[0,0,0,0,0,0,0,0,-18,-6,-17,-7,-18,-7,-18,-10,-17,-12,-20,-13,-18,-14,-15,-14,-17,-15,-14,-16,-15,-16,-13,-17,-15,-16,-14,-17,-15,-16,-16,-16,-15,-15,-17,-14,-16,-14,-14,-14,-16,-16,-17,-15,-16,-14,-18,-14,-17,-15,-19,-14,-18,-15,-17,-16,0,0,-18,-16,-17,-15,-18,-15,-19,-14,-16,-14,-18,-15,-17,-15,-16,-14,-17,-12,-17,-11,-18,-12,-17,-10,-18,-10,-17,-10,-17,-9,-18,-10,-18,-9,-16,-10,-17,-11,-16,-11,-16,-11,-15,-12,-14,-12,-14,-12,-12,-14,-12,-14,-7,-13,-8,-13,0,0,0,0,0,0]"
CSI_DATA,3439674,1a:00:00:00:00:00,-58,11,-95,4,43,6,3439674,47,0,128,0,"[0,0,0,0,0,0,0,0,18,-6,17,-4,20,-6,20,-3,21,-2,22,-2,22,-1,22,0,22,1,22,1,23,1,22,3,22,0,23,2,22,1,21,-2,20,0,24,-3,20,-3,21,-3,21,-3,22,-2,22,-3,22,-3,23,-4,23,-6,25,-4,23,-6,0,0,22,-5,24,-8,22,-6,25,-8,21,-6,22,-6,21,-6,20,-6,20,-6,21,-9,19,-10,18,-10,17,-10,16,-10,17,-12,16,-12,16,-12,17,-11,18,-12,16,-10,18,-10,18,-9,17,-8,17,-8,17,-6,17,-6,15,-3,15,-3,0,0,0,0,0,0]"
CSI_DATA,3445179,1a:00:00:00:00:00,-58,11,-95,4,43,6,3445179,47,0,128,0,"[0,0,0,0,0,0,0,0,14,-13,14,-11,16,-13,18,-13,18,-11,19,-13,21,-10,20,-9,22,-9,20,-6,21,-7,21,-5,22,-7,23,-5,20,-7,20,-7,19,-6,21,-9,21,-8,19,-7,19,-9,20,-9,20,-9,20,-10,22,-12,20,-12,21,-11,22,-11,0,0,22,-16,20,-12,20,-12,21,-14,19,-10,20,-13,18,-10,18,-11,18,-11,19,-14,17,-15,16,-13,16,-13,15,-13,16,-14,16,-13,15,-14,15,-14,15,-13,15,-12,16,-13,15,-11,15,-10,17,-9,18,-8,17,-8,15,-4,15,-4,0,0,0,0,0,0]"
CSI_DATA,3452519,1a:00:00:00:00:00,-58,11,-95,4,43,6,3452519,47,0,128,0,"[0,0,0,0,0,0,0,0,-16,-10,-15,-10,-17,-12,-16,-12,-16,-13,-18,-14,-16,-15,-17,-14,-16,-15,-15,-15,-17,-14,-15,-15,-16,-15,-17,-14,-17,-13,-18,-12,-17,-12,-21,-11,-19,-9,-19,-9,-20,-10,-20,-8,-19,-6,-22,-6,-23,-5,-22,-5,-23,-4,-24,-2,0,0,-27,-3,-25,-2,-25,-1,-23,0,-22,0,-23,2,-22,2,-21,3,-20,5,-20,8,-20,8,-18,7,-19,8,-17,8,-18,10,-17,11,-17,12,-18,10,-16,11,-16,10,-16,12,-17,10,-17,10,-17,9,-16,8,-16,7,-16,5,-15,5,0,0,0,0,0,0]"
CSI_DATA,3454762,1a:00:00:00:00:00,-58,11,-95,4,43,6,3454762,47,0,128,0,"[0,0,0,0,0,0,0,0,10,16,10,17,8,18,8,20,8,20,8,21,7,22,6,20,5,22,1,20,3,21,1,21,3,23,2,22,3,21,5,21,4,22,6,22,6,20,5,18,6,21,8,21,6,22,6,21,7,23,10,23,8,24,9,22,0,0,10,23,10,22,10,21,11,23,10,20,9,22,10,20,9,20,10,19,10,18,12,17,12,17,12,18,12,15,13,16,12,14,13,16,12,17,12,17,12,16,11,18,10,16,10,18,9,17,8,17,6,16,5,14,4,15,0,0,0,0,0,0]"
CSI_DATA,3463823,1a:00:00:00:00:00,-58,11,-95,4,43,6,3463823,47,0,128,0,"[0,0,0,0,0,0,0,0,19,6,18,9,19,9,19,10,18,10,20,12,19,12,17,12,19,13,17,13,18,12,16,14,17,14,17,14,17,14,19,13,16,11,20,10,19,11,19,11,20,9,21,9,21,8,22,7,22,9,23,8,25,9,23,7,0,0,26,7,23,8,22,5,23,5,21,6,22,3,21,4,21,3,21,2,22,1,22,1,21,1,22,0,19,-1,20,-2,21,-2,20,-3,20,-3,20,-4,19,-2,22,-4,20,-2,19,0,18,1,18,1,18,2,16,4,14,4,0,0,0,0,0,0]"
CSI_DATA,3469779,1a:00:00:00:00:00,-58,11,-95,4,43,6,3469779,47,0,128,0,"[0,0,0,0,0,0,0,0,-20,-1,-20,-2,-20,-2,-20,-3,-22,-4,-21,-5,-23,-7,-20,-8,-21,-8,-19,-10,-19,-9,-19,-10,-20,-9,-20,-10,-19,-9,-20,-8,-20,-7,-23,-6,-20,-6,-20,-5,-21,-6,-20,-7,-21,-8,-21,-7,-23,-6,-23,-4,-22,-7,-22,-6,0,0,-25,-3,-24,-7,-24,-5,-24,-4,-21,-5,-23,-4,-21,-4,-20,-4,-21,-4,-23,-2,-21,0,-21,0,-21,0,-19,-1,-20,0,-20,1,-21,1,-19,1,-20,0,-20,-2,-20,-2,-20,-2,-19,-3,-18,-3,-18,-4,-15,-5,-14,-6,-13,-7,0,0,0,0,0,0]"
CSI_DATA,3476919,1a:00:00:00:00:00,-58,11,-95,4,43,6,3476919,47,0,128,0,"[0,0,0,0,0,0,0,0,-18,-7,-18,-7,-19,-9,-18,-10,-16,-12,-18,-13,-17,-14,-14,-16,-15,-17,-12,-18,-14,-18,-10,-18,-12,-18,-11,-19,-11,-19,-11,-19,-10,-20,-11,-20,-11,-19,-11,-18,-11,-19,-11,-20,-9,-20,-11,-21,-10,-20,-9,-19,-11,-23,-10,-22,0,0,-8,-22,-10,-26,-10,-22,-7,-22,-6,-22,-6,-21,-7,-21,-6,-20,-7,-18,-7,-20,-7,-19,-7,-19,-6,-20,-6,-20,-7,-19,-8,-18,-7,-19,-6,-20,-5,-20,-3,-19,-3,-20,-2,-20,0,-20,1,-18,3,-18,4,-16,5,-14,6,-15,0,0,0,0,0,0]"
CSI_DATA,3483335,1a:00:00:00:00:00,-58,11,-95,4,43,6,3483335,47,0,128,0,"[0,0,0,0,0,0,0,0,12,-14,13,-13,15,-14,17,-13,16,-13,19,-13,18,-11,19,-11,19,-13,21,-8,21,-11,20,-9,20,-11,20,-11,19,-13,19,-13,18,-12,16,-16,16,-14,17,-13,17,-15,17,-16,15,-16,14,-17,15,-17,15,-18,13,-19,16,-19,0,0,15,-21,14,-20,14,-20,13,-21,11,-19,13,-20,11,-19,11,-17,10,-18,9,-19,8,-21,6,-20,5,-21,4,-19,3,-20,4,-19,2,-20,5,-20,4,-21,5,-20,5,-19,4,-18,6,-18,6,-18,6,-17,8,-16,7,-13,7,-13,0,0,0,0,0,0]"
CSI_DATA,3485674,1a:00:00:00:00:00,-58,11,-95,4,43,6,3485674,47,0,128,0,"[0,0,0,0,0,0,0,0,-14,-13,-12,-15,-10,-16,-11,-16,-9,-18,-11,-21,-9,-22,-7,-21,-8,-21,-5,-19,-6,-21,-4,-21,-3,-22,-3,-22,-3,-22,-4,-21,-5,-20,-4,-23,-4,-20,-5,-21,-4,-21,-6,-22,-7,-22,-7,-21,-5,-22,-6,-22,-5,-25,-3,-23,0,0,-4,-24,-5,-24,-6,-24,-4,-23,-3,-22,-5,-24,-5,-21,-4,-20,-4,-21,-6,-22,-6,-22,-6,-20,-5,-19,-6,-19,-6,-19,-4,-19,-7,-19,-5,-19,-5,-20,-3,-20,-5,-20,-2,-20,-1,-19,1,-20,2,-19,2,-17,3,-14,6,-15,0,0,0,0,0,0]"
CSI_DATA,3487674,1a:00:00:00:00:00,-58,11,-95,4,43,6,3487674,47,0,128,0,"[0,0,0,0,0,0,0,0,-17,9,-17,7,-18,7,-19,7,-19,7,-21,8,-21,6,-21,5,-22,6,-22,5,-21,5,-19,5,-22,5,-22,6,-20,6,-20,6,-19,7,-20,11,-20,10,-17,9,-18,12,-17,12,-16,14,-16,13,-19,14,-16,15,-16,16,-18,15,0,0,-17,19,-18,18,-16,19,-16,18,-14,17,-12,19,-11,17,-12,17,-10,18,-9,18,-9,19,-8,18,-7,19,-5,19,-5,18,-5,19,-3,18,-5,21,-3,20,-3,19,-4,21,-4,18,-5,17,-6,18,-7,17,-7,16,-6,14,-7,14,0,0,0,0,0,0]"
CSI_DATA,3491674,1a:00:00:00:00:00,-58,11,-95,4,43,6,3491674,47,0,128,0,"[0,0,0,0,0,0,0,0,-12,-15,-9,-15,-11,-17,-9,-20,-8,-18,-8,-23,-5,-22,-4,-20,-4,-22,-1,-21,-1,-21,1,-21,3,-21,2,-23,1,-22,1,-21,0,-21,0,-22,0,-21,1,-20,0,-22,1,-22,-1,-22,0,-23,2,-22,3,-23,4,-24,4,-23,0,0,5,-24,4,-24,4,-24,5,-24,6,-21,5,-24,3,-21,3,-21,6,-21,5,-22,4,-22,3,-19,5,-22,4,-19,5,-18,5,-19,5,-18,6,-19,6,-20,7,-17,7,-19,8,-18,10,-17,10,-16,13,-14,12,-11,11,-9,12,-8,0,0,0,0,0,0]"
CSI_DATA,3501714,1a:00:00:00:00:00,-58,11,-95,4,43,6,3501714,47,0,128,0,"[0,0,0,0,0,0,0,0,-1,-20,-1,-19,-1,-20,1,-20,2,-22,1,-22,3,-23,4,-21,2,-22,5,-21,3,-21,3,-21,1,-21,2,-22,1,-21,-2,-22,-1,-21,-3,-22,-4,-21,-3,-19,-6,-21,-6,-21,-7,-22,-8,-21,-10,-22,-12,-19,-13,-21,-11,-20,0,0,-13,-20,-15,-22,-14,-20,-14,-18,-14,-17,-16,-19,-14,-15,-14,-17,-16,-16,-19,-10,-18,-11,-18,-11,-19,-10,-18,-8,-18,-8,-18,-7,-20,-6,-18,-7,-18,-7,-18,-7,-20,-6,-19,-7,-18,-6,-18,-5,-17,-6,-15,-7,-13,-8,-14,-7,0,0,0,0,0,0]"
CSI_DATA,3501920,1a:00:00:00:00:00,-58,11,-95,4,43,6,3501920,47,0,128,0,"[0,0,0,0,0,0,0,0,-4,18,-4,17,-5,19,-5,19,-6,20,-7,21,-9,21,-9,20,-9,21,-10,18,-9,20,-8,18,-8,20,-8,21,-6,21,-5,20,-5,20,-3,22,-2,20,-2,20,1,21,-1,23,2,22,0,22,2,23,5,24,5,24,5,24,0,0,5,24,7,24,6,22,9,22,8,21,8,22,9,20,9,19,9,20,13,18,14,17,14,15,14,15,14,14,13,13,15,13,16,11,15,13,15,12,15,13,16,13,14,13,14,13,14,11,12,13,12,13,9,12,10,12,0,0,0,0,0,0]"
CSI_DATA,3512934,1a:00:00:00:00:00,-58,11,-95,4,43,6,3512934,47,0,128,0,"[0,0,0,0,0,0,0,0,11,15,9,16,9,17,9,18,8,20,10,22,7,21,6,20,6,22,5,20,7,21,5,21,6,22,6,21,8,21,8,21,9,20,9,21,10,18,9,19,11,18,12,20,12,19,13,18,14,21,16,19,17,19,15,18,0,0,17,19,17,17,16,15,17,16,17,15,17,17,16,15,15,15,17,12,21,12,19,10,18,10,18,9,18,10,19,8,17,7,19,7,19,8,20,7,18,8,17,9,17,8,17,10,17,10,13,10,15,10,13,10,12,10,0,0,0,0,0,0]"
CSI_DATA,3519069,1a:00:00:00:00:00,-58,11,-95,4,43,6,3519069,47,0,128,0,"[0,0,0,0,0,0,0,0,9,-16,10,-15,12,-17,14,-17,13,-16,15,-18,17,-15,17,-15,18,-15,18,-13,18,-14,18,-11,18,-11,20,-13,17,-12,17,-13,16,-12,17,-16,15,-15,17,-15,16,-14,16,-14,14,-16,15,-16,16,-17,16,-17,16,-17,18,-17,0,0,19,-19,16,-18,16,-18,16,-18,14,-16,15,-18,13,-18,13,-17,11,-17,12,-17,12,-18,11,-17,10,-18,10,-16,8,-18,9,-18,8,-18,10,-18,10,-17,10,-17,10,-18,10,-16,11,-15,12,-16,13,-14,13,-12,13,-10,13,-10,0,0,0,0,0,0]"
CSI_DATA,3524275,1a:00:00:00:00:00,-58,11,-95,4,43,6,3524275,47,0,128,0,"[0,0,0,0,0,0,0,0,17,7,17,9,18,9,18,10,17,13,19,12,17,14,15,14,16,18,13,17,15,17,13,17,15,17,14,17,14,16,15,16,14,15,18,15,16,14,15,14,17,15,16,15,16,16,18,14,19,15,19,14,18,15,18,14,0,0,18,16,19,14,18,14,20,13,18,13,19,13,17,14,17,14,17,12,17,10,18,10,18,10,18,11,17,10,19,8,17,7,19,8,18,11,18,10,17,10,16,12,15,11,16,13,15,13,15,12,12,13,9,12,9,12,0,0,0,0,0,0]"
CSI_DATA,3531649,1a:00:00:00:00:00,-58,11,-95,4,43,6,3531649,47,0,128,0,"[0,0,0,0,0,0,0,0,8,17,7,17,7,19,7,19,6,20,7,22,6,22,3,21,4,23,3,20,4,21,3,22,6,21,5,21,6,21,8,21,7,20,11,20,11,18,9,18,11,17,12,18,13,18,14,18,15,19,16,17,18,17,14,16,0,0,19,18,18,16,18,13,19,14,18,12,20,14,18,11,18,11,19,9,19,7,20,5,19,5,21,6,19,4,21,2,19,2,21,2,20,3,20,1,19,3,19,3,19,3,19,2,20,3,19,3,16,4,16,5,14,4,0,0,0,0,0,0]"
CSI_DATA,3538863,1a:00:00:00:00:00,-58,11,-95,4,43,6,3538863,47,0,128,0,"[0,0,0,0,0,0,0,0,13,13,12,15,11,17,12,17,10,18,12,21,8,21,8,19,8,20,5,20,8,21,6,22,6,21,5,21,7,20,9,21,7,20,9,21,8,19,7,20,9,18,10,18,12,20,11,20,11,21,11,20,12,21,11,19,0,0,15,22,12,22,12,22,12,20,12,19,13,19,12,18,11,18,12,18,15,18,13,16,14,16,14,17,13,14,13,15,15,15,14,15,12,14,14,15,14,15,13,14,11,14,11,16,9,16,9,15,8,16,4,14,4,15,0,0,0,0,0,0]"
CSI_DATA,3540626,1a:00:00:00:00:00,-58,11,-95,4,43,6,3540626,47,0,128,0,"[0,0,0,0,0,0,0,0,9,-16,10,-15,13,-15,15,-17,16,-14,17,-16,17,-12,19,-13,19,-12,18,-10,19,-10,18,-8,21,-7,22,-9,19,-8,21,-7,20,-7,20,-10,21,-8,20,-7,20,-9,19,-10,18,-8,19,-10,21,-8,21,-9,23,-7,24,-5,0,0,22,-9,22,-7,24,-8,22,-7,22,-6,22,-6,20,-5,19,-7,20,-5,22,-6,22,-7,19,-6,19,-6,18,-7,19,-6,19,-7,20,-6,20,-5,20,-6,19,-4,20,-4,19,-3,19,-1,19,2,19,2,18,3,14,5,15,7,0,0,0,0,0,0]"
CSI_DATA,3542426,1a:00:00:00:00:00,-58,11,-95,4,43,6,3542426,47,0,128,0,"[0,0,0,0,0,0,0,0,11,15,10,15,10,18,9,18,8,20,10,21,8,20,7,20,8,21,6,21,7,21,6,21,7,21,7,21,8,20,9,20,9,19,10,20,11,19,10,19,11,18,13,18,15,16,14,17,16,18,16,17,18,17,15,16,0,0,18,18,17,18,16,17,17,18,17,15,18,14,16,12,17,13,17,10,19,9,18,10,17,8,19,8,18,6,19,6,19,6,19,6,18,6,20,6,17,6,19,6,18,7,17,7,18,7,15,9,15,9,12,9,13,9,0,0,0,0,0,0]"
CSI_DATA,3548018,1a:00:00:00:00:00,-58,11,-95,4,43,6,3548018,47,0,128,0,"[0,0,0,0,0,0,0,0,13,14,11,16,12,16,10,17,10,17,12,20,9,20,8,20,8,21,5,20,7,21,6,20,8,20,7,21,8,21,8,20,9,20,10,19,10,18,9,18,12,19,12,19,12,19,13,18,13,20,15,19,15,20,13,17,0,0,16,18,15,20,16,18,16,17,14,17,17,17,15,16,15,16,14,14,16,15,17,13,16,12,17,12,16,10,17,10,17,10,17,10,16,10,17,10,17,10,16,11,15,12,14,12,14,11,14,11,12,13,10,11,10,13,0,0,0,0,0,0]"
CSI_DATA,3548161,1a:00:00:00:00:00,-58,11,-95,4,43,6,3548161,47,0,128,0,"[0,0,0,0,0,0,0,0,15,-10,17,-8,18,-9,20,-9,19,-7,22,-7,20,-5,21,-6,22,-6,21,-5,21,-5,21,-3,22,-2,23,-4,21,-3,20,-4,21,-6,21,-6,21,-7,19,-5,20,-8,19,-9,18,-9,19,-10,21,-9,21,-9,22,-11,22,-9,0,0,23,-13,21,-11,21,-12,20,-12,19,-11,18,-14,17,-12,17,-13,17,-10,18,-14,17,-13,15,-13,15,-13,13,-14,14,-14,14,-15,13,-14,13,-15,13,-16,12,-14,14,-14,14,-14,14,-11,14,-10,15,-9,15,-10,13,-5,14,-5,0,0,0,0,0,0]"
CSI_DATA,3551675,1a:00:00:00:00:00,-58,11,-95,4,43,6,3551675,47,0,128,0,"[0,0,0,0,0,0,0,0,-6,17,-7,18,-8,19,-8,20,-9,20,-9,20,-9,21,-10,18,-11,19,-13,17,-10,19,-13,17,-12,20,-11,18,-10,21,-8,21,-8,19,-7,22,-5,20,-5,19,-4,20,-3,22,-3,21,-1,21,-2,23,-1,24,-1,24,0,22,0,0,1,26,2,24,3,23,4,24,4,21,3,22,3,21,4,19,5,21,7,22,10,20,8,17,10,19,10,15,12,16,10,15,11,17,12,17,11,16,11,17,10,18,10,16,10,17,10,15,8,15,8,16,6,15,6,14,0,0,0,0,0,0]"
CSI_DATA,3557675,1a:00:00:00:00:00,-58,11,-95,4,43,6,3557675,47,0,128,0,"[0,0,0,0,0,0,0,0,-8,17,-8,16,-9,19,-11,18,-11,18,-12,19,-13,18,-13,16,-15,17,-15,14,-16,17,-15,15,-15,17,-14,17,-13,17,-12,18,-13,16,-14,19,-11,18,-11,16,-11,18,-11,19,-10,19,-10,19,-10,21,-8,23,-8,23,-9,20,0,0,-8,25,-7,23,-7,21,-7,23,-6,20,-7,21,-6,21,-5,20,-6,21,-3,22,-1,22,0,20,0,21,1,18,0,22,0,20,1,19,0,20,0,20,-1,20,-1,21,-1,19,-1,19,-1,18,-1,17,-3,17,-5,15,-4,15,0,0,0,0,0,0]"
CSI_DATA,3565995,1a:00:00:00:00:00,-58,11,-95,4,43,6,3565995,47,0,128,0,"[0,0,0,0,0,0,0,0,15,10,16,11,16,11,17,13,16,14,16,14,16,15,16,14,17,16,16,15,16,15,15,15,17,13,18,14,18,13,19,12,16,11,21,10,19,9,19,8,20,8,22,7,21,7,21,6,23,5,24,3,23,3,23,1,0,0,25,3,23,1,24,0,25,-1,21,-1,24,-1,22,-2,21,-2,20,-3,21,-7,20,-7,18,-7,19,-9,17,-9,17,-9,17,-10,18,-13,16,-11,17,-12,17,-10,16,-11,17,-9,17,-10,15,-10,16,-10,16,-8,16,-6,14,-6,0,0,0,0,0,0]"
CSI_DATA,3566156,1a:00:00:00:00:00,-58,11,-95,4,43,6,3566156,47,0,128,0,"[0,0,0,0,0,0,0,0,17,7,16,9,18,7,17,10,17,10,19,11,19,11,18,11,19,12,16,12,18,12,17,12,19,10,19,11,20,10,20,9,18,9,22,6,20,5,20,6,21,4,22,4,21,3,21,2,24,2,25,3,23,0,25,-1,0,0,25,-2,25,-1,23,-2,23,-5,22,-4,22,-5,20,-3,21,-4,20,-6,22,-9,20,-10,18,-9,16,-11,15,-11,16,-12,16,-13,15,-13,16,-13,16,-12,15,-12,16,-12,16,-12,15,-11,15,-11,15,-10,14,-10,13,-7,13,-8,0,0,0,0,0,0]"
CSI_DATA,3566317,1a:00:00:00:00:00,-58,11,-95,4,43,6,3566317,47,0,128,0,"[0,0,0,0,0,0,0,0,18,8,16,9,19,8,20,9,16,11,19,12,18,12,18,14,19,11,18,12,18,11,16,12,18,11,19,13,18,11,19,10,18,9,22,7,20,7,19,6,20,5,22,5,21,4,22,2,23,3,23,3,25,2,23,1,0,0,25,1,25,0,24,-2,24,-2,22,-1,23,-4,20,-4,19,-3,19,-6,19,-8,20,-9,18,-7,19,-8,16,-10,17,-10,17,-10,15,-12,17,-12,16,-11,15,-11,16,-12,16,-10,15,-9,16,-9,16,-9,16,-7,14,-4,15,-5,0,0,0,0,0,0]"
CSI_DATA,3573841,1a:00:00:00:00:00,-58,11,-95,4,43,6,3573841,47,0,128,0,"[0,0,0,0,0,0,0,0,9,-17,9,-15,11,-15,13,-17,14,-15,15,-15,15,-14,18,-13,19,-14,19,-12,18,-10,18,-12,19,-12,19,-12,18,-11,16,-12,17,-12,19,-14,18,-13,17,-13,17,-13,17,-14,16,-13,18,-14,17,-16,15,-16,18,-17,17,-14,0,0,19,-17,18,-16,19,-16,18,-15,16,-15,17,-15,17,-13,15,-13,16,-14,13,-16,15,-16,12,-14,13,-15,13,-15,13,-14,13,-16,12,-17,13,-15,13,-15,14,-13,14,-15,14,-13,13,-14,14,-11,15,-10,15,-9,14,-5,14,-6,0,0,0,0,0,0]"
CSI_DATA,3580461,1a:00:00:00:00:00,-58,11,-95,4,43,6,3580461,47,0,128,0,"[0,0,0,0,0,0,0,0,-17,7,-17,5,-20,6,-21,5,-20,2,-23,2,-22,0,-21,-1,-21,-3,-20,-5,-21,-6,-20,-6,-21,-5,-20,-7,-20,-7,-22,-6,-21,-5,-22,-6,-19,-5,-19,-6,-19,-6,-21,-8,-22,-8,-21,-7,-21,-8,-21,-7,-21,-8,-21,-11,0,0,-24,-9,-22,-11,-21,-10,-21,-10,-19,-9,-20,-11,-19,-12,-18,-11,-18,-12,-19,-12,-19,-9,-17,-9,-19,-9,-17,-9,-18,-9,-18,-9,-18,-10,-18,-11,-17,-10,-15,-13,-16,-13,-13,-15,-13,-14,-12,-13,-10,-15,-8,-14,-5,-13,-5,-14,0,0,0,0,0,0]"
CSI_DATA,3580622,1a:00:00:00:00:00,-58,11,-95,4,43,6,3580622,47,0,128,0,"[0,0,0,0,0,0,0,0,-17,8,-16,6,-19,7,-20,6,-21,1,-23,2,-22,0,-22,-1,-21,-2,-21,-4,-22,-5,-21,-6,-21,-5,-21,-6,-19,-7,-21,-6,-19,-6,-22,-5,-20,-5,-19,-6,-21,-7,-20,-6,-20,-6,-21,-7,-22,-7,-20,-7,-21,-8,-22,-6,0,0,-23,-9,-22,-12,-20,-11,-21,-11,-18,-10,-20,-12,-18,-12,-17,-11,-18,-12,-20,-9,-19,-10,-18,-10,-17,-10,-16,-9,-17,-10,-17,-10,-17,-11,-17,-11,-16,-12,-16,-13,-15,-13,-13,-14,-13,-14,-12,-15,-10,-15,-8,-15,-5,-15,-4,-15,0,0,0,0,0,0]"
CSI_DATA,3589674,1a:00:00:00:00:00,-58,11,-95,4,43,6,3589674,47,0,128,0,"[0,0,0,0,0,0,0,0,13,14,11,14,11,18,11,17,9,19,9,20,8,22,5,21,4,22,2,22,3,22,3,21,1,22,1,22,2,22,3,22,2,21,2,22,2,20,1,21,2,21,3,22,2,22,3,21,2,24,5,23,4,25,2,22,0,0,4,25,1,25,1,23,1,24,0,21,2,24,0,20,0,19,1,21,3,20,1,21,2,20,2,20,3,19,2,20,1,19,3,21,0,20,0,22,-2,18,-1,21,-1,18,-3,19,-3,17,-6,17,-7,15,-7,14,-7,13,0,0,0,0,0,0]"
CSI_DATA,3589826,1a:00:00:00:00:00,-58,11,-95,4,43,6,3589826,47,0,128,0,"[0,0,0,0,0,0,0,0,18,4,18,7,19,7,19,10,19,11,19,13,18,14,16,14,16,15,13,15,15,15,12,17,14,16,12,17,13,16,14,16,13,16,15,16,13,16,13,16,14,16,14,17,14,17,15,17,13,17,15,18,15,18,14,19,0,0,15,19,14,20,15,19,14,19,12,19,12,20,11,18,11,18,10,16,11,17,13,16,12,16,12,16,10,16,12,14,13,15,13,16,12,17,11,17,10,16,9,17,8,17,7,18,6,17,4,18,3,18,1,14,0,15,0,0,0,0,0,0]"
CSI_DATA,3596813,1a:00:00:00:00:00,-58,11,-95,4,43,6,3596813,47,0,128,0,"[0,0,0,0,0,0,0,0,-16,9,-17,7,-18,7,-19,7,-20,6,-21,7,-21,5,-21,5,-22,6,-21,3,-21,5,-21,4,-22,5,-23,5,-21,5,-20,6,-19,7,-21,8,-20,8,-19,8,-21,9,-18,11,-18,11,-18,12,-20,14,-18,14,-20,15,-19,15,0,0,-20,14,-18,14,-18,14,-18,15,-15,14,-18,16,-16,15,-16,14,-12,15,-12,17,-13,18,-11,17,-11,16,-8,16,-10,18,-9,17,-9,18,-8,18,-11,18,-10,16,-9,18,-10,17,-11,17,-10,14,-12,15,-10,13,-11,11,-11,11,0,0,0,0,0,0]"
CSI_DATA,3606876,1a:00:00:00:00:00,-58,11,-95,4,43,6,3606876,47,0,128,0,"[0,0,0,0,0,0,0,0,-13,-15,-12,-14,-12,-16,-12,-18,-11,-18,-13,-19,-10,-19,-10,-19,-11,-20,-8,-19,-10,-19,-8,-19,-8,-20,-9,-20,-9,-19,-10,-20,-11,-17,-14,-18,-12,-17,-11,-16,-14,-17,-15,-16,-16,-15,-15,-16,-16,-16,-18,-17,-18,-17,-16,-15,0,0,-19,-18,-18,-15,-20,-15,-19,-14,-17,-14,-18,-13,-18,-12,-18,-12,-18,-10,-17,-10,-19,-9,-18,-8,-18,-8,-18,-7,-19,-5,-20,-6,-18,-5,-20,-7,-19,-6,-18,-6,-20,-6,-17,-6,-17,-7,-16,-8,-15,-9,-15,-8,-12,-9,-12,-10,0,0,0,0,0,0]"
CSI_DATA,3611086,1a:00:00:00:00:00,-58,11,-95,4,43,6,3611086,47,0,128,0,"[0,0,0,0,0,0,0,0,-11,-14,-11,-15,-12,-15,-11,-14,-13,-18,-12,-19,-10,-20,-12,-21,-11,-20,-9,-19,-11,-20,-10,-21,-11,-20,-11,-20,-11,-19,-12,-18,-12,-16,-15,-16,-12,-16,-13,-15,-15,-16,-17,-14,-16,-14,-18,-14,-20,-14,-19,-12,-19,-13,-19,-12,0,0,-21,-12,-23,-14,-21,-11,-20,-11,-21,-9,-22,-8,-19,-8,-19,-7,-18,-6,-22,-5,-22,-4,-20,-4,-20,-2,-19,-2,-20,0,-19,0,-20,1,-19,1,-19,1,-20,1,-20,1,-19,0,-20,0,-17,-2,-17,-2,-17,-3,-16,-4,-14,-4,0,0,0,0,0,0]"
CSI_DATA,3619198,1a:00:00:00:00:00,-58,11,-95,4,43,6,3619198,47,0,128,0,"[0,0,0,0,0,0,0,0,-17,-10,-17,-10,-15,-11,-14,-14,-14,-16,-14,-17,-13,-19,-11,-19,-10,-20,-7,-18,-9,-19,-8,-20,-8,-20,-8,-19,-10,-20,-10,-20,-7,-18,-9,-21,-9,-18,-7,-18,-9,-19,-9,-20,-9,-19,-9,-21,-10,-21,-12,-21,-12,-20,-11,-21,0,0,-10,-24,-10,-23,-8,-21,-9,-22,-8,-19,-7,-23,-7,-20,-7,-20,-8,-21,-10,-20,-9,-19,-11,-17,-10,-17,-9,-17,-8,-18,-9,-16,-8,-18,-8,-18,-7,-20,-5,-18,-6,-19,-5,-19,-4,-20,-4,-19,-2,-18,1,-17,2,-16,3,-16,0,0,0,0,0,0]"
CSI_DATA,3632117,1a:00:00:00:00:00,-58,11,-95,4,43,6,3632117,47,0,128,0,"[0,0,0,0,0,0,0,0,12,14,11,14,12,17,12,18,11,19,11,20,10,21,9,19,7,22,5,20,8,21,5,21,7,20,6,21,7,20,9,21,8,20,9,19,11,18,9,18,12,19,11,19,10,19,13,20,12,21,14,19,14,20,14,20,0,0,15,21,15,20,14,18,14,19,14,17,15,17,15,17,13,16,14,15,16,15,16,13,17,13,16,13,15,11,16,11,18,10,18,11,18,11,16,10,16,12,16,12,14,12,14,14,15,12,13,12,12,13,8,12,9,13,0,0,0,0,0,0]"
CSI_DATA,3634735,1a:00:00:00:00:00,-58,11,-95,4,43,6,3634735,47,0,128,0,"[0,0,0,0,0,0,0,0,-12,15,-13,14,-15,13,-16,15,-17,12,-20,13,-19,9,-20,10,-21,8,-21,7,-21,6,-20,5,-21,4,-22,5,-20,3,-21,4,-21,5,-23,5,-21,5,-19,5,-21,4,-20,4,-21,6,-22,5,-23,5,-23,3,-25,3,-22,4,0,0,-25,5,-23,1,-24,0,-24,2,-23,0,-23,1,-21,1,-21,1,-22,0,-24,1,-22,1,-20,0,-22,1,-19,2,-20,1,-20,1,-19,0,-20,0,-20,0,-19,-2,-21,-2,-19,-3,-18,-6,-17,-6,-17,-8,-15,-8,-11,-9,-10,-10,0,0,0,0,0,0]"
CSI_DATA,3646254,1a:00:00:00:00:00,-58,11,-95,4,43,6,3646254,47,0,128,0,"[0,0,0,0,0,0,0,0,-7,-17,-7,-17,-7,-19,-7,-20,-6,-20,-6,-21,-4,-22,-3,-22,-3,-22,-2,-20,-3,-21,-2,-21,-3,-22,-4,-20,-5,-21,-6,-22,-5,-20,-6,-21,-7,-20,-7,-20,-8,-20,-9,-20,-10,-19,-11,-20,-12,-20,-13,-21,-13,-22,-13,-18,0,0,-13,-19,-13,-21,-13,-20,-14,-19,-13,-18,-14,-18,-14,-17,-13,-16,-13,-14,-15,-13,-15,-13,-16,-12,-16,-13,-16,-11,-16,-11,-16,-10,-17,-10,-16,-9,-17,-11,-15,-10,-17,-11,-15,-11,-15,-11,-15,-12,-13,-11,-12,-11,-10,-12,-9,-12,0,0,0,0,0,0]"
CSI_DATA,3646461,1a:00:00:00:00:00,-58,11,-95,4,43,6,3646461,47,0,128,0,"[0,0,0,0,0,0,0,0,5,17,4,18,4,20,3,21,2,21,3,23,0,23,-1,21,-1,22,-4,20,-1,22,-3,21,-2,22,-2,22,0,22,2,23,0,21,2,22,2,21,3,21,4,22,3,22,3,23,5,22,6,21,9,22,7,23,7,25,0,0,8,24,8,21,9,23,10,22,6,20,8,22,9,21,7,19,9,18,11,17,11,17,12,16,12,16,11,15,12,15,13,15,15,15,12,16,13,15,13,14,11,15,12,15,11,15,11,16,10,15,8,15,6,14,6,14,0,0,0,0,0,0]"
CSI_DATA,3654816,1a:00:00:00:00:00,-58,11,-95,4,43,6,3654816,47,0,128,0,"[0,0,0,0,0,0,0,0,7,17,6,17,6,19,5,21,3,21,1,23,0,22,-3,22,-2,22,-4,21,-5,21,-5,20,-8,21,-8,22,-7,20,-7,21,-7,20,-7,23,-7,20,-8,20,-6,21,-7,22,-6,21,-6,21,-8,21,-9,23,-9,22,-9,20,0,0,-11,22,-13,21,-13,21,-12,20,-11,19,-10,20,-11,18,-11,18,-11,18,-11,19,-12,19,-11,18,-11,18,-9,16,-10,17,-11,16,-12,16,-12,16,-14,16,-12,15,-15,16,-14,13,-15,12,-15,11,-17,8,-16,7,-14,4,-15,3,0,0,0,0,0,0]"
CSI_DATA,3656375,1a:00:00:00:00:00,-58,11,-95,4,43,6,3656375,47,0,128,0,"[0,0,0,0,0,0,0,0,-16,-10,-15,-11,-16,-12,-17,-13,-15,-15,-16,-16,-15,-16,-14,-15,-15,-18,-13,-17,-15,-17,-14,-17,-15,-17,-15,-16,-14,-17,-15,-16,-15,-16,-18,-15,-17,-14,-16,-13,-16,-15,-17,-12,-18,-12,-18,-13,-21,-11,-21,-11,-22,-11,-20,-11,0,0,-22,-11,-24,-12,-21,-11,-21,-10,-19,-10,-21,-10,-20,-8,-18,-8,-18,-6,-20,-3,-21,-5,-19,-4,-20,-4,-18,-2,-20,-2,-19,-2,-20,-1,-20,-2,-21,-2,-20,-2,-20,-2,-19,-4,-18,-4,-18,-4,-17,-5,-17,-6,-13,-7,-14,-6,0,0,0,0,0,0]"
CSI_DATA,3657762,1a:00:00:00:00:00,-58,11,-95,4,43,6,3657762,47,0,128,0,"[0,0,0,0,0,0,0,0,-14,-12,-13,-14,-13,-15,-11,-17,-10,-18,-11,-20,-9,-20,-7,-19,-8,-22,-7,-20,-6,-20,-5,-21,-7,-21,-6,-21,-7,-20,-6,-21,-6,-19,-7,-21,-7,-19,-6,-18,-7,-22,-9,-20,-10,-20,-9,-20,-10,-21,-10,-21,-11,-23,-7,-19,0,0,-11,-22,-10,-23,-9,-22,-9,-22,-9,-20,-10,-22,-9,-20,-9,-19,-9,-18,-10,-18,-11,-17,-12,-17,-12,-16,-11,-16,-11,-15,-10,-16,-12,-16,-12,-17,-11,-17,-9,-17,-10,-17,-9,-18,-8,-18,-7,-17,-6,-17,-4,-16,-1,-16,-1,-17,0,0,0,0,0,0]"
CSI_DATA,3663283,1a:00:00:00:00:00,-58,11,-95,4,43,6,3663283,47,0,128,0,"[0,0,0,0,0,0,0,0,-3,-19,-2,-18,-2,-20,2,-21,1,-23,3,-21,4,-22,6,-21,8,-22,8,-19,9,-20,9,-19,9,-19,10,-21,8,-20,7,-20,8,-20,8,-22,7,-19,8,-19,7,-20,8,-21,7,-20,9,-20,9,-23,7,-24,8,-24,8,-22,0,0,7,-22,10,-23,9,-23,8,-22,9,-20,8,-22,9,-20,9,-19,7,-21,6,-21,5,-22,5,-19,5,-19,4,-19,5,-20,5,-19,5,-19,6,-19,6,-20,8,-18,8,-18,8,-16,9,-17,10,-17,11,-14,12,-13,11,-10,11,-9,0,0,0,0,0,0]"
CSI_DATA,3666584,1a:00:00:00:00:00,-58,11,-95,4,43,6,3666584,47,0,128,0,"[0,0,0,0,0,0,0,0,-18,-5,-18,-5,-19,-5,-19,-6,-19,-8,-21,-10,-20,-11,-20,-10,-20,-11,-17,-13,-17,-12,-17,-12,-19,-11,-18,-11,-19,-11,-19,-10,-17,-10,-21,-10,-19,-8,-18,-8,-19,-9,-20,-8,-20,-8,-21,-8,-23,-6,-23,-5,-23,-5,-23,-6,0,0,-23,-5,-25,-6,-23,-6,-24,-4,-20,-5,-23,-5,-22,-4,-20,-4,-21,-3,-23,-3,-22,0,-20,0,-21,1,-18,1,-21,2,-19,2,-20,3,-20,3,-21,2,-19,0,-20,-1,-18,0,-19,-1,-19,0,-18,-1,-15,-3,-16,-4,-15,-5,0,0,0,0,0,0]"
CSI_DATA,3667675,1a:00:00:00:00:00,-58,11,-95,4,43,6,3667675,47,0,128,0,"[0,0,0,0,0,0,0,0,18,-4,18,-3,20,-3,21,-2,21,1,22,0,22,2,21,3,23,4,21,6,21,5,18,6,22,5,22,7,21,5,22,5,20,5,22,3,21,2,21,3,21,3,22,4,21,5,22,3,24,2,22,3,24,5,25,5,0,0,25,4,26,3,24,1,24,3,21,4,23,4,21,3,20,4,19,1,21,1,22,0,19,0,21,0,18,-1,20,-3,19,-1,20,-3,20,-1,21,-1,19,0,20,2,18,2,19,3,17,2,17,4,16,5,14,7,13,6,0,0,0,0,0,0]"
CSI_DATA,3672826,1a:00:00:00:00:00,-58,11,-95,4,43,6,3672826,47,0,128,0,"[0,0,0,0,0,0,0,0,-19,-4,-18,-5,-18,-7,-19,-7,-19,-10,-20,-11,-19,-11,-17,-13,-18,-13,-17,-14,-17,-14,-16,-15,-17,-14,-16,-15,-15,-15,-16,-15,-15,-14,-18,-15,-15,-13,-16,-12,-17,-14,-19,-13,-19,-11,-19,-12,-20,-13,-18,-14,-19,-14,-20,-13,0,0,-21,-15,-19,-15,-19,-14,-20,-14,-17,-14,-19,-13,-17,-13,-18,-13,-17,-12,-17,-11,-18,-11,-16,-12,-19,-11,-17,-10,-18,-10,-18,-9,-18,-10,-18,-9,-18,-10,-15,-11,-16,-11,-15,-12,-14,-12,-14,-13,-12,-13,-10,-13,-9,-13,-7,-13,0,0,0,0,0,0]"
CSI_DATA,3685295,1a:00:00:00:00:00,-58,11,-95,4,43,6,3685295,47,0,128,0,"[0,0,0,0,0,0,0,0,-17,-9,-17,-9,-18,-11,-17,-11,-17,-13,-19,-13,-18,-13,-17,-14,-18,-14,-16,-14,-17,-14,-16,-16,-17,-14,-17,-14,-17,-13,-17,-13,-17,-12,-20,-11,-19,-10,-18,-8,-20,-9,-21,-7,-21,-8,-21,-8,-23,-7,-22,-7,-25,-5,-23,-7,0,0,-25,-4,-24,-5,-22,-4,-23,-2,-22,-2,-24,-1,-20,-1,-22,-1,-20,2,-20,1,-21,3,-19,2,-19,5,-18,4,-19,6,-18,6,-19,6,-20,6,-20,7,-19,8,-19,9,-19,5,-18,6,-18,4,-19,3,-17,2,-16,1,-16,1,0,0,0,0,0,0]"
CSI_DATA,3686555,1a:00:00:00:00:00,-58,11,-95,4,43,6,3686555,47,0,128,0,"[0,0,0,0,0,0,0,0,17,5,16,7,18,9,19,9,18,11,20,10,17,12,17,12,19,13,15,13,17,12,16,14,17,15,16,15,15,14,17,12,17,13,19,12,19,10,17,10,19,10,19,10,20,10,21,8,22,10,20,11,22,10,22,8,0,0,23,10,21,10,23,10,22,8,21,8,22,8,19,6,20,7,21,5,22,2,21,3,19,3,19,3,19,3,19,1,20,1,20,1,20,2,20,0,18,3,20,2,18,2,19,5,18,5,17,7,17,6,13,6,14,9,0,0,0,0,0,0]"
CSI_DATA,3693675,1a:00:00:00:00:00,-58,11,-95,4,43,6,3693675,47,0,128,0,"[0,0,0,0,0,0,0,0,7,-17,9,-17,11,-17,12,-17,14,-15,15,-16,16,-14,18,-13,18,-13,19,-10,20,-10,19,-9,20,-11,19,-10,18,-9,20,-11,18,-9,20,-12,20,-9,18,-9,19,-11,20,-10,21,-11,20,-10,20,-11,20,-11,21,-12,22,-9,0,0,23,-12,21,-8,22,-9,22,-9,20,-7,22,-8,19,-6,19,-7,20,-6,20,-8,19,-8,19,-8,18,-8,17,-7,19,-7,19,-9,19,-8,19,-7,20,-7,18,-5,20,-5,19,-2,19,-2,18,-2,19,0,19,2,14,5,15,4,0,0,0,0,0,0]"
CSI_DATA,3699675,1a:00:00:00:00:00,-58,11,-95,4,43,6,3699675,47,0,128,0,"[0,0,0,0,0,0,0,0,18,7,17,5,19,7,19,7,19,9,22,9,21,10,20,10,21,10,19,12,20,11,18,11,20,10,20,10,20,8,20,8,18,7,22,4,19,5,20,3,21,4,21,4,22,2,22,1,23,1,23,-1,24,-2,24,0,0,0,25,-3,23,-4,24,-5,23,-5,22,-5,23,-6,21,-6,20,-5,19,-7,20,-9,20,-10,17,-11,17,-11,15,-12,15,-11,16,-11,15,-13,16,-13,17,-14,16,-12,15,-12,15,-11,15,-10,16,-11,15,-10,15,-9,14,-6,13,-8,0,0,0,0,0,0]"
CSI_DATA,3703675,1a:00:00:00:00:00,-58,11,-95,4,43,6,3703675,47,0,128,0,"[0,0,0,0,0,0,0,0,4,18,3,18,1,19,-1,22,-2,21,-2,22,-5,22,-6,21,-8,21,-11,19,-10,20,-11,20,-10,20,-10,19,-9,19,-9,20,-9,18,-11,21,-10,18,-11,17,-10,18,-10,19,-11,19,-12,18,-10,21,-12,21,-12,21,-14,19,0,0,-14,22,-14,21,-14,20,-15,20,-12,17,-14,19,-14,17,-12,15,-14,18,-11,18,-13,19,-10,17,-11,17,-10,15,-11,16,-11,16,-12,17,-13,16,-14,16,-15,14,-15,14,-14,11,-14,12,-14,12,-16,9,-17,7,-15,4,-15,5,0,0,0,0,0,0]"
CSI_DATA,3709886,1a:00:00:00:00:00,-58,11,-95,4,43,6,3709886,47,0,128,0,"[0,0,0,0,0,0,0,0,18,6,18,6,18,6,19,7,19,8,20,10,19,9,19,10,19,12,17,11,18,12,18,12,19,10,20,11,19,10,20,8,18,8,23,6,20,6,20,5,21,5,23,3,21,4,22,3,25,2,24,3,25,2,23,0,0,0,25,-1,25,1,23,-2,24,-2,23,-2,23,-3,21,-1,21,-3,19,-3,22,-6,21,-8,18,-8,19,-8,17,-9,18,-9,17,-11,18,-11,17,-11,18,-11,17,-10,18,-10,16,-9,17,-9,17,-8,17,-7,16,-6,14,-3,15,-5,0,0,0,0,0,0]"
CSI_DATA,3713785,1a:00:00:00:00:00,-58,11,-95,4,43,6,3713785,47,0,128,0,"[0,0,0,0,0,0,0,0,19,1,18,3,20,4,21,6,21,8,21,8,20,11,18,11,19,13,15,14,18,15,15,16,16,15,16,17,15,16,16,16,15,15,16,15,15,15,14,14,15,15,17,16,15,16,16,16,17,17,16,16,16,20,15,17,0,0,18,21,14,20,14,20,14,20,13,19,14,20,11,20,11,17,12,17,12,17,13,17,11,18,11,18,11,17,12,15,11,15,12,17,10,17,10,18,8,18,9,19,6,18,4,18,5,18,3,19,1,18,-1,16,-2,15,0,0,0,0,0,0]"
CSI_DATA,3720139,1a:00:00:00:00:00,-58,11,-95,4,43,6,3720139,47,0,128,0,"[0,0,0,0,0,0,0,0,-17,-10,-15,-10,-17,-11,-16,-12,-16,-15,-16,-15,-16,-18,-15,-16,-16,-17,-14,-16,-15,-16,-14,-16,-16,-16,-15,-16,-16,-15,-16,-15,-15,-13,-18,-14,-17,-13,-15,-12,-18,-12,-19,-12,-19,-9,-19,-11,-21,-10,-22,-10,-21,-11,-21,-10,0,0,-23,-9,-24,-10,-21,-9,-24,-8,-20,-8,-22,-7,-21,-6,-20,-6,-20,-4,-21,-2,-21,-1,-20,-1,-21,0,-20,1,-21,2,-20,0,-20,1,-19,1,-21,2,-20,1,-21,2,-20,0,-20,1,-19,-1,-19,-2,-17,-3,-15,-5,-15,-4,0,0,0,0,0,0]"
CSI_DATA,3720291,1a:00:00:00:00:00,-58,11,-95,4,43,6,3720291,47,0,128,0,"[0,0,0,0,0,0,0,0,-17,4,-19,3,-19,4,-21,2,-22,1,-22,2,-22,0,-21,0,-23,-2,-21,-3,-22,-2,-21,-2,-21,-1,-22,-2,-22,-1,-21,1,-20,1,-24,3,-21,3,-20,3,-20,3,-22,4,-21,4,-22,4,-24,6,-23,6,-22,9,-25,7,0,0,-21,8,-23,8,-21,9,-22,10,-18,8,-22,10,-18,9,-20,9,-18,11,-19,11,-17,13,-17,11,-16,14,-13,13,-14,14,-13,14,-13,15,-14,15,-14,15,-14,13,-15,14,-15,13,-14,13,-13,12,-14,11,-15,10,-13,8,-14,8,0,0,0,0,0,0]"
CSI_DATA,3720516,1a:00:00:00:00:00,-58,11,-95,4,43,6,3720516,47,0,128,0,"[0,0,0,0,0,0,0,0,5,18,4,19,6,19,3,19,2,22,2,22,0,22,-2,22,-2,23,-3,20,-3,22,-2,22,-2,22,-2,22,0,22,3,21,1,20,3,22,2,21,3,20,4,22,5,22,5,23,5,21,6,23,8,23,7,24,8,22,0,0,8,25,8,22,8,22,8,22,8,20,9,22,8,19,9,19,10,18,11,17,12,17,12,16,13,16,12,15,12,16,13,15,15,15,13,16,13,16,12,16,11,16,12,16,12,16,11,16,9,15,9,16,6,15,6,15,0,0,0,0,0,0]"
CSI_DATA,3726396,1a:00:00:00:00:00,-58,11,-95,4,43,6,3726396,47,0,128,0,"[0,0,0,0,0,0,0,0,-1,-19,0,-18,0,-20,2,-21,4,-21,4,-23,5,-21,7,-20,9,-21,10,-19,7,-21,9,-20,8,-20,8,-21,7,-20,7,-21,7,-20,6,-22,5,-20,7,-20,5,-20,5,-22,4,-22,5,-23,3,-22,3,-24,3,-24,5,-23,0,0,2,-23,3,-25,2,-24,4,-24,2,-21,3,-23,3,-22,4,-21,3,-23,0,-24,0,-22,-2,-20,-2,-21,-2,-19,-2,-20,-2,-19,-2,-20,-1,-20,-2,-22,1,-20,0,-20,1,-18,1,-20,0,-18,5,-19,4,-16,5,-15,5,-14,0,0,0,0,0,0]"
CSI_DATA,3730703,1a:00:00:00:00:00,-59,11,-95,4,43,6,3730703,47,0,128,0,"[0,0,0,0,0,0,0,0,19,-8,18,-5,21,-6,21,-6,19,-3,24,-3,22,-1,21,-1,23,0,21,0,24,0,19,3,25,-1,19,-1,21,-4,18,1,23,4,25,-9,19,-5,22,-7,23,2,21,-5,22,-6,30,-11,21,-4,23,-5,14,-10,26,-7,0,0,29,-3,30,-10,26,-13,22,-2,19,-16,25,-6,15,-9,16,0,14,-10,21,-14,22,-7,15,-10,16,-9,17,-16,11,-13,13,-9,13,-16,16,-11,15,-13,16,-15,15,-11,16,-11,18,-11,17,-9,16,-8,16,-8,13,-5,14,-5,0,0,0,0,0,0]"
CSI_DATA,3745710,1a:00:00:00:00:00,-58,11,-95,4,43,6,3745710,47,0,128,0,"[0,0,0,0,0,0,0,0,12,14,10,15,9,17,11,18,12,18,10,20,10,21,8,19,7,22,7,19,7,23,6,21,6,21,5,21,8,21,8,22,8,21,9,20,9,19,10,19,12,18,11,20,12,17,13,20,13,21,14,20,14,21,14,19,0,0,15,21,13,21,13,19,16,18,14,19,15,19,13,17,15,15,12,16,14,15,16,13,16,13,17,14,16,12,16,12,16,12,18,11,17,13,15,12,15,12,16,14,14,13,16,14,14,13,12,14,10,14,8,13,8,14,0,0,0,0,0,0]"
CSI_DATA,3749629,1a:00:00:00:00:00,-58,11,-95,4,43,6,3749629,47,0,128,0,"[0,0,0,0,0,0,0,0,-17,-8,-15,-9,-17,-11,-17,-11,-18,-14,-18,-14,-17,-15,-15,-14,-17,-14,-15,-15,-17,-15,-16,-15,-17,-14,-17,-14,-17,-13,-17,-13,-16,-11,-19,-11,-18,-10,-18,-11,-19,-9,-20,-9,-19,-7,-21,-8,-23,-7,-23,-6,-25,-8,-24,-8,0,0,-24,-3,-23,-7,-23,-6,-23,-5,-21,-5,-23,-3,-21,-3,-20,-3,-22,-2,-23,0,-23,2,-22,3,-21,3,-19,3,-20,4,-19,4,-20,6,-19,4,-20,5,-20,4,-20,5,-19,2,-18,4,-17,3,-18,2,-16,0,-15,-1,-15,-1,0,0,0,0,0,0]"
CSI_DATA,3761496,1a:00:00:00:00:00,-58,11,-95,4,43,6,3761496,47,0,128,0,"[0,0,0,0,0,0,0,0,19,-5,18,-4,20,-5,20,-3,21,-2,22,-2,22,1,21,1,23,3,21,4,24,2,22,5,22,4,21,6,20,5,23,2,21,3,23,1,19,1,20,1,20,2,22,1,20,3,22,1,24,3,24,1,24,3,23,3,0,0,26,1,24,2,24,1,24,2,22,1,22,1,21,3,20,1,21,1,24,-2,22,-1,21,-2,22,-1,19,-2,21,-2,20,-3,21,-3,20,-2,20,-2,20,0,20,-1,20,0,18,3,18,3,18,4,18,5,15,7,13,6,0,0,0,0,0,0]"
CSI_DATA,3764046,1a:00:00:00:00:00,-58,11,-95,4,43,6,3764046,47,0,128,0,"[0,0,0,0,0,0,0,0,-19,-1,-19,-2,-19,-1,-21,-5,-21,-5,-22,-4,-21,-6,-21,-6,-22,-8,-20,-8,-20,-8,-20,-7,-22,-5,-22,-5,-20,-4,-20,-3,-20,-4,-23,-1,-20,-2,-21,1,-21,0,-21,0,-22,1,-22,3,-24,5,-24,6,-23,6,-24,4,0,0,-22,8,-23,6,-24,8,-22,6,-21,7,-23,7,-20,7,-19,8,-19,9,-19,13,-17,14,-15,13,-14,14,-13,12,-15,13,-14,15,-14,15,-15,16,-14,14,-15,13,-14,13,-15,12,-13,13,-13,13,-15,11,-14,11,-13,7,-13,8,0,0,0,0,0,0]"
CSI_DATA,3769676,1a:00:00:00:00:00,-58,11,-95,4,43,6,3769676,47,0,128,0,"[0,0,0,0,0,0,0,0,20,-2,18,0,20,-1,22,-1,22,2,22,2,22,2,22,3,23,2,22,4,22,4,21,6,22,5,22,5,21,4,22,3,20,4,23,0,23,0,21,0,22,-1,23,-1,22,-4,23,-3,24,-4,23,-3,23,-4,24,-5,0,0,25,-7,24,-5,23,-6,23,-7,21,-6,20,-7,20,-7,19,-8,18,-10,18,-10,19,-11,18,-9,17,-10,16,-11,16,-12,16,-12,16,-13,16,-13,15,-13,15,-11,17,-13,16,-11,17,-10,16,-8,18,-9,16,-7,14,-4,14,-5,0,0,0,0,0,0]"
CSI_DATA,3773676,1a:00:00:00:00:00,-58,11,-95,4,43,6,3773676,47,0,128,0,"[0,0,0,0,0,0,0,0,-15,12,-15,11,-16,12,-17,12,-17,11,-18,13,-20,12,-19,10,-21,10,-19,9,-20,10,-19,9,-20,11,-20,11,-18,13,-17,13,-16,12,-18,15,-16,14,-16,14,-14,15,-14,17,-15,17,-13,18,-13,19,-12,20,-13,21,-12,20,0,0,-12,24,-12,23,-10,20,-9,24,-9,18,-8,22,-8,21,-8,19,-5,21,-4,21,-3,21,-1,21,-1,22,1,19,0,20,1,19,4,21,3,20,2,20,1,19,2,20,2,20,1,19,2,19,0,19,0,16,-2,15,-1,16,0,0,0,0,0,0]"
CSI_DATA,3779676,1a:00:00:00:00:00,-58,11,-95,4,43,6,3779676,47,0,128,0,"[0,0,0,0,0,0,0,0,-14,12,-14,11,-18,11,-20,12,-19,10,-20,11,-20,9,-20,8,-21,8,-21,6,-21,8,-20,6,-21,9,-22,7,-19,9,-21,9,-20,10,-20,12,-18,11,-18,11,-18,12,-18,12,-18,13,-18,15,-18,15,-17,15,-18,17,-20,18,0,0,-18,18,-18,16,-18,17,-17,18,-14,15,-15,17,-14,16,-14,15,-13,16,-13,18,-11,19,-10,18,-9,19,-8,19,-9,20,-8,19,-8,19,-8,19,-9,20,-9,17,-9,19,-8,18,-9,17,-8,16,-11,16,-10,15,-10,11,-10,12,0,0,0,0,0,0]"
CSI_DATA,3781676,1a:00:00:00:00:00,-58,11,-95,4,43,6,3781676,47,0,128,0,"[0,0,0,0,0,0,0,0,19,-2,18,-2,20,-2,20,0,22,2,22,3,22,4,20,5,22,7,19,8,21,8,19,9,22,8,21,9,20,9,22,8,20,7,22,7,20,5,20,5,19,8,21,7,21,8,23,7,22,7,21,7,25,8,21,8,0,0,26,9,24,9,23,8,23,8,21,8,23,8,21,7,20,9,20,6,22,5,20,5,19,5,21,5,19,4,21,3,18,3,21,5,21,6,19,6,18,7,19,7,17,7,17,10,16,9,17,10,15,10,11,12,11,11,0,0,0,0,0,0]"
CSI_DATA,3783676,1a:00:00:00:00:00,-58,11,-95,4,43,6,3783676,47,0,128,0,"[0,0,0,0,0,0,0,0,6,-18,8,-17,9,-18,9,-19,10,-20,10,-21,11,-20,13,-18,13,-19,14,-17,11,-19,13,-17,11,-18,13,-19,11,-18,9,-21,9,-20,7,-22,5,-20,6,-19,5,-21,4,-21,4,-21,3,-22,3,-23,2,-24,0,-26,1,-24,0,0,1,-26,-1,-25,-3,-25,-2,-24,-2,-22,-3,-23,-4,-21,-4,-20,-5,-21,-7,-21,-8,-20,-8,-18,-10,-19,-10,-18,-10,-18,-11,-17,-11,-17,-10,-18,-12,-17,-11,-17,-11,-17,-11,-16,-11,-18,-9,-16,-8,-17,-7,-16,-4,-15,-6,-15,0,0,0,0,0,0]"
CSI_DATA,3785676,1a:00:00:00:00:00,-58,11,-95,4,43,6,3785676,47,0,128,0,"[0,0,0,0,0,0,0,0,-16,10,-15,10,-17,9,-19,10,-19,8,-21,8,-21,7,-22,7,-22,6,-21,3,-22,5,-21,2,-21,4,-23,3,-21,3,-20,5,-19,4,-22,8,-20,7,-20,6,-21,7,-19,7,-21,7,-21,7,-23,9,-22,8,-22,9,-23,9,0,0,-23,9,-23,9,-23,9,-22,10,-20,9,-21,10,-19,8,-19,8,-18,9,-20,11,-18,12,-18,10,-17,11,-16,11,-16,13,-14,13,-15,13,-16,12,-16,12,-17,11,-18,11,-16,10,-17,8,-17,8,-17,7,-17,6,-16,4,-15,3,0,0,0,0,0,0]"
CSI_DATA,3789676,1a:00:00:00:00:00,-58,11,-95,4,43,6,3789676,47,0,128,0,"[0,0,0,0,0,0,0,0,3,-19,5,-18,6,-21,6,-19,7,-20,7,-21,8,-20,10,-20,11,-20,12,-17,12,-20,12,-19,11,-19,13,-19,9,-20,10,-21,9,-20,8,-21,7,-20,7,-20,5,-20,5,-22,5,-20,4,-22,5,-24,3,-24,4,-25,5,-23,0,0,2,-26,2,-25,0,-23,1,-26,0,-21,1,-23,1,-23,1,-20,-1,-22,-3,-23,-3,-22,-3,-20,-4,-21,-5,-18,-6,-20,-6,-20,-6,-20,-4,-21,-5,-21,-3,-19,-4,-21,-4,-19,-3,-19,-2,-17,-1,-19,1,-17,0,-15,0,-16,0,0,0,0,0,0]"
CSI_DATA,3791766,1a:00:00:00:00:00,-58,11,-95,4,43,6,3791766,47,0,128,0,"[0,0,0,0,0,0,0,0,-19,-2,-19,-4,-20,-5,-21,-6,-20,-8,-21,-9,-20,-11,-19,-11,-19,-12,-17,-12,-17,-13,-15,-15,-16,-13,-17,-15,-17,-13,-17,-14,-16,-14,-19,-13,-17,-13,-18,-12,-18,-14,-18,-13,-18,-13,-18,-14,-18,-13,-19,-14,-21,-16,-19,-13,0,0,-21,-14,-19,-16,-20,-16,-17,-15,-16,-15,-19,-16,-17,-15,-15,-13,-17,-13,-19,-11,-18,-12,-17,-12,-17,-13,-17,-11,-17,-10,-18,-11,-17,-10,-16,-13,-17,-11,-15,-12,-15,-14,-13,-14,-12,-15,-13,-15,-10,-15,-9,-17,-5,-14,-6,-16,0,0,0,0,0,0]"
CSI_DATA,3793676,1a:00:00:00:00:00,-58,11,-95,4,43,6,3793676,47,0,128,0,"[0,0,0,0,0,0,0,0,4,19,3,18,3,20,4,21,2,22,2,23,1,23,1,22,-2,23,-2,20,1,22,-2,22,-1,22,0,22,1,24,3,23,3,22,6,23,6,19,6,20,7,21,7,21,8,20,9,21,10,22,12,21,12,22,12,21,0,0,12,23,14,21,15,19,14,19,15,19,14,18,13,17,15,16,14,15,16,16,17,13,17,12,18,12,16,10,17,11,18,9,18,9,18,9,19,10,17,9,18,9,18,10,17,10,15,9,15,10,14,10,11,10,12,10,0,0,0,0,0,0]"
CSI_DATA,3797913,1a:00:00:00:00:00,-58,11,-95,4,43,6,3797913,47,0,128,0,"[0,0,0,0,0,0,0,0,-19,0,-18,0,-20,-1,-22,-2,-21,-3,-22,-4,-23,-5,-21,-4,-22,-4,-22,-6,-22,-4,-22,-6,-22,-3,-23,-3,-22,-1,-22,-1,-20,0,-23,1,-21,3,-21,2,-21,4,-21,3,-21,5,-21,7,-23,9,-21,11,-22,10,-21,12,0,0,-21,10,-19,11,-20,12,-22,14,-17,13,-19,14,-18,13,-17,13,-15,15,-14,17,-12,18,-10,17,-11,17,-9,16,-9,18,-7,17,-9,19,-8,20,-8,19,-7,17,-8,18,-9,17,-7,17,-8,17,-9,17,-9,16,-9,13,-8,13,0,0,0,0,0,0]"
CSI_DATA,3803676,1a:00:00:00:00:00,-58,11,-95,4,43,6,3803676,47,0,128,0,"[0,0,0,0,0,0,0,0,-16,-11,-15,-10,-17,-11,-15,-13,-17,-14,-17,-14,-17,-17,-14,-16,-15,-18,-13,-17,-16,-16,-13,-18,-17,-16,-15,-16,-15,-15,-17,-14,-15,-13,-20,-12,-18,-11,-17,-11,-18,-11,-19,-10,-20,-11,-20,-10,-21,-10,-23,-8,-23,-7,-22,-8,0,0,-24,-7,-24,-6,-23,-4,-24,-4,-22,-3,-24,-4,-22,-4,-20,-4,-22,-1,-22,1,-22,2,-20,2,-21,3,-19,2,-20,5,-19,5,-20,5,-21,5,-20,5,-20,4,-20,4,-18,3,-20,3,-18,2,-18,3,-18,2,-16,1,-15,0,0,0,0,0,0,0]"
CSI_DATA,3813676,1a:00:00:00:00:00,-58,11,-95,4,43,6,3813676,47,0,128,0,"[0,0,0,0,0,0,0,0,18,5,18,5,20,6,20,7,19,9,20,8,20,10,19,9,20,10,19,12,19,12,18,11,19,11,19,10,20,9,21,10,20,8,23,7,21,6,20,5,21,6,22,4,23,4,22,3,24,3,24,2,25,2,24,0,0,0,25,-1,24,0,24,-2,24,-4,22,-2,22,-2,21,-3,21,-3,20,-4,20,-7,20,-7,18,-8,20,-7,19,-8,17,-9,18,-11,19,-10,17,-10,19,-10,18,-8,18,-10,17,-9,17,-8,16,-8,18,-7,17,-5,14,-3,14,-3,0,0,0,0,0,0]"
CSI_DATA,3817676,1a:00:00:00:00:00,-58,11,-95,4,43,6,3817676,47,0,128,0,"[0,0,0,0,0,0,0,0,-18,8,-16,7,-19,7,-19,6,-21,7,-20,7,-22,6,-22,5,-23,6,-22,3,-22,6,-19,5,-23,7,-21,6,-20,8,-20,9,-19,8,-20,12,-19,12,-18,11,-18,13,-17,14,-18,13,-16,15,-17,14,-15,18,-15,17,-16,19,0,0,-15,20,-15,21,-13,22,-11,21,-11,20,-10,20,-8,19,-9,18,-9,20,-6,23,-4,22,-3,19,-2,20,-2,20,-1,20,0,20,1,20,1,21,1,21,0,21,0,21,0,19,0,20,1,18,0,20,-1,19,-2,15,-2,16,0,0,0,0,0,0]"
CSI_DATA,3826368,1a:00:00:00:00:00,-58,11,-95,4,43,6,3826368,47,0,128,0,"[0,0,0,0,0,0,0,0,-18,-9,-15,-10,-16,-12,-16,-13,-16,-14,-16,-16,-13,-17,-15,-18,-14,-18,-11,-18,-11,-19,-9,-19,-9,-20,-9,-21,-8,-20,-10,-20,-10,-20,-12,-18,-12,-19,-9,-18,-12,-20,-11,-19,-13,-19,-13,-18,-11,-19,-13,-21,-11,-22,-11,-22,0,0,-11,-20,-11,-21,-13,-22,-11,-21,-11,-20,-12,-20,-11,-20,-10,-19,-10,-19,-11,-19,-11,-18,-11,-17,-12,-19,-11,-17,-10,-16,-11,-17,-11,-17,-11,-18,-12,-17,-9,-17,-9,-18,-8,-18,-6,-18,-4,-19,-2,-18,-2,-18,0,-15,0,-15,0,0,0,0,0,0]"
CSI_DATA,3827676,1a:00:00:00:00:00,-58,11,-95,4,43,6,3827676,47,0,128,0,"[0,0,0,0,0,0,0,0,11,-16,11,-15,13,-15,14,-16,15,-15,15,-18,15,-15,16,-15,17,-15,17,-13,16,-15,15,-15,17,-16,14,-17,13,-17,13,-18,12,-17,12,-19,11,-18,10,-18,9,-19,9,-21,9,-20,7,-22,7,-22,5,-23,5,-23,5,-23,0,0,4,-26,3,-24,2,-24,2,-25,0,-23,-1,-23,-1,-22,-2,-21,-2,-20,-5,-20,-7,-21,-7,-19,-7,-19,-7,-19,-8,-17,-9,-18,-10,-17,-9,-19,-9,-19,-9,-17,-10,-18,-10,-18,-8,-17,-8,-16,-7,-17,-6,-17,-5,-14,-5,-15,0,0,0,0,0,0]"
CSI_DATA,3839971,1a:00:00:00:00:00,-58,11,-95,4,43,6,3839971,47,0,128,0,"[0,0,0,0,0,0,0,0,-19,-2,-18,-3,-20,-3,-21,-5,-20,-6,-22,-8,-20,-9,-20,-9,-20,-10,-19,-12,-20,-10,-17,-12,-19,-11,-19,-13,-18,-11,-20,-10,-19,-11,-22,-9,-20,-9,-19,-8,-19,-8,-20,-8,-20,-8,-21,-9,-23,-8,-22,-6,-22,-8,-24,-7,0,0,-24,-8,-25,-8,-23,-6,-23,-6,-20,-7,-22,-7,-21,-7,-20,-6,-20,-5,-22,-5,-22,-3,-20,-3,-22,-2,-21,-2,-20,0,-20,-1,-19,-1,-19,-1,-20,-2,-20,-3,-20,-3,-20,-4,-19,-5,-18,-4,-17,-7,-18,-7,-13,-8,-14,-8,0,0,0,0,0,0]"
CSI_DATA,3843676,1a:00:00:00:00:00,-58,11,-95,4,43,6,3843676,47,0,128,0,"[0,0,0,0,0,0,0,0,-3,20,-4,18,-5,19,-6,19,-8,20,-8,21,-11,21,-9,18,-11,20,-12,19,-12,19,-10,19,-9,20,-11,21,-8,21,-7,21,-8,19,-7,21,-6,21,-7,20,-5,21,-5,22,-4,22,-4,22,-3,24,0,24,-2,25,-1,23,0,0,-1,24,-1,23,0,25,0,24,0,21,1,24,0,22,1,20,2,22,7,22,6,21,7,19,7,19,8,19,6,19,7,19,8,18,7,19,8,19,7,19,8,19,6,18,6,19,6,19,5,18,3,17,1,17,1,16,0,0,0,0,0,0]"
CSI_DATA,3849676,1a:00:00:00:00:00,-58,11,-95,4,43,6,3849676,47,0,128,0,"[0,0,0,0,0,0,0,0,-1,20,-3,19,-4,20,-5,19,-7,21,-7,21,-8,21,-10,19,-10,20,-12,18,-12,19,-12,19,-12,20,-11,21,-9,19,-9,20,-10,20,-10,22,-8,20,-10,19,-8,20,-8,21,-7,21,-8,21,-7,23,-5,22,-4,24,-6,23,0,0,-6,25,-8,25,-9,24,-7,23,-6,21,-6,23,-5,21,-5,20,-3,21,-1,21,-1,22,-1,19,-1,21,-1,19,-1,21,0,19,0,20,0,20,-1,22,-2,19,-3,22,-3,19,-3,20,-3,19,-4,18,-5,17,-6,14,-6,15,0,0,0,0,0,0]"
CSI_DATA,3854756,1a:00:00:00:00:00,-58,11,-95,4,43,6,3854756,47,0,128,0,"[0,0,0,0,0,0,0,0,20,3,19,3,19,4,20,4,20,7,22,7,21,8,20,9,21,9,19,11,21,11,19,13,18,12,19,11,18,11,19,11,19,9,21,9,18,8,19,9,20,8,21,7,21,6,21,8,23,8,22,7,23,8,24,7,0,0,25,6,23,8,24,7,22,6,22,7,23,6,21,5,21,5,20,4,21,4,22,3,21,3,21,3,19,1,21,2,20,1,20,2,20,1,22,1,20,2,21,1,19,3,20,4,18,5,16,7,16,6,14,8,13,8,0,0,0,0,0,0]"
CSI_DATA,3854896,1a:00:00:00:00:00,-58,11,-95,4,43,6,3854896,47,0,128,0,"[0,0,0,0,0,0,0,0,-6,-18,-4,-17,-3,-20,-3,-20,-1,-21,-1,-23,3,-21,3,-22,3,-22,5,-22,4,-21,4,-21,5,-21,3,-22,2,-22,2,-23,2,-20,3,-23,1,-21,2,-20,0,-22,0,-22,0,-21,-1,-22,-2,-22,0,-23,-2,-25,-1,-24,0,0,0,-25,0,-25,-1,-22,0,-24,-1,-22,0,-24,0,-21,-1,-21,0,-22,-2,-23,-3,-22,-6,-20,-5,-22,-5,-18,-4,-19,-5,-18,-6,-20,-4,-19,-4,-20,-2,-20,-4,-20,-2,-19,-2,-19,-1,-18,2,-19,2,-18,4,-17,3,-14,0,0,0,0,0,0]"
CSI_DATA,3859676,1a:00:00:00:00:00,-58,11,-95,4,43,6,3859676,47,0,128,0,"[0,0,0,0,0,0,0,0,-4,-19,-1,-18,-1,-19,-1,-20,1,-22,2,-23,4,-22,5,-21,5,-22,7,-21,5,-21,7,-22,7,-21,6,-20,5,-22,4,-21,5,-20,4,-23,4,-20,4,-20,2,-22,3,-22,1,-23,2,-22,3,-25,1,-24,1,-25,4,-24,0,0,0,-25,2,-26,1,-23,1,-24,0,-23,0,-25,0,-22,0,-21,0,-21,-1,-22,-2,-21,-3,-20,-3,-21,-4,-19,-3,-20,-4,-19,-5,-21,-3,-20,-5,-20,-2,-19,-2,-20,-1,-20,-1,-21,0,-19,3,-18,3,-17,3,-16,3,-16,0,0,0,0,0,0]"
CSI_DATA,3884174,1a:00:00:00:00:00,-58,11,-95,4,43,6,3884174,47,0,128,0,"[0,0,0,0,0,0,0,0,15,13,13,13,14,14,15,15,15,18,15,19,12,19,11,18,10,20,9,18,8,20,10,19,11,19,11,20,11,20,12,20,11,18,12,18,13,16,11,18,13,17,14,18,13,18,15,19,16,18,15,18,19,17,15,20,0,0,18,20,16,19,16,17,17,17,15,16,17,17,16,16,16,15,14,15,17,15,17,13,17,11,18,12,16,11,18,11,18,10,19,12,16,10,17,12,16,12,16,11,14,12,16,13,15,14,13,12,12,14,9,13,9,13,0,0,0,0,0,0]"
CSI_DATA,3884515,1a:00:00:00:00:00,-58,11,-95,4,43,6,3884515,47,0,128,0,"[0,0,0,0,0,0,0,0,-5,18,-6,16,-8,19,-9,19,-10,18,-12,19,-13,17,-13,17,-14,18,-15,15,-17,17,-15,15,-16,16,-16,16,-14,16,-13,17,-12,16,-14,17,-13,17,-13,16,-12,17,-13,18,-11,18,-12,19,-14,21,-12,19,-12,22,-14,22,0,0,-13,22,-15,19,-14,20,-14,21,-12,17,-12,20,-11,19,-12,19,-11,17,-11,19,-9,21,-8,18,-6,20,-6,19,-7,21,-8,19,-7,20,-8,19,-6,20,-8,18,-9,18,-8,18,-9,17,-10,16,-10,15,-10,12,-11,11,-10,10,0,0,0,0,0,0]"
CSI_DATA,3889676,1a:00:00:00:00:00,-58,11,-95,4,43,6,3889676,47,0,128,0,"[0,0,0,0,0,0,0,0,19,0,18,2,20,2,21,3,21,5,22,6,21,9,21,7,21,9,20,10,21,9,18,9,20,10,20,10,19,10,20,9,19,8,22,8,20,7,19,7,20,8,21,7,20,6,21,7,22,7,23,8,23,8,22,7,0,0,22,7,23,8,23,7,22,8,21,6,23,7,20,5,20,6,21,3,22,2,21,3,19,3,20,3,19,2,20,3,21,3,21,1,20,2,21,2,19,3,21,2,19,4,19,5,18,5,16,7,15,7,12,9,13,10,0,0,0,0,0,0]"
CSI_DATA,3895676,1a:00:00:00:00:00,-58,11,-95,4,43,6,3895676,47,0,128,0,"[0,0,0,0,0,0,0,0,19,0,19,0,20,1,21,2,21,4,22,5,21,7,20,8,21,10,20,10,20,9,17,12,20,11,19,13,18,11,20,11,19,11,21,10,18,10,17,9,20,10,20,10,21,10,22,11,20,11,23,10,22,12,20,11,0,0,23,12,20,14,20,15,21,12,20,14,19,14,19,12,18,12,19,11,19,9,19,10,18,10,19,11,18,9,17,9,18,10,18,10,18,11,19,10,16,10,17,12,14,12,15,14,12,13,11,14,10,15,7,15,7,14,0,0,0,0,0,0]"
CSI_DATA,3901313,1a:00:00:00:00:00,-58,11,-95,4,43,6,3901313,47,0,128,0,"[0,0,0,0,0,0,0,0,-4,-18,-4,-19,-2,-20,-3,-20,0,-22,-1,-22,-1,-23,0,-21,-2,-23,1,-22,0,-21,0,-21,-3,-22,-3,-22,-3,-21,-5,-22,-5,-20,-7,-21,-8,-19,-8,-19,-9,-19,-10,-20,-12,-19,-10,-19,-14,-19,-16,-19,-16,-17,-16,-17,0,0,-18,-16,-19,-19,-16,-16,-18,-15,-18,-13,-20,-14,-18,-12,-18,-12,-18,-9,-19,-8,-19,-8,-19,-6,-20,-5,-19,-4,-19,-4,-19,-2,-21,-2,-20,-2,-20,-1,-20,-1,-20,-1,-19,-2,-20,-2,-19,0,-18,-2,-17,-2,-15,-3,-15,-4,0,0,0,0,0,0]"
CSI_DATA,3906609,1a:00:00:00:00:00,-58,11,-95,4,43,6,3906609,47,0,128,0,"[0,0,0,0,0,0,0,0,17,9,16,8,18,9,19,9,17,12,20,12,18,13,18,12,19,14,18,12,18,13,17,13,19,12,20,11,20,10,20,9,19,8,22,7,20,7,20,6,21,5,23,5,21,5,22,3,23,1,24,0,24,-2,24,-1,0,0,26,-3,25,-4,24,-3,25,-4,21,-4,24,-6,21,-5,20,-5,20,-6,21,-10,20,-10,17,-10,18,-12,15,-12,16,-12,16,-12,16,-13,15,-13,16,-14,14,-13,16,-13,14,-12,15,-12,15,-12,15,-11,15,-10,13,-8,13,-7,0,0,0,0,0,0]"
CSI_DATA,3906749,1a:00:00:00:00:00,-58,11,-95,4,43,6,3906749,47,0,128,0,"[0,0,0,0,0,0,0,0,6,-17,7,-17,7,-19,8,-18,11,-18,10,-20,10,-20,11,-18,12,-18,13,-16,12,-19,12,-18,11,-18,11,-19,8,-20,8,-20,7,-19,6,-22,4,-20,5,-19,3,-20,3,-22,2,-21,2,-22,2,-24,-1,-22,-1,-24,0,-21,0,0,-2,-24,-3,-23,-5,-23,-5,-24,-4,-22,-6,-22,-5,-21,-6,-20,-7,-21,-10,-20,-12,-18,-11,-17,-12,-17,-11,-15,-12,-16,-12,-14,-14,-15,-13,-15,-13,-15,-11,-15,-12,-14,-12,-15,-13,-14,-12,-13,-11,-14,-9,-13,-8,-13,-9,-13,0,0,0,0,0,0]"
CSI_DATA,3911619,1a:00:00:00:00:00,-58,11,-95,4,43,6,3911619,47,0,128,0,"[0,0,0,0,0,0,0,0,16,-11,16,-10,18,-11,17,-11,19,-10,19,-11,20,-10,20,-8,21,-8,20,-6,20,-8,20,-8,19,-9,20,-10,19,-11,18,-12,17,-12,18,-15,17,-12,17,-13,16,-15,16,-17,13,-17,14,-18,14,-19,13,-20,13,-22,14,-18,0,0,9,-21,11,-21,11,-22,11,-22,7,-21,8,-23,6,-20,7,-19,6,-20,5,-21,2,-22,0,-20,0,-20,-2,-20,-1,-21,-2,-19,-4,-20,-3,-20,-4,-21,-2,-20,-2,-19,-1,-20,-3,-19,-2,-18,-1,-18,-1,-17,1,-16,1,-15,0,0,0,0,0,0]"
CSI_DATA,3916510,1a:00:00:00:00:00,-58,11,-95,4,43,6,3916510,47,0,128,0,"[0,0,0,0,0,0,0,0,-1,19,-2,19,-3,19,-3,20,-5,21,-5,22,-5,22,-6,20,-7,22,-6,19,-7,20,-7,22,-4,21,-4,22,-3,21,-2,22,-2,20,0,22,0,20,1,20,4,21,3,23,6,21,5,22,5,24,7,24,7,23,9,23,0,0,10,22,9,22,10,21,11,19,12,19,12,20,12,18,12,16,13,17,17,17,16,15,16,12,17,12,14,11,16,12,16,11,18,9,17,9,19,9,17,10,17,9,17,11,18,11,15,10,14,11,14,11,12,11,11,10,0,0,0,0,0,0]"
CSI_DATA,3921540,1a:00:00:00:00:00,-58,11,-95,4,43,6,3921540,47,0,128,0,"[0,0,0,0,0,0,0,0,-11,18,-10,16,-13,16,-13,16,-14,16,-15,16,-16,16,-15,15,-16,15,-17,15,-16,15,-16,14,-15,16,-14,17,-12,17,-13,18,-12,18,-12,20,-10,18,-11,18,-9,20,-9,20,-7,21,-7,21,-6,23,-5,23,-5,23,-6,22,0,0,-3,24,-3,26,-2,25,-1,24,-1,21,0,24,0,23,1,20,2,21,6,23,5,21,7,18,7,19,8,17,8,18,8,16,10,17,9,17,9,19,8,17,10,18,9,17,9,17,9,17,7,17,6,16,4,16,4,15,0,0,0,0,0,0]"
CSI_DATA,3925365,1a:00:00:00:00:00,-58,11,-95,4,43,6,3925365,47,0,128,0,"[0,0,0,0,0,0,0,0,-15,13,-14,12,-16,12,-18,11,-18,11,-19,11,-21,8,-21,6,-22,6,-22,3,-21,4,-20,2,-22,4,-21,3,-21,2,-21,4,-21,3,-23,5,-20,4,-21,4,-21,3,-22,5,-21,3,-22,4,-24,4,-23,5,-23,3,-24,3,0,0,-24,3,-25,3,-23,3,-24,4,-21,1,-23,2,-22,0,-21,0,-21,1,-24,3,-22,3,-20,2,-20,3,-18,3,-20,5,-19,5,-21,4,-21,3,-20,2,-19,-1,-20,-1,-20,-3,-19,-3,-18,-2,-18,-4,-17,-5,-14,-7,-13,-6,0,0,0,0,0,0]"
CSI_DATA,3933676,1a:00:00:00:00:00,-58,11,-95,4,43,6,3933676,47,0,128,0,"[0,0,0,0,0,0,0,0,17,7,16,7,19,7,19,9,19,11,20,11,19,12,16,13,16,15,14,15,18,15,13,15,16,14,16,16,15,15,18,15,16,12,19,13,18,11,17,11,17,12,19,12,19,12,20,11,20,12,21,12,20,12,18,11,0,0,22,11,20,11,22,10,23,11,20,11,22,10,19,10,20,9,19,8,19,7,20,6,18,7,19,7,19,5,18,4,19,3,20,5,20,5,19,5,19,7,19,7,17,7,17,8,16,8,17,9,15,10,11,9,13,7,0,0,0,0,0,0]"
CSI_DATA,3939711,1a:00:00:00:00:00,-58,11,-95,4,43,6,3939711,47,0,128,0,"[0,0,0,0,0,0,0,0,-19,4,-17,1,-20,1,-20,0,-21,-2,-22,-2,-22,-4,-21,-4,-21,-8,-19,-9,-20,-8,-19,-10,-21,-8,-20,-9,-19,-10,-20,-7,-19,-8,-22,-7,-20,-7,-19,-7,-21,-7,-22,-8,-20,-7,-22,-8,-22,-7,-22,-6,-23,-9,-25,-8,0,0,-20,-9,-24,-8,-22,-7,-22,-9,-22,-9,-22,-8,-22,-8,-19,-9,-20,-7,-21,-6,-21,-4,-20,-6,-20,-5,-19,-5,-19,-4,-19,-5,-19,-4,-20,-6,-18,-7,-19,-9,-19,-7,-18,-8,-18,-9,-16,-10,-15,-10,-13,-10,-11,-11,-11,-11,0,0,0,0,0,0]"
CSI_DATA,3941738,1a:00:00:00:00:00,-58,11,-95,4,43,6,3941738,47,0,128,0,"[0,0,0,0,0,0,0,0,-13,-14,-11,-13,-13,-15,-12,-15,-11,-18,-13,-19,-13,-19,-11,-19,-12,-19,-11,-19,-11,-20,-9,-19,-10,-19,-11,-18,-12,-18,-14,-18,-13,-17,-16,-16,-15,-15,-13,-14,-15,-15,-17,-14,-18,-12,-18,-15,-19,-14,-18,-13,-21,-14,-19,-10,0,0,-21,-10,-20,-12,-22,-11,-20,-9,-20,-9,-23,-7,-20,-7,-20,-6,-19,-5,-21,-4,-22,-4,-21,-2,-21,-1,-19,-1,-19,0,-20,0,-21,2,-20,2,-20,2,-20,1,-20,1,-20,0,-20,0,-18,-1,-18,-1,-17,-2,-16,-3,-15,-3,0,0,0,0,0,0]"
CSI_DATA,3943882,1a:00:00:00:00:00,-58,11,-95,4,43,6,3943882,47,0,128,0,"[0,0,0,0,0,0,0,0,19,-2,19,0,20,1,22,1,20,3,23,5,21,5,21,6,21,6,21,7,20,6,18,8,21,8,20,9,19,7,21,8,20,7,22,6,22,6,18,5,21,5,22,5,21,5,22,5,23,4,23,5,26,6,22,4,0,0,25,4,24,7,25,5,23,4,22,4,24,4,22,3,20,3,21,3,22,0,21,1,21,1,21,0,20,1,19,0,21,-2,20,-1,21,0,21,0,19,1,20,1,19,2,19,3,18,3,17,5,17,6,13,8,14,9,0,0,0,0,0,0]"
CSI_DATA,3948553,1a:00:00:00:00:00,-58,11,-95,4,43,6,3948553,47,0,128,0,"[0,0,0,0,0,0,0,0,-11,-16,-9,-16,-9,-17,-9,-20,-9,-21,-9,-21,-7,-21,-7,-21,-6,-22,-4,-21,-3,-22,-4,-21,-5,-22,-3,-21,-4,-22,-5,-21,-5,-21,-8,-21,-7,-20,-6,-19,-7,-21,-8,-21,-8,-20,-10,-21,-8,-21,-8,-21,-8,-22,-9,-22,0,0,-10,-22,-10,-23,-10,-22,-10,-22,-10,-21,-11,-21,-9,-20,-8,-20,-9,-18,-10,-18,-12,-18,-10,-18,-12,-17,-11,-16,-11,-14,-13,-15,-13,-16,-11,-17,-12,-16,-10,-17,-11,-18,-10,-17,-10,-18,-8,-18,-7,-17,-6,-17,-4,-14,-3,-15,0,0,0,0,0,0]"
CSI_DATA,3948714,1a:00:00:00:00:00,-58,11,-95,4,43,6,3948714,47,0,128,0,"[0,0,0,0,0,0,0,0,-14,-13,-12,-13,-13,-15,-12,-17,-13,-19,-12,-19,-11,-20,-9,-19,-9,-21,-6,-21,-6,-21,-4,-21,-7,-19,-7,-21,-7,-21,-10,-20,-7,-19,-10,-20,-9,-18,-9,-18,-9,-19,-11,-20,-10,-21,-10,-21,-10,-20,-12,-20,-12,-21,-12,-22,0,0,-12,-18,-15,-21,-13,-19,-12,-20,-12,-20,-12,-21,-11,-18,-10,-18,-11,-15,-13,-17,-14,-16,-13,-15,-13,-16,-13,-15,-14,-14,-13,-13,-15,-14,-13,-15,-13,-15,-12,-15,-11,-16,-10,-16,-10,-17,-10,-14,-10,-15,-6,-17,-5,-15,-6,-15,0,0,0,0,0,0]"
CSI_DATA,3953677,1a:00:00:00:00:00,-58,11,-95,4,43,6,3953677,47,0,128,0,"[0,0,0,0,0,0,0,0,13,-14,13,-14,15,-13,17,-13,18,-12,18,-13,19,-12,19,-10,21,-9,20,-7,20,-9,20,-7,21,-9,21,-8,19,-10,20,-10,19,-8,21,-12,19,-10,20,-10,18,-11,18,-11,19,-11,19,-13,19,-13,19,-13,21,-13,19,-14,0,0,21,-13,22,-13,19,-12,21,-14,17,-12,18,-14,19,-12,18,-13,16,-13,16,-14,17,-15,16,-14,14,-15,13,-13,15,-15,14,-14,15,-15,14,-15,15,-15,15,-12,16,-13,16,-11,16,-12,16,-11,16,-10,17,-7,14,-6,15,-6,0,0,0,0,0,0]"
CSI_DATA,3959677,1a:00:00:00:00:00,-58,11,-95,4,43,6,3959677,47,0,128,0,"[0,0,0,0,0,0,0,0,13,-15,14,-13,16,-14,17,-14,18,-12,19,-10,21,-9,20,-9,22,-9,20,-6,22,-6,21,-4,22,-6,22,-5,21,-4,22,-6,20,-6,23,-7,20,-7,19,-6,21,-6,20,-5,21,-6,21,-6,22,-7,22,-8,23,-7,23,-7,0,0,24,-8,25,-8,24,-6,24,-5,21,-6,23,-5,21,-5,21,-5,20,-3,23,-5,21,-8,19,-6,21,-7,18,-6,20,-6,18,-6,19,-7,19,-6,20,-5,19,-4,19,-3,19,-2,19,-1,19,0,18,0,18,2,15,4,15,4,0,0,0,0,0,0]"
CSI_DATA,3961677,1a:00:00:00:00:00,-58,11,-95,4,43,6,3961677,47,0,128,0,"[0,0,0,0,0,0,0,0,-10,-18,-10,-16,-10,-18,-9,-18,-8,-21,-8,-22,-7,-22,-6,-21,-6,-22,-4,-21,-5,-22,-4,-20,-7,-22,-7,-19,-8,-20,-10,-20,-9,-18,-11,-18,-10,-18,-10,-18,-11,-19,-12,-18,-13,-17,-13,-19,-16,-17,-18,-17,-17,-18,-16,-17,0,0,-18,-16,-17,-18,-17,-16,-18,-16,-17,-14,-20,-14,-18,-13,-18,-12,-19,-10,-19,-9,-19,-8,-19,-8,-20,-8,-19,-7,-19,-5,-18,-5,-21,-5,-19,-5,-19,-4,-18,-5,-20,-5,-18,-7,-19,-6,-19,-7,-17,-7,-15,-6,-12,-7,-13,-7,0,0,0,0,0,0]"
CSI_DATA,3963677,1a:00:00:00:00:00,-58,11,-95,4,43,6,3963677,47,0,128,0,"[0,0,0,0,0,0,0,0,-2,19,-4,18,-4,20,-6,19,-9,19,-10,21,-10,20,-12,20,-12,20,-13,17,-13,18,-13,17,-12,17,-14,18,-12,18,-11,18,-11,18,-12,19,-11,18,-11,18,-11,19,-10,19,-10,19,-11,19,-11,20,-9,23,-10,22,-10,22,0,0,-11,23,-12,22,-10,22,-10,22,-10,20,-10,21,-10,20,-9,18,-9,20,-7,22,-7,21,-4,19,-6,20,-5,19,-6,20,-6,20,-7,20,-7,20,-7,20,-7,19,-8,19,-8,17,-7,18,-8,17,-10,16,-11,15,-10,11,-10,11,0,0,0,0,0,0]"
CSI_DATA,3979396,1a:00:00:00:00:00,-58,11,-95,4,43,6,3979396,47,0,128,0,"[0,0,0,0,0,0,0,0,-2,18,-3,18,-4,19,-5,20,-8,21,-9,21,-10,21,-11,19,-12,18,-14,15,-15,18,-13,16,-15,17,-16,17,-13,17,-14,16,-13,17,-13,18,-13,17,-14,16,-13,17,-13,18,-13,18,-14,17,-15,18,-14,19,-15,19,-16,19,0,0,-14,21,-16,20,-14,20,-15,17,-14,16,-16,19,-14,17,-14,16,-13,15,-15,17,-13,17,-12,18,-12,18,-11,16,-12,17,-13,16,-10,17,-12,16,-13,17,-15,15,-14,15,-14,13,-14,12,-15,13,-15,9,-15,9,-14,6,-14,5,0,0,0,0,0,0]"
CSI_DATA,3979539,1a:00:00:00:00:00,-58,11,-95,4,43,6,3979539,47,0,128,0,"[0,0,0,0,0,0,0,0,18,5,18,7,19,7,20,8,18,10,18,11,16,14,16,13,17,15,15,15,15,15,13,16,15,16,14,17,15,16,14,18,14,15,16,16,14,16,14,16,16,16,16,15,15,17,16,16,17,17,16,16,18,18,16,17,0,0,18,18,14,19,16,20,15,18,13,17,15,16,14,15,13,17,13,16,13,17,14,16,14,13,15,16,13,14,13,14,13,15,14,14,13,15,13,15,12,15,13,15,11,16,9,16,8,16,6,16,6,17,3,16,2,16,0,0,0,0,0,0]"
CSI_DATA,3985118,1a:00:00:00:00:00,-58,11,-95,4,43,6,3985118,47,0,128,0,"[0,0,0,0,0,0,0,0,9,-16,9,-16,10,-18,12,-16,15,-15,17,-15,18,-14,18,-12,19,-12,19,-10,20,-9,19,-9,20,-11,20,-10,19,-9,20,-9,19,-9,22,-10,19,-8,20,-9,19,-9,20,-8,20,-7,21,-9,22,-8,22,-10,22,-10,23,-5,0,0,21,-10,25,-6,21,-6,22,-6,21,-6,23,-6,20,-5,20,-4,21,-5,22,-8,21,-8,19,-6,20,-6,18,-5,21,-5,19,-5,19,-6,20,-5,21,-4,20,-2,20,-3,18,0,19,0,19,2,19,2,18,4,15,6,14,7,0,0,0,0,0,0]"
CSI_DATA,3991562,1a:00:00:00:00:00,-58,11,-95,4,43,6,3991562,47,0,128,0,"[0,0,0,0,0,0,0,0,-18,-3,-17,-5,-19,-6,-21,-6,-20,-8,-22,-7,-20,-8,-21,-9,-20,-9,-18,-10,-20,-9,-19,-9,-20,-11,-20,-10,-20,-9,-19,-8,-21,-8,-22,-5,-21,-6,-19,-5,-22,-4,-21,-3,-22,-3,-23,-2,-23,-2,-24,-1,-25,0,-22,-1,0,0,-27,3,-23,-2,-25,1,-23,2,-23,2,-23,3,-22,4,-21,4,-22,5,-20,7,-21,7,-19,7,-20,8,-17,8,-17,10,-18,10,-17,11,-18,10,-17,11,-17,9,-19,10,-17,8,-17,7,-17,7,-18,5,-17,4,-15,4,-16,2,0,0,0,0,0,0]"
CSI_DATA,3995975,1a:00:00:00:00:00,-58,11,-95,4,43,6,3995975,47,0,128,0,"[0,0,0,0,0,0,0,0,19,-3,19,-3,21,-4,21,-1,21,-1,23,-2,22,1,22,2,23,1,22,3,22,0,21,2,24,0,21,1,21,0,22,-3,22,-1,23,-6,21,-5,22,-5,21,-6,22,-6,22,-5,22,-9,22,-8,22,-10,23,-10,23,-11,0,0,24,-13,20,-14,20,-14,21,-14,19,-12,19,-14,17,-14,17,-12,15,-14,14,-17,14,-18,13,-16,12,-16,11,-16,11,-17,10,-17,10,-18,10,-18,10,-18,11,-18,11,-19,10,-17,10,-16,10,-16,10,-15,12,-14,12,-12,10,-12,0,0,0,0,0,0]"
CSI_DATA,3999966,1a:00:00:00:00:00,-58,11,-95,4,43,6,3999966,47,0,128,0,"[0,0,0,0,0,0,0,0,18,6,17,8,16,10,18,11,16,13,18,14,16,16,14,17,15,18,12,18,14,18,11,19,12,18,10,20,10,19,11,19,11,20,13,19,11,18,9,17,11,20,12,19,11,19,12,21,11,21,10,20,11,22,8,21,0,0,13,22,11,23,8,22,9,22,9,21,8,22,7,21,6,20,5,20,7,20,8,21,8,21,8,19,7,19,7,18,8,18,9,20,7,20,5,20,3,19,4,21,3,19,1,20,0,19,-3,19,-3,17,-4,15,-4,15,0,0,0,0,0,0]"
CSI_DATA,4011912,1a:00:00:00:00:00,-58,11,-95,4,43,6,4011912,47,0,128,0,"[0,0,0,0,0,0,0,0,-15,-11,-14,-13,-14,-14,-14,-15,-13,-16,-16,-18,-13,-18,-13,-17,-12,-19,-9,-18,-12,-18,-10,-19,-13,-19,-12,-20,-12,-17,-13,-18,-13,-17,-15,-16,-14,-16,-13,-16,-14,-16,-15,-17,-15,-15,-17,-16,-18,-14,-19,-14,-17,-16,-18,-16,0,0,-20,-15,-19,-15,-20,-14,-19,-14,-18,-15,-19,-14,-19,-13,-17,-11,-19,-9,-20,-7,-21,-7,-19,-7,-20,-9,-18,-7,-18,-6,-19,-5,-19,-6,-19,-6,-19,-7,-18,-6,-19,-6,-17,-8,-18,-7,-17,-8,-16,-9,-15,-8,-14,-9,-13,-9,0,0,0,0,0,0]"
CSI_DATA,4017677,1a:00:00:00:00:00,-58,11,-95,4,43,6,4017677,47,0,128,0,"[0,0,0,0,0,0,0,0,-1,-20,0,-18,3,-21,3,-20,3,-22,4,-23,6,-21,7,-20,7,-21,8,-20,8,-21,8,-19,11,-20,11,-20,10,-19,8,-19,7,-19,7,-22,7,-19,6,-18,5,-21,4,-22,4,-21,4,-22,5,-22,6,-23,5,-24,7,-23,0,0,5,-24,5,-25,6,-24,5,-24,4,-22,2,-24,2,-22,2,-21,1,-20,1,-23,2,-23,0,-20,0,-21,-1,-20,-1,-20,-1,-21,-1,-22,0,-21,-2,-20,0,-19,0,-21,0,-19,1,-19,4,-18,6,-16,6,-18,6,-14,6,-15,0,0,0,0,0,0]"
CSI_DATA,4021677,1a:00:00:00:00:00,-58,11,-95,4,43,6,4021677,47,0,128,0,"[0,0,0,0,0,0,0,0,9,16,9,17,9,19,9,20,7,21,8,22,7,21,5,20,6,21,3,21,6,21,3,22,5,22,5,23,5,21,6,21,5,21,8,21,8,20,7,20,9,21,10,20,11,20,11,20,12,20,11,21,12,22,13,21,0,0,14,18,14,23,13,21,15,19,13,18,15,17,14,17,14,15,14,15,16,13,16,14,16,14,16,14,18,12,16,10,18,11,17,11,17,11,18,11,17,10,17,11,15,11,15,13,13,14,12,14,13,13,9,12,9,14,0,0,0,0,0,0]"
CSI_DATA,4027677,1a:00:00:00:00:00,-58,11,-95,4,43,6,4027677,47,0,128,0,"[0,0,0,0,0,0,0,0,14,15,10,16,12,16,11,18,10,19,10,21,9,21,8,21,8,20,6,20,7,21,4,22,5,21,6,21,7,22,7,21,7,20,7,20,8,19,8,20,9,20,9,20,10,20,9,20,10,22,11,23,10,23,11,21,0,0,12,22,11,22,11,23,12,22,9,19,11,21,13,18,12,19,12,18,11,16,12,18,13,17,12,17,13,15,13,15,13,15,15,16,13,15,12,16,12,15,13,16,11,16,10,17,9,17,7,17,7,17,4,16,4,16,0,0,0,0,0,0]"
CSI_DATA,4031677,1a:00:00:00:00:00,-58,11,-95,4,43,6,4031677,47,0,128,0,"[0,0,0,0,0,0,0,0,-16,-8,-16,-9,-18,-10,-17,-12,-18,-14,-19,-14,-17,-15,-17,-15,-16,-16,-14,-16,-15,-16,-14,-16,-16,-15,-16,-17,-15,-16,-16,-14,-17,-14,-17,-13,-18,-13,-16,-13,-17,-14,-18,-10,-19,-11,-19,-11,-21,-10,-21,-11,-22,-12,-20,-10,0,0,-24,-11,-22,-11,-23,-10,-21,-9,-20,-9,-23,-9,-19,-7,-19,-7,-21,-7,-21,-4,-21,-5,-20,-5,-21,-3,-19,-1,-19,-1,-21,-2,-20,-1,-21,-3,-21,-1,-19,-2,-21,-2,-19,-3,-18,-3,-18,-4,-17,-6,-18,-6,-14,-5,-13,-7,0,0,0,0,0,0]"
CSI_DATA,4037677,1a:00:00:00:00:00,-58,11,-95,4,43,6,4037677,47,0,128,0,"[0,0,0,0,0,0,0,0,-17,-7,-18,-8,-18,-10,-19,-10,-18,-13,-18,-14,-18,-14,-17,-14,-16,-16,-14,-16,-15,-15,-14,-16,-14,-17,-14,-16,-14,-16,-15,-16,-15,-15,-17,-15,-16,-14,-14,-13,-16,-15,-17,-15,-16,-13,-17,-15,-18,-14,-18,-13,-19,-16,-20,-15,0,0,-20,-16,-18,-17,-18,-15,-19,-14,-17,-14,-20,-14,-17,-14,-17,-13,-18,-12,-19,-12,-18,-10,-19,-10,-18,-12,-18,-10,-19,-9,-18,-9,-19,-8,-18,-10,-19,-7,-16,-11,-19,-11,-17,-10,-15,-12,-14,-12,-14,-13,-12,-13,-9,-12,-10,-13,0,0,0,0,0,0]"
CSI_DATA,4041677,1a:00:00:00:00:00,-58,11,-95,4,43,6,4041677,47,0,128,0,"[0,0,0,0,0,0,0,0,19,-2,19,-2,21,-1,21,-1,22,2,23,1,22,2,22,4,23,2,21,6,22,5,19,6,21,4,22,6,21,4,21,4,22,4,24,1,22,1,20,0,22,-1,22,0,21,0,23,-2,24,-2,24,-2,25,-3,23,-2,0,0,24,-3,25,-3,24,-4,23,-5,23,-4,22,-4,21,-5,20,-4,21,-8,20,-8,21,-8,19,-8,18,-9,17,-7,19,-9,19,-10,17,-9,20,-10,18,-9,17,-8,18,-9,18,-9,18,-7,18,-6,19,-5,18,-4,15,-1,15,-1,0,0,0,0,0,0]"
CSI_DATA,4043677,1a:00:00:00:00:00,-58,11,-95,4,43,6,4043677,47,0,128,0,"[0,0,0,0,0,0,0,0,-18,-6,-17,-7,-17,-8,-18,-12,-18,-10,-19,-12,-16,-15,-16,-15,-15,-16,-14,-15,-14,-17,-13,-18,-13,-17,-14,-18,-13,-18,-14,-18,-13,-17,-14,-17,-14,-16,-13,-16,-14,-17,-15,-18,-14,-17,-15,-16,-14,-17,-15,-20,-17,-19,-13,-18,0,0,-18,-21,-15,-20,-16,-20,-14,-18,-12,-19,-15,-19,-11,-18,-11,-17,-13,-18,-15,-18,-14,-16,-14,-16,-14,-17,-13,-14,-14,-14,-13,-15,-13,-16,-13,-16,-12,-16,-11,-16,-11,-17,-9,-17,-8,-17,-7,-18,-6,-17,-4,-17,-2,-15,-1,-16,0,0,0,0,0,0]"
CSI_DATA,4047677,1a:00:00:00:00:00,-58,11,-95,4,43,6,4047677,47,0,128,0,"[0,0,0,0,0,0,0,0,20,-4,18,-4,21,-3,21,-4,21,-1,23,-1,23,1,22,2,23,3,20,4,23,4,21,6,22,3,22,5,21,4,22,4,22,4,23,1,21,1,21,2,22,2,23,2,21,2,23,1,24,2,22,0,24,2,24,2,0,0,25,0,27,1,24,0,25,1,23,2,23,2,20,1,21,1,21,0,21,-2,22,-2,19,-2,20,-2,20,-2,21,-4,21,-4,20,-4,21,-2,21,-3,20,-1,20,-1,20,0,18,2,19,2,18,3,18,4,15,5,15,5,0,0,0,0,0,0]"
CSI_DATA,4049677,1a:00:00:00:00:00,-58,11,-95,4,43,6,4049677,47,0,128,0,"[0,0,0,0,0,0,0,0,-20,-6,-17,-6,-17,-9,-19,-10,-17,-12,-19,-14,-17,-15,-16,-16,-15,-17,-13,-16,-13,-17,-11,-18,-11,-18,-10,-20,-11,-20,-11,-18,-10,-18,-12,-19,-11,-18,-9,-18,-10,-19,-11,-19,-11,-20,-11,-20,-10,-22,-10,-21,-11,-22,-8,-22,0,0,-11,-23,-10,-24,-10,-24,-7,-22,-7,-22,-7,-22,-6,-21,-5,-20,-7,-19,-7,-21,-6,-21,-6,-19,-6,-20,-6,-21,-5,-19,-6,-20,-6,-19,-4,-21,-4,-20,-3,-19,-2,-21,0,-19,2,-19,2,-19,3,-17,5,-17,6,-14,8,-13,0,0,0,0,0,0]"
CSI_DATA,4051677,1a:00:00:00:00:00,-58,11,-95,4,43,6,4051677,47,0,128,0,"[0,0,0,0,0,0,0,0,-12,15,-12,13,-16,15,-16,15,-16,13,-18,13,-19,13,-19,10,-20,11,-19,10,-20,11,-19,9,-21,10,-20,10,-19,11,-19,13,-18,12,-18,14,-17,12,-18,12,-17,13,-17,15,-16,15,-17,16,-18,16,-15,17,-17,17,-17,16,0,0,-16,19,-18,18,-15,17,-17,18,-15,16,-15,18,-14,16,-14,16,-13,16,-14,18,-11,19,-9,17,-10,19,-8,18,-8,20,-9,19,-8,19,-8,19,-9,19,-9,17,-11,19,-11,16,-9,15,-11,15,-13,16,-12,14,-11,11,-11,10,0,0,0,0,0,0]"
CSI_DATA,4061677,1a:00:00:00:00:00,-58,11,-95,4,43,6,4061677,47,0,128,0,"[0,0,0,0,0,0,0,0,-3,-19,-2,-19,-1,-20,0,-21,1,-22,1,-23,2,-23,5,-20,5,-22,7,-20,6,-22,6,-21,5,-23,6,-21,4,-21,4,-21,4,-21,1,-23,1,-21,2,-21,-1,-22,1,-20,1,-23,0,-23,0,-23,-2,-23,-2,-23,-1,-23,0,0,0,-25,-1,-24,-4,-24,-3,-24,-2,-23,-2,-22,-4,-22,-2,-21,-3,-20,-5,-22,-5,-22,-7,-19,-9,-20,-8,-18,-6,-20,-7,-19,-7,-20,-6,-19,-8,-19,-5,-20,-6,-20,-7,-19,-4,-18,-4,-17,-2,-18,0,-18,0,-15,0,-14,0,0,0,0,0,0]"
CSI_DATA,4073677,1a:00:00:00:00:00,-58,11,-95,4,43,6,4073677,47,0,128,0,"[0,0,0,0,0,0,0,0,-5,-19,-3,-19,-3,-20,-1,-20,1,-21,0,-22,3,-22,4,-21,5,-21,7,-19,7,-20,7,-20,8,-21,10,-21,7,-19,8,-21,8,-20,7,-22,7,-20,8,-20,7,-20,8,-20,7,-20,8,-21,10,-21,8,-21,9,-22,11,-20,0,0,11,-21,11,-24,9,-20,11,-23,11,-18,11,-20,11,-18,11,-18,9,-17,10,-18,9,-19,9,-19,8,-20,9,-18,8,-18,9,-18,7,-18,10,-18,10,-18,12,-16,12,-16,12,-15,13,-15,12,-15,14,-12,14,-11,13,-8,14,-7,0,0,0,0,0,0]"
CSI_DATA,4077677,1a:00:00:00:00:00,-58,11,-95,4,43,6,4077677,47,0,128,0,"[0,0,0,0,0,0,0,0,13,13,13,14,13,15,13,17,12,17,13,19,10,20,9,19,9,22,6,20,7,19,6,21,6,20,5,21,7,20,8,20,7,20,9,21,8,19,8,20,8,21,9,20,8,20,10,20,8,21,10,23,11,23,8,21,0,0,8,25,10,21,9,21,8,22,9,20,8,22,8,20,8,20,7,20,9,20,9,20,10,17,10,17,10,16,9,17,10,17,10,18,8,16,10,18,8,18,6,19,7,18,6,18,5,19,3,17,2,18,1,15,0,16,0,0,0,0,0,0]"
CSI_DATA,4083677,1a:00:00:00:00:00,-58,11,-95,4,43,6,4083677,47,0,128,0,"[0,0,0,0,0,0,0,0,15,12,13,12,13,14,13,16,11,17,12,19,10,19,8,20,7,21,4,21,5,21,6,20,4,21,5,22,5,21,6,21,4,19,5,21,4,20,3,21,5,21,5,21,4,22,5,21,3,22,6,23,4,24,3,23,0,0,5,24,2,25,3,24,1,24,1,22,1,24,1,21,1,21,1,21,2,22,2,22,3,20,4,21,3,18,1,20,3,19,2,19,2,20,2,21,-1,19,-1,21,-1,19,-2,19,-4,18,-6,17,-6,17,-8,14,-8,13,0,0,0,0,0,0]"
CSI_DATA,4087677,1a:00:00:00:00:00,-58,11,-95,4,43,6,4087677,47,0,128,0,"[0,0,0,0,0,0,0,0,-20,-1,-18,-4,-20,-4,-20,-5,-21,-6,-21,-8,-20,-8,-19,-9,-18,-11,-17,-13,-18,-12,-17,-13,-19,-13,-18,-13,-18,-13,-19,-11,-16,-12,-19,-11,-18,-10,-17,-12,-19,-12,-19,-12,-17,-12,-20,-12,-20,-12,-21,-11,-22,-12,-20,-12,0,0,-23,-14,-20,-13,-19,-12,-21,-13,-19,-13,-19,-12,-18,-11,-18,-12,-17,-10,-18,-8,-18,-8,-19,-9,-18,-10,-18,-7,-18,-7,-18,-8,-20,-8,-17,-7,-18,-9,-15,-11,-17,-9,-17,-10,-14,-11,-14,-11,-14,-13,-11,-11,-8,-13,-7,-11,0,0,0,0,0,0]"
CSI_DATA,4095980,1a:00:00:00:00:00,-58,11,-95,4,43,6,4095980,47,0,128,0,"[0,0,0,0,0,0,0,0,17,8,15,10,19,10,17,11,17,13,19,14,17,14,16,14,17,15,15,16,17,15,14,17,15,16,16,17,16,15,17,15,17,14,19,13,17,12,17,12,18,12,18,12,20,13,21,11,20,11,21,12,22,13,22,11,0,0,23,12,23,11,22,11,24,10,22,9,21,9,22,8,20,8,20,5,21,5,22,5,20,4,20,4,20,3,20,2,21,2,21,0,21,3,21,1,21,2,22,2,19,4,18,5,18,5,18,5,18,6,14,8,15,8,0,0,0,0,0,0]"
CSI_DATA,4100320,1a:00:00:00:00:00,-58,11,-95,4,43,6,4100320,47,0,128,0,"[0,0,0,0,0,0,0,0,-10,-17,-8,-16,-9,-18,-9,-20,-8,-22,-9,-22,-7,-22,-6,-20,-5,-21,-3,-21,-5,-22,-3,-22,-6,-21,-5,-22,-6,-21,-7,-20,-5,-20,-10,-20,-11,-19,-9,-18,-11,-19,-12,-19,-12,-19,-13,-19,-13,-20,-14,-19,-15,-19,-13,-19,0,0,-17,-20,-16,-20,-16,-18,-17,-18,-16,-17,-17,-17,-16,-16,-15,-15,-15,-14,-18,-15,-17,-11,-18,-11,-19,-11,-18,-9,-17,-8,-17,-8,-19,-8,-19,-8,-18,-8,-18,-9,-18,-9,-17,-11,-16,-11,-16,-10,-16,-9,-15,-10,-12,-11,-12,-10,0,0,0,0,0,0]"
CSI_DATA,4100460,1a:00:00:00:00:00,-58,11,-95,4,43,6,4100460,47,0,128,0,"[0,0,0,0,0,0,0,0,-12,16,-13,13,-14,14,-15,14,-16,14,-17,15,-18,14,-17,12,-19,13,-18,10,-19,14,-18,12,-19,12,-19,13,-18,12,-16,13,-15,13,-18,16,-15,14,-15,15,-13,15,-14,17,-12,17,-13,17,-15,21,-14,20,-13,21,-13,19,0,0,-13,22,-14,23,-11,20,-12,22,-8,19,-10,22,-10,20,-8,19,-9,20,-9,23,-7,22,-4,20,-5,20,-2,19,-4,20,-3,18,-3,21,-3,20,-3,20,-3,19,-3,21,-4,19,-3,19,-5,19,-6,16,-6,15,-6,14,-7,14,0,0,0,0,0,0]"
CSI_DATA,4104362,1a:00:00:00:00:00,-58,11,-95,4,43,6,4104362,47,0,128,0,"[0,0,0,0,0,0,0,0,-18,-9,-16,-8,-18,-11,-18,-11,-18,-12,-20,-12,-19,-13,-18,-13,-18,-14,-16,-15,-19,-14,-16,-14,-18,-14,-19,-13,-18,-12,-19,-10,-19,-10,-20,-9,-21,-8,-20,-7,-20,-8,-22,-7,-21,-6,-22,-5,-23,-4,-23,-4,-25,-3,-24,-3,0,0,-24,-1,-24,0,-25,1,-25,1,-22,0,-24,2,-22,1,-21,2,-18,5,-21,5,-22,7,-19,7,-19,9,-18,8,-18,11,-18,10,-17,11,-17,12,-17,12,-18,10,-17,12,-18,11,-18,10,-16,9,-18,8,-16,8,-15,6,-14,5,0,0,0,0,0,0]"
CSI_DATA,4108220,1a:00:00:00:00:00,-58,11,-95,4,43,6,4108220,47,0,128,0,"[0,0,0,0,0,0,0,0,19,0,19,3,21,3,20,5,21,7,22,7,22,9,20,10,20,11,17,13,19,12,17,15,18,14,17,15,17,13,19,13,17,14,20,13,17,11,17,13,18,14,18,14,17,14,18,15,18,16,18,16,19,15,18,17,0,0,20,17,18,18,18,16,19,17,16,15,18,17,16,17,13,15,15,15,16,13,17,14,15,15,15,14,14,13,16,13,17,12,17,14,15,14,14,15,14,16,13,16,12,17,10,16,9,17,8,17,8,17,3,15,3,15,0,0,0,0,0,0]"
CSI_DATA,4108360,1a:00:00:00:00:00,-58,11,-95,4,43,6,4108360,47,0,128,0,"[0,0,0,0,0,0,0,0,-1,-20,1,-18,1,-20,3,-20,6,-21,6,-22,8,-20,9,-20,10,-21,11,-18,12,-19,11,-17,13,-18,12,-18,12,-17,12,-17,11,-17,13,-19,11,-17,13,-18,12,-17,13,-18,11,-18,13,-18,14,-20,13,-19,16,-19,15,-20,0,0,15,-20,16,-18,16,-18,17,-18,15,-15,15,-18,15,-17,15,-15,13,-15,15,-16,15,-16,13,-16,14,-16,11,-15,14,-16,14,-15,14,-16,15,-15,14,-15,15,-13,16,-14,16,-10,16,-12,17,-9,18,-7,16,-6,16,-3,15,-3,0,0,0,0,0,0]"
CSI_DATA,4108505,1a:00:00:00:00:00,-58,11,-95,4,43,6,4108505,47,0,128,0,"[0,0,0,0,0,0,0,0,-19,-1,-18,-3,-18,-5,-20,-7,-19,-9,-21,-9,-19,-11,-18,-11,-18,-13,-16,-14,-17,-14,-13,-16,-15,-14,-14,-16,-14,-16,-15,-16,-16,-16,-16,-14,-15,-16,-14,-14,-16,-17,-15,-15,-15,-15,-16,-17,-16,-17,-16,-16,-17,-19,-18,-18,0,0,-16,-20,-15,-19,-15,-19,-15,-18,-12,-18,-15,-19,-13,-18,-12,-18,-13,-18,-15,-16,-12,-18,-12,-17,-13,-18,-13,-16,-12,-15,-12,-17,-12,-16,-11,-17,-12,-17,-9,-17,-10,-18,-8,-18,-7,-18,-4,-18,-4,-16,-2,-17,0,-15,1,-17,0,0,0,0,0,0]"
CSI_DATA,4113677,1a:00:00:00:00:00,-58,11,-95,4,43,6,4113677,47,0,128,0,"[0,0,0,0,0,0,0,0,-7,18,-7,17,-11,18,-12,17,-14,17,-15,17,-17,14,-17,15,-19,14,-19,11,-18,11,-19,10,-20,11,-20,11,-19,10,-19,11,-19,8,-21,10,-20,9,-20,9,-20,9,-20,9,-20,10,-20,8,-22,11,-22,10,-21,10,-23,9,0,0,-24,9,-25,6,-22,7,-23,5,-20,6,-23,5,-21,5,-19,4,-21,6,-20,8,-21,7,-19,6,-20,6,-19,5,-21,5,-19,6,-20,6,-20,4,-21,4,-20,1,-20,1,-19,-1,-19,0,-19,-1,-18,-5,-16,-6,-14,-6,-14,-7,0,0,0,0,0,0]"
CSI_DATA,4123677,1a:00:00:00:00:00,-58,11,-95,4,43,6,4123677,47,0,128,0,"[0,0,0,0,0,0,0,0,-7,-18,-4,-18,-3,-20,-1,-22,1,-23,0,-23,4,-23,6,-22,8,-21,8,-21,9,-20,9,-20,10,-21,9,-20,9,-20,9,-20,9,-19,11,-21,9,-18,10,-19,10,-19,10,-20,10,-20,11,-18,13,-23,11,-22,10,-22,12,-22,0,0,16,-22,14,-20,13,-19,16,-19,13,-17,15,-19,15,-17,14,-17,15,-15,14,-18,14,-17,12,-18,12,-18,11,-16,13,-14,14,-16,13,-16,14,-14,16,-17,16,-14,16,-13,16,-10,17,-11,16,-10,18,-7,16,-6,17,-3,15,-2,0,0,0,0,0,0]"
CSI_DATA,4127786,1a:00:00:00:00:00,-58,11,-95,4,43,6,4127786,47,0,128,0,"[0,0,0,0,0,0,0,0,-16,9,-17,7,-19,8,-20,6,-20,5,-23,3,-22,2,-21,1,-23,0,-21,-3,-22,-2,-21,-3,-23,-2,-22,-4,-21,-3,-22,-3,-21,-2,-22,-1,-21,-2,-21,-2,-21,-2,-23,-2,-22,-2,-23,-3,-24,-2,-23,-1,-24,-3,-24,-3,0,0,-26,-1,-25,-3,-24,-3,-24,-5,-21,-6,-24,-5,-22,-5,-20,-5,-22,-5,-24,-4,-22,-2,-20,-3,-22,-4,-19,-2,-21,-1,-21,-2,-20,-2,-21,-3,-20,-3,-19,-5,-20,-6,-18,-6,-18,-8,-18,-8,-16,-9,-15,-11,-12,-10,-12,-10,0,0,0,0,0,0]"
CSI_DATA,4133677,1a:00:00:00:00:00,-58,11,-95,4,43,6,4133677,47,0,128,0,"[0,0,0,0,0,0,0,0,-10,17,-11,15,-12,17,-12,16,-13,17,-15,19,-14,17,-14,16,-14,17,-15,15,-15,17,-15,16,-15,18,-15,17,-12,18,-11,19,-11,18,-11,20,-11,17,-8,18,-9,21,-5,21,-5,22,-5,23,-5,25,-4,23,-2,26,-1,24,0,0,-1,27,-1,24,0,24,0,25,1,22,3,23,2,21,5,22,6,21,8,20,7,19,9,18,9,17,11,17,9,18,11,17,13,18,11,17,12,16,12,16,13,17,10,13,12,16,11,17,10,16,9,15,6,15,6,14,0,0,0,0,0,0]"
CSI_DATA,4142594,1a:00:00:00:00:00,-58,11,-95,4,43,6,4142594,47,0,128,0,"[0,0,0,0,0,0,0,0,9,18,8,17,7,19,5,20,3,22,4,22,1,22,0,21,-1,23,-4,21,-3,23,-4,21,-4,22,-3,22,-3,22,-2,22,-4,21,-2,23,-4,21,-4,20,-3,22,-3,23,-4,23,-2,23,-3,24,-2,25,-4,25,-5,23,0,0,-6,25,-8,24,-6,24,-7,24,-5,21,-6,25,-5,21,-5,20,-6,20,-5,21,-5,21,-3,21,-3,22,-3,20,-4,20,-4,20,-3,22,-5,20,-5,21,-7,20,-6,19,-7,18,-7,17,-9,17,-9,16,-11,13,-11,11,-10,12,0,0,0,0,0,0]"
CSI_DATA,4144941,1a:00:00:00:00:00,-58,11,-95,4,43,6,4144941,47,0,128,0,"[0,0,0,0,0,0,0,0,-2,18,-4,19,-5,19,-6,21,-6,21,-8,21,-8,21,-9,20,-9,21,-10,20,-10,20,-10,18,-13,19,-9,20,-9,21,-8,21,-7,21,-7,22,-6,21,-5,20,-6,21,-3,23,-3,22,-2,22,-4,24,-3,25,-1,26,-2,25,0,0,0,27,-1,24,0,23,0,27,1,22,1,24,2,22,4,23,4,21,6,21,5,21,6,20,6,20,7,19,6,19,7,19,8,19,7,20,8,19,7,19,8,21,7,18,5,19,4,19,3,18,4,17,2,16,0,16,0,0,0,0,0,0]"
CSI_DATA,4149678,1a:00:00:00:00:00,-58,11,-95,4,43,6,4149678,47,0,128,0,"[0,0,0,0,0,0,0,0,-3,-19,-1,-18,0,-19,-1,-22,0,-21,0,-23,2,-22,2,-23,2,-22,3,-21,2,-21,3,-21,4,-21,4,-22,2,-22,1,-22,1,-22,-1,-22,-2,-23,-1,-20,-3,-22,-4,-22,-5,-22,-5,-23,-5,-24,-5,-22,-6,-22,-5,-22,0,0,-10,-23,-9,-22,-9,-24,-9,-21,-9,-21,-12,-20,-10,-20,-9,-19,-10,-18,-12,-20,-12,-19,-11,-18,-12,-17,-14,-16,-12,-15,-13,-16,-15,-13,-14,-15,-16,-14,-13,-15,-14,-14,-14,-15,-13,-15,-12,-15,-10,-15,-8,-15,-6,-14,-6,-15,0,0,0,0,0,0]"
CSI_DATA,4155678,1a:00:00:00:00:00,-58,11,-95,4,43,6,4155678,47,0,128,0,"[0,0,0,0,0,0,0,0,-3,-19,-2,-18,0,-20,-1,-21,2,-21,2,-24,3,-21,5,-21,4,-23,5,-20,4,-22,6,-21,6,-22,7,-23,5,-22,4,-21,4,-21,4,-22,2,-22,2,-20,1,-23,0,-22,1,-22,0,-22,0,-23,-1,-24,-1,-24,0,-23,0,0,0,-27,1,-25,1,-24,-1,-23,-2,-22,-2,-24,-2,-22,-2,-21,-2,-22,-4,-24,-6,-21,-5,-19,-5,-20,-5,-19,-5,-19,-5,-19,-7,-19,-5,-20,-6,-20,-6,-19,-5,-20,-5,-19,-3,-20,-1,-19,0,-18,1,-18,1,-15,2,-17,0,0,0,0,0,0]"
CSI_DATA,4161920,1a:00:00:00:00:00,-58,11,-95,4,43,6,4161920,47,0,128,0,"[0,0,0,0,0,0,0,0,-10,-17,-8,-17,-7,-17,-7,-20,-6,-22,-6,-22,-3,-22,-2,-20,0,-23,2,-21,0,-21,2,-22,1,-22,2,-23,0,-22,1,-23,1,-20,0,-24,-1,-21,0,-20,1,-21,-1,-22,-1,-23,-1,-22,0,-23,-1,-23,-1,-24,1,-23,0,0,0,-26,-1,-26,0,-24,2,-25,1,-24,0,-25,2,-21,1,-22,1,-20,0,-22,-2,-22,-1,-21,-3,-22,-2,-20,-1,-21,-2,-20,-3,-21,-1,-21,-1,-21,1,-20,2,-21,2,-19,4,-19,3,-20,7,-18,6,-16,6,-15,7,-14,0,0,0,0,0,0]"
CSI_DATA,4165678,1a:00:00:00:00:00,-58,11,-95,4,43,6,4165678,47,0,128,0,"[0,0,0,0,0,0,0,0,14,15,12,15,12,17,13,17,11,19,13,21,9,21,7,22,9,22,7,20,7,20,6,21,7,21,6,21,6,21,9,21,7,20,10,19,8,20,8,19,10,22,11,19,10,19,12,19,11,21,11,21,14,21,11,19,0,0,13,23,11,23,13,22,12,19,12,20,13,20,12,17,13,18,12,17,14,16,14,17,13,17,15,16,14,15,14,14,15,14,16,14,16,15,15,14,15,15,15,15,12,14,12,15,11,16,9,15,9,16,5,15,5,15,0,0,0,0,0,0]"
CSI_DATA,4167678,1a:00:00:00:00:00,-58,11,-95,4,43,6,4167678,47,0,128,0,"[0,0,0,0,0,0,0,0,-7,-18,-5,-17,-3,-21,-1,-22,-1,-20,-1,-23,1,-22,3,-23,4,-23,7,-20,7,-21,6,-19,9,-21,10,-21,7,-20,7,-20,8,-20,7,-22,7,-21,8,-20,7,-20,8,-21,7,-20,7,-22,9,-21,7,-22,10,-23,10,-23,0,0,8,-23,11,-24,12,-23,12,-22,11,-18,11,-21,11,-20,10,-19,10,-20,10,-21,9,-20,9,-18,9,-19,9,-18,9,-19,9,-19,9,-18,11,-18,11,-17,11,-17,12,-17,11,-15,13,-14,14,-12,15,-11,15,-10,14,-8,14,-6,0,0,0,0,0,0]"
CSI_DATA,4175678,1a:00:00:00:00:00,-58,11,-95,4,43,6,4175678,47,0,128,0,"[0,0,0,0,0,0,0,0,-19,-4,-17,-5,-19,-6,-19,-8,-20,-9,-22,-10,-18,-11,-19,-12,-19,-13,-17,-15,-19,-13,-16,-14,-18,-13,-18,-15,-17,-13,-19,-12,-17,-13,-20,-12,-19,-11,-17,-10,-20,-11,-18,-11,-19,-10,-20,-10,-21,-11,-22,-10,-22,-11,-21,-10,0,0,-24,-11,-23,-10,-23,-10,-23,-8,-20,-10,-22,-10,-22,-8,-20,-8,-22,-8,-21,-7,-22,-6,-19,-5,-19,-4,-20,-3,-19,-3,-21,-3,-21,-2,-20,-3,-20,-3,-20,-4,-20,-6,-19,-5,-18,-8,-17,-8,-17,-9,-16,-9,-12,-9,-13,-8,0,0,0,0,0,0]"
CSI_DATA,4181678,1a:00:00:00:00:00,-58,11,-95,4,43,6,4181678,47,0,128,0,"[0,0,0,0,0,0,0,0,-19,0,-19,-2,-20,-1,-21,-6,-21,-5,-22,-7,-20,-9,-19,-10,-21,-12,-17,-11,-19,-11,-17,-14,-18,-13,-18,-15,-17,-14,-18,-12,-16,-12,-20,-11,-19,-11,-17,-10,-18,-12,-20,-12,-19,-11,-19,-13,-20,-12,-20,-11,-20,-13,-20,-14,0,0,-22,-12,-21,-14,-22,-14,-20,-13,-18,-12,-20,-13,-19,-13,-17,-13,-18,-11,-22,-10,-19,-10,-17,-10,-18,-10,-16,-9,-19,-9,-18,-8,-18,-10,-18,-9,-17,-10,-16,-11,-18,-12,-14,-11,-14,-14,-13,-14,-12,-14,-10,-14,-7,-13,-7,-14,0,0,0,0,0,0]"
CSI_DATA,4185678,1a:00:00:00:00:00,-58,11,-95,4,43,6,4185678,47,0,128,0,"[0,0,0,0,0,0,0,0,14,-12,15,-11,18,-11,18,-11,20,-10,20,-11,20,-9,20,-7,22,-6,22,-4,21,-6,22,-5,21,-6,23,-5,21,-5,20,-8,21,-7,23,-9,19,-7,20,-8,20,-8,21,-9,20,-10,21,-10,23,-9,21,-10,22,-9,23,-8,0,0,22,-10,24,-12,20,-10,22,-12,21,-10,20,-10,19,-10,20,-8,17,-10,18,-13,18,-12,17,-12,17,-11,15,-11,17,-14,15,-13,16,-14,16,-13,17,-13,17,-10,17,-11,17,-11,18,-9,16,-8,17,-8,18,-6,15,-4,15,-2,0,0,0,0,0,0]"
CSI_DATA,4191678,1a:00:00:00:00:00,-58,11,-95,4,43,6,4191678,47,0,128,0,"[0,0,0,0,0,0,0,0,18,-9,17,-7,19,-7,20,-7,21,-4,22,-5,23,-2,22,-1,22,0,22,2,22,0,21,3,23,3,23,3,21,3,22,3,21,2,23,1,22,0,21,1,21,1,22,2,22,2,23,1,23,0,24,1,25,2,26,2,0,0,26,0,25,3,24,2,26,3,22,2,24,2,22,2,21,3,21,1,21,1,22,0,20,1,21,1,20,0,21,-1,20,0,20,0,20,1,21,0,20,3,21,2,19,5,19,5,18,6,18,6,16,8,13,8,13,9,0,0,0,0,0,0]"
CSI_DATA,4195678,1a:00:00:00:00:00,-58,11,-95,4,43,6,4195678,47,0,128,0,"[0,0,0,0,0,0,0,0,-3,19,-4,19,-5,19,-7,20,-7,20,-8,21,-10,20,-11,18,-14,19,-13,17,-12,20,-14,16,-14,18,-13,17,-11,18,-12,19,-12,18,-11,20,-9,19,-10,18,-9,19,-11,19,-10,18,-9,21,-13,22,-11,22,-11,22,-12,21,0,0,-11,23,-10,22,-11,22,-10,24,-9,20,-9,21,-10,20,-10,19,-9,20,-9,21,-6,21,-6,21,-6,21,-4,19,-5,20,-3,20,-4,22,-5,20,-6,21,-8,19,-7,19,-6,18,-8,18,-8,17,-10,17,-11,14,-10,12,-10,12,0,0,0,0,0,0]"
CSI_DATA,4201678,1a:00:00:00:00:00,-58,11,-95,4,43,6,4201678,47,0,128,0,"[0,0,0,0,0,0,0,0,0,19,-1,19,-1,21,-2,21,-4,22,-4,21,-7,22,-8,20,-9,20,-12,18,-9,21,-11,17,-11,19,-12,19,-10,19,-11,19,-11,19,-11,22,-9,20,-11,19,-10,20,-9,19,-10,21,-9,20,-12,20,-11,21,-10,21,-13,22,0,0,-13,23,-13,22,-11,21,-11,21,-12,19,-13,21,-12,18,-11,18,-12,19,-12,21,-10,21,-10,16,-10,19,-9,17,-8,19,-7,18,-9,19,-10,18,-11,18,-12,17,-12,17,-13,15,-13,15,-14,14,-16,11,-14,10,-14,9,-13,7,0,0,0,0,0,0]"
CSI_DATA,4205678,1a:00:00:00:00:00,-58,11,-95,4,43,6,4205678,47,0,128,0,"[0,0,0,0,0,0,0,0,-9,-17,-6,-17,-7,-19,-6,-20,-6,-20,-7,-23,-5,-22,-2,-22,-1,-23,2,-21,0,-23,1,-21,0,-22,2,-22,1,-23,0,-22,1,-21,-2,-23,-2,-21,-3,-21,-3,-22,-2,-24,-2,-21,-2,-23,-3,-23,-4,-24,-4,-25,0,-23,0,0,-3,-24,-4,-25,-4,-22,-3,-24,-4,-22,-3,-24,-5,-21,-3,-21,-3,-20,-4,-20,-6,-21,-5,-19,-7,-20,-6,-19,-7,-18,-7,-18,-7,-20,-6,-20,-6,-20,-4,-19,-3,-19,-4,-18,-2,-19,-3,-19,0,-18,1,-19,1,-16,3,-16,0,0,0,0,0,0]"
CSI_DATA,4211678,1a:00:00:00:00:00,-58,11,-95,4,43,6,4211678,47,0,128,0,"[0,0,0,0,0,0,0,0,-10,-16,-8,-16,-8,-19,-7,-20,-7,-21,-7,-22,-4,-22,-2,-23,0,-23,2,-22,0,-22,1,-21,2,-22,3,-22,1,-21,0,-23,2,-20,0,-23,1,-21,1,-21,1,-22,0,-22,1,-22,-1,-22,2,-24,-1,-24,0,-25,2,-22,0,0,2,-24,2,-23,1,-25,3,-25,3,-22,2,-24,1,-22,3,-21,3,-20,2,-21,2,-21,1,-20,2,-21,1,-20,1,-21,1,-20,0,-21,3,-20,4,-21,5,-19,5,-19,6,-18,6,-19,7,-19,8,-16,10,-15,9,-13,10,-13,0,0,0,0,0,0]"
CSI_DATA,4215931,1a:00:00:00:00:00,-58,11,-95,4,43,6,4215931,47,0,128,0,"[0,0,0,0,0,0,0,0,7,18,5,19,3,20,4,23,2,22,2,24,0,22,-3,23,-2,23,-5,22,-3,22,-5,21,-5,21,-6,22,-4,21,-4,22,-3,21,-3,22,-2,22,-3,20,-3,22,-2,21,-2,23,-3,24,-2,22,-2,23,-2,23,-3,24,0,0,-4,24,-2,24,-3,25,-4,23,-2,23,-2,25,-1,22,-2,21,0,22,0,21,-2,22,-1,21,0,21,1,21,-1,20,1,20,0,20,-1,21,0,21,-2,19,-3,21,-3,20,-4,20,-4,19,-7,17,-7,17,-7,14,-9,14,0,0,0,0,0,0]"
CSI_DATA,4221678,1a:00:00:00:00:00,-58,11,-95,4,43,6,4221678,47,0,128,0,"[0,0,0,0,0,0,0,0,18,6,18,6,18,9,18,10,18,12,18,14,18,14,15,16,16,17,12,17,14,17,12,18,14,18,12,18,13,18,14,17,12,17,14,18,13,17,12,16,12,17,14,19,13,18,13,19,14,20,14,19,14,20,14,20,0,0,13,20,14,20,13,20,13,21,11,19,12,21,12,18,11,18,10,19,13,19,13,17,12,17,12,18,13,15,12,17,12,16,12,18,10,17,10,18,8,18,8,19,7,19,6,19,5,19,4,19,2,18,-1,16,0,16,0,0,0,0,0,0]"
CSI_DATA,4227678,1a:00:00:00:00:00,-58,11,-95,4,43,6,4227678,47,0,128,0,"[0,0,0,0,0,0,0,0,3,19,1,19,1,21,1,20,-2,23,-1,23,-2,23,-2,21,-3,23,-4,20,-3,22,-3,22,0,22,-2,22,1,21,1,21,1,21,4,23,3,21,4,20,6,21,6,21,8,22,8,22,9,21,11,22,13,23,11,22,0,0,12,22,13,23,13,21,14,19,14,18,15,18,14,17,14,16,14,17,19,14,18,13,17,10,19,11,17,9,18,10,18,6,19,9,18,8,19,9,19,10,18,8,17,9,19,9,17,8,17,8,14,9,12,9,13,9,0,0,0,0,0,0]"
CSI_DATA,4233678,1a:00:00:00:00:00,-58,11,-95,4,43,6,4233678,47,0,128,0,"[0,0,0,0,0,0,0,0,4,19,3,18,1,21,1,22,-1,22,-1,24,-2,23,-4,21,-4,23,-5,21,-4,21,-5,22,-3,21,-3,22,-3,23,0,23,-1,21,0,22,-1,22,1,20,3,22,3,22,3,22,3,23,4,23,6,25,6,25,5,23,0,0,7,25,8,23,6,22,8,24,7,20,9,21,8,20,8,20,9,21,13,19,12,18,12,17,13,17,13,15,12,15,13,14,14,15,13,16,13,15,12,17,12,17,11,18,11,14,12,15,9,15,9,15,7,15,6,15,0,0,0,0,0,0]"
CSI_DATA,4237678,1a:00:00:00:00:00,-58,11,-95,4,43,6,4237678,47,0,128,0,"[0,0,0,0,0,0,0,0,-14,-14,-11,-14,-12,-17,-12,-18,-11,-19,-11,-20,-11,-19,-10,-19,-11,-21,-10,-19,-9,-19,-9,-20,-12,-19,-12,-19,-13,-19,-14,-18,-12,-16,-16,-17,-14,-14,-14,-16,-16,-15,-18,-14,-16,-15,-19,-13,-19,-14,-20,-12,-22,-12,-21,-10,0,0,-22,-11,-24,-10,-21,-10,-22,-8,-22,-7,-23,-7,-22,-6,-21,-6,-19,-5,-20,-3,-21,-3,-20,0,-22,1,-19,1,-20,2,-18,4,-21,3,-19,2,-20,3,-20,2,-21,3,-18,2,-19,2,-19,1,-17,2,-18,0,-16,-1,-15,-2,0,0,0,0,0,0]"
CSI_DATA,4241678,1a:00:00:00:00:00,-58,11,-95,4,43,6,4241678,47,0,128,0,"[0,0,0,0,0,0,0,0,8,-18,9,-16,10,-17,12,-17,14,-15,15,-16,17,-14,19,-13,19,-15,18,-12,19,-11,19,-9,19,-10,20,-10,20,-10,20,-10,18,-10,22,-12,20,-10,19,-11,18,-11,20,-10,19,-11,21,-10,23,-11,20,-9,20,-11,22,-13,0,0,25,-11,23,-9,23,-8,23,-9,22,-7,23,-8,21,-7,20,-6,21,-7,20,-7,21,-8,19,-7,18,-7,17,-8,19,-7,19,-7,19,-7,19,-6,21,-7,19,-6,19,-5,19,-3,18,-2,19,-1,19,1,18,2,16,5,15,5,0,0,0,0,0,0]"
CSI_DATA,4247678,1a:00:00:00:00:00,-58,11,-95,4,43,6,4247678,47,0,128,0,"[0,0,0,0,0,0,0,0,20,3,19,3,19,2,20,5,21,5,22,6,21,8,20,8,22,8,19,9,21,9,20,8,23,6,22,6,20,6,21,5,21,5,24,2,21,2,20,1,22,0,22,1,21,-1,22,-2,23,-3,24,-4,24,-5,23,-4,0,0,24,-5,24,-6,22,-6,23,-9,21,-7,22,-8,21,-8,20,-8,20,-9,20,-12,19,-13,15,-12,16,-13,14,-13,15,-13,14,-15,14,-15,14,-16,15,-15,15,-13,14,-15,13,-14,14,-14,13,-13,14,-13,13,-11,13,-8,13,-8,0,0,0,0,0,0]"
CSI_DATA,4253678,1a:00:00:00:00:00,-58,11,-95,4,43,6,4253678,47,0,128,0,"[0,0,0,0,0,0,0,0,19,2,19,2,20,3,20,5,21,8,22,8,20,9,21,9,22,9,20,10,21,9,19,10,21,10,21,9,20,8,21,7,19,7,23,6,20,6,20,5,21,5,22,5,21,3,22,3,25,2,23,1,25,0,24,1,0,0,26,2,25,-1,23,2,24,-2,23,0,25,-1,22,1,20,-1,21,-3,22,-7,21,-5,20,-5,20,-5,19,-6,19,-7,19,-6,19,-8,20,-7,21,-7,20,-6,21,-6,19,-6,19,-5,19,-5,18,-4,19,-3,16,1,16,0,0,0,0,0,0,0]"
CSI_DATA,4257678,1a:00:00:00:00:00,-58,11,-95,4,43,6,4257678,47,0,128,0,"[0,0,0,0,0,0,0,0,-18,8,-16,7,-19,8,-20,8,-20,7,-21,7,-21,4,-23,4,-22,6,-22,4,-21,6,-21,5,-23,5,-22,5,-20,7,-21,8,-20,9,-21,9,-19,10,-18,10,-18,11,-19,12,-17,13,-16,13,-18,16,-18,17,-19,17,-19,17,0,0,-18,20,-16,19,-16,18,-17,18,-13,16,-14,17,-12,16,-12,18,-11,18,-9,20,-8,21,-6,18,-7,19,-5,19,-5,21,-5,18,-3,20,-5,20,-3,21,-5,19,-4,21,-5,18,-5,20,-6,17,-7,17,-7,16,-8,14,-6,13,0,0,0,0,0,0]"
CSI_DATA,4261678,1a:00:00:00:00:00,-58,11,-95,4,43,6,4261678,47,0,128,0,"[0,0,0,0,0,0,0,0,-16,-13,-14,-13,-14,-14,-13,-15,-13,-18,-13,-20,-10,-20,-9,-20,-8,-21,-6,-21,-5,-21,-4,-21,-4,-21,-4,-22,-4,-21,-5,-21,-3,-21,-5,-22,-5,-20,-4,-20,-5,-22,-6,-22,-4,-21,-5,-22,-4,-23,-6,-23,-4,-25,-3,-23,0,0,-2,-26,-1,-26,-2,-24,-1,-24,0,-23,-1,-24,1,-22,-2,-20,0,-21,0,-22,-1,-22,-1,-21,-1,-21,-1,-20,0,-20,-1,-20,-1,-21,0,-19,1,-21,3,-19,3,-20,3,-19,5,-19,6,-18,8,-17,8,-16,10,-13,10,-13,0,0,0,0,0,0]"
CSI_DATA,4265678,1a:00:00:00:00:00,-58,11,-95,4,43,6,4265678,47,0,128,0,"[0,0,0,0,0,0,0,0,19,-2,19,0,20,1,20,2,21,5,21,5,21,7,19,8,21,10,20,10,20,10,18,11,19,10,20,12,19,10,20,10,19,11,20,10,19,9,18,10,19,10,20,10,19,10,20,11,22,10,20,10,23,11,20,9,0,0,21,11,23,11,21,11,22,11,20,11,21,11,20,11,18,10,19,10,22,8,21,9,20,8,20,8,17,6,18,7,17,6,18,8,18,8,18,9,17,10,18,10,16,10,16,13,14,12,14,13,12,13,9,14,8,14,0,0,0,0,0,0]"
CSI_DATA,4267678,1a:00:00:00:00:00,-58,11,-95,4,43,6,4267678,47,0,128,0,"[0,0,0,0,0,0,0,0,8,-19,10,-16,10,-17,11,-18,12,-18,12,-18,13,-18,14,-18,13,-18,14,-17,14,-18,14,-17,15,-16,15,-18,12,-18,13,-18,11,-18,10,-20,9,-19,9,-19,8,-21,7,-21,5,-22,5,-22,5,-22,4,-24,7,-25,4,-23,0,0,5,-23,2,-26,2,-24,1,-24,0,-23,-1,-23,-1,-22,-3,-21,-2,-20,-3,-23,-4,-22,-4,-20,-7,-20,-6,-18,-6,-19,-7,-19,-8,-20,-8,-17,-9,-19,-8,-17,-9,-18,-8,-17,-7,-18,-6,-18,-5,-18,-3,-17,-2,-15,-2,-15,0,0,0,0,0,0]"
CSI_DATA,4271678,1a:00:00:00:00:00,-58,11,-95,4,43,6,4271678,47,0,128,0,"[0,0,0,0,0,0,0,0,19,-3,18,-1,20,0,20,1,21,4,23,5,22,6,21,6,21,8,19,8,20,9,18,12,19,14,19,12,17,13,19,12,18,12,20,12,18,12,16,12,19,13,19,11,18,12,20,13,20,12,20,14,20,15,18,13,0,0,21,16,19,17,18,18,17,16,17,17,18,16,17,15,16,15,16,14,17,14,16,14,16,14,15,14,15,14,14,13,14,15,15,14,14,15,14,15,13,14,13,16,11,17,10,18,7,18,5,18,5,16,1,15,0,16,0,0,0,0,0,0]"
CSI_DATA,4275678,1a:00:00:00:00:00,-58,11,-95,4,43,6,4275678,47,0,128,0,"[0,0,0,0,0,0,0,0,-14,13,-15,11,-17,11,-18,11,-19,9,-20,10,-21,7,-20,7,-22,7,-22,4,-21,4,-21,2,-22,4,-23,3,-20,2,-21,3,-20,2,-23,5,-21,4,-20,4,-21,5,-22,3,-22,5,-22,4,-23,5,-23,5,-25,4,-23,4,0,0,-25,6,-25,2,-23,3,-25,3,-22,2,-23,3,-22,4,-20,2,-21,3,-22,3,-22,4,-19,3,-21,3,-18,5,-19,4,-20,4,-21,4,-20,4,-20,4,-20,2,-21,3,-19,0,-19,0,-18,-3,-18,-4,-17,-5,-15,-5,-14,-6,0,0,0,0,0,0]"
CSI_DATA,4281678,1a:00:00:00:00:00,-58,11,-95,4,43,6,4281678,47,0,128,0,"[0,0,0,0,0,0,0,0,-13,13,-14,12,-15,13,-17,13,-20,9,-22,10,-21,7,-21,6,-22,7,-21,3,-22,4,-22,3,-21,2,-23,2,-22,1,-22,1,-21,1,-23,2,-22,2,-20,0,-22,1,-22,2,-21,1,-23,0,-25,1,-23,-1,-25,-1,-24,1,0,0,-24,-1,-24,-3,-24,-4,-24,-2,-22,-3,-23,-4,-20,-4,-22,-3,-20,-4,-21,-4,-22,-4,-21,-4,-21,-4,-19,-3,-21,-4,-21,-4,-20,-3,-20,-4,-20,-5,-20,-7,-20,-6,-18,-8,-16,-10,-15,-11,-15,-12,-13,-13,-11,-13,-9,-13,0,0,0,0,0,0]"
CSI_DATA,4287678,1a:00:00:00:00:00,-58,11,-95,4,43,6,4287678,47,0,128,0,"[0,0,0,0,0,0,0,0,-16,-10,-16,-11,-16,-12,-16,-13,-16,-15,-18,-15,-16,-15,-16,-16,-16,-15,-15,-16,-15,-15,-13,-15,-15,-16,-15,-17,-15,-14,-16,-15,-17,-14,-19,-13,-19,-12,-17,-9,-20,-12,-20,-10,-20,-9,-20,-9,-22,-9,-21,-10,-24,-10,-22,-9,0,0,-25,-7,-23,-8,-25,-8,-23,-6,-21,-6,-23,-3,-21,-3,-20,-3,-20,-2,-21,-2,-23,-1,-20,1,-21,1,-20,3,-20,3,-20,3,-20,5,-20,5,-19,6,-19,5,-20,6,-20,3,-18,3,-19,1,-18,1,-18,0,-14,-2,-16,-1,0,0,0,0,0,0]"
CSI_DATA,4291678,1a:00:00:00:00:00,-58,11,-95,4,43,6,4291678,47,0,128,0,"[0,0,0,0,0,0,0,0,-2,-19,0,-19,1,-20,4,-22,3,-21,5,-23,7,-20,10,-20,11,-20,11,-17,11,-19,13,-16,14,-18,15,-17,13,-16,13,-16,14,-17,13,-17,14,-16,13,-15,14,-18,14,-17,12,-17,14,-18,16,-18,16,-16,18,-19,19,-17,0,0,19,-17,17,-16,18,-16,18,-15,18,-15,17,-16,18,-14,17,-13,17,-13,17,-15,17,-13,16,-12,16,-12,16,-13,15,-12,17,-13,17,-11,19,-11,17,-12,18,-10,18,-9,18,-7,19,-5,18,-5,19,-2,17,0,15,2,14,2,0,0,0,0,0,0]"
CSI_DATA,4295678,1a:00:00:00:00:00,-58,11,-95,4,43,6,4295678,47,0,128,0,"[0,0,0,0,0,0,0,0,14,13,12,15,11,17,12,17,11,19,12,20,9,21,7,21,7,21,5,21,6,22,3,22,2,22,3,22,3,22,4,23,4,21,6,22,4,22,4,20,5,21,5,21,5,22,6,22,5,23,5,23,5,25,1,24,0,0,4,25,4,24,4,25,3,24,3,23,2,23,2,22,3,21,2,21,3,19,4,21,3,19,3,21,5,19,5,20,4,19,4,21,3,21,2,20,2,18,0,21,0,21,-3,19,-3,19,-5,18,-6,17,-6,14,-6,14,0,0,0,0,0,0]"
CSI_DATA,4301678,1a:00:00:00:00:00,-58,11,-95,4,43,6,4301678,47,0,128,0,"[0,0,0,0,0,0,0,0,-10,16,-11,15,-12,16,-13,16,-14,16,-15,18,-15,16,-15,15,-17,17,-16,13,-15,16,-16,14,-15,16,-16,16,-13,17,-13,18,-13,15,-10,19,-11,20,-9,18,-8,21,-8,20,-7,20,-5,22,-6,22,-6,23,-5,24,-5,23,0,0,-4,25,-3,26,-1,25,-2,25,0,23,0,23,1,21,1,22,3,21,4,21,6,20,7,20,8,20,7,18,7,18,9,18,11,17,10,19,9,18,8,18,10,19,9,18,9,17,9,17,8,18,7,18,5,16,5,15,0,0,0,0,0,0]"
CSI_DATA,4305678,1a:00:00:00:00:00,-58,11,-95,4,43,6,4305678,47,0,128,0,"[0,0,0,0,0,0,0,0,-19,-2,-18,-3,-19,-5,-21,-6,-19,-8,-21,-9,-20,-10,-17,-11,-18,-12,-17,-13,-17,-13,-16,-16,-15,-14,-16,-16,-16,-16,-16,-14,-16,-14,-18,-14,-17,-13,-15,-14,-16,-16,-17,-14,-16,-14,-17,-14,-18,-15,-17,-16,-18,-17,-17,-17,0,0,-19,-17,-17,-18,-16,-18,-16,-16,-16,-17,-16,-17,-15,-17,-15,-15,-15,-17,-17,-15,-15,-15,-14,-15,-15,-14,-15,-14,-14,-14,-15,-13,-14,-15,-14,-16,-15,-14,-13,-16,-14,-16,-10,-15,-10,-18,-7,-17,-6,-18,-5,-17,-2,-15,-2,-17,0,0,0,0,0,0]"
CSI_DATA,4315678,1a:00:00:00:00:00,-58,11,-95,4,43,6,4315678,47,0,128,0,"[0,0,0,0,0,0,0,0,14,-13,14,-12,17,-13,18,-11,18,-10,19,-10,20,-8,20,-7,21,-6,22,-5,22,-6,21,-2,21,-3,23,-2,21,-2,22,-3,21,-2,23,-4,21,-5,21,-3,21,-4,22,-3,21,-2,21,-3,24,-3,23,-3,24,-1,24,-2,0,0,24,-2,24,-2,25,-3,26,-1,23,-1,22,0,23,0,20,1,21,-1,21,-2,22,-1,20,-1,21,0,19,0,21,-3,18,-3,21,-2,21,0,21,1,19,2,20,3,19,3,18,5,18,5,17,7,17,8,13,8,13,8,0,0,0,0,0,0]"
CSI_DATA,4325678,1a:00:00:00:00:00,-58,11,-95,4,43,6,4325678,47,0,128,0,"[0,0,0,0,0,0,0,0,2,19,-1,19,-1,20,-3,21,-5,21,-5,22,-7,20,-9,20,-11,20,-13,18,-13,20,-13,17,-12,18,-14,17,-12,18,-12,18,-12,18,-13,20,-12,18,-12,17,-11,17,-13,18,-12,18,-13,17,-15,19,-14,19,-14,20,-17,18,0,0,-16,20,-16,19,-15,19,-15,19,-15,14,-16,17,-16,14,-15,15,-16,15,-16,17,-15,17,-14,15,-14,15,-13,15,-13,16,-14,16,-14,15,-15,15,-15,14,-15,12,-17,13,-16,11,-16,10,-16,10,-17,7,-17,6,-15,3,-15,3,0,0,0,0,0,0]"
CSI_DATA,4331678,1a:00:00:00:00:00,-58,11,-95,4,43,6,4331678,47,0,128,0,"[0,0,0,0,0,0,0,0,-17,7,-17,4,-19,6,-20,5,-20,6,-22,6,-21,4,-21,3,-24,2,-22,1,-23,3,-20,2,-22,4,-22,3,-20,3,-20,6,-19,5,-22,7,-20,10,-20,9,-19,10,-19,11,-19,11,-21,12,-18,13,-18,14,-21,14,-20,12,0,0,-17,17,-17,16,-16,17,-17,18,-15,17,-16,17,-14,15,-12,16,-13,16,-12,20,-10,21,-8,18,-8,19,-6,18,-6,21,-6,20,-6,19,-6,20,-5,20,-6,18,-6,20,-5,19,-7,16,-8,18,-9,16,-7,18,-8,12,-8,13,0,0,0,0,0,0]"
CSI_DATA,4337678,1a:00:00:00:00:00,-58,11,-95,4,43,6,4337678,47,0,128,0,"[0,0,0,0,0,0,0,0,-15,12,-16,10,-16,11,-18,10,-18,9,-20,10,-20,8,-20,7,-22,8,-22,5,-21,7,-20,5,-21,5,-22,6,-21,8,-19,8,-19,8,-19,10,-20,10,-18,10,-19,11,-18,11,-18,12,-19,13,-20,14,-18,15,-19,15,-19,15,0,0,-21,17,-18,15,-18,16,-17,17,-16,15,-17,16,-16,14,-15,14,-14,16,-14,18,-12,18,-11,16,-11,18,-9,16,-10,18,-10,18,-10,19,-9,18,-10,19,-11,18,-10,19,-9,16,-11,15,-11,15,-11,14,-13,14,-11,10,-11,11,0,0,0,0,0,0]"
CSI_DATA,4341679,1a:00:00:00:00:00,-58,11,-95,4,43,6,4341679,47,0,128,0,"[0,0,0,0,0,0,0,0,6,-18,7,-17,9,-18,9,-18,10,-19,9,-20,11,-19,11,-18,13,-17,13,-16,12,-18,12,-17,12,-18,12,-18,11,-19,10,-20,9,-19,7,-21,6,-20,7,-19,6,-20,6,-21,4,-23,4,-23,5,-21,1,-24,2,-24,2,-23,0,0,1,-26,-1,-25,0,-24,-1,-25,-1,-22,-2,-23,-2,-22,-3,-21,-5,-20,-5,-21,-7,-22,-7,-19,-9,-19,-8,-17,-8,-19,-9,-17,-11,-17,-10,-18,-10,-18,-9,-17,-10,-18,-10,-17,-9,-17,-8,-16,-7,-17,-5,-17,-5,-15,-5,-15,0,0,0,0,0,0]"
CSI_DATA,4347370,1a:00:00:00:00:00,-58,11,-95,4,43,6,4347370,47,0,128,0,"[0,0,0,0,0,0,0,0,20,0,18,0,21,0,20,0,21,4,22,3,22,4,22,6,22,6,21,7,21,7,21,7,22,7,22,7,22,4,22,4,20,4,23,2,21,2,20,2,21,1,22,2,22,-1,23,0,23,-1,23,-2,25,-3,25,-4,0,0,24,-4,25,-2,23,-4,24,-4,23,-4,22,-3,22,-5,20,-4,21,-7,20,-8,20,-9,18,-9,20,-10,16,-9,18,-10,17,-10,17,-11,17,-11,18,-11,17,-9,18,-10,18,-9,17,-8,17,-9,17,-7,17,-6,14,-3,17,-4,0,0,0,0,0,0]"
CSI_DATA,4351679,1a:00:00:00:00:00,-58,11,-95,4,43,6,4351679,47,0,128,0,"[0,0,0,0,0,0,0,0,10,17,8,16,9,18,8,19,8,21,8,23,7,20,6,21,5,22,5,21,5,22,5,21,6,21,7,22,6,21,9,21,9,19,11,19,11,18,9,19,10,19,12,19,13,18,14,18,16,19,17,19,18,19,17,17,0,0,17,17,16,17,18,16,18,16,17,14,18,15,17,12,17,13,18,12,19,11,21,8,19,7,19,7,19,6,19,6,19,6,20,4,20,6,19,4,19,7,18,6,20,6,18,5,18,6,17,7,15,8,14,8,14,7,0,0,0,0,0,0]"
CSI_DATA,4357679,1a:00:00:00:00:00,-58,11,-95,4,43,6,4357679,47,0,128,0,"[0,0,0,0,0,0,0,0,11,14,10,16,11,17,9,19,9,20,9,21,8,22,6,20,6,22,3,19,6,21,4,21,6,20,5,21,7,21,9,22,7,19,10,21,8,18,10,20,10,19,11,21,11,19,11,19,12,20,14,21,14,23,15,21,0,0,14,20,15,21,14,18,15,20,12,17,14,18,13,17,14,18,13,16,17,16,16,13,17,14,16,14,15,11,17,12,16,10,18,11,16,12,17,13,15,13,15,12,15,13,14,14,14,14,12,15,12,13,10,12,8,14,0,0,0,0,0,0]"
CSI_DATA,4359679,1a:00:00:00:00:00,-58,11,-95,4,43,6,4359679,47,0,128,0,"[0,0,0,0,0,0,0,0,-1,-19,0,-19,2,-20,3,-20,6,-20,6,-23,8,-20,9,-20,11,-21,12,-18,11,-19,12,-17,13,-19,11,-19,11,-18,11,-19,12,-18,12,-19,11,-18,13,-17,10,-18,12,-19,11,-17,11,-19,12,-20,10,-21,12,-22,12,-20,0,0,15,-21,12,-19,14,-19,14,-20,13,-17,14,-20,13,-18,13,-16,12,-17,10,-18,11,-18,11,-19,10,-20,9,-17,10,-17,11,-17,10,-17,11,-17,12,-17,12,-16,12,-15,13,-14,12,-13,13,-14,15,-11,14,-10,14,-6,13,-6,0,0,0,0,0,0]"
CSI_DATA,4361679,1a:00:00:00:00:00,-58,11,-95,4,43,6,4361679,47,0,128,0,"[0,0,0,0,0,0,0,0,-18,-5,-19,-6,-19,-6,-19,-8,-19,-10,-19,-10,-20,-11,-18,-10,-20,-12,-16,-13,-19,-11,-17,-12,-19,-9,-19,-11,-19,-9,-19,-8,-18,-8,-22,-7,-20,-6,-20,-6,-20,-6,-22,-7,-21,-5,-23,-4,-23,-3,-23,-2,-24,-1,-25,-1,0,0,-26,0,-26,1,-24,1,-25,2,-22,0,-24,1,-22,1,-19,1,-20,5,-20,7,-20,6,-20,7,-19,7,-17,8,-18,8,-17,9,-18,11,-18,11,-20,10,-18,8,-19,9,-18,8,-18,8,-17,7,-17,7,-16,5,-15,3,-16,4,0,0,0,0,0,0]"
CSI_DATA,4363679,1a:00:00:00:00:00,-58,11,-95,4,43,6,4363679,47,0,128,0,"[0,0,0,0,0,0,0,0,14,12,13,13,12,15,11,16,10,19,12,21,10,20,8,20,8,22,4,21,6,21,6,21,6,21,7,22,6,22,8,21,7,21,8,22,7,20,6,19,9,20,9,20,8,20,9,21,10,21,12,21,11,22,10,21,0,0,12,21,11,24,9,22,10,22,10,20,10,21,10,20,9,19,10,19,13,20,12,18,11,17,12,18,12,16,12,17,11,16,12,18,11,17,10,17,10,18,10,18,8,18,9,16,8,17,7,17,4,17,1,14,2,15,0,0,0,0,0,0]"
CSI_DATA,4366745,1a:00:00:00:00:00,-58,11,-95,4,43,6,4366745,47,0,128,0,"[0,0,0,0,0,0,0,0,18,8,17,8,18,9,18,10,17,13,18,13,16,14,16,13,18,15,15,14,16,14,15,15,17,15,18,14,17,13,18,12,16,11,21,10,18,10,19,10,20,10,21,9,22,9,22,9,23,8,24,5,22,7,23,5,0,0,26,6,22,6,22,4,25,4,22,3,24,1,21,3,22,3,21,1,22,-1,23,-3,20,-3,21,-3,20,-4,21,-5,20,-4,20,-7,19,-5,20,-5,19,-4,21,-5,18,-4,19,-3,19,-3,18,-3,18,-1,16,0,16,1,0,0,0,0,0,0]"
CSI_DATA,4371679,1a:00:00:00:00:00,-58,11,-95,4,43,6,4371679,47,0,128,0,"[0,0,0,0,0,0,0,0,16,-10,16,-10,17,-10,19,-8,20,-8,20,-8,21,-8,21,-7,23,-6,22,-5,21,-5,21,-6,22,-7,22,-8,20,-9,19,-8,20,-8,20,-10,18,-10,19,-9,20,-11,19,-11,18,-13,18,-12,19,-15,18,-16,17,-17,18,-16,0,0,19,-15,19,-16,15,-18,17,-18,14,-17,14,-18,13,-15,13,-17,13,-15,12,-19,10,-20,7,-18,8,-19,6,-17,7,-18,6,-19,6,-20,7,-20,7,-20,6,-18,7,-19,7,-17,7,-18,7,-18,8,-15,9,-15,9,-13,8,-13,0,0,0,0,0,0]"
CSI_DATA,4377679,1a:00:00:00:00:00,-58,11,-95,4,43,6,4377679,47,0,128,0,"[0,0,0,0,0,0,0,0,15,-12,14,-12,16,-11,19,-11,19,-11,19,-10,20,-9,21,-7,22,-8,21,-6,21,-6,20,-5,22,-7,22,-8,21,-8,20,-8,20,-7,21,-10,20,-9,20,-8,19,-10,19,-10,19,-10,19,-12,20,-12,19,-12,20,-15,21,-14,0,0,22,-16,20,-15,20,-13,20,-14,18,-14,20,-14,18,-13,16,-13,16,-13,16,-16,16,-17,13,-15,13,-16,12,-15,13,-17,13,-16,12,-17,13,-17,13,-16,13,-15,14,-16,13,-14,13,-15,13,-13,15,-12,14,-10,14,-8,13,-8,0,0,0,0,0,0]"
CSI_DATA,4383679,1a:00:00:00:00:00,-58,11,-95,4,43,6,4383679,47,0,128,0,"[0,0,0,0,0,0,0,0,12,-16,12,-13,13,-15,16,-15,16,-13,18,-13,19,-12,18,-11,21,-11,20,-9,20,-9,19,-7,20,-9,22,-8,19,-9,20,-9,19,-9,21,-11,19,-9,19,-10,18,-10,20,-10,17,-12,19,-11,21,-12,21,-12,22,-12,20,-13,0,0,23,-14,22,-12,19,-11,21,-12,21,-10,21,-12,19,-9,18,-10,19,-11,19,-13,18,-13,16,-12,16,-12,15,-12,17,-13,17,-12,15,-12,16,-13,17,-12,17,-10,17,-11,16,-8,16,-9,18,-9,17,-7,17,-5,15,-2,14,-2,0,0,0,0,0,0]"
CSI_DATA,4391679,1a:00:00:00:00:00,-58,11,-95,4,43,6,4391679,47,0,128,0,"[0,0,0,0,0,0,0,0,-8,-17,-7,-18,-9,-17,-7,-20,-5,-20,-7,-22,-4,-23,-5,-20,-5,-22,-2,-20,-3,-21,-3,-21,-3,-21,-6,-22,-4,-21,-6,-22,-6,-21,-8,-21,-7,-19,-7,-19,-10,-20,-10,-19,-11,-19,-11,-20,-13,-20,-13,-19,-14,-20,-12,-19,0,0,-16,-21,-14,-20,-13,-19,-15,-19,-14,-17,-15,-18,-15,-16,-14,-15,-14,-14,-16,-14,-17,-14,-17,-12,-17,-12,-17,-11,-18,-10,-16,-11,-17,-10,-17,-9,-18,-9,-17,-10,-17,-9,-17,-10,-17,-10,-15,-11,-13,-12,-13,-12,-10,-12,-11,-12,0,0,0,0,0,0]"
CSI_DATA,4395679,1a:00:00:00:00:00,-58,11,-95,4,43,6,4395679,47,0,128,0,"[0,0,0,0,0,0,0,0,19,7,17,7,19,6,19,8,19,9,20,9,20,10,21,10,19,11,19,12,19,11,19,11,22,9,21,9,20,8,21,6,19,6,23,7,21,5,20,3,21,3,22,3,22,2,22,1,24,0,23,0,24,-1,25,-1,0,0,24,-5,25,-2,23,-3,24,-5,20,-4,22,-6,21,-7,20,-6,20,-7,21,-12,20,-12,17,-11,17,-11,15,-11,17,-12,16,-12,14,-14,15,-14,15,-14,15,-13,16,-14,15,-13,14,-13,14,-12,15,-12,13,-10,13,-7,14,-7,0,0,0,0,0,0]"
CSI_DATA,4401777,1a:00:00:00:00:00,-58,11,-95,4,43,6,4401777,47,0,128,0,"[0,0,0,0,0,0,0,0,7,18,5,18,4,19,3,21,2,22,3,22,0,24,-1,21,-1,23,-2,21,-1,22,-1,20,-1,22,-1,23,1,23,3,22,1,21,3,23,2,20,2,22,4,21,6,22,6,21,6,22,7,23,7,21,9,24,9,23,0,0,8,23,9,23,10,22,10,23,9,20,10,21,10,20,9,19,10,17,10,18,12,18,13,16,14,17,13,15,12,16,13,15,15,15,15,14,14,14,13,14,13,15,12,15,12,15,12,16,9,15,9,16,7,14,7,14,0,0,0,0,0,0]"
CSI_DATA,4407679,1a:00:00:00:00:00,-58,11,-95,4,43,6,4407679,47,0,128,0,"[0,0,0,0,0,0,0,0,19,1,19,3,19,3,21,4,21,6,22,7,21,8,20,9,21,9,19,10,20,9,19,10,21,10,20,11,19,10,20,9,19,9,23,9,20,8,19,7,21,7,21,6,22,6,21,7,24,5,22,6,24,7,24,7,0,0,26,6,24,6,24,5,23,4,21,6,24,3,22,5,20,4,22,3,23,0,22,2,20,2,21,1,19,-1,20,0,21,0,20,-1,20,0,20,-1,20,1,21,1,18,2,19,3,18,4,18,5,17,5,14,6,14,7,0,0,0,0,0,0]"
CSI_DATA,4411679,1a:00:00:00:00:00,-58,11,-95,4,43,6,4411679,47,0,128,0,"[0,0,0,0,0,0,0,0,-17,7,-17,7,-19,7,-20,8,-19,5,-22,6,-22,3,-22,5,-23,5,-22,3,-23,4,-20,4,-22,3,-23,2,-21,5,-20,5,-20,5,-22,7,-21,7,-19,5,-20,8,-20,10,-19,9,-20,8,-21,10,-20,10,-22,11,-20,12,0,0,-22,13,-22,13,-20,13,-20,13,-17,12,-18,14,-17,13,-16,13,-14,14,-14,14,-15,15,-14,14,-13,15,-12,14,-12,16,-12,16,-11,16,-12,17,-12,17,-10,15,-12,19,-12,15,-11,12,-13,14,-14,12,-15,12,-12,8,-12,9,0,0,0,0,0,0]"
CSI_DATA,4415679,1a:00:00:00:00:00,-58,11,-95,4,43,6,4415679,47,0,128,0,"[0,0,0,0,0,0,0,0,5,-19,7,-16,9,-18,7,-19,9,-20,10,-22,10,-20,10,-19,9,-20,11,-18,10,-19,11,-18,11,-19,11,-20,9,-20,8,-19,6,-20,5,-22,5,-21,6,-20,3,-23,1,-23,2,-21,1,-22,1,-24,1,-24,0,-24,-1,-22,0,0,-2,-26,-3,-23,-4,-26,-4,-23,-3,-20,-7,-23,-4,-21,-7,-21,-7,-21,-8,-21,-9,-20,-9,-17,-8,-18,-12,-18,-10,-16,-12,-17,-13,-16,-12,-17,-13,-16,-11,-16,-13,-16,-12,-15,-11,-16,-10,-17,-9,-16,-7,-15,-5,-14,-6,-15,0,0,0,0,0,0]"
CSI_DATA,4421679,1a:00:00:00:00:00,-58,11,-95,4,43,6,4421679,47,0,128,0,"[0,0,0,0,0,0,0,0,4,-18,7,-18,8,-18,8,-20,9,-19,9,-21,10,-20,12,-19,12,-19,12,-17,11,-19,11,-17,12,-19,13,-19,11,-19,10,-19,9,-18,9,-21,9,-19,8,-18,8,-21,6,-21,5,-21,6,-21,6,-22,5,-23,4,-24,5,-23,0,0,6,-24,4,-23,3,-24,3,-23,4,-23,1,-24,2,-23,2,-19,1,-22,-2,-22,-2,-22,-1,-20,-2,-20,-2,-19,-3,-20,-2,-19,-5,-18,-4,-19,-4,-20,-3,-19,-5,-20,-3,-18,-1,-19,-2,-19,1,-19,2,-18,2,-15,4,-15,0,0,0,0,0,0]"
CSI_DATA,4425679,1a:00:00:00:00:00,-58,11,-95,4,43,6,4425679,47,0,128,0,"[0,0,0,0,0,0,0,0,7,17,6,19,7,19,7,19,6,21,7,22,5,22,5,21,5,21,4,20,5,21,3,21,3,22,3,21,5,22,6,23,7,21,8,21,9,19,9,18,10,20,13,18,13,18,14,18,14,18,14,21,15,19,16,18,0,0,18,18,17,19,17,18,19,17,16,16,18,15,18,13,18,12,17,10,18,9,18,10,18,9,19,9,18,7,19,6,19,6,19,6,18,6,20,5,19,5,20,6,19,4,19,8,18,8,16,8,16,8,13,8,13,9,0,0,0,0,0,0]"
CSI_DATA,4431679,1a:00:00:00:00:00,-58,11,-95,4,43,6,4431679,47,0,128,0,"[0,0,0,0,0,0,0,0,11,16,9,16,10,17,9,19,8,20,9,23,6,22,6,20,5,21,4,21,5,21,5,21,5,21,4,22,5,21,6,21,5,20,9,21,8,19,8,21,9,20,11,20,11,20,11,19,12,20,13,20,13,21,11,20,0,0,15,21,13,22,14,20,13,19,13,18,14,19,12,18,13,17,13,15,15,14,16,15,15,15,16,15,15,13,16,12,17,11,17,12,16,11,17,12,15,12,17,12,15,14,14,14,13,13,12,15,11,15,8,13,9,13,0,0,0,0,0,0]"
CSI_DATA,4433679,1a:00:00:00:00:00,-58,11,-95,4,43,6,4433679,47,0,128,0,"[0,0,0,0,0,0,0,0,2,-19,3,-19,4,-20,6,-21,6,-20,8,-21,9,-19,11,-19,12,-18,13,-17,13,-18,13,-16,14,-17,16,-16,15,-16,14,-17,13,-17,13,-19,13,-16,13,-16,12,-18,12,-16,13,-17,12,-19,15,-19,14,-19,16,-20,15,-17,0,0,15,-19,15,-20,14,-19,16,-18,15,-16,15,-18,14,-16,14,-17,13,-17,13,-19,12,-18,11,-16,11,-18,12,-16,11,-16,12,-16,11,-17,13,-16,13,-16,14,-14,14,-16,14,-13,15,-12,16,-13,16,-9,15,-8,13,-6,14,-5,0,0,0,0,0,0]"
CSI_DATA,4437679,1a:00:00:00:00:00,-58,11,-95,4,43,6,4437679,47,0,128,0,"[0,0,0,0,0,0,0,0,12,15,11,15,10,18,10,18,10,19,11,21,8,22,6,21,6,21,4,20,5,20,3,21,3,22,4,22,4,21,6,21,6,21,7,22,6,18,5,20,7,21,7,21,6,20,8,22,7,22,7,22,8,24,8,21,0,0,10,23,10,23,9,22,10,23,8,21,9,22,9,19,9,20,9,19,9,19,9,19,10,18,9,20,10,15,10,16,11,17,13,17,10,18,11,17,9,17,8,18,8,18,6,19,7,18,4,18,4,18,1,16,2,15,0,0,0,0,0,0]"
CSI_DATA,4441679,1a:00:00:00:00:00,-58,11,-95,4,43,6,4441679,47,0,128,0,"[0,0,0,0,0,0,0,0,-18,-4,-18,-6,-20,-5,-19,-6,-20,-8,-22,-8,-19,-9,-18,-9,-20,-11,-16,-11,-19,-11,-18,-12,-19,-11,-19,-13,-18,-12,-20,-11,-18,-10,-21,-8,-19,-7,-19,-8,-20,-7,-20,-8,-20,-7,-22,-6,-23,-6,-22,-6,-23,-8,-24,-6,0,0,-23,-3,-24,-5,-23,-4,-22,-4,-21,-6,-21,-5,-22,-3,-20,-4,-22,-2,-23,-1,-22,0,-20,0,-21,1,-20,2,-20,3,-19,5,-20,3,-19,2,-20,3,-19,1,-21,0,-20,1,-18,-1,-18,-1,-18,-2,-19,-2,-14,-3,-14,-4,0,0,0,0,0,0]"
CSI_DATA,4455679,1a:00:00:00:00:00,-58,11,-95,4,43,6,4455679,47,0,128,0,"[0,0,0,0,0,0,0,0,-3,19,-4,17,-4,21,-6,20,-6,21,-7,22,-8,21,-9,20,-11,21,-11,18,-10,20,-10,19,-10,20,-9,21,-8,21,-7,22,-7,20,-6,22,-4,21,-5,19,-4,20,-4,22,-3,21,-2,23,-2,24,0,23,0,25,-1,24,0,0,1,25,1,23,3,24,2,26,2,21,3,24,3,22,4,21,2,21,5,21,8,20,7,19,9,20,8,17,10,18,10,17,10,18,10,18,9,18,9,18,9,19,10,17,7,18,8,18,6,18,5,18,2,16,4,15,0,0,0,0,0,0]"
CSI_DATA,4461679,1a:00:00:00:00:00,-58,11,-95,4,43,6,4461679,47,0,128,0,"[0,0,0,0,0,0,0,0,-1,19,-2,18,-3,19,-5,20,-5,22,-5,22,-7,22,-9,20,-9,21,-11,18,-10,20,-10,18,-10,19,-11,20,-10,19,-8,20,-9,19,-6,22,-7,20,-6,20,-6,20,-6,21,-5,22,-4,22,-5,23,-3,23,-5,24,-5,22,0,0,-2,25,-4,26,-2,25,-3,25,-3,23,-3,24,-2,22,-1,20,-2,22,-1,24,1,22,2,20,3,20,3,18,3,20,3,19,5,21,2,20,3,20,1,21,2,21,1,19,0,19,0,19,-2,18,-2,17,-4,14,-3,15,0,0,0,0,0,0]"
CSI_DATA,4469137,1a:00:00:00:00:00,-58,11,-95,4,43,6,4469137,47,0,128,0,"[0,0,0,0,0,0,0,0,11,15,9,15,11,18,9,19,7,21,6,22,4,23,3,21,1,23,-1,21,-1,22,-2,22,-3,24,-3,22,-2,21,-1,23,-2,20,-2,23,-2,20,-2,22,-1,22,-1,23,-3,22,-1,22,-3,23,-2,25,-2,26,-4,23,0,0,-4,25,-5,23,-7,23,-7,24,-5,21,-6,23,-6,21,-4,20,-8,21,-6,22,-5,21,-5,20,-5,20,-4,18,-5,21,-5,18,-5,20,-7,19,-8,20,-8,18,-9,19,-9,17,-11,16,-11,15,-13,14,-12,12,-12,8,-13,8,0,0,0,0,0,0]"
CSI_DATA,4474457,1a:00:00:00:00:00,-58,11,-95,4,43,6,4474457,47,0,128,0,"[0,0,0,0,0,0,0,0,18,3,18,5,20,6,21,6,19,7,22,7,19,8,21,8,21,8,20,9,20,9,19,9,21,8,21,8,20,7,21,6,22,4,22,3,23,1,20,1,22,0,21,-1,21,-2,23,-3,22,-3,23,-3,26,-5,23,-6,0,0,23,-7,23,-5,23,-8,22,-8,21,-7,21,-10,19,-9,17,-10,18,-11,20,-15,18,-14,17,-12,15,-14,14,-15,14,-13,14,-17,12,-16,12,-17,11,-18,13,-15,11,-17,11,-15,12,-15,12,-14,13,-13,13,-13,11,-9,12,-10,0,0,0,0,0,0]"
CSI_DATA,4475679,1a:00:00:00:00:00,-58,11,-95,4,43,6,4475679,47,0,128,0,"[0,0,0,0,0,0,0,0,18,5,17,6,21,6,19,6,19,10,21,10,19,11,18,10,20,11,18,12,20,11,17,12,19,11,19,13,20,10,20,10,19,9,22,7,20,8,19,6,20,7,22,7,22,6,21,5,24,5,23,3,23,5,24,3,0,0,27,4,25,4,22,2,24,-1,22,1,24,1,21,1,20,0,19,-1,21,-2,22,-4,20,-4,21,-3,18,-4,20,-7,19,-6,20,-7,19,-6,20,-6,19,-6,19,-6,19,-4,19,-3,18,-4,19,-3,18,-2,15,0,15,1,0,0,0,0,0,0]"
CSI_DATA,4481679,1a:00:00:00:00:00,-58,11,-95,4,43,6,4481679,47,0,128,0,"[0,0,0,0,0,0,0,0,19,-2,17,-1,19,0,21,-1,22,2,22,2,23,4,21,4,22,6,20,7,22,6,20,7,21,6,21,7,21,6,21,4,20,5,22,2,21,3,22,3,19,3,22,3,22,4,23,2,24,3,22,1,24,2,22,1,0,0,26,0,26,3,23,-1,25,0,21,2,23,1,21,1,22,1,23,0,22,-2,22,-4,20,-3,21,-5,19,-3,20,-5,19,-6,21,-5,20,-4,20,-5,19,-3,20,-3,19,-1,19,-1,19,0,19,0,17,1,15,3,16,3,0,0,0,0,0,0]"
CSI_DATA,4485679,1a:00:00:00:00:00,-58,11,-95,4,43,6,4485679,47,0,128,0,"[0,0,0,0,0,0,0,0,-15,13,-14,11,-17,12,-18,11,-17,11,-19,12,-19,10,-19,10,-22,9,-20,5,-21,8,-19,7,-20,9,-22,10,-19,9,-19,12,-18,11,-18,13,-17,12,-17,12,-17,13,-17,13,-17,13,-17,15,-18,16,-17,17,-16,18,-17,18,0,0,-18,19,-16,19,-15,18,-15,19,-15,16,-15,18,-12,17,-13,16,-12,18,-11,21,-10,19,-9,18,-9,18,-7,18,-7,19,-7,19,-6,19,-6,20,-7,20,-7,18,-7,18,-9,17,-9,17,-9,17,-10,17,-11,15,-9,12,-9,11,0,0,0,0,0,0]"
CSI_DATA,4491679,1a:00:00:00:00:00,-58,11,-95,4,43,6,4491679,47,0,128,0,"[0,0,0,0,0,0,0,0,-13,14,-13,13,-17,14,-17,12,-18,12,-19,10,-20,9,-21,9,-21,8,-20,7,-21,7,-19,5,-20,8,-21,7,-20,8,-20,8,-19,7,-23,10,-20,10,-19,8,-19,9,-19,9,-19,9,-20,11,-21,13,-19,13,-20,15,-17,14,0,0,-23,17,-22,12,-21,13,-21,13,-17,11,-20,13,-18,11,-18,12,-17,12,-16,16,-15,15,-16,13,-15,15,-13,14,-13,14,-13,14,-14,14,-13,14,-15,15,-15,13,-17,14,-14,12,-15,12,-15,11,-14,10,-16,9,-14,6,-14,5,0,0,0,0,0,0]"
CSI_DATA,4493679,1a:00:00:00:00:00,-58,11,-95,4,43,6,4493679,47,0,128,0,"[0,0,0,0,0,0,0,0,18,-6,19,-4,19,-5,20,-2,22,0,23,1,22,2,21,3,22,6,19,7,22,5,19,9,21,7,21,9,20,8,22,7,19,8,22,6,20,7,19,7,20,8,21,8,20,8,21,11,21,10,23,8,22,9,23,9,0,0,22,12,21,12,21,12,22,12,20,11,20,13,18,11,19,11,18,12,21,10,19,8,18,10,19,10,17,9,17,9,17,9,18,10,18,12,17,11,16,13,16,13,14,14,13,14,13,13,11,15,9,15,4,15,7,15,0,0,0,0,0,0]"
CSI_DATA,4495679,1a:00:00:00:00:00,-58,11,-95,4,43,6,4495679,47,0,128,0,"[0,0,0,0,0,0,0,0,1,-19,2,-18,4,-20,5,-19,5,-21,6,-22,6,-21,9,-20,10,-21,10,-17,10,-20,9,-18,9,-21,10,-19,8,-21,7,-21,7,-20,4,-22,5,-20,4,-20,4,-21,3,-23,3,-21,3,-22,3,-24,2,-23,0,-24,2,-24,0,0,4,-23,0,-24,0,-24,0,-24,-2,-22,-1,-24,-2,-22,-2,-21,-1,-20,-3,-22,-5,-21,-5,-19,-6,-20,-7,-19,-7,-18,-7,-19,-8,-19,-7,-19,-8,-20,-5,-19,-6,-19,-4,-18,-5,-17,-5,-18,-3,-19,-2,-17,-1,-15,-1,-15,0,0,0,0,0,0]"
CSI_DATA,4497679,1a:00:00:00:00:00,-58,11,-95,4,43,6,4497679,47,0,128,0,"[0,0,0,0,0,0,0,0,-10,16,-11,15,-13,16,-14,15,-16,14,-17,15,-18,13,-18,12,-20,12,-20,9,-21,11,-19,8,-21,10,-21,10,-19,8,-21,11,-19,9,-21,12,-18,10,-18,8,-20,10,-19,10,-19,10,-20,10,-21,11,-20,13,-21,11,-20,10,0,0,-21,13,-23,12,-20,11,-21,11,-20,8,-21,11,-20,8,-19,8,-18,10,-20,11,-17,12,-17,10,-18,12,-15,10,-18,11,-16,12,-17,12,-18,10,-19,11,-17,9,-19,8,-18,8,-18,6,-18,5,-17,3,-19,3,-15,-1,-14,0,0,0,0,0,0,0]"
CSI_DATA,4499679,1a:00:00:00:00:00,-58,11,-95,4,43,6,4499679,47,0,128,0,"[0,0,0,0,0,0,0,0,11,14,11,16,11,16,12,17,10,19,10,20,9,20,8,20,9,21,8,20,7,20,8,20,9,19,10,20,11,19,12,19,12,18,13,18,12,17,12,17,14,16,14,16,16,15,16,16,19,15,20,15,19,15,20,13,0,0,20,14,19,15,19,14,21,12,19,11,22,12,19,9,20,9,20,10,22,6,21,6,20,4,22,4,19,2,20,4,20,2,20,1,19,1,21,0,20,1,21,1,20,2,19,3,18,1,19,3,17,4,15,6,14,5,0,0,0,0,0,0]"
CSI_DATA,4505679,1a:00:00:00:00:00,-58,11,-95,4,43,6,4505679,47,0,128,0,"[0,0,0,0,0,0,0,0,14,13,12,14,13,16,13,17,12,18,11,20,10,20,9,19,8,22,7,20,8,20,7,20,8,19,9,21,9,20,12,20,10,18,11,20,10,18,9,18,11,18,12,18,14,18,14,17,16,17,19,19,18,18,16,17,0,0,18,18,16,17,16,17,17,18,16,16,17,17,16,15,16,14,16,14,20,12,19,11,17,10,17,10,17,9,17,9,18,10,19,9,19,8,19,9,18,10,17,10,16,11,17,10,16,11,14,10,13,10,10,12,11,12,0,0,0,0,0,0]"
CSI_DATA,4509679,1a:00:00:00:00:00,-58,11,-95,4,43,6,4509679,47,0,128,0,"[0,0,0,0,0,0,0,0,-20,-2,-18,-4,-20,-4,-21,-5,-20,-7,-20,-7,-20,-9,-20,-6,-21,-8,-20,-9,-22,-8,-19,-9,-21,-10,-21,-8,-20,-6,-21,-5,-19,-5,-24,-4,-21,-2,-21,-3,-21,-1,-22,-1,-20,-1,-21,-1,-24,2,-22,1,-23,3,-24,4,0,0,-24,6,-24,4,-23,4,-25,5,-20,5,-24,7,-21,6,-19,7,-19,8,-19,12,-18,11,-17,10,-17,11,-16,11,-16,12,-15,12,-16,14,-15,14,-15,14,-16,13,-16,13,-16,11,-16,11,-16,11,-16,9,-15,8,-15,6,-16,6,0,0,0,0,0,0]"
CSI_DATA,4513679,1a:00:00:00:00:00,-58,11,-95,4,43,6,4513679,47,0,128,0,"[0,0,0,0,0,0,0,0,-6,-18,-3,-18,-3,-19,-1,-19,1,-21,1,-22,3,-23,5,-22,6,-22,9,-18,9,-21,8,-20,10,-20,10,-21,8,-19,9,-21,8,-17,11,-20,9,-19,11,-19,10,-18,11,-20,9,-19,10,-20,10,-22,11,-21,12,-20,14,-21,0,0,14,-20,14,-19,14,-20,15,-20,13,-17,15,-19,13,-16,13,-15,14,-15,14,-19,13,-18,11,-17,12,-17,12,-16,14,-16,14,-15,13,-16,12,-15,13,-16,16,-13,15,-14,15,-11,16,-11,16,-9,18,-7,16,-6,15,-3,14,-2,0,0,0,0,0,0]"
CSI_DATA,4519679,1a:00:00:00:00:00,-58,11,-95,4,43,6,4519679,47,0,128,0,"[0,0,0,0,0,0,0,0,16,-12,17,-10,17,-9,19,-10,20,-8,21,-9,21,-8,21,-8,22,-7,20,-5,22,-6,20,-7,21,-8,21,-9,20,-10,19,-9,18,-9,21,-12,18,-10,19,-11,17,-12,18,-12,17,-13,17,-15,19,-16,18,-16,16,-19,17,-20,0,0,17,-19,15,-19,16,-18,16,-19,14,-17,14,-18,13,-17,12,-18,10,-18,11,-21,9,-21,6,-20,5,-20,5,-17,6,-20,5,-20,5,-19,5,-19,5,-21,5,-18,3,-20,6,-18,5,-18,6,-18,7,-17,8,-15,7,-13,8,-13,0,0,0,0,0,0]"
