type,seq,mac,rssi,rate,noise_floor,fft_gain,agc_gain,channel,local_timestamp,sig_len,rx_state,len,first_word,data
CSI_DATA,499233,1a:00:00:00:00:00,-56,11,-95,4,43,6,499233,47,0,128,0,"[0,0,0,0,0,0,0,0,-30,4,-29,1,-31,1,-32,-1,-33,-2,-36,-4,-33,-7,-32,-7,-34,-6,-32,-8,-33,-7,-30,-10,-33,-9,-33,-9,-32,-8,-33,-7,-31,-7,-35,-7,-33,-5,-30,-5,-34,-3,-34,-2,-34,-1,-33,-2,-37,0,-36,-2,-39,0,-36,-1,0,0,-37,2,-38,-1,-39,0,-37,1,-34,2,-37,2,-34,3,-33,3,-32,3,-34,6,-34,6,-31,7,-32,7,-30,9,-30,9,-30,10,-30,11,-30,10,-31,11,-29,9,-31,11,-30,8,-31,6,-29,3,-29,2,-28,2,-26,-2,-27,-2,0,0,0,0,0,0]"
CSI_DATA,501090,1a:00:00:00:00:00,-56,11,-95,4,43,6,501090,47,0,128,0,"[0,0,0,0,0,0,0,0,-29,11,-29,7,-31,7,-32,6,-34,1,-36,0,-36,-2,-32,-4,-33,-6,-32,-8,-33,-8,-31,-12,-32,-11,-33,-12,-31,-11,-33,-10,-32,-11,-36,-9,-31,-8,-30,-9,-32,-9,-34,-9,-32,-11,-34,-9,-36,-11,-37,-12,-38,-12,-35,-12,0,0,-37,-13,-37,-14,-35,-12,-38,-13,-32,-14,-34,-14,-31,-14,-30,-14,-30,-12,-31,-11,-32,-10,-31,-11,-32,-10,-30,-8,-31,-9,-30,-8,-31,-9,-29,-11,-30,-12,-28,-15,-30,-15,-28,-16,-26,-18,-24,-17,-24,-20,-22,-20,-17,-19,-15,-20,0,0,0,0,0,0]"
CSI_DATA,503086,1a:00:00:00:00:00,-56,11,-95,4,43,6,503086,47,0,128,0,"[0,0,0,0,0,0,0,0,-10,28,-10,27,-12,30,-14,30,-15,30,-16,32,-18,30,-18,28,-21,30,-21,27,-20,29,-20,26,-21,28,-20,29,-18,29,-17,31,-16,29,-15,34,-12,31,-12,30,-11,32,-10,34,-10,33,-9,36,-8,37,-6,36,-5,38,-6,36,0,0,-7,41,-4,40,-3,37,-2,38,-2,35,-1,37,-1,34,-1,33,1,35,5,37,7,35,8,31,9,32,9,30,10,31,12,30,12,31,12,31,12,31,10,31,10,33,10,31,8,30,8,31,7,30,4,30,2,25,2,27,0,0,0,0,0,0]"
CSI_DATA,505086,1a:00:00:00:00:00,-56,11,-95,4,43,6,505086,47,0,128,0,"[0,0,0,0,0,0,0,0,30,8,29,9,30,11,30,14,32,16,32,17,30,19,28,20,29,22,22,24,27,23,23,26,26,23,26,25,27,23,27,23,23,23,29,23,25,20,25,21,27,20,29,23,28,22,29,22,30,24,33,23,34,23,30,22,0,0,32,25,33,24,31,24,32,24,30,21,30,24,28,23,27,21,28,21,31,21,31,17,28,16,31,16,27,15,30,14,29,14,31,15,29,17,29,16,27,18,27,19,25,19,26,21,25,20,21,22,19,22,16,22,15,21,0,0,0,0,0,0]"
CSI_DATA,507086,1a:00:00:00:00:00,-56,11,-95,4,43,6,507086,47,0,128,0,"[0,0,0,0,0,0,0,0,31,-3,30,-2,32,-2,34,0,35,1,36,1,36,2,34,2,37,3,34,5,36,3,34,6,35,2,35,2,35,1,37,-2,33,-2,37,-7,33,-7,33,-7,33,-9,35,-10,33,-11,34,-13,34,-15,35,-16,35,-18,34,-17,0,0,35,-20,34,-20,33,-22,31,-24,29,-22,30,-24,26,-24,26,-22,23,-24,24,-28,21,-30,19,-28,19,-29,16,-26,14,-31,13,-30,13,-31,14,-30,13,-32,13,-29,12,-32,13,-29,15,-28,13,-28,15,-27,14,-26,14,-22,14,-21,0,0,0,0,0,0]"
CSI_DATA,509086,1a:00:00:00:00:00,-56,11,-95,4,42,6,509086,47,0,128,0,"[0,0,0,0,0,0,0,0,-7,-26,-6,-26,-5,-28,-5,-30,-2,-30,-3,-32,0,-33,1,-31,3,-33,6,-30,3,-31,6,-31,4,-32,5,-33,3,-31,1,-31,2,-30,-1,-33,-1,-30,1,-30,-1,-31,0,-32,-2,-31,-3,-33,-3,-34,-5,-34,-5,-35,-3,-35,0,0,-4,-35,-6,-35,-5,-33,-6,-36,-5,-31,-6,-34,-6,-31,-4,-30,-6,-28,-9,-31,-11,-31,-11,-28,-10,-29,-11,-26,-13,-28,-14,-26,-15,-27,-12,-28,-12,-29,-10,-27,-10,-28,-9,-26,-8,-27,-8,-28,-6,-26,-4,-26,-2,-23,-1,-23,0,0,0,0,0,0]"
CSI_DATA,511086,1a:00:00:00:00:00,-56,11,-95,4,42,6,511086,47,0,128,0,"[0,0,0,0,0,0,0,0,-26,10,-25,8,-28,7,-29,6,-30,2,-33,1,-33,-2,-31,-5,-33,-6,-28,-8,-31,-8,-30,-10,-30,-9,-31,-10,-29,-10,-31,-8,-29,-9,-32,-9,-29,-8,-28,-8,-31,-9,-31,-10,-31,-11,-32,-12,-32,-11,-33,-9,-34,-11,-30,-11,0,0,-33,-12,-33,-14,-31,-14,-32,-13,-30,-14,-32,-16,-30,-13,-27,-15,-26,-13,-29,-12,-30,-11,-27,-12,-29,-12,-26,-11,-28,-10,-27,-9,-29,-12,-27,-12,-27,-13,-25,-16,-25,-16,-23,-15,-22,-17,-22,-18,-20,-19,-17,-20,-14,-18,-13,-21,0,0,0,0,0,0]"
CSI_DATA,513086,1a:00:00:00:00:00,-56,11,-95,4,42,6,513086,47,0,128,0,"[0,0,0,0,0,0,0,0,-22,16,-21,15,-24,17,-26,15,-27,14,-28,14,-29,13,-29,12,-32,13,-30,9,-30,11,-30,8,-31,13,-30,13,-29,12,-28,14,-26,14,-29,18,-25,16,-26,16,-26,17,-27,18,-26,19,-26,19,-27,23,-25,22,-26,25,-27,25,0,0,-27,26,-27,26,-24,24,-25,27,-22,23,-23,26,-21,24,-20,23,-18,26,-16,29,-15,30,-13,27,-14,29,-11,25,-13,29,-10,27,-10,28,-10,27,-11,29,-12,27,-12,29,-13,25,-12,26,-12,26,-13,24,-14,22,-14,18,-15,17,0,0,0,0,0,0]"
CSI_DATA,515086,1a:00:00:00:00:00,-56,11,-95,4,42,6,515086,47,0,128,0,"[0,0,0,0,0,0,0,0,19,19,17,20,17,24,17,26,15,27,15,29,13,30,10,29,9,33,5,30,8,31,6,30,7,33,6,32,7,30,9,31,8,29,9,31,9,30,7,30,9,29,9,31,9,32,9,31,9,34,11,32,11,33,9,35,0,0,11,36,10,36,9,35,9,34,8,31,8,34,8,30,7,29,9,30,12,30,11,30,11,28,12,29,11,26,11,27,12,27,13,28,11,28,11,29,9,29,8,29,7,27,6,29,5,28,3,27,0,27,-2,23,-2,23,0,0,0,0,0,0]"
CSI_DATA,517086,1a:00:00:00:00:00,-56,11,-95,4,42,6,517086,47,0,128,0,"[0,0,0,0,0,0,0,0,24,14,23,15,25,16,25,18,24,20,26,21,25,22,23,20,25,22,21,22,23,22,22,22,24,22,25,21,25,19,27,20,25,17,30,16,27,15,27,14,29,13,30,14,31,12,32,11,32,9,34,6,36,7,33,7,0,0,35,5,37,6,35,5,36,4,32,2,35,2,33,0,30,0,31,-1,33,-4,31,-6,30,-8,29,-9,27,-9,29,-10,25,-11,28,-12,27,-12,27,-13,26,-11,27,-12,27,-11,27,-12,26,-10,25,-9,25,-7,23,-4,22,-4,0,0,0,0,0,0]"
CSI_DATA,519086,1a:00:00:00:00:00,-56,11,-95,4,43,6,519086,47,0,128,0,"[0,0,0,0,0,0,0,0,12,-29,13,-27,16,-29,18,-29,20,-28,21,-29,24,-27,25,-25,26,-27,27,-23,27,-26,26,-23,26,-25,27,-24,26,-25,25,-26,24,-25,24,-28,23,-25,22,-26,22,-26,22,-27,23,-27,22,-29,22,-32,22,-32,22,-33,25,-33,0,0,23,-34,22,-34,22,-32,23,-34,18,-29,20,-33,20,-30,18,-28,18,-30,17,-33,15,-33,12,-31,12,-33,11,-29,12,-32,11,-31,10,-31,11,-32,11,-33,12,-30,13,-31,14,-29,14,-28,14,-27,17,-26,18,-24,17,-20,18,-19,0,0,0,0,0,0]"
CSI_DATA,521086,1a:00:00:00:00:00,-56,11,-95,4,43,6,521086,47,0,128,0,"[0,0,0,0,0,0,0,0,-31,-8,-30,-10,-30,-12,-30,-16,-30,-17,-32,-20,-28,-22,-25,-24,-26,-27,-21,-27,-22,-27,-20,-27,-22,-28,-21,-29,-20,-28,-22,-27,-19,-29,-23,-30,-21,-26,-19,-28,-21,-28,-21,-29,-21,-29,-22,-29,-22,-31,-23,-30,-24,-33,-19,-32,0,0,-22,-34,-20,-33,-21,-34,-18,-35,-18,-31,-17,-34,-16,-32,-14,-32,-14,-31,-16,-31,-17,-30,-18,-29,-17,-31,-16,-28,-18,-29,-15,-27,-18,-29,-14,-30,-14,-31,-10,-30,-10,-32,-9,-32,-8,-30,-7,-30,-3,-29,-1,-29,2,-26,2,-25,0,0,0,0,0,0]"
CSI_DATA,523086,1a:00:00:00:00:00,-56,11,-95,4,43,6,523086,47,0,128,0,"[0,0,0,0,0,0,0,0,-31,4,-30,2,-32,3,-34,1,-36,-2,-36,-3,-35,-5,-35,-4,-37,-7,-33,-7,-35,-6,-34,-6,-35,-5,-35,-5,-36,-5,-35,-2,-34,-3,-38,-1,-34,-2,-32,-1,-35,0,-36,2,-34,4,-37,3,-37,6,-38,7,-38,9,-36,7,0,0,-39,10,-40,7,-38,8,-39,9,-33,8,-37,11,-34,10,-33,10,-32,11,-31,17,-31,17,-28,15,-30,16,-27,16,-27,17,-26,17,-27,20,-27,20,-27,20,-27,17,-27,18,-27,15,-27,15,-28,15,-25,14,-26,12,-26,7,-24,6,0,0,0,0,0,0]"
CSI_DATA,525086,1a:00:00:00:00:00,-56,11,-95,4,43,6,525086,47,0,128,0,"[0,0,0,0,0,0,0,0,9,30,7,29,5,32,2,35,-1,35,0,36,-4,35,-7,34,-6,36,-10,33,-9,35,-10,32,-10,34,-10,34,-8,33,-8,35,-8,33,-10,36,-9,33,-10,33,-8,33,-8,34,-6,35,-7,36,-8,37,-8,37,-9,39,-9,37,0,0,-9,39,-11,39,-10,36,-11,38,-10,33,-10,35,-10,33,-9,31,-9,33,-5,36,-6,35,-5,31,-5,33,-4,30,-6,32,-5,31,-4,32,-6,32,-7,34,-7,31,-7,32,-10,29,-10,30,-12,28,-13,28,-16,26,-16,20,-16,19,0,0,0,0,0,0]"
CSI_DATA,527086,1a:00:00:00:00:00,-56,11,-95,4,43,6,527086,47,0,128,0,"[0,0,0,0,0,0,0,0,17,27,15,26,14,29,14,29,14,32,14,33,12,34,10,32,12,35,8,33,10,33,9,34,12,33,13,34,15,32,16,31,15,30,20,32,18,28,17,28,20,29,21,29,22,27,24,26,25,28,29,26,30,26,27,28,0,0,30,26,30,23,31,24,33,23,30,20,31,21,29,20,30,17,28,15,34,13,32,9,30,8,33,9,30,8,32,6,30,5,32,4,31,4,32,4,31,5,31,5,31,5,31,5,30,4,28,7,27,8,23,8,25,8,0,0,0,0,0,0]"
CSI_DATA,531086,1a:00:00:00:00:00,-56,11,-95,4,43,6,531086,47,0,128,0,"[0,0,0,0,0,0,0,0,-22,-21,-20,-21,-19,-24,-17,-28,-17,-29,-15,-32,-11,-34,-10,-32,-8,-36,-4,-32,-6,-34,-4,-32,-4,-36,-3,-35,-4,-33,-4,-34,-2,-32,-4,-37,-2,-34,0,-32,-2,-33,-1,-34,-2,-33,0,-35,-4,-36,-3,-37,-3,-38,0,-38,0,0,1,-38,2,-38,2,-37,4,-38,2,-33,4,-36,4,-34,5,-32,4,-32,3,-34,2,-33,2,-31,2,-32,1,-28,4,-32,3,-31,4,-31,4,-32,6,-31,8,-29,8,-32,10,-27,11,-27,12,-26,14,-24,14,-22,16,-17,17,-18,0,0,0,0,0,0]"
CSI_DATA,537086,1a:00:00:00:00:00,-57,11,-95,4,43,6,537086,47,0,128,0,"[0,0,0,0,0,0,0,0,0,30,-1,30,-1,30,-2,31,-4,33,-4,34,-7,33,-7,31,-8,35,-9,31,-9,32,-8,33,-8,35,-6,33,-4,32,-3,34,-2,31,-1,36,-2,31,-1,32,2,32,3,34,5,35,5,33,7,36,9,34,10,37,10,34,0,0,11,36,12,36,12,35,12,36,11,30,15,34,15,30,15,28,15,28,20,28,19,27,19,24,21,24,20,21,21,23,21,21,23,21,22,21,23,22,21,20,22,21,20,19,20,20,20,19,19,21,15,20,13,20,12,19,0,0,0,0,0,0]"
CSI_DATA,543086,1a:00:00:00:00:00,-57,11,-95,4,43,6,543086,47,0,128,0,"[0,0,0,0,0,0,0,0,-19,-21,-17,-23,-19,-24,-17,-26,-16,-29,-18,-30,-14,-31,-13,-31,-13,-33,-10,-31,-10,-31,-11,-31,-11,-32,-12,-31,-14,-29,-15,-30,-14,-29,-16,-30,-14,-28,-13,-28,-16,-28,-18,-29,-18,-27,-18,-27,-21,-28,-21,-28,-23,-28,-19,-28,0,0,-23,-29,-23,-29,-22,-27,-23,-28,-21,-24,-23,-26,-22,-24,-22,-23,-21,-22,-24,-22,-25,-19,-24,-17,-26,-17,-24,-16,-24,-16,-24,-15,-26,-15,-25,-15,-26,-15,-23,-16,-24,-17,-22,-16,-24,-16,-21,-16,-20,-18,-18,-18,-14,-17,-14,-17,0,0,0,0,0,0]"
CSI_DATA,547086,1a:00:00:00:00:00,-57,11,-95,4,43,6,547086,47,0,128,0,"[0,0,0,0,0,0,0,0,-15,26,-14,25,-16,26,-17,26,-19,26,-21,27,-23,24,-23,24,-23,26,-24,22,-23,24,-22,22,-23,25,-23,26,-20,25,-19,26,-18,24,-19,29,-16,26,-17,26,-15,28,-14,30,-12,30,-13,30,-12,33,-11,33,-10,34,-10,34,0,0,-8,35,-9,35,-9,34,-9,35,-8,31,-5,34,-5,31,-3,29,-2,30,1,31,2,32,4,29,4,29,5,27,6,30,6,28,7,28,7,29,8,29,7,27,8,29,6,28,5,27,6,26,5,25,3,25,1,24,0,23,0,0,0,0,0,0]"
CSI_DATA,553794,1a:00:00:00:00:00,-57,11,-95,4,43,6,553794,47,0,128,0,"[0,0,0,0,0,0,0,0,-30,1,-28,-1,-31,-1,-33,-3,-32,-5,-34,-6,-33,-8,-30,-11,-32,-12,-27,-14,-31,-12,-28,-16,-30,-14,-31,-15,-29,-14,-31,-12,-30,-13,-33,-10,-30,-9,-28,-10,-30,-10,-30,-10,-31,-10,-34,-9,-34,-10,-34,-8,-36,-11,-32,-11,0,0,-37,-10,-36,-9,-34,-8,-34,-8,-32,-8,-33,-8,-31,-7,-29,-8,-30,-5,-32,-4,-31,-1,-29,-3,-31,-2,-29,-2,-28,1,-28,2,-30,1,-27,-1,-28,-1,-27,-3,-30,-3,-28,-4,-27,-6,-27,-4,-25,-6,-26,-9,-20,-9,-21,-9,0,0,0,0,0,0]"
CSI_DATA,557086,1a:00:00:00:00:00,-57,11,-95,4,43,6,557086,47,0,128,0,"[0,0,0,0,0,0,0,0,-26,14,-26,13,-28,13,-30,13,-32,12,-33,13,-33,10,-33,9,-33,11,-31,8,-33,10,-32,6,-33,7,-34,8,-32,9,-32,11,-31,10,-32,16,-29,14,-28,13,-30,15,-28,16,-27,18,-29,19,-30,21,-28,21,-29,21,-29,20,0,0,-28,26,-28,24,-27,23,-26,25,-23,22,-23,26,-20,23,-19,23,-18,25,-17,27,-17,27,-16,24,-16,26,-12,26,-12,27,-10,28,-10,27,-10,27,-10,29,-10,27,-10,29,-11,26,-12,25,-12,25,-13,23,-13,23,-13,19,-13,18,0,0,0,0,0,0]"
CSI_DATA,563086,1a:00:00:00:00:00,-57,11,-95,4,43,6,563086,47,0,128,0,"[0,0,0,0,0,0,0,0,11,-29,13,-26,16,-28,18,-28,20,-28,22,-31,22,-26,24,-26,23,-26,24,-25,25,-26,24,-23,26,-24,26,-24,23,-24,24,-24,22,-25,25,-28,22,-26,21,-24,20,-28,20,-28,17,-28,18,-29,20,-31,19,-31,19,-31,19,-31,0,0,20,-35,20,-31,18,-32,16,-32,17,-29,15,-32,15,-29,12,-29,13,-30,11,-33,10,-32,10,-29,10,-30,7,-29,7,-28,7,-30,6,-29,7,-29,6,-32,7,-28,7,-30,8,-27,9,-27,11,-26,12,-24,13,-24,12,-21,14,-19,0,0,0,0,0,0]"
CSI_DATA,569086,1a:00:00:00:00:00,-56,11,-95,4,43,6,569086,47,0,128,0,"[0,0,0,0,0,0,0,0,5,30,3,30,2,34,0,35,-3,34,-4,36,-7,34,-9,34,-10,37,-12,32,-11,34,-14,31,-14,33,-14,33,-12,31,-12,32,-12,31,-12,35,-10,32,-11,31,-10,33,-11,33,-9,34,-9,35,-10,35,-11,36,-11,38,-13,35,0,0,-11,38,-13,36,-11,36,-11,35,-10,34,-10,35,-9,33,-10,30,-8,32,-8,33,-8,32,-6,30,-7,31,-5,30,-6,31,-6,30,-3,31,-6,30,-6,32,-7,29,-7,31,-7,29,-9,27,-11,27,-14,25,-14,25,-14,20,-15,19,0,0,0,0,0,0]"
CSI_DATA,573086,1a:00:00:00:00:00,-56,11,-95,4,43,6,573086,47,0,128,0,"[0,0,0,0,0,0,0,0,24,-20,26,-17,27,-18,29,-19,30,-16,34,-16,34,-13,34,-12,35,-14,33,-11,34,-11,32,-9,35,-8,35,-9,33,-9,34,-10,32,-10,34,-14,32,-12,30,-11,32,-13,32,-15,30,-17,32,-16,33,-18,33,-17,34,-16,35,-16,0,0,35,-22,36,-18,35,-17,35,-18,31,-17,32,-20,28,-18,27,-18,27,-21,26,-25,28,-21,25,-20,26,-20,21,-21,23,-21,22,-22,23,-23,22,-22,22,-24,21,-21,23,-23,22,-18,24,-19,24,-16,24,-14,24,-14,23,-8,23,-9,0,0,0,0,0,0]"
CSI_DATA,579086,1a:00:00:00:00:00,-56,11,-95,4,43,6,579086,47,0,128,0,"[0,0,0,0,0,0,0,0,-12,30,-15,27,-17,29,-19,30,-22,27,-24,30,-24,26,-27,26,-27,26,-27,22,-28,24,-28,20,-30,22,-32,20,-28,19,-28,20,-27,21,-29,23,-28,22,-26,20,-27,21,-26,24,-25,24,-26,23,-28,24,-29,23,-30,27,-30,24,0,0,-31,26,-31,23,-31,22,-31,24,-28,21,-29,24,-26,21,-26,21,-26,21,-27,23,-27,23,-24,21,-24,20,-22,21,-22,22,-23,23,-22,22,-23,23,-24,24,-22,20,-25,21,-24,18,-24,16,-25,14,-26,10,-25,11,-23,6,-23,7,0,0,0,0,0,0]"
CSI_DATA,583086,1a:00:00:00:00:00,-56,11,-95,4,43,6,583086,47,0,128,0,"[0,0,0,0,0,0,0,0,30,-8,32,-4,33,-4,35,-4,35,1,37,1,36,3,36,4,38,5,34,8,35,6,33,8,35,8,35,8,35,8,36,7,34,6,38,4,33,4,31,4,35,4,37,2,35,0,36,0,37,3,38,3,40,2,38,1,0,0,42,2,39,2,39,1,39,-1,36,1,37,-1,34,-1,34,0,32,-2,33,-4,34,-5,31,-4,33,-4,30,-6,31,-6,31,-7,31,-7,30,-7,30,-9,29,-6,32,-7,29,-4,30,-2,29,0,29,2,27,2,23,5,24,6,0,0,0,0,0,0]"
CSI_DATA,589086,1a:00:00:00:00:00,-56,11,-95,4,43,6,589086,47,0,128,0,"[0,0,0,0,0,0,0,0,-21,24,-22,20,-26,22,-28,23,-29,19,-31,20,-33,15,-33,14,-33,15,-32,11,-34,12,-33,7,-34,9,-35,8,-34,8,-34,10,-33,10,-34,11,-32,11,-31,10,-33,10,-34,12,-32,11,-34,11,-35,11,-36,10,-38,12,-36,9,0,0,-39,13,-38,10,-37,9,-35,11,-33,8,-35,9,-33,7,-32,8,-32,8,-33,9,-32,10,-30,9,-31,9,-28,12,-30,10,-29,12,-28,12,-30,9,-29,11,-29,8,-30,8,-29,6,-29,3,-28,2,-28,-1,-27,0,-22,-5,-24,-5,0,0,0,0,0,0]"
CSI_DATA,595086,1a:00:00:00:00:00,-57,11,-95,4,43,6,595086,47,0,128,0,"[0,0,0,0,0,0,0,0,1,-30,3,-29,6,-33,8,-34,10,-31,13,-35,15,-32,18,-30,19,-31,21,-26,22,-29,24,-24,23,-25,26,-26,23,-25,24,-26,24,-23,24,-28,23,-25,21,-24,24,-25,24,-24,24,-24,25,-24,26,-26,27,-25,28,-26,29,-24,0,0,31,-25,29,-22,28,-22,30,-20,28,-20,30,-19,29,-18,28,-15,27,-18,26,-20,26,-19,23,-17,26,-17,24,-15,24,-17,24,-18,26,-17,27,-15,26,-14,27,-12,28,-12,28,-9,27,-7,27,-8,28,-4,27,-2,22,1,24,2,0,0,0,0,0,0]"
CSI_DATA,599086,1a:00:00:00:00:00,-57,11,-95,4,43,6,599086,47,0,128,0,"[0,0,0,0,0,0,0,0,-29,14,-28,11,-29,10,-31,9,-34,6,-37,6,-36,3,-34,0,-36,-1,-32,-3,-36,-3,-33,-6,-34,-6,-35,-6,-33,-6,-34,-5,-32,-6,-35,-3,-33,-3,-31,-5,-33,-4,-35,-4,-34,-4,-33,-3,-36,-4,-36,-5,-38,-7,-35,-7,0,0,-37,-5,-36,-7,-36,-7,-34,-6,-32,-8,-34,-7,-32,-7,-30,-8,-32,-6,-33,-5,-32,-4,-30,-4,-31,-5,-28,-4,-29,-4,-29,-3,-29,-4,-29,-6,-30,-5,-27,-7,-28,-7,-27,-8,-27,-10,-25,-11,-23,-13,-22,-12,-18,-14,-17,-15,0,0,0,0,0,0]"
CSI_DATA,605086,1a:00:00:00:00:00,-57,11,-95,4,43,6,605086,47,0,128,0,"[0,0,0,0,0,0,0,0,12,-26,14,-26,16,-27,19,-27,22,-25,24,-27,25,-22,27,-19,29,-19,29,-15,30,-17,30,-12,30,-15,31,-13,31,-12,31,-14,31,-13,32,-16,30,-13,28,-11,30,-12,31,-11,32,-10,32,-11,34,-11,32,-10,36,-11,31,-8,0,0,37,-10,34,-6,35,-7,35,-7,33,-4,36,-3,32,-2,30,-1,30,-4,30,-5,30,-5,29,-3,30,-5,28,-3,28,-5,29,-4,29,-4,29,-2,29,-1,29,2,28,2,28,5,27,6,26,5,25,9,23,11,18,11,18,12,0,0,0,0,0,0]"
CSI_DATA,611086,1a:00:00:00:00:00,-57,11,-95,4,43,6,611086,47,0,128,0,"[0,0,0,0,0,0,0,0,-27,12,-26,10,-29,11,-32,10,-31,8,-34,10,-33,7,-32,5,-34,5,-32,1,-33,5,-31,2,-34,6,-35,4,-32,5,-33,9,-31,7,-32,11,-29,12,-28,11,-29,11,-29,12,-29,13,-30,15,-31,16,-29,17,-31,19,-30,17,0,0,-32,24,-29,20,-29,21,-27,20,-25,18,-27,22,-25,19,-23,20,-23,23,-22,24,-20,25,-18,22,-17,24,-14,24,-14,25,-14,26,-13,26,-12,25,-13,25,-14,24,-14,26,-14,24,-14,23,-14,21,-16,22,-16,20,-15,16,-14,16,0,0,0,0,0,0]"
CSI_DATA,615086,1a:00:00:00:00:00,-57,11,-95,4,43,6,615086,47,0,128,0,"[0,0,0,0,0,0,0,0,25,15,24,16,25,16,25,17,27,21,27,21,27,22,25,21,26,23,22,23,25,23,23,24,26,21,25,22,26,21,27,19,26,18,31,16,28,14,29,14,29,12,30,13,32,10,32,10,33,10,34,8,35,7,34,8,0,0,36,4,37,2,35,1,37,1,32,1,33,-1,31,0,29,-2,28,-4,30,-6,29,-9,29,-9,29,-11,25,-11,26,-14,24,-13,25,-15,23,-14,25,-16,24,-13,25,-14,24,-14,25,-12,23,-13,23,-11,22,-11,21,-8,21,-9,0,0,0,0,0,0]"
CSI_DATA,621086,1a:00:00:00:00:00,-57,11,-95,4,43,6,621086,47,0,128,0,"[0,0,0,0,0,0,0,0,-28,4,-29,1,-30,2,-32,1,-31,0,-35,0,-32,-3,-33,-4,-34,-4,-30,-7,-33,-4,-31,-8,-32,-5,-34,-8,-31,-5,-33,-3,-32,-3,-34,1,-31,1,-30,2,-32,3,-33,3,-32,5,-32,4,-34,6,-34,6,-36,6,-33,8,0,0,-36,10,-35,9,-34,10,-32,11,-31,10,-32,11,-30,11,-29,11,-27,14,-26,16,-26,16,-25,15,-25,16,-22,17,-21,19,-21,20,-21,19,-22,19,-21,19,-20,18,-23,18,-20,17,-21,17,-20,15,-23,15,-21,13,-19,10,-20,10,0,0,0,0,0,0]"
CSI_DATA,625086,1a:00:00:00:00:00,-57,11,-95,4,43,6,625086,47,0,128,0,"[0,0,0,0,0,0,0,0,18,23,18,23,17,25,17,25,16,28,19,29,16,29,16,30,15,30,10,30,15,29,13,30,16,29,16,30,18,28,19,28,18,27,23,26,21,25,21,22,22,22,24,23,24,22,26,22,28,21,31,19,29,19,29,20,0,0,33,18,31,17,32,15,32,14,30,13,32,13,29,13,30,9,27,10,30,7,31,3,30,2,30,1,28,-1,28,-1,28,-1,28,-5,29,-3,28,-3,28,-2,27,-3,28,-2,27,-1,26,-2,26,-1,25,0,21,2,22,0,0,0,0,0,0,0]"
CSI_DATA,631086,1a:00:00:00:00:00,-57,11,-95,4,43,6,631086,47,0,128,0,"[0,0,0,0,0,0,0,0,-29,-4,-28,-7,-31,-7,-30,-10,-30,-11,-33,-11,-32,-14,-28,-14,-30,-17,-26,-17,-29,-16,-28,-18,-29,-15,-28,-16,-29,-15,-30,-13,-28,-13,-33,-11,-29,-9,-28,-9,-31,-9,-31,-7,-31,-8,-33,-6,-32,-6,-35,-6,-35,-6,-34,-6,0,0,-34,-1,-38,-3,-34,-2,-34,-1,-31,-2,-34,-2,-32,-1,-30,-2,-30,2,-31,4,-31,6,-28,5,-30,7,-27,7,-28,10,-26,9,-28,11,-27,8,-28,10,-26,8,-28,8,-26,7,-27,7,-27,7,-26,6,-24,2,-23,1,-22,2,0,0,0,0,0,0]"
CSI_DATA,635086,1a:00:00:00:00:00,-57,11,-95,4,43,6,635086,47,0,128,0,"[0,0,0,0,0,0,0,0,9,27,9,27,8,30,7,31,6,33,6,35,4,34,3,33,3,35,0,32,2,32,2,33,2,34,4,33,7,33,7,32,7,31,11,32,10,29,9,29,14,30,13,31,13,30,16,29,17,32,20,29,21,30,18,30,0,0,22,31,24,27,23,27,23,27,24,23,25,23,22,23,22,20,22,22,26,20,28,18,25,14,27,13,25,12,26,12,27,10,27,8,27,10,28,10,26,11,27,10,26,9,26,9,26,8,24,9,23,10,20,10,20,10,0,0,0,0,0,0]"
CSI_DATA,641086,1a:00:00:00:00:00,-57,11,-95,4,43,6,641086,47,0,128,0,"[0,0,0,0,0,0,0,0,-25,-15,-24,-16,-25,-17,-24,-19,-25,-21,-28,-22,-24,-24,-21,-24,-22,-26,-17,-26,-21,-24,-19,-25,-23,-24,-21,-25,-22,-24,-25,-22,-22,-23,-27,-22,-24,-19,-24,-19,-25,-20,-26,-21,-25,-19,-27,-20,-29,-19,-30,-17,-30,-17,-30,-19,0,0,-31,-17,-34,-16,-31,-15,-31,-15,-30,-13,-31,-15,-31,-14,-28,-13,-28,-10,-30,-9,-30,-7,-29,-7,-31,-6,-29,-4,-28,-3,-28,-2,-30,-1,-30,-3,-29,-4,-29,-5,-29,-4,-27,-4,-28,-5,-28,-4,-25,-5,-25,-8,-22,-9,-21,-9,0,0,0,0,0,0]"
CSI_DATA,647086,1a:00:00:00:00:00,-57,11,-95,4,43,6,647086,47,0,128,0,"[0,0,0,0,0,0,0,0,29,-4,29,-1,31,-1,30,2,33,4,33,5,33,8,31,9,32,11,29,13,31,12,30,13,31,11,31,12,31,12,32,10,30,12,33,9,31,9,30,8,31,9,33,9,32,9,33,8,33,8,35,5,37,5,32,4,0,0,37,6,37,9,35,6,35,7,31,6,35,7,32,7,30,6,31,6,34,2,32,0,29,1,31,0,28,-1,29,1,28,-2,31,-1,29,-1,30,0,29,2,29,1,29,3,29,2,29,3,26,5,25,4,22,8,21,8,0,0,0,0,0,0]"
CSI_DATA,651091,1a:00:00:00:00:00,-57,11,-95,4,43,6,651091,47,0,128,0,"[0,0,0,0,0,0,0,0,-9,-29,-7,-27,-7,-30,-6,-31,-4,-32,-3,-33,-1,-33,1,-34,1,-33,2,-31,4,-33,3,-31,1,-34,2,-34,-1,-33,-1,-34,0,-31,-4,-34,-2,-32,-1,-31,-5,-32,-5,-32,-7,-32,-5,-34,-8,-34,-11,-34,-10,-32,-7,-35,0,0,-10,-35,-10,-35,-11,-34,-11,-33,-9,-31,-12,-34,-12,-30,-11,-29,-11,-28,-14,-30,-18,-28,-16,-25,-17,-26,-16,-22,-18,-24,-17,-23,-20,-23,-18,-24,-18,-25,-16,-24,-17,-24,-16,-24,-15,-24,-15,-22,-13,-24,-11,-23,-7,-22,-9,-22,0,0,0,0,0,0]"
CSI_DATA,656200,1a:00:00:00:00:00,-57,11,-95,4,43,6,656200,47,0,128,0,"[0,0,0,0,0,0,0,0,28,12,25,13,27,14,27,18,27,18,28,19,27,21,24,22,26,24,20,24,23,24,21,25,23,25,23,25,25,23,25,22,23,20,29,21,26,19,24,18,27,19,28,19,28,20,28,17,30,19,31,18,32,19,31,18,0,0,32,18,32,17,32,14,33,16,30,13,31,16,30,13,28,13,29,11,32,8,30,8,28,7,31,7,28,6,29,3,28,3,31,4,30,5,30,4,28,6,29,7,28,7,28,8,28,8,26,8,25,10,21,11,22,11,0,0,0,0,0,0]"
CSI_DATA,661087,1a:00:00:00:00:00,-57,11,-95,4,43,6,661087,47,0,128,0,"[0,0,0,0,0,0,0,0,-7,-28,-5,-27,-4,-31,-2,-31,0,-33,1,-34,4,-33,4,-33,5,-34,7,-33,6,-33,5,-32,6,-33,5,-34,4,-32,1,-34,3,-33,2,-36,3,-32,2,-30,1,-33,-2,-32,-2,-34,-2,-33,-3,-36,-6,-34,-6,-37,-4,-37,0,0,-7,-36,-5,-37,-5,-34,-6,-36,-5,-32,-7,-35,-7,-32,-7,-29,-6,-31,-10,-31,-12,-31,-13,-28,-13,-29,-14,-25,-13,-27,-14,-26,-16,-27,-14,-26,-15,-28,-13,-27,-13,-27,-12,-27,-12,-27,-11,-26,-8,-27,-7,-27,-4,-25,-4,-23,0,0,0,0,0,0]"
CSI_DATA,667087,1a:00:00:00:00:00,-57,11,-95,4,43,6,667087,47,0,128,0,"[0,0,0,0,0,0,0,0,26,15,24,16,24,19,24,22,24,23,24,25,20,28,20,27,20,29,15,30,16,29,15,29,17,30,17,30,17,28,18,28,17,28,18,30,16,27,15,27,19,27,19,29,18,27,21,28,21,29,23,29,24,29,20,31,0,0,21,29,21,29,22,30,21,32,21,28,21,29,21,26,19,26,20,26,26,24,22,23,23,21,22,22,21,20,21,22,23,21,23,20,22,22,22,22,20,23,21,24,19,23,19,24,18,24,14,24,13,24,8,22,9,23,0,0,0,0,0,0]"
CSI_DATA,673087,1a:00:00:00:00:00,-57,11,-95,4,43,6,673087,47,0,128,0,"[0,0,0,0,0,0,0,0,-30,3,-28,1,-30,0,-31,-2,-33,-6,-35,-8,-34,-10,-31,-13,-33,-13,-29,-16,-30,-15,-29,-16,-30,-17,-30,-18,-29,-16,-29,-17,-27,-17,-30,-18,-28,-17,-26,-17,-28,-17,-30,-17,-29,-17,-30,-17,-31,-16,-32,-18,-34,-19,-30,-19,0,0,-32,-18,-32,-21,-29,-20,-31,-22,-28,-20,-30,-22,-27,-19,-25,-21,-25,-19,-27,-19,-28,-18,-26,-16,-27,-18,-26,-15,-26,-17,-26,-16,-27,-17,-25,-18,-27,-18,-23,-19,-24,-20,-21,-21,-21,-22,-21,-24,-16,-24,-13,-23,-10,-23,-11,-23,0,0,0,0,0,0]"
CSI_DATA,677087,1a:00:00:00:00:00,-57,11,-95,4,43,6,677087,47,0,128,0,"[0,0,0,0,0,0,0,0,18,24,16,25,16,27,15,29,13,32,13,33,10,34,7,32,6,37,3,32,4,35,4,32,3,34,4,35,4,34,6,34,5,31,7,36,6,32,3,33,4,32,7,33,7,32,5,34,9,37,9,36,8,36,9,36,0,0,5,40,7,37,6,34,9,37,6,33,9,35,7,33,5,32,7,31,10,31,9,32,9,29,11,31,9,29,11,31,11,27,12,31,11,30,10,31,8,30,8,32,5,30,5,30,3,30,2,29,0,28,-2,25,-3,25,0,0,0,0,0,0]"
CSI_DATA,683087,1a:00:00:00:00:00,-57,11,-95,4,43,6,683087,47,0,128,0,"[0,0,0,0,0,0,0,0,-31,-6,-29,-8,-30,-11,-29,-13,-30,-17,-30,-19,-28,-23,-26,-23,-26,-25,-22,-25,-23,-25,-22,-27,-22,-27,-22,-28,-21,-27,-20,-26,-20,-25,-23,-28,-20,-24,-18,-27,-20,-27,-21,-26,-22,-26,-21,-27,-22,-29,-23,-28,-22,-31,-20,-30,0,0,-22,-33,-20,-32,-18,-31,-19,-34,-17,-28,-20,-32,-17,-28,-16,-26,-15,-28,-19,-30,-18,-29,-19,-26,-18,-27,-17,-24,-16,-28,-15,-26,-18,-27,-16,-28,-17,-28,-13,-27,-15,-29,-10,-28,-11,-29,-8,-29,-4,-28,-2,-28,2,-26,4,-24,0,0,0,0,0,0]"
CSI_DATA,687087,1a:00:00:00:00:00,-56,11,-95,4,43,6,687087,47,0,128,0,"[0,0,0,0,0,0,0,0,5,32,3,29,1,31,-1,33,-4,34,-6,35,-8,33,-10,33,-11,35,-13,32,-12,32,-14,32,-14,32,-14,32,-13,30,-13,31,-12,29,-13,34,-13,30,-14,29,-11,31,-10,32,-10,32,-12,33,-11,35,-11,35,-12,34,-13,33,0,0,-11,37,-15,36,-13,34,-15,35,-10,32,-12,35,-12,31,-12,29,-9,30,-9,33,-10,33,-8,29,-8,32,-6,29,-8,31,-7,31,-6,32,-7,31,-8,32,-9,29,-9,32,-11,28,-12,28,-14,27,-16,25,-14,23,-16,18,-17,19,0,0,0,0,0,0]"
CSI_DATA,693087,1a:00:00:00:00:00,-57,11,-95,4,43,6,693087,47,0,128,0,"[0,0,0,0,0,0,0,0,-24,-17,-22,-18,-21,-22,-21,-25,-19,-28,-18,-31,-14,-31,-14,-32,-12,-34,-8,-33,-8,-33,-8,-30,-9,-33,-7,-35,-8,-33,-8,-33,-6,-31,-7,-35,-6,-32,-4,-31,-6,-32,-6,-34,-7,-32,-4,-34,-8,-36,-8,-35,-6,-35,-4,-36,0,0,-5,-37,-1,-37,-2,-38,-2,-37,0,-34,-2,-36,-1,-34,0,-32,1,-34,-4,-35,-2,-35,-3,-31,-2,-32,-3,-30,-2,-32,0,-31,-2,-31,0,-31,0,-33,4,-31,3,-34,6,-30,6,-29,7,-28,12,-26,12,-25,14,-20,14,-20,0,0,0,0,0,0]"
CSI_DATA,697087,1a:00:00:00:00:00,-57,11,-95,4,43,6,697087,47,0,128,0,"[0,0,0,0,0,0,0,0,-3,30,-7,28,-9,31,-10,31,-13,30,-14,33,-17,29,-19,29,-19,29,-21,26,-21,27,-22,24,-22,25,-23,26,-22,25,-23,25,-22,25,-22,28,-21,27,-20,23,-20,26,-20,27,-20,28,-20,27,-23,29,-23,28,-23,30,-23,28,0,0,-21,31,-24,29,-24,27,-25,28,-22,25,-24,27,-21,25,-21,25,-21,26,-19,26,-20,27,-19,25,-19,25,-17,26,-18,26,-17,26,-17,26,-19,26,-19,28,-19,24,-21,25,-20,23,-22,21,-22,20,-24,16,-24,16,-22,10,-23,10,0,0,0,0,0,0]"
CSI_DATA,707087,1a:00:00:00:00:00,-57,11,-95,4,43,6,707087,47,0,128,0,"[0,0,0,0,0,0,0,0,-16,25,-17,22,-19,25,-21,25,-23,21,-27,24,-27,19,-29,18,-29,19,-28,15,-29,16,-30,14,-31,16,-33,14,-29,12,-30,13,-29,12,-32,15,-30,15,-29,14,-29,15,-31,17,-29,17,-30,16,-31,16,-32,17,-35,18,-33,16,0,0,-34,18,-34,14,-33,13,-32,15,-31,14,-34,15,-29,14,-29,13,-30,13,-31,15,-30,15,-28,14,-29,14,-27,17,-27,15,-27,15,-26,16,-29,15,-29,16,-28,13,-29,12,-30,10,-28,8,-28,7,-30,3,-29,2,-24,-1,-24,-2,0,0,0,0,0,0]"
CSI_DATA,713087,1a:00:00:00:00:00,-57,11,-95,4,43,6,713087,47,0,128,0,"[0,0,0,0,0,0,0,0,-6,-28,-3,-28,-2,-31,-1,-33,3,-32,4,-36,8,-31,10,-33,9,-33,12,-31,13,-31,15,-27,17,-31,17,-31,16,-28,18,-30,17,-28,16,-30,17,-29,16,-26,18,-29,16,-29,16,-29,19,-27,19,-31,19,-28,21,-31,22,-30,0,0,24,-34,25,-28,26,-28,24,-28,25,-25,24,-27,24,-25,23,-22,23,-25,21,-26,23,-24,21,-22,22,-23,20,-23,21,-22,22,-23,21,-23,24,-22,24,-22,23,-20,26,-20,25,-17,26,-15,26,-12,28,-9,29,-8,24,-3,25,-2,0,0,0,0,0,0]"
CSI_DATA,717087,1a:00:00:00:00:00,-57,11,-95,4,43,6,717087,47,0,128,0,"[0,0,0,0,0,0,0,0,-21,20,-23,17,-26,18,-28,18,-29,14,-31,16,-32,13,-32,10,-34,9,-33,5,-33,6,-33,2,-34,4,-34,3,-33,2,-33,3,-32,3,-34,7,-32,5,-31,5,-32,4,-33,5,-34,4,-34,6,-36,6,-36,4,-38,4,-35,1,0,0,-36,4,-37,4,-38,3,-36,4,-34,3,-35,2,-33,1,-31,1,-32,2,-34,3,-34,3,-31,3,-32,3,-30,4,-30,5,-31,5,-32,5,-30,4,-31,5,-30,2,-32,1,-31,-2,-29,-4,-29,-5,-29,-7,-27,-9,-22,-10,-22,-10,0,0,0,0,0,0]"
CSI_DATA,723087,1a:00:00:00:00:00,-57,11,-95,4,43,6,723087,47,0,128,0,"[0,0,0,0,0,0,0,0,28,-5,28,-3,31,-3,33,-4,31,-3,36,-3,33,-1,35,0,34,-2,33,0,34,-1,31,2,34,-1,36,-1,33,-3,34,-5,33,-7,34,-10,33,-10,29,-10,31,-12,31,-15,30,-15,30,-16,30,-18,30,-20,32,-21,31,-20,0,0,30,-24,28,-23,29,-23,27,-24,24,-25,24,-26,24,-26,21,-24,17,-27,16,-29,16,-30,15,-27,14,-30,11,-29,10,-30,8,-31,7,-30,8,-31,7,-31,7,-30,7,-32,8,-29,9,-29,8,-28,11,-27,10,-28,10,-22,11,-23,0,0,0,0,0,0]"
CSI_DATA,727087,1a:00:00:00:00:00,-57,11,-95,4,43,6,727087,47,0,128,0,"[0,0,0,0,0,0,0,0,-26,14,-26,12,-29,11,-31,10,-32,6,-37,6,-34,3,-35,1,-35,2,-33,-2,-35,-2,-31,-5,-33,-5,-33,-7,-33,-6,-32,-5,-33,-5,-35,-4,-33,-4,-29,-4,-34,-5,-34,-3,-33,-2,-34,-4,-35,-5,-37,-5,-37,-7,-35,-7,0,0,-38,-5,-37,-6,-38,-8,-35,-6,-34,-8,-37,-8,-33,-6,-32,-8,-33,-7,-34,-6,-33,-6,-30,-6,-31,-7,-30,-6,-30,-4,-31,-4,-30,-6,-31,-6,-31,-7,-28,-8,-31,-9,-28,-10,-25,-13,-26,-15,-23,-17,-23,-17,-17,-16,-17,-19,0,0,0,0,0,0]"
CSI_DATA,733087,1a:00:00:00:00:00,-57,11,-95,4,43,6,733087,47,0,128,0,"[0,0,0,0,0,0,0,0,29,7,27,9,30,7,32,10,32,13,33,12,31,12,32,13,32,14,29,16,32,15,28,16,31,13,31,14,31,12,33,10,33,9,35,7,34,4,30,5,34,4,35,2,34,2,36,0,37,0,36,-1,38,-4,36,-3,0,0,39,-9,36,-8,37,-8,34,-11,33,-10,34,-11,32,-11,30,-12,28,-13,28,-16,28,-18,26,-18,26,-19,22,-19,23,-21,21,-23,20,-23,22,-22,21,-23,21,-21,22,-23,21,-21,23,-19,21,-20,22,-18,23,-18,19,-13,20,-15,0,0,0,0,0,0]"
CSI_DATA,739087,1a:00:00:00:00:00,-57,11,-95,4,43,6,739087,47,0,128,0,"[0,0,0,0,0,0,0,0,-25,16,-24,16,-27,18,-29,16,-30,13,-31,15,-33,12,-31,11,-34,11,-33,9,-34,10,-32,7,-33,10,-33,9,-32,11,-31,14,-30,12,-32,17,-29,15,-27,15,-28,14,-29,17,-28,19,-28,18,-30,20,-28,21,-29,23,-28,23,0,0,-30,27,-31,25,-28,25,-26,26,-23,22,-26,24,-24,22,-23,23,-22,24,-22,29,-18,28,-16,26,-17,27,-13,26,-14,28,-12,28,-12,29,-11,27,-13,28,-15,27,-15,30,-15,26,-16,26,-15,25,-16,24,-16,22,-16,17,-16,18,0,0,0,0,0,0]"
CSI_DATA,745087,1a:00:00:00:00:00,-57,11,-95,4,43,6,745087,47,0,128,0,"[0,0,0,0,0,0,0,0,8,-27,10,-26,12,-29,15,-31,16,-29,19,-30,18,-29,20,-27,22,-27,22,-24,23,-27,23,-23,24,-25,24,-25,22,-24,22,-26,20,-25,20,-30,19,-27,18,-25,19,-27,18,-28,17,-28,19,-31,19,-30,17,-31,20,-32,19,-30,0,0,19,-35,19,-31,17,-32,16,-34,15,-28,15,-30,14,-27,14,-27,13,-29,12,-30,11,-30,10,-28,9,-31,7,-28,8,-29,7,-30,7,-30,8,-29,8,-30,10,-28,8,-29,10,-28,11,-26,11,-25,14,-25,15,-23,15,-19,15,-18,0,0,0,0,0,0]"
CSI_DATA,749087,1a:00:00:00:00:00,-57,11,-95,4,43,6,749087,47,0,128,0,"[0,0,0,0,0,0,0,0,-29,8,-28,6,-31,7,-33,6,-33,3,-36,2,-34,1,-33,-1,-34,-1,-33,-4,-34,-1,-32,-5,-33,-3,-34,-3,-32,-3,-33,1,-32,1,-33,4,-32,4,-31,3,-33,4,-32,5,-33,5,-33,8,-35,7,-34,9,-36,10,-35,9,0,0,-36,13,-35,12,-34,13,-34,13,-31,11,-32,13,-31,11,-28,11,-29,14,-29,18,-27,19,-25,17,-25,18,-24,17,-22,19,-22,21,-22,21,-23,19,-21,20,-23,18,-24,19,-23,18,-24,17,-23,17,-25,15,-24,13,-21,9,-21,10,0,0,0,0,0,0]"
CSI_DATA,751087,1a:00:00:00:00:00,-57,11,-95,4,43,6,751087,47,0,128,0,"[0,0,0,0,0,0,0,0,14,25,12,25,11,31,10,32,8,32,8,34,5,35,1,32,0,35,-4,32,-2,34,-4,31,-4,34,-5,35,-3,32,-2,34,-3,32,-1,35,-1,32,-2,31,0,32,-1,33,-3,33,-1,34,-2,36,-1,36,-3,37,-4,36,0,0,-3,39,-2,36,-2,35,-1,37,-3,32,-2,34,-4,32,-4,31,-4,32,-2,34,1,33,1,30,2,31,1,28,2,30,2,29,2,30,0,30,-1,30,-3,28,-4,30,-3,29,-5,29,-6,28,-8,27,-11,26,-9,21,-11,20,0,0,0,0,0,0]"
CSI_DATA,761087,1a:00:00:00:00:00,-57,11,-95,4,43,6,761087,47,0,128,0,"[0,0,0,0,0,0,0,0,11,28,9,27,7,30,4,31,2,33,1,34,-2,33,-5,32,-5,35,-10,32,-8,33,-9,31,-8,32,-9,32,-8,32,-7,32,-8,29,-9,34,-7,31,-8,29,-7,31,-8,33,-7,32,-8,32,-8,33,-8,34,-7,35,-8,34,0,0,-10,36,-11,34,-9,32,-9,34,-9,30,-11,33,-9,30,-9,28,-10,29,-8,33,-6,32,-5,28,-6,30,-5,28,-6,30,-4,29,-5,30,-6,29,-8,30,-9,27,-9,29,-9,26,-10,25,-11,25,-13,23,-15,21,-15,17,-15,17,0,0,0,0,0,0]"
CSI_DATA,765087,1a:00:00:00:00:00,-57,11,-95,4,43,6,765087,47,0,128,0,"[0,0,0,0,0,0,0,0,18,-23,19,-22,21,-23,23,-22,26,-20,28,-19,29,-19,28,-16,29,-16,29,-12,30,-14,30,-11,31,-15,32,-13,30,-13,30,-14,28,-12,31,-18,27,-15,26,-14,28,-15,29,-15,28,-16,30,-17,29,-20,29,-19,31,-17,29,-18,0,0,31,-21,31,-19,29,-18,30,-20,27,-16,29,-19,27,-16,26,-16,25,-17,24,-19,22,-20,21,-19,23,-20,20,-19,21,-21,20,-21,20,-22,20,-20,22,-21,22,-19,23,-18,22,-15,23,-16,22,-16,23,-13,23,-11,21,-8,21,-9,0,0,0,0,0,0]"
CSI_DATA,771087,1a:00:00:00:00:00,-57,11,-95,4,43,6,771087,47,0,128,0,"[0,0,0,0,0,0,0,0,3,28,2,28,-1,30,-3,32,-5,31,-6,34,-10,32,-12,31,-13,32,-16,27,-16,30,-16,26,-17,29,-17,30,-15,27,-16,29,-15,27,-15,30,-13,28,-14,26,-14,28,-15,29,-15,27,-16,29,-17,31,-16,30,-16,31,-17,32,0,0,-18,32,-16,30,-17,29,-18,31,-16,27,-20,27,-18,26,-17,24,-16,25,-14,28,-14,27,-12,25,-13,25,-12,23,-12,26,-12,27,-12,26,-14,27,-14,26,-16,24,-17,23,-17,22,-17,20,-17,21,-19,18,-20,17,-19,12,-19,12,0,0,0,0,0,0]"
CSI_DATA,775087,1a:00:00:00:00:00,-57,11,-95,4,44,6,775087,47,0,128,0,"[0,0,0,0,0,0,0,0,24,-22,24,-19,27,-20,29,-20,31,-18,32,-18,33,-14,34,-13,36,-12,34,-9,36,-11,34,-6,36,-10,35,-8,35,-8,35,-10,32,-9,35,-13,32,-12,32,-10,34,-11,34,-13,34,-12,34,-12,35,-13,36,-15,37,-15,34,-13,0,0,38,-17,35,-14,35,-14,35,-15,33,-13,35,-15,33,-11,32,-11,31,-14,32,-17,30,-18,28,-15,29,-17,26,-15,27,-18,25,-19,26,-18,27,-18,28,-19,27,-16,27,-16,28,-14,27,-11,28,-12,27,-10,27,-8,24,-4,26,-3,0,0,0,0,0,0]"
CSI_DATA,782039,1a:00:00:00:00:00,-57,11,-95,4,43,6,782039,47,0,128,0,"[0,0,0,0,0,0,0,0,0,29,-2,27,-2,29,-3,30,-5,32,-5,33,-8,33,-7,31,-8,33,-8,30,-8,31,-7,30,-6,32,-6,32,-2,32,-1,31,-1,31,0,34,1,31,1,29,5,29,6,32,7,30,7,31,11,31,11,32,13,31,12,31,0,0,16,30,15,32,14,30,16,30,16,26,18,27,18,25,18,22,19,24,25,22,24,20,24,16,25,16,23,14,24,16,24,13,25,12,26,14,27,13,25,12,26,12,24,11,25,12,24,12,22,14,21,13,18,12,19,13,0,0,0,0,0,0]"
CSI_DATA,785110,1a:00:00:00:00:00,-57,11,-95,4,44,6,785110,47,0,128,0,"[0,0,0,0,0,0,0,0,8,31,5,29,4,33,2,34,-1,36,-2,37,-5,35,-7,34,-8,38,-12,34,-10,35,-11,34,-11,35,-12,35,-9,34,-8,33,-9,31,-10,37,-8,34,-9,33,-8,33,-7,35,-7,33,-7,34,-7,39,-6,37,-7,38,-6,37,0,0,-4,39,-9,40,-8,37,-8,38,-7,34,-7,36,-6,33,-5,31,-6,34,-1,37,-3,35,0,32,-2,33,-1,29,0,34,-1,31,0,33,-2,32,-2,33,-3,31,-3,33,-5,29,-5,31,-6,30,-9,29,-10,26,-13,23,-11,22,0,0,0,0,0,0]"
CSI_DATA,791087,1a:00:00:00:00:00,-57,11,-95,4,44,6,791087,47,0,128,0,"[0,0,0,0,0,0,0,0,-11,30,-13,28,-15,29,-17,30,-23,28,-23,28,-26,25,-24,22,-28,22,-30,19,-30,20,-30,18,-30,20,-31,18,-29,19,-31,19,-29,16,-32,20,-28,18,-28,15,-29,17,-30,18,-29,17,-31,17,-33,19,-31,22,-32,19,-32,17,0,0,-35,21,-36,16,-34,15,-35,18,-31,13,-34,15,-32,13,-30,11,-29,13,-29,17,-29,18,-28,15,-29,16,-26,15,-29,16,-26,14,-29,16,-27,14,-30,14,-29,11,-31,12,-30,8,-29,8,-29,6,-29,4,-28,2,-25,-3,-24,-3,0,0,0,0,0,0]"
CSI_DATA,797087,1a:00:00:00:00:00,-57,11,-95,4,44,6,797087,47,0,128,0,"[0,0,0,0,0,0,0,0,26,-19,24,-16,27,-18,29,-17,32,-14,32,-16,33,-13,35,-13,35,-14,34,-10,34,-12,32,-12,33,-15,33,-16,30,-17,29,-17,29,-16,31,-23,27,-21,27,-20,26,-22,26,-22,24,-25,26,-25,25,-29,23,-28,22,-30,23,-28,0,0,17,-35,23,-32,20,-31,19,-33,17,-30,15,-34,15,-31,12,-30,13,-32,8,-34,6,-34,5,-32,3,-32,1,-30,2,-32,0,-31,-2,-33,-2,-32,-1,-33,-1,-31,-1,-33,0,-30,-1,-31,0,-31,0,-30,2,-28,4,-25,4,-25,0,0,0,0,0,0]"
CSI_DATA,801087,1a:00:00:00:00:00,-57,11,-95,4,44,6,801087,47,0,128,0,"[0,0,0,0,0,0,0,0,-17,27,-17,24,-20,26,-23,24,-28,23,-29,22,-31,18,-30,17,-32,16,-33,13,-33,13,-34,12,-33,12,-34,11,-33,10,-33,11,-32,10,-36,13,-32,10,-31,9,-33,10,-34,10,-33,10,-35,10,-35,13,-36,11,-37,12,-36,8,0,0,-37,10,-39,8,-37,7,-39,8,-34,7,-38,7,-34,5,-33,3,-32,7,-34,8,-33,8,-31,8,-33,8,-31,8,-31,7,-31,7,-33,8,-31,6,-34,6,-32,3,-32,3,-32,-1,-31,0,-31,-3,-30,-4,-28,-7,-24,-10,-23,-10,0,0,0,0,0,0]"
CSI_DATA,803087,1a:00:00:00:00:00,-57,11,-95,4,44,6,803087,47,0,128,0,"[0,0,0,0,0,0,0,0,-7,31,-9,28,-10,31,-12,31,-14,33,-14,33,-17,33,-18,30,-19,33,-21,28,-20,31,-19,28,-20,30,-19,31,-17,30,-15,31,-15,29,-15,35,-13,31,-13,30,-11,33,-10,35,-10,33,-9,33,-8,38,-8,38,-7,37,-8,36,0,0,-7,40,-6,39,-5,37,-4,38,-3,34,-1,38,-1,35,-2,33,1,33,5,37,6,35,4,31,7,32,8,28,7,32,8,31,10,32,8,31,11,33,7,31,9,33,8,31,6,31,6,31,3,30,3,29,-1,26,0,25,0,0,0,0,0,0]"
CSI_DATA,807087,1a:00:00:00:00:00,-57,11,-95,4,44,6,807087,47,0,128,0,"[0,0,0,0,0,0,0,0,29,-10,29,-10,31,-10,34,-9,34,-6,35,-7,36,-5,34,-5,36,-6,34,-3,33,-3,34,-4,35,-7,36,-8,33,-7,33,-10,31,-9,35,-13,32,-12,30,-12,30,-15,31,-15,31,-18,31,-17,30,-22,29,-22,30,-22,30,-23,0,0,29,-29,30,-27,27,-26,29,-27,24,-24,25,-28,23,-26,21,-24,20,-26,16,-33,15,-32,13,-29,14,-31,11,-28,13,-33,9,-30,9,-32,8,-31,8,-33,10,-32,9,-33,11,-29,10,-31,10,-30,12,-28,13,-27,14,-23,13,-22,0,0,0,0,0,0]"
CSI_DATA,811087,1a:00:00:00:00:00,-57,11,-95,4,44,6,811087,47,0,128,0,"[0,0,0,0,0,0,0,0,-26,21,-26,17,-27,18,-29,16,-33,13,-35,12,-35,8,-35,7,-34,6,-34,0,-35,2,-35,0,-36,0,-35,0,-35,0,-34,0,-33,-1,-37,1,-34,-1,-33,-2,-34,-1,-36,-2,-36,-2,-34,-3,-39,0,-38,-1,-40,-2,-36,-4,0,0,-40,0,-40,-7,-39,-6,-38,-7,-36,-8,-37,-7,-34,-9,-33,-7,-32,-7,-34,-5,-35,-5,-32,-6,-34,-5,-32,-4,-32,-5,-31,-5,-34,-5,-32,-6,-33,-7,-30,-10,-33,-10,-28,-13,-29,-13,-27,-15,-25,-17,-24,-19,-18,-19,-19,-20,0,0,0,0,0,0]"
CSI_DATA,817087,1a:00:00:00:00:00,-57,11,-95,4,44,6,817087,47,0,128,0,"[0,0,0,0,0,0,0,0,31,-10,29,-7,32,-7,34,-6,34,-4,36,-6,37,-3,36,-3,38,-2,34,-1,35,-2,33,1,37,-4,37,-4,34,-5,35,-6,33,-6,36,-9,33,-9,30,-9,35,-12,34,-12,32,-15,33,-15,34,-17,34,-18,33,-19,32,-19,0,0,32,-25,32,-22,32,-23,32,-23,30,-23,29,-24,27,-23,24,-21,23,-25,21,-29,21,-30,17,-27,18,-29,16,-27,17,-31,15,-30,14,-30,14,-31,12,-33,14,-30,13,-32,14,-27,15,-29,14,-28,16,-27,17,-26,16,-19,17,-20,0,0,0,0,0,0]"
CSI_DATA,823087,1a:00:00:00:00:00,-57,11,-95,4,43,6,823087,47,0,128,0,"[0,0,0,0,0,0,0,0,-15,24,-16,22,-18,23,-20,23,-21,23,-23,23,-24,22,-24,21,-25,22,-26,18,-26,18,-25,18,-27,20,-27,20,-25,19,-24,20,-22,19,-24,23,-21,21,-21,22,-20,22,-21,25,-20,24,-19,25,-20,28,-19,28,-20,27,-19,28,0,0,-19,30,-21,30,-19,29,-19,32,-16,28,-18,29,-16,27,-15,27,-14,27,-12,30,-12,30,-9,27,-9,29,-7,27,-7,29,-7,28,-7,29,-6,30,-6,30,-7,28,-7,30,-8,28,-10,28,-10,26,-12,25,-12,23,-13,20,-12,21,0,0,0,0,0,0]"
CSI_DATA,827087,1a:00:00:00:00:00,-57,11,-95,4,44,6,827087,47,0,128,0,"[0,0,0,0,0,0,0,0,32,1,30,2,33,2,34,4,34,7,37,8,36,10,36,10,37,9,33,10,34,10,34,11,35,10,36,11,33,7,35,7,34,6,39,4,36,3,33,2,35,0,36,-1,35,-1,35,-2,39,-3,38,-5,39,-5,39,-5,0,0,40,-10,41,-6,39,-8,38,-8,33,-11,37,-12,35,-13,31,-12,31,-15,30,-20,30,-19,28,-18,28,-18,26,-19,27,-21,26,-21,25,-22,24,-23,25,-25,25,-21,24,-25,25,-21,25,-20,25,-18,25,-18,25,-16,24,-10,24,-11,0,0,0,0,0,0]"
CSI_DATA,831087,1a:00:00:00:00:00,-57,11,-95,4,43,6,831087,47,0,128,0,"[0,0,0,0,0,0,0,0,-27,12,-27,8,-29,6,-29,5,-32,2,-35,0,-32,-3,-32,-4,-32,-4,-29,-8,-31,-8,-30,-11,-29,-11,-31,-12,-29,-12,-30,-12,-28,-10,-31,-12,-29,-11,-27,-12,-30,-13,-30,-12,-30,-12,-31,-13,-31,-14,-30,-15,-32,-15,-30,-15,0,0,-32,-16,-31,-20,-28,-20,-29,-19,-26,-18,-28,-20,-25,-19,-25,-18,-24,-20,-26,-19,-26,-19,-23,-17,-25,-20,-24,-16,-24,-19,-22,-19,-24,-17,-23,-18,-23,-18,-21,-20,-22,-21,-19,-22,-16,-24,-14,-24,-11,-25,-10,-24,-5,-22,-4,-24,0,0,0,0,0,0]"
CSI_DATA,837087,1a:00:00:00:00:00,-57,11,-95,4,44,6,837087,47,0,128,0,"[0,0,0,0,0,0,0,0,31,5,31,6,32,6,35,8,34,10,36,13,34,13,33,13,36,15,31,15,32,15,31,17,34,14,35,14,32,12,35,12,32,10,36,8,33,7,33,8,36,6,37,6,36,3,36,2,37,1,38,0,42,-1,36,1,0,0,40,-7,41,0,40,-2,40,-4,37,-2,38,-5,35,-6,33,-5,34,-7,32,-13,33,-13,31,-11,33,-12,28,-14,28,-14,28,-16,29,-17,29,-16,30,-19,27,-17,29,-18,28,-15,29,-15,30,-14,28,-12,27,-10,25,-8,25,-6,0,0,0,0,0,0]"
CSI_DATA,843087,1a:00:00:00:00:00,-52,11,-95,4,38,6,843087,47,0,128,0,"[0,0,0,0,0,0,0,0,1,9,-1,9,-1,9,-3,12,-2,9,-2,11,-4,10,-6,9,-4,11,-4,8,-4,11,-5,9,-7,10,-6,10,-5,10,-4,10,-3,11,-4,10,-4,11,-4,10,-4,9,-2,10,-3,12,-2,10,-4,12,-4,12,-3,14,-3,11,0,0,-5,13,-1,11,-3,9,-3,11,-1,11,-1,12,-1,11,-2,11,-3,9,-4,9,-1,11,0,11,0,11,1,10,0,10,1,10,1,10,0,9,0,10,1,9,2,9,1,9,-1,9,-1,10,-1,10,-2,10,-1,10,-2,8,0,0,0,0,0,0]"
CSI_DATA,847088,1a:00:00:00:00:00,-57,11,-95,4,43,6,847088,47,0,128,0,"[0,0,0,0,0,0,0,0,27,9,25,10,27,12,28,12,27,15,30,16,27,18,28,18,28,17,25,18,28,18,25,19,26,19,28,20,27,18,28,18,27,16,29,14,29,13,27,13,29,12,32,11,31,9,32,9,35,8,34,8,35,11,34,7,0,0,35,6,35,6,34,7,33,5,32,5,35,2,32,0,31,1,30,-1,30,-3,30,-1,30,-3,30,-3,27,-6,28,-7,28,-7,28,-8,28,-9,27,-9,27,-9,29,-10,28,-7,28,-6,28,-4,27,-2,25,-3,22,0,23,2,0,0,0,0,0,0]"
CSI_DATA,853088,1a:00:00:00:00:00,-57,11,-95,4,43,6,853088,47,0,128,0,"[0,0,0,0,0,0,0,0,-26,13,-25,11,-27,12,-30,11,-30,8,-32,9,-32,6,-32,5,-33,5,-30,1,-33,3,-30,-1,-33,2,-33,1,-32,1,-32,4,-31,4,-32,7,-31,7,-29,6,-32,6,-31,5,-30,7,-33,8,-32,9,-33,9,-36,10,-33,9,0,0,-37,12,-33,10,-33,11,-33,11,-30,8,-32,10,-30,9,-29,9,-28,10,-30,12,-29,15,-26,13,-27,14,-24,14,-24,16,-24,16,-24,17,-25,17,-25,16,-25,13,-25,15,-24,12,-25,12,-24,11,-26,10,-25,8,-22,4,-23,4,0,0,0,0,0,0]"
CSI_DATA,857088,1a:00:00:00:00:00,-57,11,-95,4,43,6,857088,47,0,128,0,"[0,0,0,0,0,0,0,0,25,15,21,16,23,19,25,19,23,22,26,23,22,23,21,24,23,24,19,25,22,24,20,26,20,25,20,25,21,24,23,23,22,23,25,23,24,21,22,19,25,19,26,18,28,18,29,17,28,18,31,18,32,17,28,18,0,0,35,16,29,16,32,16,30,15,29,15,31,12,28,11,28,12,30,9,30,7,30,7,29,7,30,6,30,4,29,3,29,2,29,1,29,2,29,0,28,0,29,1,28,3,29,4,27,4,25,6,25,7,21,7,22,8,0,0,0,0,0,0]"
CSI_DATA,863088,1a:00:00:00:00:00,-57,11,-95,4,44,6,863088,47,0,128,0,"[0,0,0,0,0,0,0,0,-30,10,-29,8,-32,8,-35,8,-34,3,-39,5,-35,1,-36,0,-37,0,-34,-3,-35,-2,-33,-5,-36,-5,-37,-5,-36,-4,-37,-3,-35,-3,-36,1,-36,2,-33,0,-36,0,-36,2,-36,2,-37,3,-38,4,-39,3,-43,4,-39,5,0,0,-42,7,-40,2,-39,4,-38,4,-36,3,-38,5,-34,4,-33,4,-34,6,-35,10,-34,9,-31,9,-32,8,-30,10,-30,11,-30,12,-31,13,-31,10,-31,12,-31,10,-32,11,-31,8,-29,7,-31,6,-29,4,-29,2,-25,-2,-26,-2,0,0,0,0,0,0]"
CSI_DATA,869088,1a:00:00:00:00:00,-57,11,-95,4,43,6,869088,47,0,128,0,"[0,0,0,0,0,0,0,0,12,-25,13,-23,16,-25,17,-25,20,-25,22,-25,24,-21,24,-21,26,-21,27,-18,27,-19,27,-16,28,-17,30,-16,28,-16,27,-17,27,-16,28,-20,25,-18,26,-16,26,-17,27,-18,25,-18,28,-18,28,-20,28,-18,31,-21,28,-18,0,0,32,-24,31,-19,30,-19,30,-19,29,-16,30,-18,26,-16,26,-15,25,-16,26,-17,25,-18,24,-17,26,-18,23,-16,25,-18,23,-17,23,-18,24,-17,25,-17,24,-15,25,-17,25,-13,25,-11,26,-11,26,-8,26,-8,22,-2,23,-3,0,0,0,0,0,0]"
CSI_DATA,874993,1a:00:00:00:00:00,-57,11,-95,4,43,6,874993,47,0,128,0,"[0,0,0,0,0,0,0,0,29,-1,27,3,29,4,31,7,31,8,32,10,32,14,28,16,29,19,24,20,26,20,24,23,25,22,24,23,24,22,26,21,22,22,27,23,23,20,23,20,23,21,23,24,24,23,24,24,24,26,27,25,26,25,23,27,0,0,23,31,22,29,22,27,22,28,20,25,20,29,17,27,17,27,16,27,18,27,19,25,19,22,20,26,18,23,18,23,19,22,21,25,16,24,16,26,12,26,12,27,11,27,9,27,10,26,5,27,3,26,1,24,0,23,0,0,0,0,0,0]"
CSI_DATA,879088,1a:00:00:00:00:00,-57,11,-95,4,43,6,879088,47,0,128,0,"[0,0,0,0,0,0,0,0,12,-26,12,-24,15,-27,17,-26,20,-25,20,-27,23,-23,23,-21,25,-23,27,-17,27,-19,28,-14,28,-17,29,-16,28,-16,28,-18,27,-16,28,-20,25,-18,25,-17,27,-17,27,-19,27,-17,27,-19,31,-19,28,-18,31,-21,29,-20,0,0,35,-21,31,-17,31,-17,32,-20,29,-15,31,-16,29,-14,28,-12,27,-14,28,-16,27,-18,26,-16,25,-17,23,-15,24,-18,23,-19,24,-18,25,-15,28,-17,27,-14,27,-14,27,-13,27,-9,27,-9,27,-7,27,-5,23,-3,23,-1,0,0,0,0,0,0]"
CSI_DATA,884374,1a:00:00:00:00:00,-57,11,-95,4,43,6,884374,47,0,128,0,"[0,0,0,0,0,0,0,0,-19,23,-19,22,-21,22,-22,21,-26,20,-28,19,-28,16,-28,15,-31,14,-29,11,-31,10,-30,9,-32,10,-32,10,-31,8,-30,11,-30,8,-32,11,-30,9,-30,8,-31,9,-32,9,-32,9,-32,8,-34,10,-34,9,-36,10,-34,10,0,0,-38,8,-36,6,-36,5,-36,6,-33,4,-36,5,-32,4,-33,4,-31,4,-31,7,-33,8,-29,5,-30,8,-28,7,-29,6,-29,6,-29,6,-30,6,-32,4,-28,3,-30,2,-30,0,-29,-1,-28,-3,-26,-4,-25,-7,-22,-9,-22,-10,0,0,0,0,0,0]"
CSI_DATA,889088,1a:00:00:00:00:00,-57,11,-95,4,43,6,889088,47,0,128,0,"[0,0,0,0,0,0,0,0,15,-25,15,-23,19,-23,21,-24,23,-22,24,-23,27,-20,27,-18,30,-18,29,-15,29,-16,29,-12,30,-13,30,-13,30,-12,31,-13,29,-12,30,-16,28,-15,28,-14,30,-14,30,-13,29,-14,31,-13,32,-14,32,-14,34,-14,34,-13,0,0,35,-15,35,-14,34,-13,35,-14,32,-10,32,-11,32,-10,30,-8,29,-9,31,-12,31,-13,28,-11,29,-12,27,-11,27,-13,27,-13,28,-14,28,-11,29,-11,29,-8,30,-7,28,-7,29,-3,28,-3,28,-2,28,1,23,5,24,4,0,0,0,0,0,0]"
CSI_DATA,893088,1a:00:00:00:00:00,-57,11,-95,4,43,6,893088,47,0,128,0,"[0,0,0,0,0,0,0,0,-28,6,-29,3,-30,3,-30,2,-34,0,-35,-1,-34,-3,-32,-4,-34,-9,-29,-9,-32,-7,-32,-11,-32,-10,-31,-10,-31,-10,-33,-9,-30,-9,-34,-7,-31,-7,-30,-7,-31,-6,-34,-7,-34,-7,-34,-7,-34,-6,-36,-5,-37,-6,-33,-7,0,0,-36,-7,-38,-6,-36,-6,-36,-7,-32,-8,-34,-7,-33,-7,-30,-7,-32,-5,-33,-3,-33,-1,-29,-2,-33,-2,-30,-1,-31,-1,-29,0,-33,0,-31,-2,-32,-2,-29,-4,-30,-3,-30,-5,-30,-6,-29,-7,-26,-8,-26,-9,-22,-11,-22,-11,0,0,0,0,0,0]"
CSI_DATA,899088,1a:00:00:00:00:00,-57,11,-95,4,43,6,899088,47,0,128,0,"[0,0,0,0,0,0,0,0,16,-25,17,-22,20,-24,22,-24,24,-22,27,-23,28,-19,27,-17,30,-18,30,-13,30,-15,30,-10,31,-12,33,-11,32,-11,32,-12,31,-11,32,-15,29,-13,29,-11,30,-11,32,-12,32,-12,33,-12,34,-13,33,-13,36,-13,35,-10,0,0,36,-14,36,-10,35,-8,35,-12,33,-9,35,-7,32,-7,30,-4,31,-6,32,-9,32,-10,30,-8,30,-9,28,-8,30,-10,29,-10,30,-9,30,-7,31,-7,30,-5,31,-4,30,-1,30,0,29,0,27,4,27,5,22,7,22,8,0,0,0,0,0,0]"
CSI_DATA,903088,1a:00:00:00:00:00,-57,11,-95,4,43,6,903088,47,0,128,0,"[0,0,0,0,0,0,0,0,-29,1,-28,0,-31,-2,-31,-4,-32,-7,-33,-8,-33,-10,-30,-12,-32,-13,-28,-15,-30,-15,-27,-16,-29,-16,-29,-16,-30,-15,-30,-14,-29,-14,-32,-12,-28,-13,-28,-15,-30,-13,-31,-14,-30,-13,-32,-15,-33,-14,-35,-12,-35,-15,-32,-14,0,0,-34,-15,-35,-16,-33,-15,-33,-16,-30,-15,-33,-17,-30,-14,-29,-14,-28,-13,-30,-11,-30,-11,-30,-9,-31,-10,-27,-9,-28,-8,-28,-8,-31,-8,-29,-9,-29,-11,-27,-12,-28,-12,-27,-13,-26,-15,-24,-14,-23,-15,-21,-17,-18,-17,-18,-17,0,0,0,0,0,0]"
CSI_DATA,907088,1a:00:00:00:00:00,-57,11,-95,4,43,6,907088,47,0,128,0,"[0,0,0,0,0,0,0,0,19,23,17,23,17,25,16,28,15,31,15,30,13,32,10,32,10,33,6,32,8,32,7,32,8,33,8,32,9,33,11,32,10,31,12,34,10,30,9,30,13,30,13,31,14,29,14,31,15,33,16,31,17,34,15,33,0,0,18,34,17,34,18,31,17,32,16,29,18,32,15,30,15,27,16,29,20,28,21,25,20,24,20,24,20,22,21,24,20,22,22,22,20,24,20,24,18,24,19,24,17,24,17,23,17,24,13,24,11,24,9,22,7,23,0,0,0,0,0,0]"
CSI_DATA,913088,1a:00:00:00:00:00,-57,11,-95,4,43,6,913088,47,0,128,0,"[0,0,0,0,0,0,0,0,-30,-3,-28,-5,-29,-7,-29,-11,-30,-13,-31,-15,-31,-17,-27,-18,-29,-21,-24,-21,-26,-21,-25,-20,-26,-22,-26,-22,-26,-22,-27,-21,-23,-20,-26,-21,-25,-20,-23,-20,-27,-20,-28,-21,-27,-20,-27,-20,-30,-22,-30,-20,-31,-22,-27,-21,0,0,-28,-23,-29,-25,-28,-25,-27,-24,-26,-20,-28,-24,-26,-21,-23,-20,-24,-19,-28,-18,-28,-19,-26,-17,-26,-16,-25,-16,-26,-17,-25,-16,-27,-17,-24,-17,-26,-18,-23,-18,-25,-19,-21,-20,-22,-20,-20,-21,-16,-20,-15,-21,-11,-21,-11,-21,0,0,0,0,0,0]"
CSI_DATA,919088,1a:00:00:00:00:00,-57,11,-95,4,43,6,919088,47,0,128,0,"[0,0,0,0,0,0,0,0,24,-17,24,-14,26,-14,28,-12,32,-10,35,-8,34,-5,33,-4,34,-2,32,1,33,2,32,3,34,3,32,3,34,4,34,3,32,4,36,2,32,4,31,6,32,4,34,4,33,3,36,5,34,5,35,5,36,4,35,8,0,0,36,9,37,9,35,9,35,10,32,10,35,11,31,11,29,10,29,11,33,8,33,8,29,8,30,8,30,7,29,9,28,9,29,9,29,9,29,10,27,13,27,12,25,15,25,15,24,16,21,18,19,20,14,20,14,20,0,0,0,0,0,0]"
CSI_DATA,923088,1a:00:00:00:00:00,-57,11,-95,4,43,6,923088,47,0,128,0,"[0,0,0,0,0,0,0,0,-27,-9,-26,-10,-27,-13,-28,-16,-27,-19,-27,-21,-26,-23,-23,-24,-23,-25,-19,-24,-21,-26,-20,-26,-22,-26,-21,-27,-21,-26,-23,-25,-20,-25,-23,-27,-20,-23,-19,-24,-21,-25,-22,-26,-22,-24,-21,-26,-23,-25,-25,-26,-26,-25,-22,-30,0,0,-24,-28,-22,-31,-22,-30,-21,-29,-20,-25,-22,-28,-20,-26,-18,-25,-17,-23,-21,-24,-22,-24,-20,-22,-22,-23,-21,-21,-21,-23,-19,-21,-21,-22,-20,-22,-20,-24,-18,-23,-18,-25,-16,-25,-15,-23,-14,-24,-11,-25,-9,-25,-5,-23,-6,-24,0,0,0,0,0,0]"
CSI_DATA,929088,1a:00:00:00:00:00,-57,11,-95,4,43,6,929088,47,0,128,0,"[0,0,0,0,0,0,0,0,27,-16,26,-12,28,-11,30,-9,32,-5,34,-5,34,-2,32,1,35,2,30,5,33,6,32,7,33,6,32,8,32,8,33,6,31,7,34,7,31,7,30,8,32,8,33,9,32,8,33,11,34,9,34,9,35,10,32,11,0,0,37,13,34,16,33,15,32,15,29,15,32,14,29,15,26,15,28,14,32,12,30,14,28,13,29,13,26,12,27,13,26,13,28,14,26,16,27,16,25,16,25,17,23,18,22,20,20,21,17,21,16,21,11,21,9,21,0,0,0,0,0,0]"
CSI_DATA,933088,1a:00:00:00:00:00,-57,11,-95,4,43,6,933088,47,0,128,0,"[0,0,0,0,0,0,0,0,-27,-12,-25,-13,-26,-16,-25,-18,-25,-21,-26,-24,-23,-25,-20,-25,-21,-27,-17,-27,-18,-29,-16,-28,-16,-29,-17,-29,-17,-27,-17,-28,-17,-26,-19,-30,-16,-27,-16,-26,-18,-27,-17,-28,-19,-27,-17,-27,-20,-30,-20,-31,-20,-31,-18,-30,0,0,-19,-35,-18,-33,-17,-31,-17,-32,-14,-28,-16,-31,-14,-29,-14,-28,-13,-27,-18,-29,-17,-28,-16,-24,-17,-26,-16,-23,-16,-25,-16,-24,-18,-25,-16,-26,-16,-29,-13,-26,-13,-27,-11,-27,-11,-27,-10,-26,-5,-27,-5,-26,-2,-24,0,-24,0,0,0,0,0,0]"
CSI_DATA,943088,1a:00:00:00:00:00,-57,11,-95,4,43,6,943088,47,0,128,0,"[0,0,0,0,0,0,0,0,-22,-18,-20,-19,-20,-23,-18,-24,-17,-27,-18,-29,-14,-31,-12,-31,-11,-33,-7,-32,-7,-32,-7,-31,-6,-33,-7,-32,-6,-32,-7,-31,-6,-30,-7,-34,-7,-31,-6,-31,-7,-32,-8,-32,-9,-31,-8,-31,-10,-34,-8,-34,-8,-35,-6,-34,0,0,-7,-37,-5,-36,-6,-34,-5,-35,-4,-32,-5,-35,-4,-31,-4,-30,-2,-31,-6,-33,-7,-32,-7,-29,-7,-31,-6,-27,-6,-30,-5,-29,-7,-29,-4,-28,-4,-30,-3,-29,-2,-30,1,-29,0,-29,2,-28,5,-26,6,-25,9,-21,10,-21,0,0,0,0,0,0]"
CSI_DATA,949088,1a:00:00:00:00:00,-57,11,-95,4,43,6,949088,47,0,128,0,"[0,0,0,0,0,0,0,0,11,27,11,27,9,29,10,30,8,31,10,34,7,32,6,32,6,33,6,30,8,32,6,33,7,33,8,33,9,30,11,31,12,29,14,31,14,28,13,27,16,27,18,27,20,26,20,27,22,26,23,27,26,27,23,27,0,0,28,25,27,24,28,24,27,22,27,19,29,18,27,17,26,15,27,13,30,10,31,10,29,8,29,8,28,5,28,6,28,4,29,3,30,3,31,2,29,3,30,1,28,2,29,3,28,3,28,6,25,5,22,6,22,7,0,0,0,0,0,0]"
CSI_DATA,955088,1a:00:00:00:00:00,-57,11,-95,4,43,6,955088,47,0,128,0,"[0,0,0,0,0,0,0,0,-27,-11,-24,-14,-26,-14,-26,-17,-26,-18,-28,-19,-25,-21,-25,-20,-27,-21,-24,-21,-25,-22,-23,-22,-24,-21,-25,-23,-25,-20,-26,-18,-26,-19,-29,-18,-26,-16,-25,-16,-28,-15,-30,-13,-29,-13,-30,-12,-32,-14,-32,-13,-35,-11,-33,-11,0,0,-34,-9,-34,-11,-35,-10,-35,-8,-31,-6,-35,-7,-31,-6,-30,-4,-31,-3,-33,-1,-32,1,-31,2,-31,3,-27,3,-29,4,-28,5,-29,6,-27,6,-30,7,-27,5,-30,6,-29,5,-28,3,-29,2,-27,0,-26,0,-22,-2,-23,-3,0,0,0,0,0,0]"
CSI_DATA,959088,1a:00:00:00:00:00,-57,11,-95,4,43,6,959088,47,0,128,0,"[0,0,0,0,0,0,0,0,5,28,3,26,2,29,2,32,2,32,2,35,-1,33,-2,33,-2,34,-1,31,0,33,-2,31,-1,32,-2,33,2,32,3,34,5,31,6,32,7,29,6,30,10,31,12,30,13,30,14,30,15,30,15,30,17,34,16,30,0,0,21,32,20,31,21,29,20,27,19,25,25,24,23,24,21,21,24,20,26,18,25,19,25,16,27,17,26,13,25,13,26,12,27,12,28,11,29,9,27,11,28,9,27,9,26,10,26,11,23,14,23,12,19,13,20,12,0,0,0,0,0,0]"
CSI_DATA,965088,1a:00:00:00:00:00,-57,11,-95,4,43,6,965088,47,0,128,0,"[0,0,0,0,0,0,0,0,-23,-16,-20,-17,-21,-18,-24,-20,-22,-22,-24,-25,-21,-25,-22,-27,-21,-25,-20,-25,-20,-25,-17,-25,-18,-26,-20,-27,-21,-25,-21,-24,-22,-23,-24,-23,-23,-23,-21,-20,-25,-22,-27,-20,-26,-17,-28,-18,-28,-18,-30,-20,-30,-21,-30,-19,0,0,-35,-17,-31,-17,-33,-19,-30,-15,-30,-16,-33,-13,-29,-11,-29,-11,-29,-10,-31,-9,-30,-9,-29,-7,-30,-6,-29,-4,-29,-3,-30,-3,-29,-2,-30,-3,-30,-1,-28,-1,-30,-1,-29,-3,-28,-4,-27,-6,-26,-8,-25,-8,-21,-8,-22,-10,0,0,0,0,0,0]"
CSI_DATA,971088,1a:00:00:00:00:00,-57,11,-95,4,43,6,971088,47,0,128,0,"[0,0,0,0,0,0,0,0,27,-8,28,-4,30,-4,32,-3,31,-3,36,-1,32,2,33,3,34,3,31,6,32,4,30,8,32,6,33,8,32,7,33,6,32,4,33,1,31,1,29,2,33,2,32,1,32,0,34,0,35,1,35,1,36,0,34,-1,0,0,39,-2,35,0,37,-2,35,-1,35,-1,36,-3,32,-2,30,-1,32,-4,31,-6,32,-7,30,-5,30,-6,28,-8,27,-9,29,-10,28,-9,30,-8,30,-8,29,-6,30,-7,28,-6,28,-3,29,-2,28,0,27,1,22,3,24,5,0,0,0,0,0,0]"
CSI_DATA,977088,1a:00:00:00:00:00,-57,11,-95,4,43,6,977088,47,0,128,0,"[0,0,0,0,0,0,0,0,-13,25,-14,24,-17,24,-19,27,-22,24,-24,25,-24,21,-26,21,-28,21,-26,17,-27,19,-26,13,-29,17,-29,15,-29,15,-27,17,-28,15,-29,19,-28,18,-25,16,-28,17,-27,18,-26,18,-26,19,-29,18,-29,18,-31,18,-32,17,0,0,-32,19,-31,18,-32,20,-30,18,-29,17,-29,19,-26,16,-26,15,-26,16,-28,18,-28,18,-25,16,-26,17,-24,18,-23,18,-25,19,-24,18,-25,17,-24,19,-26,15,-27,17,-26,13,-25,11,-25,10,-28,7,-27,7,-23,2,-24,2,0,0,0,0,0,0]"
CSI_DATA,981088,1a:00:00:00:00:00,-57,11,-95,4,43,6,981088,47,0,128,0,"[0,0,0,0,0,0,0,0,28,-2,28,0,30,2,32,1,31,5,35,6,32,8,32,9,32,10,28,9,30,11,30,13,30,13,32,13,30,12,31,11,30,10,33,10,32,9,29,9,33,8,32,8,33,7,33,9,34,7,35,8,37,8,35,9,0,0,37,6,36,8,37,9,35,6,32,7,35,5,32,5,31,6,30,3,32,2,33,3,30,1,31,2,30,0,28,-1,31,-1,29,-2,30,-1,31,-1,29,0,31,1,29,2,28,2,28,5,26,9,26,7,22,9,21,12,0,0,0,0,0,0]"
CSI_DATA,987088,1a:00:00:00:00:00,-57,11,-95,4,43,6,987088,47,0,128,0,"[0,0,0,0,0,0,0,0,-16,24,-17,21,-19,24,-24,23,-25,21,-27,21,-27,19,-28,17,-31,17,-29,12,-31,14,-29,10,-32,12,-32,11,-30,10,-30,12,-30,11,-30,14,-30,13,-28,12,-30,11,-31,12,-30,12,-30,12,-32,14,-31,14,-35,14,-31,13,0,0,-36,15,-34,10,-34,12,-34,13,-32,10,-32,11,-30,9,-30,10,-30,9,-31,13,-29,14,-28,12,-28,12,-27,12,-27,12,-26,14,-27,14,-28,12,-28,12,-27,10,-29,9,-28,7,-27,5,-27,5,-27,2,-28,0,-22,-2,-24,-4,0,0,0,0,0,0]"
CSI_DATA,989088,1a:00:00:00:00:00,-57,11,-95,4,43,6,989088,47,0,128,0,"[0,0,0,0,0,0,0,0,-7,30,-6,27,-9,29,-10,32,-11,30,-12,34,-13,31,-15,31,-15,31,-17,28,-15,30,-16,27,-16,30,-17,30,-12,30,-12,32,-11,30,-9,32,-8,32,-9,29,-7,32,-5,32,-6,34,-3,34,-3,34,-1,34,-1,35,0,35,0,0,3,40,1,37,4,35,4,36,4,34,5,35,5,32,7,31,7,30,9,32,11,31,12,27,13,28,13,27,15,25,16,26,16,25,15,26,17,26,15,25,17,26,16,24,13,24,13,25,11,25,11,26,7,22,8,22,0,0,0,0,0,0]"
CSI_DATA,993088,1a:00:00:00:00:00,-57,11,-95,4,43,6,993088,47,0,128,0,"[0,0,0,0,0,0,0,0,-4,-29,0,-28,0,-30,3,-32,5,-32,7,-35,10,-31,13,-32,13,-31,16,-28,16,-29,19,-24,19,-27,20,-27,19,-26,20,-25,19,-25,20,-29,19,-28,19,-24,20,-26,18,-26,19,-26,19,-27,23,-26,23,-25,24,-26,27,-24,0,0,28,-31,28,-24,27,-26,26,-24,26,-21,27,-23,22,-21,24,-19,23,-20,24,-21,25,-21,23,-19,24,-19,21,-21,23,-20,24,-20,22,-19,25,-19,26,-19,25,-15,27,-16,25,-12,27,-10,26,-9,27,-5,27,-3,21,-1,24,2,0,0,0,0,0,0]"
CSI_DATA,997088,1a:00:00:00:00:00,-57,11,-95,4,43,6,997088,47,0,128,0,"[0,0,0,0,0,0,0,0,-19,20,-20,18,-23,20,-26,20,-26,17,-30,18,-30,13,-30,12,-32,11,-31,7,-33,9,-31,5,-32,7,-34,6,-32,5,-32,7,-31,6,-33,10,-32,7,-30,7,-32,6,-32,7,-32,7,-34,7,-34,7,-34,6,-37,7,-32,6,0,0,-38,8,-35,5,-36,5,-35,5,-33,3,-34,6,-32,3,-30,3,-33,4,-34,7,-32,8,-31,5,-30,6,-29,6,-28,7,-28,8,-30,7,-29,5,-30,5,-28,3,-31,3,-30,1,-29,-1,-28,-2,-28,-5,-27,-7,-21,-8,-22,-9,0,0,0,0,0,0]"
CSI_DATA,1003088,1a:00:00:00:00:00,-57,11,-95,4,43,6,1003088,47,0,128,0,"[0,0,0,0,0,0,0,0,28,-8,28,-8,30,-10,32,-7,32,-7,34,-7,33,-5,32,-4,34,-3,31,-1,34,-4,32,-1,34,-5,34,-4,31,-7,31,-8,29,-8,31,-13,29,-12,29,-12,29,-15,30,-15,27,-15,28,-19,29,-19,26,-21,28,-23,28,-22,0,0,28,-28,25,-25,25,-25,25,-28,21,-26,22,-26,20,-24,19,-24,16,-26,14,-29,13,-30,9,-27,10,-29,8,-27,7,-30,4,-29,4,-30,5,-30,4,-30,6,-28,5,-30,5,-28,7,-27,5,-26,7,-28,7,-25,8,-21,7,-22,0,0,0,0,0,0]"
CSI_DATA,1007088,1a:00:00:00:00:00,-57,11,-95,4,43,6,1007088,47,0,128,0,"[0,0,0,0,0,0,0,0,-19,20,-21,18,-24,21,-24,19,-28,17,-30,17,-31,14,-28,12,-32,11,-32,6,-33,9,-32,4,-33,8,-33,4,-32,5,-33,6,-31,5,-34,7,-30,7,-30,6,-31,6,-33,6,-33,4,-33,7,-37,5,-34,7,-36,6,-34,4,0,0,-37,5,-37,3,-35,3,-36,4,-34,1,-35,2,-33,0,-31,0,-32,2,-34,4,-31,4,-29,3,-29,4,-28,4,-30,6,-29,6,-31,6,-29,3,-30,3,-30,0,-30,-1,-29,0,-29,-4,-27,-3,-27,-7,-24,-8,-22,-10,-21,-10,0,0,0,0,0,0]"
CSI_DATA,1013088,1a:00:00:00:00:00,-57,11,-95,4,43,6,1013088,47,0,128,0,"[0,0,0,0,0,0,0,0,28,-9,27,-6,29,-7,31,-5,33,-4,34,-4,34,-2,33,-2,35,-2,32,0,34,-1,32,0,33,-4,35,-3,33,-5,33,-6,32,-6,34,-10,30,-10,31,-9,30,-13,31,-13,31,-12,30,-14,30,-18,29,-19,30,-20,29,-19,0,0,29,-24,28,-22,27,-22,26,-24,24,-21,25,-25,22,-23,21,-21,19,-24,17,-27,15,-28,15,-26,13,-28,11,-26,10,-29,11,-28,8,-29,9,-29,9,-30,8,-26,9,-30,10,-27,9,-26,8,-26,9,-26,10,-25,11,-19,10,-20,0,0,0,0,0,0]"
CSI_DATA,1017088,1a:00:00:00:00:00,-54,11,-95,4,43,6,1017088,47,0,128,0,"[0,0,0,0,0,0,0,0,-25,16,-25,14,-27,15,-28,12,-32,10,-33,9,-34,5,-32,3,-34,2,-32,-3,-33,-1,-32,-5,-33,-4,-34,-4,-32,-4,-32,-4,-31,-6,-35,-1,-32,-3,-31,-3,-33,-4,-32,-4,-32,-5,-32,-5,-34,-4,-33,-4,-34,-4,-31,-6,0,0,-35,-4,-38,-7,-35,-8,-34,-8,-30,-9,-32,-9,-30,-9,-29,-10,-30,-8,-31,-6,-31,-7,-28,-6,-30,-6,-28,-7,-29,-3,-27,-4,-30,-6,-29,-8,-29,-8,-27,-10,-27,-12,-26,-12,-25,-13,-25,-13,-22,-15,-21,-16,-16,-17,-16,-16,0,0,0,0,0,0]"
CSI_DATA,1023088,1a:00:00:00:00:00,-55,11,-95,4,43,6,1023088,47,0,128,0,"[0,0,0,0,0,0,0,0,28,-6,28,-4,30,-5,33,-5,31,-3,34,-4,33,-1,32,-1,35,1,32,3,33,-1,32,2,33,-2,34,1,32,-2,33,-3,32,-3,34,-8,30,-9,29,-8,30,-10,31,-10,30,-12,32,-13,31,-14,30,-14,33,-17,30,-15,0,0,31,-21,29,-21,28,-20,29,-23,27,-19,28,-21,25,-19,23,-19,21,-22,21,-23,18,-27,17,-23,16,-25,14,-25,12,-27,11,-26,11,-28,12,-27,10,-27,12,-27,11,-28,12,-26,13,-24,13,-24,14,-25,12,-23,13,-19,13,-18,0,0,0,0,0,0]"
CSI_DATA,1027088,1a:00:00:00:00:00,-55,11,-95,4,43,6,1027088,47,0,128,0,"[0,0,0,0,0,0,0,0,-22,18,-24,15,-26,15,-28,12,-31,9,-32,10,-34,6,-32,4,-35,3,-31,0,-33,-1,-32,-2,-33,0,-33,-2,-32,-2,-33,-1,-31,-3,-35,-2,-30,-2,-31,-3,-32,-3,-33,-2,-32,-3,-32,-4,-33,-3,-35,-4,-36,-4,-35,-6,0,0,-37,-5,-37,-8,-35,-7,-36,-7,-31,-9,-34,-8,-31,-9,-29,-8,-29,-8,-31,-5,-30,-5,-29,-5,-30,-6,-28,-5,-28,-5,-27,-4,-30,-6,-28,-7,-30,-7,-26,-9,-28,-11,-26,-12,-25,-13,-24,-14,-22,-15,-20,-16,-16,-17,-15,-17,0,0,0,0,0,0]"
CSI_DATA,1033088,1a:00:00:00:00:00,-55,11,-95,4,43,6,1033088,47,0,128,0,"[0,0,0,0,0,0,0,0,29,-3,28,-1,29,-2,32,1,32,3,33,2,33,5,31,4,34,6,31,8,32,6,31,8,32,5,33,5,32,4,32,2,32,2,34,-2,30,-2,30,-2,33,-3,31,-4,33,-5,33,-6,33,-9,32,-11,34,-9,34,-9,0,0,36,-14,34,-13,33,-13,32,-14,29,-14,30,-16,27,-16,27,-13,26,-16,24,-19,23,-21,21,-20,20,-22,19,-21,18,-22,16,-24,16,-24,17,-24,18,-25,17,-22,17,-24,17,-21,17,-21,17,-21,17,-22,18,-20,17,-14,17,-15,0,0,0,0,0,0]"
CSI_DATA,1037088,1a:00:00:00:00:00,-55,11,-95,4,43,6,1037088,47,0,128,0,"[0,0,0,0,0,0,0,0,-24,15,-25,14,-27,13,-29,12,-30,9,-33,8,-34,5,-33,2,-34,1,-31,-3,-33,-1,-31,-6,-33,-5,-32,-6,-31,-5,-33,-5,-31,-6,-34,-4,-31,-3,-29,-5,-32,-5,-33,-5,-31,-7,-32,-6,-34,-7,-34,-7,-35,-8,-32,-9,0,0,-36,-9,-34,-11,-34,-11,-33,-11,-31,-10,-33,-12,-30,-12,-28,-13,-27,-11,-29,-10,-30,-9,-28,-9,-28,-10,-26,-9,-27,-8,-28,-8,-28,-9,-27,-11,-26,-11,-24,-12,-26,-15,-23,-14,-23,-17,-23,-17,-19,-18,-18,-18,-13,-19,-13,-18,0,0,0,0,0,0]"
CSI_DATA,1043089,1a:00:00:00:00:00,-55,11,-95,4,43,6,1043089,47,0,128,0,"[0,0,0,0,0,0,0,0,29,-2,29,-1,30,0,32,2,32,3,35,4,33,5,32,5,33,7,30,8,34,7,31,8,33,7,33,6,33,6,33,2,31,3,35,0,32,0,31,0,32,-2,33,-1,33,-3,32,-4,34,-6,32,-8,35,-8,33,-8,0,0,35,-10,33,-11,33,-11,34,-11,31,-13,31,-13,28,-13,27,-13,27,-14,27,-19,25,-19,23,-19,22,-20,19,-20,20,-20,20,-21,18,-22,18,-22,19,-22,19,-21,19,-22,19,-21,19,-19,19,-19,20,-18,20,-17,18,-12,18,-12,0,0,0,0,0,0]"
CSI_DATA,1047089,1a:00:00:00:00:00,-55,11,-95,4,43,6,1047089,47,0,128,0,"[0,0,0,0,0,0,0,0,-19,-22,-19,-22,-19,-24,-17,-25,-18,-28,-20,-29,-18,-29,-16,-27,-16,-29,-13,-29,-17,-29,-15,-28,-18,-28,-18,-29,-19,-26,-21,-25,-20,-24,-23,-24,-23,-21,-22,-21,-25,-20,-26,-19,-26,-19,-28,-19,-29,-17,-30,-16,-34,-15,-30,-15,0,0,-32,-13,-35,-13,-34,-10,-33,-10,-31,-8,-34,-8,-31,-5,-30,-4,-30,-3,-30,1,-30,2,-28,4,-30,5,-28,7,-27,7,-27,8,-28,12,-27,10,-27,10,-26,8,-27,11,-27,9,-26,9,-26,10,-24,8,-24,7,-23,4,-22,5,0,0,0,0,0,0]"
CSI_DATA,1053089,1a:00:00:00:00:00,-55,11,-95,4,43,6,1053089,47,0,128,0,"[0,0,0,0,0,0,0,0,29,5,27,6,29,5,31,8,32,11,33,12,32,12,30,13,32,14,29,16,29,14,29,14,31,13,31,13,31,11,32,11,30,11,34,8,30,8,28,8,31,7,32,5,32,5,34,3,35,2,34,0,37,1,36,-2,0,0,37,-3,37,-1,35,-2,34,-4,32,-3,33,-6,31,-6,29,-5,30,-7,31,-12,29,-13,27,-13,26,-14,24,-12,26,-14,24,-16,25,-16,24,-15,25,-16,24,-15,26,-16,26,-13,25,-15,23,-13,22,-13,23,-11,22,-7,21,-7,0,0,0,0,0,0]"
CSI_DATA,1057089,1a:00:00:00:00:00,-55,11,-95,4,43,6,1057089,47,0,128,0,"[0,0,0,0,0,0,0,0,-15,-24,-15,-24,-15,-27,-15,-27,-15,-30,-15,-31,-12,-31,-11,-30,-12,-33,-10,-30,-11,-31,-10,-31,-14,-30,-13,-30,-16,-28,-18,-30,-16,-28,-20,-28,-17,-25,-17,-24,-22,-24,-22,-24,-23,-23,-24,-24,-27,-22,-28,-20,-29,-21,-28,-19,0,0,-31,-20,-30,-18,-31,-18,-30,-16,-29,-14,-32,-14,-30,-12,-27,-12,-29,-9,-29,-7,-30,-3,-29,-2,-30,-1,-28,0,-29,0,-28,2,-30,3,-29,3,-29,3,-28,3,-28,4,-28,4,-28,4,-27,3,-26,2,-26,1,-23,-1,-23,-1,0,0,0,0,0,0]"
CSI_DATA,1063089,1a:00:00:00:00:00,-55,11,-95,4,43,6,1063089,47,0,128,0,"[0,0,0,0,0,0,0,0,29,2,28,2,30,2,31,4,32,7,34,7,33,8,30,9,32,11,29,12,32,12,30,12,32,10,32,9,32,9,32,7,31,7,35,5,31,4,31,4,31,4,32,3,33,1,35,2,35,-1,35,-3,36,-3,35,-3,0,0,36,-4,36,-3,35,-4,35,-6,32,-4,34,-7,31,-6,30,-6,29,-9,29,-13,29,-13,27,-14,27,-15,23,-15,25,-16,24,-16,24,-17,23,-17,24,-16,25,-15,25,-16,25,-14,24,-15,23,-15,23,-13,23,-12,21,-7,23,-7,0,0,0,0,0,0]"
CSI_DATA,1069089,1a:00:00:00:00:00,-55,11,-95,4,43,6,1069089,47,0,128,0,"[0,0,0,0,0,0,0,0,-21,20,-21,18,-23,19,-24,19,-28,17,-29,17,-30,14,-30,14,-32,13,-29,11,-31,12,-30,11,-32,12,-32,11,-29,12,-30,13,-28,11,-32,16,-27,15,-27,13,-28,14,-29,16,-28,17,-28,15,-31,20,-29,19,-29,20,-28,21,0,0,-29,20,-30,20,-29,19,-28,21,-26,17,-27,20,-24,20,-24,18,-23,20,-21,23,-23,23,-20,21,-20,22,-17,21,-18,23,-17,22,-18,24,-17,23,-18,25,-19,20,-18,23,-20,20,-19,20,-19,19,-19,17,-20,15,-20,11,-19,11,0,0,0,0,0,0]"
CSI_DATA,1073089,1a:00:00:00:00:00,-55,11,-95,4,43,6,1073089,47,0,128,0,"[0,0,0,0,0,0,0,0,30,-1,28,1,30,1,31,3,32,7,33,5,33,9,32,8,33,10,31,11,31,12,29,11,32,10,33,8,32,8,34,7,31,6,34,5,29,5,30,5,32,4,34,3,33,1,33,2,35,0,35,-3,36,-3,33,-3,0,0,37,-2,37,-3,34,-4,34,-4,32,-4,34,-6,31,-5,30,-5,29,-7,30,-13,28,-12,26,-13,26,-13,25,-14,26,-13,23,-14,26,-15,25,-14,26,-15,24,-15,25,-16,24,-13,24,-13,25,-12,24,-11,23,-9,22,-7,22,-6,0,0,0,0,0,0]"
CSI_DATA,1079089,1a:00:00:00:00:00,-55,11,-95,4,43,6,1079089,47,0,128,0,"[0,0,0,0,0,0,0,0,-20,21,-22,18,-24,19,-26,20,-27,17,-29,18,-29,14,-31,14,-32,14,-30,12,-31,12,-32,11,-32,11,-32,11,-31,10,-30,12,-28,12,-31,15,-29,15,-29,13,-30,14,-29,16,-27,16,-29,15,-30,19,-30,18,-31,18,-29,17,0,0,-30,21,-30,18,-29,18,-30,18,-27,17,-29,19,-26,18,-26,17,-24,18,-23,20,-24,22,-21,20,-21,19,-19,20,-21,20,-19,21,-20,23,-19,22,-21,24,-19,20,-20,22,-21,18,-21,19,-21,16,-22,14,-22,13,-21,9,-20,9,0,0,0,0,0,0]"
CSI_DATA,1085089,1a:00:00:00:00:00,-55,11,-95,4,43,6,1085089,47,0,128,0,"[0,0,0,0,0,0,0,0,-3,-29,-1,-28,1,-31,3,-33,5,-32,7,-35,10,-32,12,-31,12,-34,15,-30,14,-30,15,-27,18,-30,18,-30,17,-28,15,-29,15,-28,15,-32,15,-29,14,-27,14,-31,14,-30,14,-29,13,-31,15,-32,14,-31,17,-33,17,-32,0,0,17,-34,16,-31,17,-32,17,-32,16,-29,15,-31,15,-27,14,-26,13,-28,13,-30,13,-30,11,-27,11,-27,9,-26,11,-27,11,-28,10,-27,11,-29,10,-28,12,-26,14,-28,13,-23,15,-23,15,-23,17,-20,18,-19,17,-14,17,-14,0,0,0,0,0,0]"
CSI_DATA,1089191,1a:00:00:00:00:00,-55,11,-95,4,43,6,1089191,47,0,128,0,"[0,0,0,0,0,0,0,0,-19,-23,-18,-22,-16,-26,-15,-27,-13,-32,-15,-31,-11,-32,-9,-31,-9,-34,-5,-31,-7,-33,-7,-32,-6,-33,-8,-34,-8,-32,-8,-33,-8,-30,-10,-34,-8,-30,-7,-30,-10,-31,-12,-32,-11,-30,-10,-31,-13,-33,-14,-32,-14,-34,-10,-33,0,0,-13,-35,-12,-34,-12,-32,-12,-34,-10,-29,-14,-33,-11,-30,-11,-27,-12,-28,-17,-28,-15,-28,-16,-24,-18,-25,-16,-23,-15,-25,-16,-25,-17,-25,-15,-25,-15,-26,-13,-26,-14,-26,-13,-25,-12,-24,-12,-24,-9,-26,-8,-25,-4,-22,-5,-22,0,0,0,0,0,0]"
CSI_DATA,1095089,1a:00:00:00:00:00,-55,11,-95,4,43,6,1095089,47,0,128,0,"[0,0,0,0,0,0,0,0,3,-30,5,-27,8,-29,9,-31,12,-31,13,-32,16,-30,18,-31,18,-31,19,-28,19,-28,20,-24,23,-26,23,-26,22,-25,21,-24,20,-24,21,-27,20,-25,19,-24,20,-27,19,-26,19,-26,18,-27,20,-28,20,-28,23,-27,22,-29,0,0,19,-29,23,-27,24,-27,23,-25,23,-24,22,-27,21,-24,19,-23,19,-25,18,-28,20,-26,17,-23,18,-24,15,-25,17,-24,17,-25,16,-23,18,-24,16,-26,16,-21,19,-24,18,-20,19,-18,21,-18,22,-15,23,-15,20,-10,21,-8,0,0,0,0,0,0]"
CSI_DATA,1101089,1a:00:00:00:00:00,-55,11,-95,4,43,6,1101089,47,0,128,0,"[0,0,0,0,0,0,0,0,21,20,17,22,18,26,17,28,14,29,14,32,11,32,9,33,8,34,3,32,3,34,2,33,-1,34,-1,35,2,33,1,33,1,33,1,35,-1,33,-1,30,0,32,0,33,0,33,-1,33,-3,36,-1,36,-3,38,-5,35,0,0,-6,38,-6,36,-8,36,-7,34,-6,31,-6,33,-8,31,-7,30,-9,30,-8,31,-6,31,-6,29,-7,29,-6,28,-6,29,-7,28,-7,29,-8,29,-9,29,-10,26,-12,28,-13,26,-13,25,-16,23,-16,20,-17,19,-16,16,-19,14,0,0,0,0,0,0]"
CSI_DATA,1105089,1a:00:00:00:00:00,-55,11,-95,4,43,6,1105089,47,0,128,0,"[0,0,0,0,0,0,0,0,5,-29,7,-27,10,-30,11,-31,13,-28,16,-32,18,-30,18,-29,20,-27,22,-25,22,-27,23,-22,24,-25,25,-24,23,-22,23,-23,23,-23,24,-26,22,-26,21,-22,23,-24,23,-24,22,-24,22,-26,24,-25,25,-26,27,-26,26,-25,0,0,28,-27,27,-24,26,-24,25,-24,24,-22,24,-23,22,-21,23,-20,23,-22,22,-25,22,-23,20,-22,22,-21,20,-21,19,-22,20,-22,20,-23,22,-21,21,-22,21,-18,22,-21,21,-18,23,-16,23,-14,25,-11,24,-11,21,-6,22,-6,0,0,0,0,0,0]"
CSI_DATA,1111089,1a:00:00:00:00:00,-54,11,-95,4,43,6,1111089,47,0,128,0,"[0,0,0,0,0,0,0,0,-19,23,-18,20,-23,22,-23,23,-25,22,-25,23,-25,22,-26,21,-26,24,-26,20,-27,22,-26,20,-27,21,-27,22,-23,23,-22,24,-21,24,-22,28,-20,26,-18,25,-17,28,-15,29,-13,29,-12,31,-14,33,-12,33,-11,36,-11,35,0,0,-7,37,-9,34,-7,35,-6,35,-5,33,-2,34,-1,30,1,30,1,32,2,34,5,33,6,29,7,30,9,27,9,28,10,28,13,26,12,28,13,27,12,26,13,26,12,25,12,27,10,25,8,25,9,25,5,21,6,23,0,0,0,0,0,0]"
CSI_DATA,1115089,1a:00:00:00:00:00,-54,11,-95,4,43,6,1115089,47,0,128,0,"[0,0,0,0,0,0,0,0,7,-28,10,-26,12,-30,14,-29,16,-27,20,-30,20,-25,23,-25,23,-26,24,-21,24,-22,25,-19,27,-20,27,-21,27,-19,26,-20,26,-18,26,-21,26,-21,25,-18,26,-21,26,-20,26,-20,26,-20,27,-21,27,-22,29,-22,30,-20,0,0,30,-22,30,-20,30,-19,30,-19,27,-18,28,-20,28,-16,25,-14,26,-17,24,-19,26,-18,24,-16,24,-17,23,-17,23,-18,24,-18,23,-18,27,-18,26,-19,25,-15,26,-16,25,-12,25,-11,26,-9,26,-7,27,-6,22,-1,22,0,0,0,0,0,0,0]"
CSI_DATA,1168437,1a:00:00:00:00:00,-55,11,-95,4,43,6,1168437,47,0,128,0,"[0,0,0,0,0,0,0,0,-29,3,-29,0,-31,-1,-32,-2,-32,-5,-35,-6,-32,-9,-32,-11,-32,-13,-29,-13,-31,-14,-29,-15,-29,-14,-29,-17,-29,-15,-31,-15,-29,-15,-31,-12,-29,-11,-28,-12,-31,-14,-30,-12,-32,-14,-32,-12,-32,-13,-32,-14,-35,-14,-32,-13,0,0,-34,-13,-33,-15,-34,-15,-33,-13,-31,-13,-32,-12,-30,-13,-28,-13,-28,-11,-30,-11,-31,-10,-28,-10,-29,-8,-29,-8,-28,-6,-30,-7,-29,-7,-30,-8,-29,-8,-26,-9,-28,-11,-26,-11,-27,-13,-25,-14,-23,-15,-22,-15,-17,-15,-16,-18,0,0,0,0,0,0]"
CSI_DATA,1169089,1a:00:00:00:00:00,-54,11,-95,4,43,6,1169089,47,0,128,0,"[0,0,0,0,0,0,0,0,-29,-2,-29,-4,-29,-6,-30,-10,-31,-13,-31,-14,-30,-16,-27,-18,-27,-20,-24,-21,-25,-21,-24,-21,-25,-21,-25,-22,-25,-22,-25,-22,-24,-21,-26,-22,-24,-22,-23,-20,-24,-21,-26,-22,-26,-21,-24,-22,-27,-23,-27,-22,-28,-23,-24,-24,0,0,-28,-25,-25,-26,-25,-26,-24,-27,-22,-25,-24,-26,-22,-23,-20,-23,-20,-22,-22,-20,-24,-22,-21,-19,-23,-21,-22,-19,-22,-21,-21,-20,-22,-19,-21,-21,-21,-23,-18,-22,-19,-24,-17,-24,-17,-23,-15,-25,-12,-24,-10,-23,-6,-23,-5,-22,0,0,0,0,0,0]"
CSI_DATA,1171089,1a:00:00:00:00:00,-54,11,-95,4,43,6,1171089,47,0,128,0,"[0,0,0,0,0,0,0,0,-28,9,-27,9,-30,8,-30,6,-33,3,-33,4,-34,2,-33,2,-33,1,-33,-1,-33,-1,-32,-1,-34,2,-35,2,-33,2,-34,6,-31,4,-34,7,-31,8,-31,7,-32,8,-33,9,-32,10,-32,9,-34,13,-31,15,-32,15,-33,14,0,0,-34,17,-34,18,-31,17,-31,17,-28,15,-31,18,-28,17,-26,16,-25,20,-23,25,-21,23,-20,23,-21,23,-17,22,-18,24,-16,23,-17,26,-17,24,-18,24,-19,24,-17,24,-18,22,-19,22,-17,23,-18,20,-19,20,-18,16,-18,15,0,0,0,0,0,0]"
CSI_DATA,1173089,1a:00:00:00:00:00,-54,11,-95,4,43,6,1173089,47,0,128,0,"[0,0,0,0,0,0,0,0,19,23,16,23,16,27,16,29,12,31,12,32,10,32,8,31,6,35,3,32,4,33,2,32,3,33,3,34,5,32,5,33,4,33,7,35,5,32,5,30,5,32,6,33,7,33,7,32,8,35,8,33,10,35,9,34,0,0,9,39,7,35,7,34,7,35,7,32,8,35,7,31,7,30,7,31,12,32,12,30,11,28,11,27,10,26,11,28,11,27,13,28,10,29,10,29,9,28,8,30,7,27,7,28,5,28,3,27,2,27,-1,24,-1,24,0,0,0,0,0,0]"
CSI_DATA,1175089,1a:00:00:00:00:00,-55,11,-95,4,43,6,1175089,47,0,128,0,"[0,0,0,0,0,0,0,0,23,19,22,20,22,20,23,23,22,24,22,26,21,27,20,26,21,27,18,27,20,27,20,26,22,26,23,25,24,25,24,23,23,22,28,22,26,21,25,19,27,18,30,16,29,15,31,15,32,14,33,14,34,12,33,10,0,0,34,10,34,10,35,10,35,7,33,6,36,6,32,3,31,2,31,2,32,-3,32,-4,30,-5,31,-7,28,-8,28,-7,29,-10,28,-10,28,-11,28,-12,26,-10,27,-12,27,-9,26,-10,27,-9,27,-8,26,-6,24,-4,24,-5,0,0,0,0,0,0]"
CSI_DATA,1177089,1a:00:00:00:00:00,-54,11,-95,4,43,6,1177089,47,0,128,0,"[0,0,0,0,0,0,0,0,11,-27,13,-26,15,-27,17,-27,18,-27,19,-27,23,-25,22,-24,24,-25,25,-22,25,-23,25,-21,25,-25,24,-23,22,-24,22,-26,21,-23,24,-28,21,-25,21,-24,21,-25,21,-24,20,-26,21,-27,20,-29,19,-30,19,-31,19,-31,0,0,22,-33,21,-30,18,-30,19,-33,17,-26,17,-29,17,-28,15,-28,16,-28,15,-31,11,-31,9,-28,9,-30,8,-28,9,-29,7,-29,7,-29,7,-28,9,-30,10,-28,10,-28,10,-26,10,-26,10,-25,12,-26,14,-22,14,-18,13,-19,0,0,0,0,0,0]"
CSI_DATA,1179089,1a:00:00:00:00:00,-54,11,-95,4,43,6,1179089,47,0,128,0,"[0,0,0,0,0,0,0,0,-30,-3,-29,-4,-31,-6,-31,-11,-31,-14,-31,-15,-31,-18,-26,-20,-27,-22,-24,-23,-25,-23,-23,-23,-24,-24,-24,-25,-24,-22,-25,-23,-22,-23,-25,-25,-21,-22,-20,-23,-23,-23,-23,-25,-23,-24,-23,-26,-25,-24,-27,-25,-26,-26,-22,-25,0,0,-25,-30,-23,-30,-22,-28,-22,-30,-18,-26,-21,-29,-20,-27,-17,-26,-17,-25,-20,-24,-21,-24,-20,-22,-20,-24,-19,-20,-19,-24,-18,-22,-21,-23,-18,-23,-18,-25,-15,-24,-16,-26,-13,-26,-14,-26,-12,-26,-9,-25,-7,-25,-4,-23,-2,-23,0,0,0,0,0,0]"
CSI_DATA,1181089,1a:00:00:00:00:00,-54,11,-95,4,43,6,1181089,47,0,128,0,"[0,0,0,0,0,0,0,0,-28,6,-29,3,-29,5,-32,2,-33,-1,-35,-1,-33,-2,-33,-3,-35,-5,-32,-6,-34,-5,-31,-6,-34,-4,-33,-4,-32,-3,-34,0,-29,-3,-36,1,-32,1,-30,1,-33,3,-34,1,-32,4,-34,4,-35,7,-35,9,-35,10,-33,9,0,0,-34,7,-35,10,-34,11,-36,10,-31,10,-34,11,-31,10,-30,11,-27,13,-26,17,-27,18,-24,18,-25,18,-22,19,-23,20,-21,19,-24,21,-22,21,-22,22,-23,19,-24,20,-22,18,-23,18,-21,17,-22,17,-23,14,-21,11,-22,11,0,0,0,0,0,0]"
CSI_DATA,1183089,1a:00:00:00:00:00,-54,11,-95,4,43,6,1183089,47,0,128,0,"[0,0,0,0,0,0,0,0,13,27,11,25,11,29,9,32,6,32,5,35,3,34,0,33,-1,36,-4,31,-4,33,-4,32,-4,34,-4,34,-3,33,-2,32,-3,32,-3,36,-2,33,-2,31,-1,32,-2,34,-2,34,-2,33,1,36,0,36,1,36,-1,36,0,0,-2,37,-2,37,-1,36,-3,36,-3,33,-1,34,-3,31,-2,29,-2,33,3,34,3,33,3,29,3,31,3,29,2,30,4,29,3,30,2,31,1,31,-1,30,-1,31,-2,29,-2,28,-3,28,-6,28,-8,26,-9,22,-9,22,0,0,0,0,0,0]"
CSI_DATA,1185089,1a:00:00:00:00:00,-54,11,-95,4,43,6,1185089,47,0,128,0,"[0,0,0,0,0,0,0,0,23,18,22,19,22,21,22,22,22,25,24,26,21,27,21,27,21,27,18,26,18,27,20,26,22,26,21,26,23,24,25,22,22,23,27,23,25,20,24,20,28,19,28,18,31,18,30,18,32,14,32,13,35,14,33,11,0,0,36,10,35,12,35,9,35,9,33,8,35,7,32,7,30,4,32,3,34,-2,32,-3,31,-4,31,-5,28,-6,29,-5,28,-6,30,-8,28,-8,31,-9,28,-7,29,-9,28,-6,28,-7,27,-8,26,-6,25,-5,24,-1,24,-3,0,0,0,0,0,0]"
CSI_DATA,1187089,1a:00:00:00:00:00,-54,11,-95,4,43,6,1187089,47,0,128,0,"[0,0,0,0,0,0,0,0,13,-26,13,-26,16,-26,19,-26,21,-25,22,-26,26,-23,23,-22,28,-24,26,-20,28,-20,27,-19,27,-22,27,-22,25,-21,25,-22,23,-20,27,-24,24,-21,24,-22,24,-25,24,-24,22,-25,23,-24,23,-28,24,-27,23,-28,22,-28,0,0,24,-30,23,-27,24,-26,24,-29,21,-24,22,-26,19,-26,18,-24,19,-24,17,-29,15,-29,14,-26,14,-28,11,-26,13,-28,12,-27,11,-28,13,-27,13,-29,13,-26,14,-28,15,-24,14,-25,15,-24,16,-22,17,-21,16,-16,17,-16,0,0,0,0,0,0]"
CSI_DATA,1189089,1a:00:00:00:00:00,-54,11,-95,4,43,6,1189089,47,0,128,0,"[0,0,0,0,0,0,0,0,-28,-9,-27,-10,-29,-12,-26,-16,-29,-20,-27,-22,-25,-24,-21,-24,-23,-27,-18,-27,-19,-27,-18,-27,-20,-27,-19,-29,-18,-27,-18,-28,-17,-27,-19,-29,-16,-26,-16,-27,-18,-29,-17,-29,-19,-28,-16,-29,-17,-30,-19,-29,-20,-32,-15,-33,0,0,-17,-32,-17,-33,-16,-32,-14,-35,-13,-30,-15,-33,-12,-30,-12,-28,-10,-28,-13,-30,-15,-30,-14,-27,-14,-28,-14,-25,-12,-27,-11,-26,-14,-27,-12,-28,-11,-29,-8,-27,-7,-29,-6,-28,-6,-28,-5,-28,-1,-26,1,-26,4,-22,4,-23,0,0,0,0,0,0]"
CSI_DATA,1191584,1a:00:00:00:00:00,-54,11,-95,4,43,6,1191584,47,0,128,0,"[0,0,0,0,0,0,0,0,-27,-12,-26,-12,-26,-16,-26,-17,-26,-21,-27,-21,-25,-24,-23,-24,-25,-26,-20,-25,-23,-24,-20,-25,-24,-25,-23,-24,-24,-24,-24,-23,-23,-22,-24,-22,-24,-21,-23,-21,-27,-21,-27,-22,-28,-20,-27,-19,-30,-20,-30,-19,-33,-18,-29,-19,0,0,-33,-18,-31,-20,-31,-18,-31,-18,-28,-17,-32,-16,-29,-14,-28,-14,-27,-13,-29,-11,-31,-12,-29,-8,-30,-9,-28,-6,-29,-7,-28,-7,-30,-5,-29,-7,-31,-7,-28,-6,-29,-6,-28,-8,-29,-7,-27,-7,-24,-11,-24,-11,-21,-11,-21,-12,0,0,0,0,0,0]"
CSI_DATA,1193089,1a:00:00:00:00:00,-54,11,-95,4,43,6,1193089,47,0,128,0,"[0,0,0,0,0,0,0,0,12,27,9,27,7,30,7,32,3,32,3,34,0,34,-3,34,-3,35,-7,33,-7,33,-7,32,-7,33,-7,33,-5,32,-4,33,-6,31,-5,35,-6,33,-7,30,-5,32,-5,33,-4,32,-4,33,-4,36,-3,35,-3,37,-5,36,0,0,-6,39,-7,36,-7,35,-7,35,-7,32,-7,34,-5,31,-5,29,-5,31,-3,32,-2,32,-1,28,-2,31,-1,29,-2,30,-2,30,-1,29,-2,31,-3,32,-5,29,-5,31,-7,29,-6,28,-6,26,-9,26,-12,24,-13,20,-12,20,0,0,0,0,0,0]"
CSI_DATA,1195089,1a:00:00:00:00:00,-54,11,-95,4,43,6,1195089,47,0,128,0,"[0,0,0,0,0,0,0,0,23,19,21,20,22,22,22,23,22,27,22,26,21,28,17,27,20,29,17,27,19,28,18,28,20,26,21,27,21,27,23,25,21,23,26,25,23,20,23,21,26,20,27,19,27,19,28,20,32,18,32,16,33,16,32,16,0,0,33,16,35,15,32,12,34,12,30,8,35,10,31,9,29,8,32,6,34,0,33,1,30,-1,31,-1,29,-2,30,-4,27,-4,32,-6,29,-5,30,-5,29,-3,29,-5,28,-5,30,-4,28,-4,27,-2,26,-2,24,1,24,1,0,0,0,0,0,0]"
CSI_DATA,1201089,1a:00:00:00:00:00,-54,11,-95,4,43,6,1201089,47,0,128,0,"[0,0,0,0,0,0,0,0,-30,-5,-27,-6,-28,-7,-29,-9,-31,-13,-32,-14,-30,-15,-30,-15,-30,-16,-28,-16,-29,-18,-28,-18,-30,-17,-30,-18,-29,-16,-31,-14,-29,-14,-32,-13,-30,-12,-29,-13,-31,-10,-33,-11,-32,-8,-32,-10,-35,-8,-34,-9,-37,-8,-36,-7,0,0,-38,-3,-35,-7,-36,-7,-35,-6,-34,-5,-35,-4,-31,-4,-31,-3,-31,-1,-31,2,-31,2,-30,3,-31,4,-28,5,-29,5,-29,7,-29,7,-30,6,-29,8,-28,6,-30,7,-28,4,-28,4,-28,4,-26,1,-26,0,-23,-3,-24,-3,0,0,0,0,0,0]"
CSI_DATA,1207089,1a:00:00:00:00:00,-54,11,-95,4,43,6,1207089,47,0,128,0,"[0,0,0,0,0,0,0,0,19,-23,20,-21,21,-21,25,-21,27,-18,29,-19,30,-17,29,-17,32,-16,30,-13,31,-14,30,-12,32,-14,32,-13,29,-13,30,-14,28,-13,31,-17,29,-15,27,-14,28,-15,30,-16,28,-17,30,-16,29,-19,29,-19,32,-19,31,-19,0,0,31,-20,30,-19,30,-18,31,-20,28,-17,30,-20,28,-19,25,-16,25,-19,24,-24,25,-22,21,-20,22,-21,20,-20,21,-21,21,-21,21,-22,21,-20,23,-21,23,-19,23,-20,23,-17,22,-17,23,-16,23,-15,23,-12,23,-7,22,-8,0,0,0,0,0,0]"
CSI_DATA,1213089,1a:00:00:00:00:00,-54,11,-95,4,43,6,1213089,47,0,128,0,"[0,0,0,0,0,0,0,0,1,29,-2,29,-4,31,-5,32,-7,32,-9,33,-13,31,-14,32,-14,33,-16,28,-16,30,-18,28,-20,29,-22,28,-18,26,-18,29,-16,25,-18,30,-18,28,-17,26,-18,28,-17,29,-16,28,-17,29,-18,30,-18,29,-20,31,-19,29,0,0,-20,33,-21,29,-21,30,-21,28,-19,25,-20,28,-18,24,-19,24,-17,27,-18,28,-19,27,-16,25,-17,25,-13,25,-16,27,-15,26,-15,26,-16,26,-17,27,-18,23,-18,26,-18,21,-20,21,-21,19,-22,17,-21,16,-19,10,-21,12,0,0,0,0,0,0]"
CSI_DATA,1217089,1a:00:00:00:00:00,-54,11,-95,4,43,6,1217089,47,0,128,0,"[0,0,0,0,0,0,0,0,23,-20,23,-18,25,-18,26,-18,31,-14,32,-15,32,-13,30,-12,34,-11,32,-8,33,-8,32,-6,33,-8,34,-8,32,-7,32,-9,31,-8,34,-12,30,-9,31,-8,30,-10,32,-12,31,-12,33,-11,33,-13,32,-14,35,-14,32,-12,0,0,35,-16,36,-13,35,-12,34,-12,31,-11,34,-12,30,-11,29,-11,30,-13,30,-17,28,-17,26,-15,27,-14,24,-15,26,-15,26,-16,25,-17,27,-16,26,-17,26,-14,26,-14,27,-11,27,-11,26,-9,27,-9,25,-6,23,-2,24,-1,0,0,0,0,0,0]"
CSI_DATA,1221089,1a:00:00:00:00:00,-55,11,-95,4,43,6,1221089,47,0,128,0,"[0,0,0,0,0,0,0,0,-29,-4,-26,-6,-29,-7,-30,-10,-32,-13,-33,-12,-31,-15,-29,-14,-30,-18,-27,-17,-28,-17,-28,-17,-29,-16,-29,-18,-29,-16,-30,-15,-29,-14,-32,-15,-28,-12,-28,-14,-31,-13,-32,-12,-31,-11,-31,-12,-34,-10,-35,-10,-37,-10,-32,-9,0,0,-36,-10,-37,-9,-35,-9,-35,-7,-32,-8,-34,-6,-32,-6,-31,-6,-31,-6,-35,-2,-33,-1,-30,0,-30,0,-28,3,-30,2,-29,3,-30,3,-29,3,-30,3,-29,1,-30,2,-29,0,-30,0,-29,-1,-27,-3,-26,-4,-22,-6,-23,-7,0,0,0,0,0,0]"
CSI_DATA,1227089,1a:00:00:00:00:00,-54,11,-95,4,43,6,1227089,47,0,128,0,"[0,0,0,0,0,0,0,0,25,-15,25,-13,28,-13,31,-11,32,-9,35,-9,33,-6,33,-6,34,-5,33,-2,34,-2,32,0,33,-1,34,0,32,0,33,-2,32,-3,35,-4,33,-2,30,-1,32,-4,32,-4,33,-6,36,-5,35,-7,35,-3,38,-4,35,-5,0,0,38,-6,35,-2,37,-4,37,-4,33,-3,35,-6,32,-5,31,-5,31,-7,32,-9,31,-8,29,-7,30,-8,28,-8,29,-8,28,-10,27,-9,29,-8,30,-10,26,-7,30,-8,29,-5,29,-5,28,-2,28,0,28,2,22,5,23,6,0,0,0,0,0,0]"
CSI_DATA,1233089,1a:00:00:00:00:00,-55,11,-95,4,43,6,1233089,47,0,128,0,"[0,0,0,0,0,0,0,0,-2,29,-4,28,-6,30,-8,31,-11,31,-13,33,-16,29,-18,28,-18,30,-19,27,-20,27,-21,25,-22,26,-23,26,-21,24,-21,24,-22,24,-21,28,-21,25,-20,22,-22,25,-20,25,-20,27,-23,25,-23,27,-23,27,-26,27,-26,25,0,0,-25,28,-27,24,-27,26,-28,24,-26,20,-26,24,-23,22,-23,21,-23,21,-23,22,-24,23,-22,21,-23,20,-20,21,-22,21,-22,21,-21,22,-22,20,-23,22,-23,18,-24,20,-24,17,-24,14,-25,14,-26,10,-26,10,-23,4,-23,4,0,0,0,0,0,0]"
CSI_DATA,1239089,1a:00:00:00:00:00,-55,11,-95,4,43,6,1239089,47,0,128,0,"[0,0,0,0,0,0,0,0,18,-22,20,-20,23,-22,23,-24,24,-22,26,-25,25,-21,27,-20,28,-21,28,-18,28,-21,25,-18,27,-21,27,-21,24,-21,24,-23,24,-24,23,-27,20,-26,19,-24,19,-28,18,-27,17,-29,15,-30,16,-30,15,-32,13,-34,14,-34,0,0,13,-37,10,-35,9,-35,8,-33,8,-33,6,-34,5,-31,4,-30,2,-32,0,-33,-1,-31,-3,-29,-5,-30,-6,-29,-7,-29,-8,-30,-8,-27,-9,-30,-10,-29,-8,-28,-9,-30,-8,-28,-8,-27,-8,-27,-6,-27,-5,-26,-1,-22,-2,-24,0,0,0,0,0,0]"
CSI_DATA,1243090,1a:00:00:00:00:00,-55,11,-95,4,43,6,1243090,47,0,128,0,"[0,0,0,0,0,0,0,0,-8,29,-10,26,-13,28,-15,30,-18,27,-21,29,-22,25,-24,25,-24,26,-24,22,-25,22,-26,19,-29,20,-29,19,-27,17,-27,18,-28,18,-28,21,-27,19,-25,17,-27,18,-27,20,-27,19,-28,20,-29,21,-29,18,-32,18,-30,19,0,0,-33,21,-32,17,-34,17,-32,17,-30,13,-31,17,-27,15,-28,14,-29,14,-29,15,-29,15,-26,14,-28,14,-26,15,-25,15,-27,15,-25,14,-27,15,-27,15,-25,12,-28,13,-27,8,-27,6,-28,5,-28,2,-28,1,-22,-3,-24,-3,0,0,0,0,0,0]"
CSI_DATA,1248777,1a:00:00:00:00:00,-54,11,-95,4,43,6,1248777,47,0,128,0,"[0,0,0,0,0,0,0,0,29,0,28,1,31,1,32,2,33,5,35,5,33,6,32,6,34,6,33,6,34,7,32,8,33,5,34,4,31,3,34,2,32,1,35,-2,33,-3,30,-3,33,-4,33,-5,32,-8,34,-7,34,-11,33,-12,35,-13,34,-12,0,0,33,-19,34,-16,31,-16,32,-18,28,-15,29,-19,27,-18,25,-18,24,-18,24,-23,22,-24,20,-23,19,-24,16,-24,17,-26,16,-25,14,-27,14,-26,13,-28,14,-25,13,-27,14,-25,14,-25,14,-24,15,-23,14,-21,14,-16,16,-18,0,0,0,0,0,0]"
CSI_DATA,1254090,1a:00:00:00:00:00,-54,11,-95,4,43,6,1254090,47,0,128,0,"[0,0,0,0,0,0,0,0,19,-22,21,-20,23,-20,25,-22,25,-20,27,-22,28,-19,29,-19,29,-20,28,-17,28,-19,27,-17,28,-19,30,-19,26,-20,25,-21,24,-21,25,-25,23,-24,21,-22,22,-26,20,-27,19,-28,18,-28,19,-29,18,-30,19,-31,19,-32,0,0,16,-34,14,-34,14,-33,14,-32,11,-32,10,-33,8,-31,7,-30,6,-30,3,-32,4,-31,3,-30,1,-31,-1,-29,-1,-30,-3,-30,-5,-29,-4,-30,-5,-30,-4,-29,-5,-31,-5,-28,-2,-27,-2,-29,0,-27,0,-28,2,-23,1,-24,0,0,0,0,0,0]"
CSI_DATA,1260090,1a:00:00:00:00:00,-54,11,-95,4,43,6,1260090,47,0,128,0,"[0,0,0,0,0,0,0,0,6,29,5,28,4,30,4,34,1,31,2,36,-1,34,-3,34,-3,35,-5,32,-4,34,-6,31,-5,33,-6,33,-2,33,-2,34,-1,33,-1,35,0,34,0,30,3,33,4,34,5,33,6,33,5,35,7,34,7,38,5,37,0,0,9,38,7,35,9,36,9,35,8,32,12,33,11,31,12,29,11,30,14,30,16,29,15,26,16,28,17,26,15,25,17,25,19,23,18,24,19,25,15,24,19,26,16,24,14,25,13,25,12,26,9,25,7,21,7,23,0,0,0,0,0,0]"
CSI_DATA,1270723,1a:00:00:00:00:00,-55,11,-95,4,43,6,1270723,47,0,128,0,"[0,0,0,0,0,0,0,0,30,3,28,4,32,6,32,8,32,10,35,11,32,13,30,14,31,16,26,17,31,16,27,20,28,17,29,19,28,18,30,16,29,17,32,13,30,13,27,12,31,13,31,13,31,14,32,13,34,13,35,12,35,14,32,14,0,0,37,13,35,13,35,10,35,10,32,11,34,11,31,11,30,9,30,9,33,7,33,5,30,5,30,4,29,2,29,2,30,2,31,1,30,3,30,2,28,5,31,5,28,5,29,7,28,7,26,9,26,10,21,10,22,11,0,0,0,0,0,0]"
CSI_DATA,1276090,1a:00:00:00:00:00,-54,11,-95,4,43,6,1276090,47,0,128,0,"[0,0,0,0,0,0,0,0,-27,-13,-25,-15,-26,-16,-26,-18,-26,-20,-29,-23,-25,-24,-22,-24,-22,-26,-18,-26,-21,-27,-18,-27,-19,-27,-19,-28,-20,-27,-21,-27,-20,-26,-22,-26,-22,-25,-20,-24,-21,-24,-22,-23,-22,-25,-24,-25,-23,-25,-27,-24,-27,-27,-24,-26,0,0,-27,-30,-25,-26,-26,-25,-25,-25,-24,-24,-25,-24,-23,-24,-22,-23,-23,-21,-24,-20,-24,-20,-24,-18,-25,-19,-24,-17,-25,-17,-24,-16,-25,-17,-24,-18,-24,-18,-22,-19,-22,-19,-22,-18,-20,-19,-20,-20,-16,-21,-16,-21,-11,-21,-11,-21,0,0,0,0,0,0]"
CSI_DATA,1280090,1a:00:00:00:00:00,-54,11,-95,4,43,6,1280090,47,0,128,0,"[0,0,0,0,0,0,0,0,11,28,8,27,9,31,7,32,7,33,5,35,4,34,0,33,0,36,-4,32,0,34,-3,33,-3,33,-2,35,0,33,2,34,1,32,3,36,2,32,3,30,4,32,6,33,4,32,7,33,6,35,8,33,7,36,5,35,0,0,9,37,11,36,12,34,10,36,9,31,10,33,9,30,11,30,11,31,14,33,15,29,14,27,15,27,15,24,17,26,17,24,19,25,16,25,17,25,13,26,16,27,15,25,13,26,12,26,9,27,9,25,6,22,6,23,0,0,0,0,0,0]"
CSI_DATA,1286090,1a:00:00:00:00:00,-54,11,-95,4,43,6,1286090,47,0,128,0,"[0,0,0,0,0,0,0,0,-29,-7,-27,-9,-29,-11,-28,-14,-29,-15,-31,-17,-29,-19,-26,-19,-27,-21,-21,-25,-25,-23,-21,-25,-23,-24,-23,-24,-23,-25,-24,-23,-23,-23,-25,-23,-24,-19,-22,-22,-25,-22,-28,-22,-25,-22,-26,-21,-27,-23,-27,-22,-28,-23,-26,-23,0,0,-31,-24,-28,-23,-29,-21,-28,-24,-25,-21,-27,-22,-25,-21,-24,-21,-24,-19,-25,-18,-26,-17,-26,-17,-27,-18,-24,-15,-27,-15,-25,-13,-28,-15,-25,-15,-25,-16,-23,-17,-24,-18,-22,-17,-22,-20,-22,-18,-19,-20,-16,-20,-13,-20,-13,-19,0,0,0,0,0,0]"
CSI_DATA,1290090,1a:00:00:00:00:00,-54,11,-95,4,43,6,1290090,47,0,128,0,"[0,0,0,0,0,0,0,0,14,26,12,26,11,29,11,31,9,30,11,33,8,34,4,33,4,36,-1,32,3,35,0,33,3,35,2,35,4,32,5,34,4,32,9,35,7,31,7,30,7,32,7,33,8,32,10,31,10,34,12,32,11,36,11,36,0,0,11,37,14,34,13,31,13,35,13,30,12,33,11,30,10,29,13,29,16,30,17,27,16,26,18,25,16,23,18,25,18,22,20,23,17,24,18,25,16,25,16,26,15,24,14,25,15,24,11,26,8,25,8,22,7,23,0,0,0,0,0,0]"
CSI_DATA,1296090,1a:00:00:00:00:00,-55,11,-95,4,43,6,1296090,47,0,128,0,"[0,0,0,0,0,0,0,0,-29,-5,-27,-7,-29,-8,-28,-12,-30,-13,-32,-15,-30,-18,-27,-19,-28,-22,-23,-22,-27,-22,-23,-22,-26,-23,-25,-22,-26,-22,-27,-21,-25,-21,-27,-21,-24,-20,-23,-20,-26,-20,-27,-20,-26,-20,-27,-20,-27,-21,-30,-20,-30,-21,-27,-20,0,0,-30,-22,-30,-22,-29,-20,-27,-23,-26,-20,-28,-21,-25,-20,-24,-20,-24,-18,-26,-17,-28,-17,-26,-15,-27,-14,-25,-15,-25,-15,-26,-14,-28,-14,-25,-16,-26,-16,-24,-17,-24,-18,-23,-17,-23,-18,-21,-19,-19,-20,-15,-20,-13,-20,-14,-21,0,0,0,0,0,0]"
CSI_DATA,1302090,1a:00:00:00:00:00,-54,11,-95,4,43,6,1302090,47,0,128,0,"[0,0,0,0,0,0,0,0,22,-20,23,-18,25,-18,28,-16,30,-15,30,-14,33,-12,32,-9,34,-8,32,-2,33,-5,33,-1,34,-3,35,-1,34,-1,34,-2,32,0,34,-5,31,-2,31,-1,33,-2,35,-1,33,-1,35,-2,34,0,37,0,37,0,36,1,0,0,37,2,38,2,36,1,37,2,33,5,35,4,33,4,32,4,32,4,34,2,32,1,30,1,32,2,29,1,31,0,29,1,32,1,30,3,30,3,29,6,30,6,28,8,29,10,27,11,25,13,22,13,18,15,19,16,0,0,0,0,0,0]"
CSI_DATA,1306090,1a:00:00:00:00:00,-54,11,-95,4,43,6,1306090,47,0,128,0,"[0,0,0,0,0,0,0,0,-30,-5,-29,-9,-30,-10,-29,-13,-29,-16,-30,-17,-29,-20,-26,-19,-26,-22,-23,-23,-25,-23,-23,-24,-24,-23,-23,-24,-24,-23,-25,-23,-22,-23,-26,-24,-24,-22,-23,-22,-25,-22,-24,-24,-25,-23,-25,-23,-27,-24,-28,-23,-27,-24,-26,-23,0,0,-28,-28,-26,-25,-26,-24,-25,-24,-24,-23,-25,-25,-23,-23,-22,-22,-22,-22,-24,-19,-25,-20,-24,-18,-26,-18,-23,-18,-23,-18,-23,-18,-26,-17,-23,-17,-24,-21,-22,-20,-22,-22,-20,-22,-20,-21,-19,-21,-16,-23,-13,-22,-11,-23,-11,-21,0,0,0,0,0,0]"
CSI_DATA,1312090,1a:00:00:00:00:00,-54,11,-95,4,43,6,1312090,47,0,128,0,"[0,0,0,0,0,0,0,0,21,-22,22,-20,24,-19,27,-17,30,-17,30,-14,33,-12,32,-10,34,-9,32,-4,33,-4,34,-2,34,-4,35,-2,33,-3,34,-4,33,-1,35,-3,32,-2,31,-1,33,-1,34,-1,33,-1,34,0,36,-1,36,-1,38,-1,35,0,0,0,37,1,37,2,36,5,36,3,32,4,34,4,33,4,29,5,32,4,34,1,32,1,29,2,30,1,29,1,30,3,29,2,31,2,30,4,30,5,29,7,30,7,28,10,27,10,27,12,25,13,22,15,18,16,17,16,0,0,0,0,0,0]"
CSI_DATA,1314090,1a:00:00:00:00:00,-54,11,-95,4,43,6,1314090,47,0,128,0,"[0,0,0,0,0,0,0,0,10,-27,11,-26,13,-28,17,-28,17,-27,19,-28,21,-27,22,-27,22,-26,25,-23,24,-26,24,-23,23,-25,23,-26,21,-25,20,-26,19,-25,20,-30,18,-27,16,-28,16,-28,17,-29,16,-28,17,-29,15,-32,14,-32,14,-32,17,-31,0,0,16,-34,13,-35,12,-32,13,-35,11,-30,12,-32,10,-31,9,-29,8,-30,8,-34,3,-32,3,-30,2,-31,1,-28,0,-30,-1,-31,-2,-30,-1,-31,0,-31,1,-30,1,-30,3,-30,3,-29,2,-29,3,-28,5,-27,6,-22,6,-22,0,0,0,0,0,0]"
CSI_DATA,1316090,1a:00:00:00:00:00,-54,11,-95,4,43,6,1316090,47,0,128,0,"[0,0,0,0,0,0,0,0,-28,-6,-28,-8,-29,-11,-29,-15,-28,-16,-30,-18,-28,-21,-25,-21,-26,-24,-21,-24,-22,-25,-20,-26,-23,-24,-22,-27,-23,-24,-24,-24,-22,-23,-24,-26,-23,-23,-21,-23,-22,-24,-24,-25,-23,-24,-23,-26,-24,-26,-26,-24,-25,-26,-24,-28,0,0,-23,-26,-25,-27,-24,-26,-24,-27,-21,-25,-22,-27,-20,-25,-19,-25,-19,-24,-22,-24,-23,-22,-22,-21,-23,-21,-21,-19,-22,-20,-21,-18,-23,-19,-22,-21,-21,-22,-19,-23,-18,-24,-16,-23,-17,-24,-15,-24,-13,-24,-11,-24,-7,-23,-8,-22,0,0,0,0,0,0]"
CSI_DATA,1322090,1a:00:00:00:00:00,-55,11,-95,4,43,6,1322090,47,0,128,0,"[0,0,0,0,0,0,0,0,25,17,24,16,25,19,25,20,27,22,27,24,25,24,25,23,26,25,22,25,24,24,23,24,25,21,27,22,26,20,29,19,28,18,31,16,29,13,28,13,30,13,33,12,31,11,32,9,35,7,35,7,36,6,36,3,0,0,40,2,36,2,36,0,36,-2,32,-2,35,-2,33,-3,32,-4,31,-7,31,-12,29,-12,27,-12,28,-14,25,-15,26,-16,23,-18,24,-19,24,-17,24,-19,23,-17,23,-19,24,-17,23,-17,22,-17,22,-15,22,-15,20,-11,21,-12,0,0,0,0,0,0]"
CSI_DATA,1326090,1a:00:00:00:00:00,-55,11,-95,4,43,6,1326090,47,0,128,0,"[0,0,0,0,0,0,0,0,-30,-1,-29,-3,-31,-4,-31,-9,-32,-11,-32,-13,-31,-16,-27,-17,-29,-20,-25,-21,-27,-22,-26,-21,-26,-22,-26,-23,-26,-21,-27,-22,-24,-20,-28,-22,-25,-20,-24,-21,-26,-20,-27,-21,-25,-21,-26,-21,-28,-21,-29,-21,-30,-24,-27,-25,0,0,-27,-24,-28,-25,-27,-24,-28,-24,-24,-21,-26,-24,-24,-23,-22,-22,-23,-21,-25,-22,-24,-20,-24,-17,-26,-19,-24,-16,-23,-19,-22,-17,-24,-19,-22,-19,-24,-19,-20,-20,-21,-21,-18,-21,-19,-22,-17,-22,-15,-21,-12,-22,-8,-22,-8,-22,0,0,0,0,0,0]"
CSI_DATA,1332090,1a:00:00:00:00:00,-54,11,-95,4,43,6,1332090,47,0,128,0,"[0,0,0,0,0,0,0,0,26,15,24,17,26,18,26,20,26,22,26,24,25,25,24,24,27,25,22,25,23,24,24,23,26,23,25,21,28,20,29,19,27,18,31,18,28,17,28,14,31,13,31,13,31,12,33,12,34,8,36,5,37,5,36,5,0,0,35,3,39,5,35,2,36,1,34,1,34,-2,33,-2,30,-2,31,-5,32,-11,30,-11,27,-11,28,-12,25,-12,26,-15,24,-14,26,-16,25,-16,26,-18,24,-16,24,-17,24,-14,23,-15,23,-16,22,-14,23,-12,21,-8,21,-9,0,0,0,0,0,0]"
CSI_DATA,1336090,1a:00:00:00:00:00,-55,11,-95,4,43,6,1336090,47,0,128,0,"[0,0,0,0,0,0,0,0,-30,-2,-29,-3,-31,-5,-31,-10,-31,-11,-33,-14,-30,-16,-29,-17,-28,-20,-26,-21,-25,-21,-26,-22,-27,-22,-25,-23,-26,-21,-26,-21,-23,-21,-27,-23,-24,-21,-24,-20,-25,-22,-26,-23,-25,-21,-25,-23,-26,-23,-29,-22,-29,-23,-27,-23,0,0,-26,-25,-26,-26,-25,-24,-25,-27,-24,-24,-24,-26,-21,-24,-20,-22,-20,-23,-22,-22,-24,-21,-23,-19,-24,-20,-21,-18,-21,-20,-21,-19,-22,-20,-21,-20,-22,-21,-19,-22,-20,-22,-18,-22,-15,-23,-16,-24,-12,-23,-10,-23,-7,-22,-7,-22,0,0,0,0,0,0]"
CSI_DATA,1342090,1a:00:00:00:00:00,-55,11,-95,4,43,6,1342090,47,0,128,0,"[0,0,0,0,0,0,0,0,27,17,24,16,26,18,25,20,25,23,26,24,24,25,24,23,24,25,22,26,22,26,23,24,26,23,25,22,27,21,28,20,26,20,30,19,26,17,28,15,31,14,32,14,31,14,32,13,34,9,35,8,36,8,34,8,0,0,36,5,38,7,36,4,36,4,32,2,35,1,33,1,30,0,30,-3,30,-8,30,-9,28,-9,29,-10,26,-12,26,-12,25,-13,27,-14,25,-15,27,-16,25,-13,26,-14,25,-12,25,-14,25,-14,24,-13,23,-10,22,-7,22,-8,0,0,0,0,0,0]"
CSI_DATA,1348090,1a:00:00:00:00:00,-55,11,-95,4,43,6,1348090,47,0,128,0,"[0,0,0,0,0,0,0,0,-27,11,-28,9,-28,9,-32,8,-34,5,-35,4,-34,2,-35,2,-35,1,-33,-2,-33,0,-33,-2,-34,2,-35,3,-33,2,-33,4,-31,4,-35,6,-33,7,-30,6,-32,7,-32,8,-33,10,-33,9,-34,12,-34,13,-33,15,-30,16,0,0,-33,18,-33,14,-33,14,-33,16,-29,15,-31,15,-28,16,-27,16,-26,17,-25,21,-23,21,-20,22,-21,22,-17,21,-20,22,-19,22,-19,24,-18,24,-20,24,-19,21,-20,24,-19,20,-18,21,-19,20,-19,19,-19,18,-18,14,-18,14,0,0,0,0,0,0]"
CSI_DATA,1354090,1a:00:00:00:00:00,-54,11,-95,4,43,6,1354090,47,0,128,0,"[0,0,0,0,0,0,0,0,11,-28,12,-26,14,-27,16,-27,19,-26,19,-29,22,-26,23,-24,24,-27,24,-22,25,-23,24,-21,25,-24,25,-24,23,-23,21,-24,22,-22,23,-28,20,-25,22,-24,20,-26,21,-27,19,-26,19,-27,19,-29,21,-29,19,-29,21,-29,0,0,19,-34,21,-31,18,-29,19,-31,17,-26,18,-30,15,-28,14,-26,13,-28,12,-32,12,-31,10,-27,10,-28,8,-26,10,-28,8,-28,7,-28,9,-28,9,-29,9,-28,9,-29,11,-26,10,-25,12,-25,13,-22,13,-22,14,-18,14,-17,0,0,0,0,0,0]"
CSI_DATA,1358090,1a:00:00:00:00:00,-54,11,-95,4,43,6,1358090,47,0,128,0,"[0,0,0,0,0,0,0,0,-28,14,-27,12,-28,12,-29,11,-32,8,-33,8,-34,6,-31,6,-34,6,-31,3,-33,4,-32,4,-33,6,-34,6,-31,7,-32,9,-32,8,-34,11,-30,11,-28,9,-30,11,-30,12,-29,14,-31,14,-32,18,-30,18,-32,19,-31,18,0,0,-32,22,-32,19,-30,18,-30,21,-25,16,-28,19,-26,19,-24,20,-24,19,-23,25,-21,23,-19,22,-20,23,-16,22,-17,25,-16,23,-16,25,-16,25,-15,25,-16,23,-15,26,-16,22,-16,22,-16,21,-18,20,-17,19,-18,14,-17,14,0,0,0,0,0,0]"
CSI_DATA,1364090,1a:00:00:00:00:00,-55,11,-95,4,43,6,1364090,47,0,128,0,"[0,0,0,0,0,0,0,0,3,-30,5,-28,7,-30,8,-31,12,-30,13,-33,14,-30,17,-30,19,-30,19,-27,18,-28,17,-26,18,-29,18,-29,17,-28,16,-28,16,-27,17,-31,15,-29,17,-26,14,-30,14,-30,13,-29,13,-31,13,-32,12,-33,12,-34,13,-33,0,0,14,-33,15,-35,13,-33,12,-33,11,-31,12,-32,11,-29,10,-28,9,-30,5,-30,5,-31,4,-29,3,-29,2,-28,5,-29,3,-29,2,-29,2,-30,3,-29,5,-28,5,-30,6,-26,7,-26,6,-27,9,-25,10,-24,11,-20,10,-19,0,0,0,0,0,0]"
CSI_DATA,1370090,1a:00:00:00:00:00,-55,11,-95,4,43,6,1370090,47,0,128,0,"[0,0,0,0,0,0,0,0,20,21,18,22,18,25,17,27,15,30,14,32,10,32,10,32,9,33,5,31,6,34,4,31,5,33,5,34,6,32,6,33,5,31,7,34,5,31,4,30,7,32,7,32,8,32,7,32,7,34,8,33,8,36,5,33,0,0,5,36,6,36,4,35,4,34,5,32,6,34,5,32,5,30,4,30,7,32,7,31,8,28,9,31,9,26,7,28,7,27,9,28,8,29,7,29,5,28,6,29,3,26,3,28,2,28,-2,27,-4,27,-6,22,-6,23,0,0,0,0,0,0]"
CSI_DATA,1374090,1a:00:00:00:00:00,-55,11,-95,4,43,6,1374090,47,0,128,0,"[0,0,0,0,0,0,0,0,7,-29,10,-26,11,-28,13,-29,16,-28,18,-29,19,-28,21,-27,20,-28,20,-24,21,-27,21,-23,23,-24,23,-25,21,-24,21,-24,20,-23,21,-28,20,-27,18,-23,19,-26,17,-28,15,-27,17,-28,18,-30,19,-29,19,-31,19,-29,0,0,19,-32,20,-30,17,-29,19,-30,16,-28,15,-29,14,-26,14,-26,13,-28,12,-30,13,-30,11,-26,11,-27,9,-27,12,-27,9,-28,9,-28,10,-27,9,-29,9,-27,9,-29,10,-25,12,-25,13,-24,15,-21,15,-21,15,-17,16,-17,0,0,0,0,0,0]"
CSI_DATA,1380090,1a:00:00:00:00:00,-55,11,-95,4,43,6,1380090,47,0,128,0,"[0,0,0,0,0,0,0,0,22,19,19,20,19,23,20,27,17,27,18,30,15,30,12,30,13,31,9,32,9,31,6,31,7,32,6,34,5,32,8,32,9,31,9,32,9,31,7,29,8,31,9,30,9,31,10,32,10,34,9,33,11,34,9,34,0,0,9,36,8,34,8,35,9,33,7,31,9,33,7,30,8,30,5,30,8,30,10,31,9,28,9,28,10,26,10,27,10,28,10,26,8,28,9,29,7,27,7,30,4,27,3,29,1,27,-1,27,-2,26,-4,21,-5,22,0,0,0,0,0,0]"
CSI_DATA,1386090,1a:00:00:00:00:00,-55,11,-95,4,43,6,1386090,47,0,128,0,"[0,0,0,0,0,0,0,0,-29,6,-28,4,-31,2,-32,1,-32,-3,-36,-5,-32,-8,-31,-10,-31,-12,-28,-14,-31,-13,-27,-15,-28,-17,-28,-18,-27,-16,-28,-18,-28,-18,-29,-16,-28,-17,-25,-16,-27,-18,-28,-18,-27,-17,-28,-18,-28,-19,-29,-20,-27,-21,-27,-21,0,0,-28,-22,-26,-22,-27,-23,-25,-23,-24,-21,-25,-23,-22,-23,-21,-22,-22,-21,-23,-21,-22,-21,-22,-20,-21,-21,-21,-19,-21,-20,-21,-20,-22,-20,-19,-22,-21,-22,-17,-22,-17,-23,-15,-23,-13,-24,-12,-25,-8,-25,-8,-26,-3,-21,-3,-23,0,0,0,0,0,0]"
CSI_DATA,1392090,1a:00:00:00:00:00,-55,11,-95,4,43,6,1392090,47,0,128,0,"[0,0,0,0,0,0,0,0,28,9,26,11,27,11,29,13,29,16,31,16,27,17,28,18,29,18,26,20,28,18,25,19,28,18,28,18,28,18,28,15,29,15,31,14,29,13,27,10,31,11,31,10,31,9,32,8,32,8,34,6,35,6,35,5,0,0,39,3,36,4,35,2,33,1,32,2,34,0,31,-1,31,-1,28,-2,31,-4,30,-8,28,-7,30,-8,27,-9,26,-10,27,-12,26,-12,27,-11,27,-12,25,-10,26,-12,26,-10,26,-9,25,-8,26,-8,25,-7,22,-3,22,-2,0,0,0,0,0,0]"
CSI_DATA,1396382,1a:00:00:00:00:00,-55,11,-95,4,43,6,1396382,47,0,128,0,"[0,0,0,0,0,0,0,0,0,29,-2,28,-4,31,-3,32,-4,32,-4,34,-6,32,-7,31,-8,33,-9,29,-7,32,-9,29,-8,32,-8,33,-5,31,-4,32,-3,31,1,32,1,32,0,29,3,32,4,31,4,32,7,32,7,33,9,32,8,33,9,34,0,0,14,34,11,35,15,31,15,32,14,29,17,30,16,27,16,25,17,25,19,25,21,23,20,20,23,20,21,18,22,18,24,17,25,15,23,17,25,16,22,16,24,16,24,15,23,17,22,15,21,17,20,18,15,16,15,16,0,0,0,0,0,0]"
CSI_DATA,1402090,1a:00:00:00:00:00,-55,11,-95,4,43,6,1402090,47,0,128,0,"[0,0,0,0,0,0,0,0,27,6,27,7,28,9,30,10,29,12,32,13,29,14,30,15,30,15,27,14,30,14,27,16,27,16,29,17,28,15,30,13,29,12,32,10,31,9,27,8,31,8,32,6,31,5,31,5,33,5,34,6,35,5,34,4,0,0,36,1,34,2,35,1,34,0,33,0,34,-3,32,-4,29,-3,30,-4,32,-6,31,-8,29,-7,29,-8,26,-10,26,-12,26,-13,26,-12,26,-13,25,-14,26,-13,27,-13,26,-12,25,-9,25,-10,26,-7,25,-8,22,-4,23,-4,0,0,0,0,0,0]"
CSI_DATA,1406090,1a:00:00:00:00:00,-55,11,-95,4,43,6,1406090,47,0,128,0,"[0,0,0,0,0,0,0,0,-15,-24,-14,-24,-15,-25,-14,-27,-14,-29,-15,-32,-13,-31,-12,-30,-11,-31,-8,-31,-10,-31,-9,-30,-12,-30,-12,-31,-13,-29,-16,-29,-15,-28,-19,-27,-19,-26,-18,-24,-21,-25,-21,-25,-21,-24,-23,-24,-26,-23,-27,-21,-27,-23,-27,-20,0,0,-31,-20,-29,-20,-31,-19,-30,-16,-27,-15,-30,-15,-26,-13,-27,-12,-28,-10,-29,-7,-30,-5,-29,-4,-30,-3,-28,-1,-28,0,-28,2,-30,2,-28,1,-30,1,-27,0,-29,2,-29,1,-28,1,-27,1,-27,0,-25,-2,-22,-2,-23,-2,0,0,0,0,0,0]"
CSI_DATA,1412090,1a:00:00:00:00:00,-55,11,-95,4,43,6,1412090,47,0,128,0,"[0,0,0,0,0,0,0,0,29,2,27,3,29,2,31,4,31,8,34,7,32,9,31,10,32,10,28,12,31,12,28,14,31,11,31,12,29,10,32,8,32,9,33,4,31,4,29,4,31,4,32,3,31,3,34,1,32,1,33,0,35,0,33,1,0,0,36,-4,35,-3,36,-4,35,-5,31,-5,33,-5,31,-4,31,-4,30,-7,31,-9,30,-11,27,-10,28,-11,25,-13,26,-15,24,-15,26,-15,25,-15,25,-15,25,-14,26,-14,24,-13,25,-12,25,-10,25,-10,26,-9,21,-6,21,-6,0,0,0,0,0,0]"
CSI_DATA,1418090,1a:00:00:00:00:00,-55,11,-95,4,43,6,1418090,47,0,128,0,"[0,0,0,0,0,0,0,0,-15,24,-16,21,-18,23,-22,24,-22,23,-24,25,-24,21,-25,20,-27,21,-27,16,-27,19,-27,15,-28,19,-27,17,-25,17,-25,19,-25,19,-26,23,-23,21,-23,19,-23,21,-24,22,-25,21,-23,23,-26,25,-25,25,-24,26,-23,26,0,0,-28,28,-25,26,-24,25,-23,27,-22,23,-23,25,-21,23,-20,22,-19,24,-17,26,-17,27,-15,24,-15,25,-14,24,-13,28,-13,26,-13,27,-15,27,-14,26,-15,24,-16,26,-15,23,-17,22,-17,22,-19,21,-19,19,-17,16,-17,15,0,0,0,0,0,0]"
CSI_DATA,1422090,1a:00:00:00:00:00,-55,11,-95,4,43,6,1422090,47,0,128,0,"[0,0,0,0,0,0,0,0,29,-3,29,-2,31,-2,31,0,33,2,34,2,33,3,31,5,34,5,30,7,32,6,31,8,32,6,31,6,31,6,34,5,30,4,35,1,29,1,30,0,32,-1,33,-1,33,0,33,-1,34,-4,35,-5,34,-5,35,-5,0,0,36,-7,36,-6,34,-8,34,-9,30,-7,33,-9,31,-9,30,-7,29,-10,31,-13,28,-16,26,-14,27,-16,25,-14,26,-17,22,-16,24,-18,25,-17,24,-17,24,-15,26,-16,26,-13,25,-14,24,-14,25,-12,24,-11,22,-7,22,-8,0,0,0,0,0,0]"
CSI_DATA,1426091,1a:00:00:00:00:00,-55,11,-95,4,43,6,1426091,47,0,128,0,"[0,0,0,0,0,0,0,0,-24,-17,-23,-17,-23,-18,-24,-19,-23,-23,-25,-23,-24,-26,-22,-23,-23,-25,-20,-23,-23,-25,-20,-24,-22,-25,-22,-25,-24,-22,-24,-22,-24,-20,-28,-19,-26,-17,-24,-16,-28,-16,-28,-16,-28,-15,-30,-14,-33,-14,-32,-12,-34,-12,-33,-10,0,0,-36,-9,-36,-10,-33,-9,-36,-8,-31,-6,-33,-5,-32,-4,-30,-4,-30,-2,-31,0,-31,2,-30,3,-30,4,-28,6,-28,7,-28,8,-29,10,-28,9,-28,10,-29,8,-29,9,-27,8,-28,7,-28,7,-27,4,-26,4,-22,3,-24,2,0,0,0,0,0,0]"
CSI_DATA,1432091,1a:00:00:00:00:00,-55,11,-95,4,43,6,1432091,47,0,128,0,"[0,0,0,0,0,0,0,0,28,-9,27,-7,29,-8,31,-6,31,-4,34,-4,33,-1,32,-3,34,0,32,3,34,0,31,3,34,1,34,1,33,-1,34,-1,31,-1,35,-5,30,-5,30,-4,32,-6,32,-7,32,-6,33,-7,32,-7,33,-10,36,-12,36,-9,0,0,35,-12,34,-12,33,-12,34,-14,30,-11,33,-13,30,-12,28,-12,28,-13,29,-16,26,-18,24,-17,25,-19,22,-18,23,-21,22,-20,22,-21,22,-21,22,-20,23,-18,24,-19,24,-18,23,-17,23,-18,24,-16,24,-13,22,-7,22,-8,0,0,0,0,0,0]"
CSI_DATA,1438091,1a:00:00:00:00:00,-54,11,-95,4,43,6,1438091,47,0,128,0,"[0,0,0,0,0,0,0,0,-7,28,-8,27,-10,30,-13,29,-14,29,-16,29,-18,28,-20,28,-21,29,-22,23,-22,27,-22,21,-22,27,-24,25,-21,24,-20,26,-19,24,-20,28,-18,26,-18,25,-18,28,-20,26,-18,27,-18,28,-19,31,-18,31,-18,30,-20,29,0,0,-21,34,-19,30,-20,30,-19,31,-18,28,-18,31,-17,27,-16,26,-15,28,-13,30,-13,29,-11,26,-11,28,-10,26,-9,29,-9,28,-9,29,-10,30,-11,28,-12,28,-13,28,-12,27,-14,25,-14,25,-16,23,-16,21,-16,17,-16,17,0,0,0,0,0,0]"
CSI_DATA,1442091,1a:00:00:00:00:00,-54,11,-95,4,43,6,1442091,47,0,128,0,"[0,0,0,0,0,0,0,0,26,-12,26,-10,28,-12,31,-10,32,-8,33,-8,34,-6,32,-6,36,-4,33,0,34,-3,32,1,34,-2,34,-2,32,-3,33,-4,31,-2,35,-7,30,-8,30,-7,32,-7,33,-9,32,-9,34,-10,32,-10,33,-13,35,-12,34,-11,0,0,35,-16,35,-14,32,-15,34,-16,31,-14,33,-15,30,-14,28,-12,28,-16,28,-19,26,-20,23,-18,24,-19,22,-19,21,-21,21,-20,21,-22,23,-21,23,-21,22,-19,24,-19,24,-17,24,-17,23,-17,23,-16,23,-14,22,-9,22,-10,0,0,0,0,0,0]"
CSI_DATA,1446091,1a:00:00:00:00:00,-54,11,-95,4,43,6,1446091,47,0,128,0,"[0,0,0,0,0,0,0,0,-27,-14,-26,-14,-27,-15,-28,-16,-27,-18,-29,-20,-28,-21,-26,-21,-26,-23,-23,-23,-26,-22,-23,-24,-25,-22,-26,-22,-26,-21,-28,-19,-26,-18,-29,-16,-26,-15,-27,-15,-29,-14,-30,-13,-30,-12,-33,-13,-34,-13,-35,-9,-34,-10,-32,-10,0,0,-40,-8,-36,-8,-34,-6,-36,-7,-33,-5,-36,-5,-31,-4,-32,-4,-30,-1,-34,1,-32,3,-30,4,-31,5,-27,6,-29,8,-28,9,-29,10,-28,8,-29,9,-29,8,-29,8,-28,7,-30,7,-29,6,-28,5,-26,4,-24,2,-24,2,0,0,0,0,0,0]"
CSI_DATA,1452091,1a:00:00:00:00:00,-54,11,-95,4,43,6,1452091,47,0,128,0,"[0,0,0,0,0,0,0,0,26,-16,26,-15,28,-15,29,-12,33,-11,32,-9,34,-6,33,-7,36,-6,32,-4,34,-3,32,-2,34,-5,35,-4,33,-6,33,-6,31,-6,35,-9,30,-8,30,-7,31,-9,33,-10,32,-12,34,-11,33,-13,33,-14,35,-15,33,-15,0,0,35,-16,35,-15,33,-13,34,-15,30,-13,32,-16,29,-13,28,-14,27,-16,27,-20,25,-20,23,-20,24,-20,21,-19,24,-19,22,-20,22,-21,22,-20,25,-21,24,-19,24,-20,24,-18,23,-17,23,-17,24,-15,24,-14,21,-9,22,-9,0,0,0,0,0,0]"
CSI_DATA,1458091,1a:00:00:00:00:00,-54,11,-95,4,43,6,1458091,47,0,128,0,"[0,0,0,0,0,0,0,0,-8,29,-9,28,-11,28,-13,29,-19,29,-18,29,-21,27,-22,26,-23,26,-24,22,-24,24,-24,20,-24,23,-24,24,-23,23,-23,24,-22,22,-24,27,-23,24,-22,23,-22,25,-21,25,-22,25,-21,24,-23,28,-21,28,-23,28,-23,26,0,0,-22,30,-24,28,-24,27,-24,28,-20,25,-23,27,-21,24,-20,23,-20,23,-18,27,-18,27,-16,24,-16,26,-14,24,-15,25,-14,25,-14,26,-16,27,-16,27,-17,25,-19,25,-19,23,-19,23,-18,21,-21,19,-20,17,-20,12,-20,13,0,0,0,0,0,0]"
CSI_DATA,1462091,1a:00:00:00:00:00,-55,11,-95,4,43,6,1462091,47,0,128,0,"[0,0,0,0,0,0,0,0,26,-15,26,-13,28,-13,30,-12,32,-10,33,-10,34,-7,32,-5,36,-5,32,-2,33,-3,33,-1,34,-5,35,-4,33,-5,33,-6,31,-4,34,-8,30,-8,30,-6,31,-9,32,-9,33,-9,32,-10,32,-12,34,-12,35,-12,35,-12,0,0,33,-13,35,-13,32,-13,34,-14,30,-11,33,-13,29,-13,27,-12,27,-14,28,-19,26,-19,24,-18,25,-18,22,-17,23,-19,22,-19,23,-21,23,-19,24,-20,23,-17,24,-18,25,-16,25,-15,23,-15,25,-13,25,-12,22,-6,22,-7,0,0,0,0,0,0]"
CSI_DATA,1468091,1a:00:00:00:00:00,-55,11,-95,4,43,6,1468091,47,0,128,0,"[0,0,0,0,0,0,0,0,-3,29,-6,28,-7,32,-11,29,-15,30,-15,30,-19,28,-20,28,-21,28,-23,24,-22,26,-21,24,-22,26,-23,26,-20,25,-20,24,-20,23,-24,28,-19,25,-21,24,-19,26,-19,26,-18,24,-21,26,-20,30,-21,28,-20,29,-21,29,0,0,-22,30,-22,29,-21,27,-23,29,-21,24,-21,27,-20,25,-19,23,-19,24,-17,27,-17,27,-15,26,-15,27,-13,25,-16,25,-15,25,-13,27,-15,25,-17,27,-16,24,-17,25,-18,21,-16,21,-17,20,-20,21,-19,17,-20,13,-19,13,0,0,0,0,0,0]"
CSI_DATA,1472113,1a:00:00:00:00:00,-54,11,-95,4,43,6,1472113,47,0,128,0,"[0,0,0,0,0,0,0,0,11,27,8,28,10,30,7,32,5,32,5,34,4,34,0,33,0,36,-4,31,-2,33,-4,32,-1,34,-3,34,-1,32,0,34,0,32,2,34,2,32,2,31,3,32,2,33,4,33,5,34,5,35,6,35,7,35,5,34,0,0,7,37,7,35,9,34,8,34,7,32,7,33,8,30,6,30,7,30,10,32,12,30,11,28,13,28,12,25,14,26,14,25,15,26,13,27,12,28,11,27,11,28,9,27,9,26,9,27,7,28,5,27,3,23,3,23,0,0,0,0,0,0]"
CSI_DATA,1478091,1a:00:00:00:00:00,-55,11,-95,4,43,6,1478091,47,0,128,0,"[0,0,0,0,0,0,0,0,-2,30,-3,29,-6,31,-7,32,-12,30,-13,31,-17,30,-17,28,-19,28,-19,26,-21,26,-20,25,-19,28,-20,27,-20,26,-19,27,-19,25,-21,28,-18,25,-20,25,-18,26,-20,26,-16,27,-20,27,-17,30,-18,29,-16,30,-20,28,0,0,-20,30,-22,30,-21,28,-21,27,-19,24,-21,27,-19,25,-17,23,-19,24,-18,28,-16,29,-15,26,-14,26,-12,25,-14,25,-14,25,-13,28,-13,26,-17,27,-15,24,-16,26,-18,23,-17,22,-17,21,-19,20,-21,18,-18,13,-19,13,0,0,0,0,0,0]"
CSI_DATA,1482091,1a:00:00:00:00:00,-55,11,-95,4,43,6,1482091,47,0,128,0,"[0,0,0,0,0,0,0,0,26,-13,27,-12,28,-11,30,-9,33,-7,34,-7,35,-5,32,-2,35,-3,32,-1,33,-1,32,0,34,0,35,-1,32,-1,32,-2,30,0,35,-3,31,-3,29,-2,31,-4,32,-6,32,-5,32,-6,34,-7,35,-8,37,-7,33,-7,0,0,36,-10,36,-7,35,-7,35,-9,31,-8,34,-8,30,-8,30,-8,28,-8,29,-14,28,-13,26,-13,27,-13,24,-12,26,-13,25,-13,26,-14,27,-13,27,-14,27,-12,27,-14,27,-11,27,-11,27,-9,27,-6,26,-5,24,-1,24,-1,0,0,0,0,0,0]"
CSI_DATA,1488091,1a:00:00:00:00:00,-55,11,-95,4,43,6,1488091,47,0,128,0,"[0,0,0,0,0,0,0,0,-4,29,-6,27,-8,28,-11,30,-14,30,-15,30,-18,28,-19,27,-18,27,-21,25,-23,26,-21,23,-21,24,-22,25,-21,24,-22,25,-21,23,-22,27,-20,24,-21,23,-20,25,-20,25,-19,25,-21,26,-21,28,-21,27,-23,29,-23,28,0,0,-23,30,-25,26,-23,25,-24,25,-22,23,-21,25,-22,24,-20,22,-20,23,-19,25,-20,25,-17,24,-19,24,-16,24,-17,24,-18,23,-17,25,-17,23,-19,25,-19,22,-18,24,-19,19,-19,20,-20,17,-23,16,-22,14,-21,10,-21,8,0,0,0,0,0,0]"
CSI_DATA,1494091,1a:00:00:00:00:00,-55,11,-95,4,43,6,1494091,47,0,128,0,"[0,0,0,0,0,0,0,0,-19,-22,-16,-23,-15,-26,-15,-27,-12,-29,-12,-33,-9,-32,-6,-33,-6,-34,-4,-31,-3,-34,1,-31,1,-33,2,-34,2,-31,1,-32,1,-30,0,-33,1,-32,3,-30,1,-33,1,-32,0,-32,2,-32,2,-33,4,-34,5,-36,7,-35,0,0,5,-35,7,-36,6,-34,8,-34,8,-32,7,-32,5,-31,6,-28,7,-31,5,-33,7,-31,6,-29,7,-29,5,-27,8,-28,7,-29,6,-28,9,-29,8,-29,10,-27,11,-28,12,-25,13,-24,15,-22,17,-21,19,-19,16,-14,19,-15,0,0,0,0,0,0]"
CSI_DATA,1498807,1a:00:00:00:00:00,-55,11,-95,4,43,6,1498807,47,0,128,0,"[0,0,0,0,0,0,0,0,24,16,22,18,22,22,20,24,17,27,18,28,16,30,13,30,11,32,9,30,8,32,7,32,7,32,6,33,7,30,7,32,6,29,6,33,4,31,4,30,7,31,7,32,6,33,6,33,5,35,8,34,7,36,6,33,0,0,5,38,3,37,1,35,1,36,1,31,1,36,1,32,2,31,-1,31,2,34,2,33,4,29,3,30,3,27,1,30,1,29,2,30,0,30,-1,31,-2,29,-3,30,-4,28,-6,29,-7,27,-10,24,-11,24,-12,20,-12,20,0,0,0,0,0,0]"
CSI_DATA,1504091,1a:00:00:00:00:00,-55,11,-95,4,43,6,1504091,47,0,128,0,"[0,0,0,0,0,0,0,0,16,-24,17,-22,19,-23,19,-24,21,-23,23,-26,23,-23,24,-23,23,-26,22,-22,23,-23,22,-22,24,-22,25,-24,21,-24,21,-26,17,-26,17,-29,16,-28,15,-27,14,-30,11,-31,9,-30,9,-31,9,-33,9,-34,8,-36,9,-33,0,0,2,-38,2,-36,2,-35,2,-34,0,-32,-4,-34,-4,-32,-5,-30,-7,-32,-9,-30,-9,-30,-9,-29,-10,-29,-13,-25,-13,-26,-15,-26,-17,-24,-16,-25,-17,-25,-15,-23,-19,-24,-16,-24,-16,-24,-15,-24,-12,-25,-13,-23,-9,-21,-8,-23,0,0,0,0,0,0]"
CSI_DATA,1510091,1a:00:00:00:00:00,-55,11,-95,4,43,6,1510091,47,0,128,0,"[0,0,0,0,0,0,0,0,13,27,11,26,9,29,10,29,9,32,10,34,8,34,5,32,6,34,4,32,7,33,4,32,5,34,5,34,7,31,10,32,9,31,11,32,11,29,11,28,13,29,16,30,15,27,18,29,18,30,19,30,21,30,17,29,0,0,20,30,22,28,21,28,21,28,21,26,25,25,23,23,23,22,23,20,25,21,27,20,26,17,27,16,25,14,27,15,26,12,29,12,26,13,28,12,26,13,28,13,25,13,26,14,25,15,23,16,22,15,18,16,18,16,0,0,0,0,0,0]"
CSI_DATA,1514091,1a:00:00:00:00:00,-55,11,-95,4,43,6,1514091,47,0,128,0,"[0,0,0,0,0,0,0,0,-20,-20,-18,-22,-17,-25,-17,-27,-13,-28,-14,-33,-10,-31,-7,-33,-7,-32,-4,-32,-4,-33,-2,-32,1,-33,2,-34,1,-31,0,-32,0,-32,0,-34,1,-34,4,-30,1,-34,0,-31,0,-34,2,-33,3,-33,4,-34,4,-36,7,-32,0,0,3,-37,8,-35,9,-37,9,-33,10,-33,7,-33,10,-30,9,-30,9,-30,8,-31,9,-30,9,-29,10,-29,9,-28,9,-28,10,-30,8,-29,11,-29,11,-29,14,-27,14,-28,15,-25,16,-22,18,-21,21,-19,21,-18,19,-13,22,-12,0,0,0,0,0,0]"
CSI_DATA,1520091,1a:00:00:00:00:00,-54,11,-95,4,43,6,1520091,47,0,128,0,"[0,0,0,0,0,0,0,0,11,27,10,27,8,29,9,32,8,32,7,34,4,34,2,32,4,34,1,32,3,34,1,32,1,34,2,34,3,31,5,33,6,32,9,32,9,32,9,29,11,30,12,30,12,32,15,31,14,32,15,32,15,34,14,31,0,0,19,35,18,31,19,31,20,31,18,28,21,29,19,26,18,25,19,25,21,25,24,23,23,20,24,20,24,18,24,17,25,17,26,16,25,17,26,17,24,16,25,17,24,18,23,18,22,18,20,20,18,19,16,18,16,18,0,0,0,0,0,0]"
CSI_DATA,1524091,1a:00:00:00:00:00,-55,11,-95,4,43,6,1524091,47,0,128,0,"[0,0,0,0,0,0,0,0,16,-25,17,-23,19,-24,20,-26,19,-24,22,-27,22,-25,26,-25,25,-24,24,-21,25,-23,24,-21,23,-24,24,-24,21,-24,20,-27,19,-27,19,-30,17,-28,15,-26,15,-29,14,-31,13,-29,12,-31,13,-33,8,-33,10,-36,10,-35,0,0,7,-37,3,-36,4,-38,3,-36,2,-33,2,-33,0,-31,1,-31,-3,-31,-5,-31,-6,-33,-7,-28,-8,-31,-9,-27,-10,-27,-12,-28,-14,-27,-13,-28,-14,-28,-11,-27,-13,-28,-12,-27,-10,-27,-11,-26,-9,-26,-8,-27,-5,-23,-5,-23,0,0,0,0,0,0]"
CSI_DATA,1530091,1a:00:00:00:00:00,-54,11,-95,4,43,6,1530091,47,0,128,0,"[0,0,0,0,0,0,0,0,13,26,11,26,10,29,10,31,10,31,9,32,6,32,5,32,5,35,2,31,3,34,2,32,3,34,3,34,4,32,6,33,6,31,10,33,10,31,8,28,12,30,13,31,11,30,15,32,12,33,16,31,16,33,13,34,0,0,19,35,20,31,21,31,19,33,19,29,19,29,18,26,19,26,20,25,22,25,22,24,22,19,25,21,23,18,23,18,25,18,26,17,25,18,25,18,22,19,25,19,23,19,21,20,21,19,20,21,18,21,14,18,15,19,0,0,0,0,0,0]"
CSI_DATA,1534091,1a:00:00:00:00:00,-55,11,-95,4,43,6,1534091,47,0,128,0,"[0,0,0,0,0,0,0,0,15,-24,16,-23,17,-26,19,-26,18,-27,20,-27,22,-26,22,-24,23,-25,23,-22,24,-26,23,-21,23,-24,23,-26,21,-25,20,-27,18,-26,19,-32,15,-29,14,-29,14,-28,13,-30,12,-30,9,-33,10,-34,9,-33,9,-35,9,-35,0,0,6,-38,5,-37,3,-36,4,-37,3,-32,1,-33,1,-33,0,-31,-1,-31,-3,-32,-6,-32,-6,-30,-7,-31,-9,-27,-10,-28,-11,-26,-13,-28,-12,-28,-12,-29,-11,-27,-12,-29,-12,-27,-10,-27,-11,-25,-8,-27,-7,-26,-4,-22,-5,-23,0,0,0,0,0,0]"
CSI_DATA,1540091,1a:00:00:00:00:00,-54,11,-95,4,43,6,1540091,47,0,128,0,"[0,0,0,0,0,0,0,0,12,26,10,27,10,29,10,31,10,30,10,33,8,33,5,32,6,33,3,32,6,34,2,31,3,32,2,34,4,33,7,32,7,32,10,32,9,31,7,29,11,31,11,32,12,30,14,31,13,32,16,31,16,33,15,33,0,0,18,35,17,32,18,31,17,30,18,28,19,29,19,27,18,25,19,26,22,26,22,25,21,23,23,22,22,20,22,19,23,19,24,19,24,20,23,18,22,19,23,20,23,19,20,21,20,21,18,21,16,21,13,21,13,20,0,0,0,0,0,0]"
CSI_DATA,1546091,1a:00:00:00:00:00,-54,11,-95,4,43,6,1546091,47,0,128,0,"[0,0,0,0,0,0,0,0,-28,-5,-26,-8,-29,-9,-30,-11,-29,-14,-32,-16,-29,-17,-27,-18,-28,-19,-24,-19,-27,-21,-24,-21,-25,-20,-24,-22,-26,-20,-27,-20,-26,-19,-29,-18,-27,-17,-25,-18,-27,-18,-29,-18,-29,-17,-30,-17,-31,-18,-32,-16,-33,-18,-30,-18,0,0,-34,-17,-34,-18,-32,-16,-32,-18,-30,-16,-32,-16,-30,-15,-28,-14,-29,-11,-29,-12,-30,-10,-28,-10,-31,-11,-29,-8,-28,-8,-28,-7,-30,-8,-29,-9,-30,-8,-27,-10,-29,-10,-27,-10,-27,-12,-26,-12,-24,-15,-22,-14,-19,-15,-19,-16,0,0,0,0,0,0]"
CSI_DATA,1550091,1a:00:00:00:00:00,-54,11,-95,4,43,6,1550091,47,0,128,0,"[0,0,0,0,0,0,0,0,17,24,14,23,15,27,15,29,14,30,14,31,11,31,10,32,9,33,5,31,8,33,5,32,6,32,6,34,8,32,10,33,9,31,13,32,12,29,12,29,13,29,15,30,15,29,17,30,15,31,18,30,20,32,17,31,0,0,22,32,20,30,21,29,21,30,20,27,21,28,19,27,19,25,20,26,23,25,25,22,22,22,25,20,23,18,23,18,25,17,26,17,25,20,24,18,24,19,23,20,23,19,22,19,21,19,18,20,18,20,13,18,14,19,0,0,0,0,0,0]"
CSI_DATA,1556091,1a:00:00:00:00:00,-54,11,-95,4,43,6,1556091,47,0,128,0,"[0,0,0,0,0,0,0,0,-28,-5,-28,-6,-30,-7,-31,-11,-30,-14,-32,-14,-30,-16,-28,-17,-28,-19,-24,-21,-27,-20,-24,-21,-25,-21,-25,-22,-25,-21,-28,-20,-27,-19,-29,-19,-26,-18,-26,-17,-27,-18,-28,-18,-29,-17,-32,-19,-30,-18,-33,-17,-32,-21,-28,-18,0,0,-32,-18,-32,-17,-32,-17,-31,-17,-28,-16,-31,-17,-27,-16,-28,-15,-28,-13,-29,-15,-30,-12,-28,-11,-29,-12,-29,-9,-28,-9,-29,-8,-29,-8,-27,-10,-29,-9,-26,-12,-28,-13,-27,-12,-25,-14,-24,-14,-23,-16,-21,-17,-17,-17,-17,-16,0,0,0,0,0,0]"
CSI_DATA,1560091,1a:00:00:00:00:00,-54,11,-95,4,43,6,1560091,47,0,128,0,"[0,0,0,0,0,0,0,0,17,24,16,24,15,27,16,27,16,29,16,31,13,32,10,32,10,32,6,31,9,33,7,31,9,33,7,32,10,31,11,32,11,32,14,32,13,29,11,27,14,30,15,30,15,29,17,30,16,31,19,30,19,32,16,32,0,0,22,32,20,32,19,30,22,30,18,27,21,29,20,26,19,25,20,24,23,24,23,22,22,21,25,20,23,19,24,19,23,19,25,18,23,20,24,20,22,21,22,20,21,19,21,21,20,20,17,23,15,22,12,19,13,21,0,0,0,0,0,0]"
CSI_DATA,1566091,1a:00:00:00:00:00,-54,11,-95,4,43,6,1566091,47,0,128,0,"[0,0,0,0,0,0,0,0,-29,0,-28,-1,-30,-3,-31,-4,-32,-8,-33,-9,-32,-12,-30,-12,-32,-14,-27,-16,-30,-15,-27,-17,-29,-16,-28,-16,-29,-17,-30,-15,-28,-15,-32,-14,-28,-13,-28,-14,-30,-14,-30,-14,-30,-13,-31,-13,-33,-13,-35,-12,-34,-14,-32,-14,0,0,-36,-14,-35,-14,-33,-13,-33,-13,-31,-13,-33,-13,-30,-13,-29,-13,-28,-11,-30,-10,-32,-8,-29,-8,-32,-7,-28,-6,-29,-6,-29,-5,-31,-6,-30,-8,-31,-8,-27,-9,-29,-9,-27,-9,-27,-11,-26,-11,-23,-13,-22,-13,-19,-14,-20,-15,0,0,0,0,0,0]"
CSI_DATA,1570091,1a:00:00:00:00:00,-54,11,-95,4,43,6,1570091,47,0,128,0,"[0,0,0,0,0,0,0,0,19,23,17,23,17,25,16,27,16,28,16,30,14,31,12,30,12,33,7,31,10,33,7,32,9,32,9,32,11,32,12,31,11,29,13,31,14,27,12,28,15,29,16,29,15,29,17,28,16,31,18,30,21,31,19,31,0,0,19,31,22,31,20,28,20,31,19,26,22,28,19,27,18,25,20,24,23,23,23,23,22,20,23,20,21,18,24,19,22,17,25,19,23,20,23,19,22,20,22,22,21,20,19,21,20,21,17,22,16,21,12,21,13,20,0,0,0,0,0,0]"
CSI_DATA,1579622,1a:00:00:00:00:00,-55,11,-95,4,43,6,1579622,47,0,128,0,"[0,0,0,0,0,0,0,0,-18,22,-20,19,-22,21,-23,21,-24,20,-27,21,-28,19,-27,18,-28,21,-28,17,-29,17,-28,15,-30,15,-29,15,-27,16,-27,16,-26,19,-28,21,-25,19,-24,18,-24,20,-23,22,-22,23,-23,24,-23,23,-23,24,-24,25,-24,24,0,0,-22,31,-24,28,-24,27,-22,27,-19,25,-19,28,-17,26,-16,24,-17,26,-16,30,-16,29,-13,25,-13,27,-10,26,-11,28,-10,29,-9,27,-10,28,-8,29,-10,27,-9,29,-10,27,-11,27,-13,25,-14,23,-14,22,-15,18,-16,18,0,0,0,0,0,0]"
CSI_DATA,1586091,1a:00:00:00:00:00,-55,11,-95,4,43,6,1586091,47,0,128,0,"[0,0,0,0,0,0,0,0,-29,0,-27,-1,-29,-4,-30,-6,-31,-11,-31,-11,-29,-15,-27,-14,-30,-16,-27,-18,-27,-18,-27,-18,-27,-18,-27,-18,-28,-17,-28,-17,-27,-16,-28,-17,-26,-16,-24,-17,-27,-17,-28,-16,-28,-16,-28,-17,-28,-15,-31,-13,-32,-14,-31,-15,0,0,-32,-17,-30,-20,-28,-18,-30,-18,-26,-15,-29,-18,-27,-17,-26,-16,-25,-16,-27,-14,-27,-12,-28,-11,-29,-13,-27,-10,-25,-12,-25,-12,-28,-10,-26,-12,-27,-12,-25,-13,-25,-14,-24,-17,-23,-14,-23,-15,-21,-17,-19,-18,-13,-17,-16,-18,0,0,0,0,0,0]"
CSI_DATA,1590091,1a:00:00:00:00:00,-55,11,-95,4,43,6,1590091,47,0,128,0,"[0,0,0,0,0,0,0,0,18,22,17,22,16,25,15,27,14,28,14,32,11,31,9,30,9,31,7,31,6,32,7,30,7,33,8,31,9,31,10,31,9,29,11,33,9,28,9,29,12,29,11,30,13,29,13,30,14,31,16,30,16,31,14,31,0,0,15,31,16,32,16,31,16,31,14,27,16,29,16,27,15,26,15,25,19,25,19,25,19,21,20,23,18,19,20,23,19,21,22,21,19,23,20,23,18,23,19,24,16,22,16,22,16,23,13,24,11,22,8,22,8,21,0,0,0,0,0,0]"
CSI_DATA,1596091,1a:00:00:00:00:00,-55,11,-95,4,43,6,1596091,47,0,128,0,"[0,0,0,0,0,0,0,0,-28,2,-28,0,-29,0,-30,-2,-31,-5,-33,-7,-33,-10,-29,-11,-30,-13,-26,-15,-28,-15,-29,-15,-29,-14,-29,-15,-29,-14,-29,-14,-26,-14,-30,-15,-28,-13,-27,-14,-29,-14,-29,-13,-28,-13,-30,-14,-31,-13,-34,-14,-33,-14,-31,-12,0,0,-36,-14,-32,-15,-30,-15,-32,-16,-28,-14,-30,-17,-27,-15,-27,-13,-27,-14,-29,-13,-29,-11,-27,-9,-28,-10,-26,-8,-27,-10,-27,-9,-29,-9,-27,-10,-27,-13,-26,-13,-26,-12,-24,-14,-24,-14,-23,-15,-21,-16,-19,-17,-15,-17,-16,-18,0,0,0,0,0,0]"
CSI_DATA,1601199,1a:00:00:00:00:00,-55,11,-95,4,43,6,1601199,47,0,128,0,"[0,0,0,0,0,0,0,0,10,-27,13,-24,15,-27,18,-26,18,-26,20,-26,23,-25,22,-22,27,-22,26,-17,27,-19,27,-15,27,-18,28,-18,27,-17,27,-19,25,-17,26,-21,23,-19,23,-18,25,-19,27,-19,25,-18,26,-20,27,-20,27,-20,29,-20,28,-19,0,0,30,-23,29,-19,27,-20,29,-20,25,-17,28,-18,27,-16,26,-15,24,-18,24,-18,25,-19,23,-16,24,-18,20,-16,22,-20,20,-19,22,-20,23,-17,24,-19,24,-16,25,-15,23,-14,26,-13,26,-12,25,-9,25,-7,23,-4,22,-4,0,0,0,0,0,0]"
CSI_DATA,1606091,1a:00:00:00:00:00,-55,11,-95,4,43,6,1606091,47,0,128,0,"[0,0,0,0,0,0,0,0,-27,5,-27,3,-29,2,-29,-1,-32,-4,-33,-5,-33,-9,-30,-9,-32,-11,-28,-13,-30,-13,-27,-14,-29,-13,-29,-15,-30,-15,-29,-13,-27,-14,-31,-13,-27,-11,-26,-13,-28,-13,-30,-12,-29,-12,-30,-14,-31,-13,-31,-13,-32,-13,-30,-13,0,0,-31,-12,-33,-17,-29,-15,-32,-16,-28,-14,-31,-15,-29,-15,-27,-13,-26,-15,-30,-13,-29,-11,-29,-10,-28,-10,-26,-9,-27,-11,-26,-9,-29,-10,-27,-11,-27,-12,-25,-12,-27,-12,-24,-15,-24,-15,-23,-15,-20,-17,-20,-17,-15,-18,-14,-18,0,0,0,0,0,0]"
CSI_DATA,1612091,1a:00:00:00:00:00,-55,11,-95,4,43,6,1612091,47,0,128,0,"[0,0,0,0,0,0,0,0,27,12,25,10,27,11,29,13,27,15,30,17,29,16,27,16,29,17,26,17,29,17,26,17,29,15,30,15,29,13,30,12,29,10,33,9,29,8,29,7,30,6,31,3,32,2,33,1,35,0,35,-2,36,-2,32,-4,0,0,35,-7,35,-6,35,-6,33,-9,31,-9,32,-11,29,-11,28,-11,27,-14,26,-18,26,-19,23,-17,22,-18,20,-19,21,-21,19,-22,20,-23,18,-24,19,-24,18,-21,18,-24,17,-22,18,-21,18,-21,18,-21,18,-18,17,-15,18,-15,0,0,0,0,0,0]"
CSI_DATA,1618091,1a:00:00:00:00:00,-55,11,-95,4,43,6,1618091,47,0,128,0,"[0,0,0,0,0,0,0,0,-21,19,-21,15,-23,18,-25,17,-27,15,-28,17,-30,16,-29,15,-30,15,-28,12,-30,13,-29,12,-29,15,-31,14,-28,13,-28,17,-26,16,-29,20,-24,19,-23,19,-23,20,-25,22,-24,23,-24,22,-24,26,-23,26,-22,28,-21,26,0,0,-21,32,-22,29,-22,29,-20,30,-18,27,-17,30,-16,28,-15,27,-15,27,-12,31,-11,32,-9,28,-9,29,-6,28,-6,30,-6,28,-3,31,-4,30,-3,30,-4,29,-4,31,-5,28,-5,29,-5,29,-7,26,-8,24,-10,21,-11,22,0,0,0,0,0,0]"
CSI_DATA,1622091,1a:00:00:00:00:00,-54,11,-95,4,43,6,1622091,47,0,128,0,"[0,0,0,0,0,0,0,0,27,11,24,12,27,13,28,14,28,17,29,17,28,19,28,17,29,17,27,18,27,19,27,19,28,18,29,18,28,15,30,12,28,12,33,11,29,9,28,9,31,7,33,6,31,4,34,3,35,2,35,1,38,2,35,0,0,0,36,-4,36,-3,35,-5,37,-5,32,-6,34,-10,31,-8,29,-10,29,-11,29,-16,29,-15,26,-16,26,-17,23,-17,24,-19,22,-18,22,-20,22,-21,23,-23,21,-20,21,-22,21,-20,21,-20,23,-19,22,-17,21,-16,21,-13,21,-12,0,0,0,0,0,0]"
CSI_DATA,1624091,1a:00:00:00:00:00,-54,11,-95,4,43,6,1624091,47,0,128,0,"[0,0,0,0,0,0,0,0,5,-28,7,-27,8,-29,11,-29,11,-30,13,-31,14,-29,16,-30,16,-30,18,-26,17,-27,18,-26,20,-28,18,-28,17,-27,16,-28,14,-27,14,-31,14,-29,13,-28,12,-30,11,-31,11,-31,10,-30,11,-33,10,-33,10,-34,10,-33,0,0,10,-38,10,-35,9,-35,9,-34,8,-32,6,-34,6,-32,5,-30,5,-32,1,-35,3,-34,2,-30,1,-31,-1,-28,-1,-29,-1,-30,-3,-30,-2,-30,-2,-31,-2,-29,-2,-32,0,-28,2,-29,2,-29,5,-27,5,-26,8,-22,8,-22,0,0,0,0,0,0]"
CSI_DATA,1628091,1a:00:00:00:00:00,-54,11,-95,4,43,6,1628091,47,0,128,0,"[0,0,0,0,0,0,0,0,-25,14,-25,12,-27,13,-28,14,-29,11,-33,13,-32,10,-31,10,-34,11,-31,7,-33,9,-31,7,-32,8,-34,7,-32,8,-32,10,-31,11,-31,13,-29,13,-27,12,-29,14,-28,16,-29,18,-28,17,-28,20,-27,20,-29,22,-29,20,0,0,-28,26,-28,21,-28,24,-25,24,-24,23,-24,25,-21,23,-20,24,-20,24,-20,27,-19,27,-17,25,-16,27,-12,27,-15,28,-13,28,-11,27,-11,29,-12,29,-11,27,-12,29,-13,26,-13,25,-14,24,-15,24,-15,22,-15,19,-15,18,0,0,0,0,0,0]"
CSI_DATA,1634092,1a:00:00:00:00:00,-54,11,-95,4,43,6,1634092,47,0,128,0,"[0,0,0,0,0,0,0,0,3,-28,7,-26,8,-29,9,-31,12,-30,12,-33,14,-28,17,-30,16,-31,17,-29,17,-28,17,-27,20,-28,20,-28,17,-27,17,-28,15,-28,16,-31,16,-29,15,-27,14,-31,11,-31,10,-31,11,-31,12,-35,13,-33,13,-35,14,-33,0,0,10,-36,13,-33,11,-34,11,-34,9,-31,8,-34,8,-31,6,-30,5,-32,4,-33,6,-34,3,-30,4,-31,1,-29,2,-30,2,-32,0,-30,1,-32,0,-32,2,-30,0,-32,2,-30,4,-28,5,-28,8,-27,8,-25,10,-22,10,-22,0,0,0,0,0,0]"
CSI_DATA,1638092,1a:00:00:00:00:00,-54,11,-95,4,43,6,1638092,47,0,128,0,"[0,0,0,0,0,0,0,0,-24,17,-24,15,-27,17,-27,17,-28,14,-31,16,-31,14,-30,12,-31,13,-31,11,-33,13,-30,10,-32,11,-32,12,-30,11,-31,13,-30,13,-31,17,-29,16,-26,14,-27,17,-25,19,-25,21,-26,20,-26,24,-27,21,-29,24,-29,24,0,0,-28,28,-27,26,-27,25,-26,26,-23,23,-23,27,-21,25,-19,26,-19,27,-19,29,-18,29,-16,26,-15,27,-12,26,-13,26,-12,28,-10,28,-11,29,-10,30,-9,27,-11,29,-11,26,-12,27,-14,25,-15,23,-15,23,-14,19,-16,19,0,0,0,0,0,0]"
CSI_DATA,1644092,1a:00:00:00:00:00,-54,11,-95,4,43,6,1644092,47,0,128,0,"[0,0,0,0,0,0,0,0,3,-28,5,-27,7,-29,9,-30,11,-29,13,-33,14,-28,16,-30,16,-31,16,-28,17,-29,18,-26,19,-28,19,-27,16,-26,17,-28,16,-27,16,-30,17,-29,14,-26,14,-30,12,-30,11,-31,11,-30,13,-32,13,-33,13,-32,16,-33,0,0,12,-36,12,-32,12,-33,12,-32,11,-30,10,-33,8,-30,10,-30,7,-31,6,-30,7,-32,5,-28,6,-29,3,-30,4,-30,3,-30,2,-29,3,-30,3,-32,3,-28,3,-31,4,-28,6,-27,8,-28,10,-26,10,-25,11,-20,11,-22,0,0,0,0,0,0]"
CSI_DATA,1650092,1a:00:00:00:00:00,-54,11,-95,4,43,6,1650092,47,0,128,0,"[0,0,0,0,0,0,0,0,22,17,22,19,20,22,21,24,19,26,21,28,17,27,15,30,16,32,12,30,14,29,10,31,10,33,10,32,9,32,11,31,12,29,12,32,12,30,10,28,13,30,14,31,15,29,15,30,13,33,15,32,14,34,12,33,0,0,16,35,13,33,12,33,14,33,11,30,15,33,13,29,12,29,11,29,13,30,14,31,13,27,13,28,13,26,13,26,14,26,15,26,14,28,15,27,12,26,12,29,12,28,9,27,7,28,4,27,3,27,0,23,0,24,0,0,0,0,0,0]"
CSI_DATA,1656092,1a:00:00:00:00:00,-54,11,-95,4,43,6,1656092,47,0,128,0,"[0,0,0,0,0,0,0,0,-29,4,-28,1,-30,0,-32,-2,-32,-5,-34,-7,-32,-9,-30,-12,-31,-13,-26,-16,-29,-16,-26,-18,-27,-18,-28,-20,-27,-19,-28,-18,-26,-18,-28,-17,-28,-18,-24,-18,-27,-19,-28,-19,-27,-19,-28,-19,-27,-21,-29,-20,-29,-22,-26,-24,0,0,-27,-22,-27,-24,-28,-26,-24,-25,-25,-24,-25,-25,-25,-25,-21,-23,-23,-22,-23,-21,-22,-22,-21,-21,-22,-22,-21,-20,-21,-19,-23,-20,-22,-20,-21,-24,-20,-22,-18,-23,-18,-24,-17,-23,-14,-24,-13,-26,-9,-25,-8,-27,-4,-22,-3,-25,0,0,0,0,0,0]"
CSI_DATA,1660092,1a:00:00:00:00:00,-54,11,-95,4,43,6,1660092,47,0,128,0,"[0,0,0,0,0,0,0,0,23,17,21,20,21,22,21,25,19,26,21,28,17,28,15,28,15,30,10,30,11,30,9,31,10,31,9,33,11,32,11,31,11,31,13,32,13,29,9,29,11,29,12,30,13,32,13,33,11,34,13,32,13,33,11,34,0,0,12,35,12,36,12,33,10,35,9,31,11,34,10,30,9,30,9,31,11,32,11,32,12,28,12,29,12,26,12,28,12,28,14,28,10,28,11,30,9,28,9,30,7,28,5,30,4,28,1,28,0,27,-3,24,-4,24,0,0,0,0,0,0]"
CSI_DATA,1666092,1a:00:00:00:00:00,-54,11,-95,4,43,6,1666092,47,0,128,0,"[0,0,0,0,0,0,0,0,-27,8,-28,5,-30,4,-31,1,-32,0,-35,-2,-34,-5,-32,-7,-33,-10,-30,-12,-32,-12,-29,-15,-29,-15,-30,-17,-29,-16,-30,-15,-29,-16,-31,-14,-29,-15,-27,-15,-30,-15,-31,-17,-29,-17,-29,-16,-30,-18,-30,-19,-31,-21,-29,-22,0,0,-30,-21,-30,-22,-31,-21,-28,-23,-26,-21,-26,-24,-25,-22,-23,-23,-25,-20,-25,-20,-24,-21,-24,-20,-24,-20,-23,-20,-23,-19,-23,-18,-25,-20,-23,-21,-23,-21,-20,-23,-19,-25,-18,-24,-15,-25,-14,-27,-11,-27,-8,-27,-5,-22,-5,-25,0,0,0,0,0,0]"
CSI_DATA,1670092,1a:00:00:00:00:00,-54,11,-95,4,43,6,1670092,47,0,128,0,"[0,0,0,0,0,0,0,0,22,19,20,19,21,23,20,26,19,27,20,30,17,30,14,31,12,33,8,32,10,33,6,32,8,34,7,34,9,34,10,32,8,31,10,34,10,31,7,31,10,32,11,33,9,32,11,34,9,34,10,34,11,37,6,35,0,0,8,38,10,37,8,35,7,36,7,33,7,35,5,32,5,31,5,32,7,34,10,33,8,31,9,31,8,29,8,30,11,29,10,30,7,30,7,31,5,30,4,31,3,29,1,30,1,29,-2,29,-5,28,-6,24,-7,23,0,0,0,0,0,0]"
CSI_DATA,1680292,1a:00:00:00:00:00,-54,11,-95,4,43,6,1680292,47,0,128,0,"[0,0,0,0,0,0,0,0,-27,-12,-25,-13,-26,-17,-27,-19,-26,-22,-26,-24,-23,-26,-20,-26,-21,-28,-15,-28,-18,-29,-15,-30,-16,-30,-15,-32,-16,-29,-15,-30,-14,-29,-17,-30,-15,-29,-13,-30,-15,-29,-15,-31,-16,-29,-15,-30,-16,-33,-18,-32,-16,-33,-14,-35,0,0,-15,-35,-14,-34,-13,-33,-13,-35,-10,-31,-13,-32,-12,-32,-10,-30,-10,-32,-14,-32,-13,-31,-13,-27,-12,-29,-13,-26,-12,-29,-11,-28,-12,-29,-10,-29,-11,-31,-8,-30,-7,-31,-7,-29,-5,-30,-2,-30,0,-29,1,-26,5,-25,5,-23,0,0,0,0,0,0]"
CSI_DATA,1686092,1a:00:00:00:00:00,-54,11,-95,4,43,6,1686092,47,0,128,0,"[0,0,0,0,0,0,0,0,-13,-26,-13,-27,-13,-28,-13,-29,-11,-31,-13,-33,-12,-33,-8,-31,-9,-34,-6,-32,-9,-33,-6,-33,-10,-33,-10,-32,-12,-32,-15,-31,-13,-29,-18,-31,-17,-26,-17,-26,-19,-27,-21,-26,-21,-27,-23,-26,-25,-27,-26,-24,-28,-24,-27,-26,0,0,-32,-23,-31,-21,-31,-21,-32,-19,-27,-17,-31,-19,-28,-16,-27,-16,-29,-13,-31,-11,-32,-8,-30,-6,-33,-6,-29,-4,-31,-2,-29,-1,-33,2,-31,-1,-31,0,-31,-2,-31,-2,-30,0,-31,-3,-29,-1,-29,-4,-27,-4,-23,-5,-24,-4,0,0,0,0,0,0]"
CSI_DATA,1692092,1a:00:00:00:00:00,-54,11,-95,4,43,6,1692092,47,0,128,0,"[0,0,0,0,0,0,0,0,29,8,27,9,29,10,29,11,31,14,33,15,32,17,27,16,30,17,26,19,29,18,27,20,29,17,28,18,30,17,31,14,29,14,33,14,29,11,30,12,31,10,32,10,34,10,34,8,35,8,36,7,37,8,36,6,0,0,37,5,38,6,35,4,37,4,34,2,37,2,32,2,33,1,31,0,35,-3,34,-6,32,-6,30,-7,28,-6,30,-8,28,-9,31,-10,29,-9,30,-10,29,-8,29,-9,30,-6,29,-6,29,-6,27,-5,27,-3,25,-1,24,0,0,0,0,0,0,0]"
CSI_DATA,1696092,1a:00:00:00:00:00,-54,11,-95,4,43,6,1696092,47,0,128,0,"[0,0,0,0,0,0,0,0,-9,-28,-9,-26,-9,-29,-6,-31,-6,-33,-6,-35,-4,-34,-2,-32,-2,-35,0,-32,-2,-34,-2,-31,-4,-33,-5,-33,-7,-33,-8,-33,-8,-32,-12,-34,-10,-29,-12,-29,-14,-30,-13,-30,-16,-29,-17,-30,-18,-31,-21,-29,-23,-31,-20,-29,0,0,-25,-31,-25,-30,-24,-26,-25,-27,-23,-24,-26,-24,-25,-23,-24,-22,-25,-19,-28,-18,-29,-16,-27,-14,-28,-13,-28,-10,-30,-11,-27,-9,-31,-7,-29,-9,-31,-9,-29,-10,-31,-9,-29,-11,-28,-9,-29,-9,-26,-10,-25,-12,-22,-11,-22,-11,0,0,0,0,0,0]"
CSI_DATA,1703587,1a:00:00:00:00:00,-54,11,-95,4,43,6,1703587,47,0,128,0,"[0,0,0,0,0,0,0,0,-28,-10,-26,-11,-29,-12,-28,-14,-28,-18,-31,-18,-29,-20,-25,-21,-26,-23,-21,-24,-24,-23,-21,-24,-23,-26,-23,-26,-22,-24,-24,-23,-22,-23,-27,-22,-23,-22,-22,-22,-24,-23,-26,-23,-25,-23,-27,-22,-26,-22,-27,-23,-28,-23,-26,-24,0,0,-34,-22,-28,-25,-30,-24,-31,-24,-27,-23,-29,-22,-26,-22,-24,-20,-25,-22,-27,-21,-26,-18,-27,-18,-28,-16,-27,-14,-28,-16,-26,-14,-29,-14,-26,-17,-27,-16,-24,-16,-26,-18,-25,-19,-23,-20,-21,-18,-20,-21,-18,-21,-13,-19,-13,-19,0,0,0,0,0,0]"
CSI_DATA,1708092,1a:00:00:00:00:00,-54,11,-95,4,43,6,1708092,47,0,128,0,"[0,0,0,0,0,0,0,0,-25,15,-26,12,-30,13,-30,10,-33,9,-33,8,-35,6,-33,5,-35,4,-33,1,-33,3,-33,-1,-35,1,-33,2,-32,2,-34,3,-32,2,-36,4,-31,4,-31,3,-33,5,-34,4,-34,6,-34,6,-35,8,-35,8,-37,9,-34,8,0,0,-38,9,-39,8,-36,8,-37,8,-34,7,-35,8,-33,8,-32,7,-30,8,-30,11,-31,13,-29,12,-31,13,-27,12,-28,13,-25,15,-29,15,-28,14,-29,13,-28,11,-29,13,-28,9,-29,9,-28,8,-27,6,-27,5,-24,1,-23,1,0,0,0,0,0,0]"
CSI_DATA,1712092,1a:00:00:00:00:00,-54,11,-95,4,43,6,1712092,47,0,128,0,"[0,0,0,0,0,0,0,0,27,14,24,14,27,16,27,19,26,21,27,23,25,23,23,25,24,27,19,26,23,25,21,26,23,25,23,26,23,23,26,23,22,21,28,22,26,20,24,19,26,20,29,21,28,19,28,19,30,20,33,18,32,17,30,17,0,0,35,18,34,16,32,17,34,17,30,14,34,15,30,14,29,12,29,11,33,7,32,8,31,6,31,6,30,4,30,3,30,3,32,3,32,4,32,4,31,6,30,5,29,6,30,7,29,6,28,8,26,9,22,10,23,11,0,0,0,0,0,0]"
CSI_DATA,1722092,1a:00:00:00:00:00,-54,11,-95,4,43,6,1722092,47,0,128,0,"[0,0,0,0,0,0,0,0,25,15,24,15,24,18,24,20,25,22,25,24,24,25,20,24,23,27,17,26,20,27,20,28,21,27,21,28,21,25,23,24,22,24,26,26,22,22,23,22,24,21,26,23,26,22,27,21,27,25,30,21,32,22,28,23,0,0,30,22,32,21,30,19,32,21,28,19,32,18,28,18,28,17,28,15,31,12,31,11,28,9,31,10,28,7,30,9,29,8,32,7,29,8,29,7,28,8,30,10,28,9,29,10,28,10,25,11,24,13,19,14,20,13,0,0,0,0,0,0]"
CSI_DATA,1724092,1a:00:00:00:00:00,-54,11,-95,4,43,6,1724092,47,0,128,0,"[0,0,0,0,0,0,0,0,9,-29,10,-27,11,-28,15,-29,18,-27,21,-29,22,-26,23,-27,25,-26,25,-21,27,-21,26,-21,28,-23,28,-23,26,-21,27,-21,25,-20,28,-22,25,-20,25,-20,26,-21,27,-22,26,-21,27,-22,28,-23,28,-24,28,-24,29,-23,0,0,32,-23,32,-21,29,-20,31,-20,28,-18,30,-19,28,-19,27,-16,26,-18,26,-23,26,-23,24,-20,24,-19,22,-18,25,-19,23,-19,23,-19,24,-19,26,-20,26,-16,26,-17,26,-13,25,-12,26,-11,26,-9,27,-7,23,-3,23,-2,0,0,0,0,0,0]"
CSI_DATA,1728092,1a:00:00:00:00:00,-54,11,-95,4,43,6,1728092,47,0,128,0,"[0,0,0,0,0,0,0,0,-28,10,-28,8,-29,6,-31,5,-32,2,-36,1,-34,-3,-32,-3,-34,-5,-31,-6,-33,-7,-32,-7,-31,-6,-33,-6,-33,-6,-33,-4,-33,-6,-35,-5,-32,-4,-30,-5,-33,-4,-33,-4,-34,-4,-33,-3,-35,-2,-36,-2,-36,-2,-37,-3,0,0,-36,-1,-38,-5,-36,-4,-35,-4,-34,-4,-36,-2,-32,-4,-32,-2,-32,-3,-32,0,-33,2,-31,3,-32,2,-29,4,-30,3,-30,3,-30,2,-30,3,-31,2,-29,1,-30,1,-29,-2,-28,-1,-28,-3,-26,-4,-26,-5,-22,-8,-22,-9,0,0,0,0,0,0]"
CSI_DATA,1734092,1a:00:00:00:00:00,-54,11,-95,4,43,6,1734092,47,0,128,0,"[0,0,0,0,0,0,0,0,12,-26,13,-25,15,-26,19,-26,21,-26,25,-25,26,-22,25,-22,28,-21,27,-16,29,-18,27,-15,29,-18,29,-17,28,-17,28,-17,29,-15,30,-19,27,-17,26,-15,27,-17,29,-16,28,-16,30,-16,29,-18,30,-18,32,-17,32,-18,0,0,33,-19,34,-15,32,-15,32,-15,30,-13,32,-13,31,-12,29,-12,27,-12,27,-16,28,-16,25,-14,27,-14,26,-14,26,-15,26,-15,26,-14,28,-14,29,-13,28,-11,29,-11,27,-7,28,-6,28,-6,26,-4,27,-2,23,3,24,2,0,0,0,0,0,0]"
CSI_DATA,1738092,1a:00:00:00:00:00,-54,11,-95,4,43,6,1738092,47,0,128,0,"[0,0,0,0,0,0,0,0,-28,7,-27,4,-31,3,-30,2,-32,-2,-34,-1,-34,-5,-32,-7,-35,-6,-30,-9,-31,-8,-31,-10,-33,-10,-32,-10,-31,-10,-32,-9,-30,-9,-35,-8,-32,-9,-30,-8,-32,-8,-33,-8,-32,-6,-32,-8,-34,-5,-35,-7,-35,-6,-34,-6,0,0,-35,-7,-35,-8,-36,-9,-34,-9,-32,-7,-35,-7,-31,-6,-30,-6,-31,-6,-33,-4,-32,-2,-30,-3,-32,-1,-30,-1,-29,-2,-30,-1,-29,-1,-30,-1,-30,-2,-28,-4,-29,-2,-28,-6,-28,-6,-28,-7,-26,-8,-24,-10,-21,-12,-20,-12,0,0,0,0,0,0]"
CSI_DATA,1744092,1a:00:00:00:00:00,-55,11,-95,4,43,6,1744092,47,0,128,0,"[0,0,0,0,0,0,0,0,13,-26,15,-24,18,-24,20,-24,25,-22,27,-22,28,-20,27,-18,30,-18,28,-14,30,-15,30,-12,32,-15,31,-13,30,-12,30,-13,29,-12,33,-14,28,-12,30,-11,30,-13,31,-14,30,-13,31,-11,32,-15,32,-14,33,-13,33,-12,0,0,36,-12,34,-11,32,-9,35,-10,31,-7,35,-8,32,-8,31,-7,29,-8,30,-11,30,-11,28,-10,29,-10,27,-9,29,-10,27,-9,28,-10,28,-8,30,-8,28,-6,28,-6,28,-2,28,-2,28,-1,28,1,26,3,23,7,22,7,0,0,0,0,0,0]"
CSI_DATA,1750092,1a:00:00:00:00:00,-55,11,-95,4,43,6,1750092,47,0,128,0,"[0,0,0,0,0,0,0,0,-27,13,-26,11,-27,12,-29,13,-30,10,-32,11,-33,9,-32,9,-33,11,-32,7,-31,9,-31,7,-34,9,-33,10,-30,11,-30,13,-28,13,-30,18,-28,16,-27,16,-27,18,-26,20,-25,22,-25,21,-26,24,-26,25,-27,25,-25,24,0,0,-24,32,-23,26,-23,27,-21,28,-19,25,-17,30,-16,27,-15,28,-14,27,-13,30,-11,31,-8,28,-8,29,-6,27,-5,30,-4,29,-2,30,-2,30,-1,31,-2,29,-1,31,-2,28,-3,28,-4,28,-5,26,-5,27,-6,22,-7,23,0,0,0,0,0,0]"
CSI_DATA,1756092,1a:00:00:00:00:00,-55,11,-95,4,43,6,1756092,47,0,128,0,"[0,0,0,0,0,0,0,0,8,-27,8,-27,10,-28,12,-29,14,-28,15,-31,17,-28,19,-28,18,-29,19,-26,18,-28,18,-26,20,-27,20,-28,16,-28,16,-28,15,-28,15,-31,14,-29,14,-29,12,-30,10,-30,9,-32,9,-32,10,-34,10,-34,9,-34,9,-33,0,0,6,-38,7,-36,6,-35,5,-35,5,-31,3,-34,2,-32,2,-31,1,-31,-2,-34,-1,-33,-3,-28,-4,-30,-5,-27,-5,-29,-5,-30,-8,-28,-8,-30,-9,-29,-6,-30,-7,-29,-5,-27,-5,-27,-2,-27,-1,-28,-1,-25,2,-23,1,-24,0,0,0,0,0,0]"
CSI_DATA,1760092,1a:00:00:00:00:00,-54,11,-95,4,43,6,1760092,47,0,128,0,"[0,0,0,0,0,0,0,0,-27,15,-25,11,-27,12,-28,12,-33,10,-33,12,-32,9,-32,8,-34,9,-32,7,-32,7,-32,6,-32,9,-33,8,-32,9,-30,11,-28,12,-32,15,-28,16,-28,15,-27,15,-27,18,-27,19,-27,20,-28,23,-27,23,-26,24,-24,24,0,0,-25,26,-27,26,-23,26,-24,27,-21,25,-20,28,-18,26,-17,27,-16,27,-15,32,-13,31,-10,28,-10,28,-7,26,-8,30,-5,28,-5,30,-5,29,-4,31,-5,28,-4,30,-6,28,-5,28,-5,26,-8,28,-8,25,-10,22,-10,21,0,0,0,0,0,0]"
CSI_DATA,1762092,1a:00:00:00:00:00,-54,11,-95,4,43,6,1762092,47,0,128,0,"[0,0,0,0,0,0,0,0,16,25,14,25,12,27,13,30,12,31,13,33,8,32,7,32,7,34,3,32,5,33,3,32,3,33,3,35,4,32,4,33,6,31,8,33,6,30,5,31,9,31,10,32,10,32,11,34,10,33,10,34,10,36,11,34,0,0,11,34,12,34,13,34,10,34,11,31,13,31,13,30,13,28,11,27,13,29,14,29,15,26,16,25,16,25,16,26,16,25,18,25,16,27,18,26,15,25,16,27,14,25,12,26,11,26,8,26,8,26,5,23,4,25,0,0,0,0,0,0]"
CSI_DATA,1766092,1a:00:00:00:00:00,-54,11,-95,4,43,6,1766092,47,0,128,0,"[0,0,0,0,0,0,0,0,8,-28,10,-26,12,-28,13,-29,15,-29,17,-31,18,-28,21,-27,20,-28,19,-28,21,-28,20,-25,21,-27,22,-27,19,-25,18,-28,16,-25,18,-31,16,-29,16,-28,14,-29,13,-30,12,-30,12,-31,12,-34,13,-33,11,-34,12,-32,0,0,8,-36,11,-35,10,-35,9,-35,6,-30,6,-33,6,-31,6,-30,3,-31,0,-33,2,-32,1,-30,-1,-30,-2,-29,-3,-30,-3,-30,-4,-29,-3,-30,-5,-31,-3,-28,-5,-32,-2,-29,-2,-29,0,-28,2,-28,2,-27,4,-23,6,-24,0,0,0,0,0,0]"
CSI_DATA,1770092,1a:00:00:00:00:00,-54,11,-95,4,43,6,1770092,47,0,128,0,"[0,0,0,0,0,0,0,0,-28,9,-27,7,-29,7,-32,7,-32,5,-35,5,-32,4,-34,4,-34,4,-33,2,-34,4,-32,1,-35,2,-34,2,-32,3,-33,4,-33,6,-34,10,-31,9,-29,10,-32,11,-30,13,-30,14,-30,16,-30,17,-32,18,-33,18,-32,21,0,0,-32,22,-28,20,-29,22,-28,20,-27,21,-26,23,-22,21,-22,22,-22,23,-21,27,-20,27,-18,25,-18,26,-15,26,-13,27,-14,28,-11,27,-13,28,-10,30,-12,27,-12,30,-12,27,-14,25,-15,25,-16,24,-15,23,-15,18,-15,18,0,0,0,0,0,0]"
CSI_DATA,1786829,1a:00:00:00:00:00,-54,11,-95,4,43,6,1786829,47,0,128,0,"[0,0,0,0,0,0,0,0,28,-4,30,-3,31,-2,34,-1,32,3,36,3,33,6,33,6,35,8,30,10,33,10,28,12,31,10,32,11,31,10,33,9,32,9,33,6,32,7,30,6,31,7,33,7,32,6,35,5,34,6,35,6,36,5,35,5,0,0,39,5,36,5,35,5,36,4,33,4,35,5,33,3,31,4,31,3,32,1,32,-1,30,-1,32,-1,30,-2,30,-3,30,-2,31,-4,31,-3,30,-3,30,0,31,-1,31,1,30,3,29,4,27,5,28,7,23,8,23,8,0,0,0,0,0,0]"
CSI_DATA,1792092,1a:00:00:00:00:00,-54,11,-95,4,43,6,1792092,47,0,128,0,"[0,0,0,0,0,0,0,0,3,29,0,28,-2,31,-1,32,-6,32,-6,34,-9,32,-10,32,-11,34,-14,30,-13,31,-14,28,-15,30,-15,30,-13,29,-13,30,-13,30,-13,33,-12,32,-12,28,-12,32,-10,31,-9,32,-10,31,-11,33,-10,34,-12,36,-10,35,0,0,-12,37,-11,33,-9,35,-10,33,-10,31,-10,33,-9,30,-7,29,-8,32,-6,33,-6,32,-5,29,-6,30,-3,28,-4,30,-4,30,-3,29,-5,31,-4,31,-6,28,-6,30,-7,27,-8,26,-9,27,-13,25,-14,24,-13,18,-14,19,0,0,0,0,0,0]"
CSI_DATA,1796092,1a:00:00:00:00:00,-55,11,-95,4,43,6,1796092,47,0,128,0,"[0,0,0,0,0,0,0,0,25,-15,24,-13,28,-14,30,-13,30,-11,34,-11,33,-8,33,-7,34,-7,33,-4,33,-5,30,-3,32,-6,34,-4,32,-5,33,-7,31,-6,32,-9,31,-8,30,-7,31,-10,31,-10,31,-11,33,-12,31,-12,33,-13,34,-14,33,-15,0,0,36,-13,32,-14,32,-14,33,-15,30,-14,31,-17,28,-14,27,-15,26,-16,27,-17,26,-20,24,-17,24,-18,22,-19,22,-20,22,-21,21,-21,22,-20,22,-19,23,-18,23,-21,22,-17,24,-15,23,-16,24,-14,24,-13,22,-8,21,-8,0,0,0,0,0,0]"
CSI_DATA,1802092,1a:00:00:00:00:00,-55,11,-95,4,43,6,1802092,47,0,128,0,"[0,0,0,0,0,0,0,0,1,28,0,28,-1,32,-4,32,-4,31,-6,34,-9,31,-10,31,-11,32,-15,28,-14,30,-16,28,-16,29,-17,29,-14,29,-13,30,-13,29,-12,33,-12,29,-12,28,-11,30,-11,30,-12,29,-11,32,-14,33,-12,33,-12,34,-14,33,0,0,-14,35,-13,34,-11,32,-13,33,-11,29,-13,31,-11,30,-11,28,-12,31,-9,33,-9,31,-6,28,-7,29,-5,27,-5,30,-5,28,-5,29,-8,29,-8,29,-8,27,-10,28,-10,26,-12,27,-11,25,-15,23,-14,23,-15,18,-14,17,0,0,0,0,0,0]"
CSI_DATA,1808092,1a:00:00:00:00:00,-55,11,-95,4,43,6,1808092,47,0,128,0,"[0,0,0,0,0,0,0,0,-22,-17,-20,-19,-21,-22,-19,-24,-19,-27,-19,-27,-16,-29,-12,-28,-13,-32,-7,-31,-9,-33,-7,-30,-8,-32,-6,-32,-6,-30,-9,-32,-8,-30,-10,-33,-8,-30,-6,-30,-7,-30,-7,-32,-7,-32,-8,-33,-6,-33,-8,-33,-7,-34,-4,-35,0,0,-3,-36,-5,-35,-6,-35,-4,-35,-3,-31,-4,-34,-2,-32,-2,-31,-3,-31,-3,-31,-5,-31,-5,-28,-5,-31,-4,-28,-5,-29,-4,-28,-6,-29,-2,-28,-2,-30,0,-29,1,-31,3,-28,3,-29,4,-27,7,-27,9,-25,10,-21,11,-21,0,0,0,0,0,0]"
CSI_DATA,1812092,1a:00:00:00:00:00,-55,11,-95,4,43,6,1812092,47,0,128,0,"[0,0,0,0,0,0,0,0,-6,28,-8,26,-11,29,-11,30,-14,29,-15,29,-18,28,-18,26,-20,28,-23,23,-22,25,-22,21,-23,23,-25,24,-22,23,-22,25,-20,23,-22,27,-20,24,-21,25,-21,24,-20,26,-20,25,-21,26,-23,27,-21,26,-24,28,-24,26,0,0,-25,29,-24,28,-22,27,-25,27,-21,23,-23,26,-22,24,-20,23,-21,26,-19,27,-18,26,-17,24,-17,25,-16,23,-16,26,-14,25,-17,27,-16,24,-18,24,-19,22,-20,23,-19,21,-21,21,-20,19,-23,17,-22,16,-21,11,-20,11,0,0,0,0,0,0]"
CSI_DATA,1818093,1a:00:00:00:00:00,-55,11,-95,4,43,6,1818093,47,0,128,0,"[0,0,0,0,0,0,0,0,-16,-24,-13,-24,-13,-28,-13,-30,-10,-29,-9,-32,-7,-32,-3,-33,-3,-34,2,-32,1,-34,3,-32,3,-32,5,-33,5,-30,4,-33,4,-31,3,-35,3,-31,4,-31,3,-32,4,-32,3,-31,4,-33,6,-34,5,-33,7,-35,7,-36,0,0,7,-36,8,-35,7,-34,8,-36,9,-30,10,-32,10,-31,10,-29,9,-30,10,-32,8,-32,8,-29,8,-29,7,-28,8,-29,6,-29,6,-30,10,-29,10,-29,12,-27,13,-27,12,-26,15,-24,15,-23,19,-21,19,-19,17,-15,17,-15,0,0,0,0,0,0]"
CSI_DATA,1825044,1a:00:00:00:00:00,-55,11,-95,4,43,6,1825044,47,0,128,0,"[0,0,0,0,0,0,0,0,29,-5,27,-2,30,-2,30,0,34,1,34,3,33,4,31,5,35,7,31,9,33,7,32,8,33,7,33,6,33,5,33,4,31,4,35,1,32,2,32,2,33,0,34,0,33,-1,34,-2,35,-3,35,-3,37,-4,36,-4,0,0,37,-6,38,-7,35,-6,37,-7,33,-6,37,-7,32,-7,30,-6,31,-8,32,-12,29,-14,27,-13,28,-15,25,-14,25,-17,25,-16,25,-17,26,-16,27,-17,25,-13,27,-15,26,-12,25,-13,26,-13,25,-10,26,-7,23,-6,23,-4,0,0,0,0,0,0]"
CSI_DATA,1825184,1a:00:00:00:00:00,-55,11,-95,4,43,6,1825184,47,0,128,0,"[0,0,0,0,0,0,0,0,-3,-28,-1,-27,1,-30,2,-32,3,-31,3,-33,4,-32,7,-31,8,-33,9,-30,8,-32,11,-30,9,-32,11,-32,8,-32,7,-32,7,-31,4,-34,4,-31,5,-30,3,-32,1,-33,1,-31,0,-34,0,-35,-1,-34,-1,-36,0,-35,0,0,-2,-39,-3,-38,-5,-35,-5,-35,-3,-31,-5,-34,-6,-32,-4,-30,-5,-32,-6,-33,-9,-32,-9,-28,-11,-29,-11,-26,-11,-28,-13,-27,-14,-26,-11,-27,-13,-28,-10,-28,-12,-28,-11,-27,-10,-27,-8,-27,-6,-28,-6,-27,-3,-23,-3,-23,0,0,0,0,0,0]"
CSI_DATA,1826092,1a:00:00:00:00:00,-54,11,-95,4,43,6,1826092,47,0,128,0,"[0,0,0,0,0,0,0,0,28,-9,27,-7,29,-7,30,-5,33,-4,33,-3,34,0,32,0,34,2,31,6,32,5,31,5,33,3,33,4,33,4,34,3,31,4,36,1,31,1,31,2,32,2,35,0,34,-1,35,1,36,-1,36,-2,38,-3,34,-1,0,0,39,-3,37,-1,35,-1,37,-3,32,-1,35,0,34,-2,32,-2,31,-2,34,-5,31,-7,30,-6,31,-8,27,-6,30,-8,28,-8,29,-9,29,-8,31,-7,29,-6,30,-7,29,-4,28,-3,28,-3,27,0,27,1,24,4,23,4,0,0,0,0,0,0]"
CSI_DATA,1828093,1a:00:00:00:00:00,-54,11,-95,4,43,6,1828093,47,0,128,0,"[0,0,0,0,0,0,0,0,20,-21,19,-20,23,-20,24,-21,23,-21,26,-24,26,-23,26,-19,28,-21,27,-17,26,-21,26,-17,25,-21,26,-21,24,-22,23,-24,21,-24,21,-29,17,-27,18,-26,17,-28,16,-29,16,-29,13,-31,14,-32,10,-32,11,-33,11,-35,0,0,9,-37,6,-36,5,-34,3,-38,4,-32,2,-35,1,-32,0,-32,-2,-32,-5,-34,-8,-33,-7,-29,-11,-29,-10,-25,-13,-27,-14,-26,-15,-27,-15,-27,-16,-27,-14,-27,-14,-27,-15,-25,-13,-25,-14,-25,-12,-25,-11,-25,-8,-22,-9,-22,0,0,0,0,0,0]"
CSI_DATA,1832093,1a:00:00:00:00:00,-54,11,-95,4,43,6,1832093,47,0,128,0,"[0,0,0,0,0,0,0,0,-11,28,-13,25,-13,28,-16,28,-19,27,-21,26,-23,25,-24,21,-27,22,-27,16,-27,20,-28,16,-28,20,-28,18,-27,17,-28,19,-27,17,-29,21,-25,18,-25,18,-26,18,-28,19,-28,17,-28,19,-30,21,-27,21,-31,21,-32,19,0,0,-32,21,-31,19,-30,18,-31,19,-28,16,-31,17,-29,15,-29,15,-27,16,-27,17,-27,20,-25,17,-26,18,-23,17,-24,19,-24,18,-24,18,-26,18,-26,17,-27,14,-27,14,-28,13,-27,11,-26,11,-27,9,-26,6,-23,2,-23,1,0,0,0,0,0,0]"
CSI_DATA,1838093,1a:00:00:00:00:00,-54,11,-95,4,43,6,1838093,47,0,128,0,"[0,0,0,0,0,0,0,0,25,-16,24,-15,26,-16,27,-15,28,-15,30,-16,30,-14,30,-13,33,-13,32,-9,31,-12,29,-10,31,-14,32,-14,29,-16,29,-18,27,-17,28,-23,24,-21,25,-20,24,-23,24,-24,23,-25,22,-27,22,-28,20,-30,21,-31,20,-31,0,0,19,-32,17,-34,13,-32,16,-35,13,-31,13,-33,11,-31,10,-30,8,-31,5,-35,2,-34,0,-29,0,-31,-1,-28,-4,-30,-5,-29,-7,-30,-5,-30,-5,-32,-5,-29,-5,-30,-4,-28,-4,-29,-6,-28,-2,-27,-3,-27,0,-24,-1,-23,0,0,0,0,0,0]"
CSI_DATA,1842093,1a:00:00:00:00:00,-54,11,-95,4,43,6,1842093,47,0,128,0,"[0,0,0,0,0,0,0,0,-17,24,-17,22,-21,24,-22,23,-24,21,-26,21,-28,20,-28,17,-31,18,-30,13,-31,15,-31,10,-32,13,-32,10,-31,11,-32,11,-30,11,-31,15,-30,13,-30,12,-30,13,-31,11,-32,11,-32,13,-33,14,-33,12,-35,15,-35,11,0,0,-36,13,-36,10,-35,10,-35,11,-31,10,-34,11,-31,9,-30,8,-31,9,-32,8,-30,12,-29,10,-30,10,-27,10,-27,12,-27,11,-30,11,-28,10,-29,9,-29,8,-31,8,-29,5,-30,3,-29,2,-28,0,-27,-2,-23,-4,-22,-5,0,0,0,0,0,0]"
CSI_DATA,1848093,1a:00:00:00:00:00,-54,11,-95,4,43,6,1848093,47,0,128,0,"[0,0,0,0,0,0,0,0,27,-12,25,-13,29,-13,30,-13,31,-13,32,-12,31,-11,31,-10,34,-10,31,-8,34,-10,32,-7,32,-10,34,-11,30,-12,30,-15,30,-14,31,-19,26,-18,27,-18,26,-19,27,-21,25,-22,25,-23,26,-25,24,-26,25,-28,23,-26,0,0,23,-31,22,-30,19,-29,20,-31,17,-27,17,-31,16,-28,14,-28,12,-30,8,-33,7,-32,6,-29,6,-30,4,-28,0,-31,0,-29,-1,-31,0,-31,-1,-31,0,-30,-1,-31,0,-29,1,-30,0,-28,1,-28,3,-28,4,-23,2,-22,0,0,0,0,0,0]"
CSI_DATA,1854093,1a:00:00:00:00:00,-54,11,-95,4,43,6,1854093,47,0,128,0,"[0,0,0,0,0,0,0,0,-14,27,-13,25,-15,28,-17,27,-20,26,-21,28,-22,26,-23,25,-25,25,-24,22,-25,23,-23,23,-23,25,-23,26,-20,25,-21,27,-18,24,-20,30,-18,26,-19,26,-16,29,-16,29,-16,29,-14,30,-14,33,-12,34,-12,34,-14,32,0,0,-11,37,-14,35,-11,35,-11,35,-9,30,-8,34,-8,31,-6,30,-5,32,-2,32,-1,34,1,30,1,31,2,29,1,30,3,30,5,31,5,31,4,31,2,30,4,31,1,29,2,29,3,29,1,29,-2,27,-3,23,-3,24,0,0,0,0,0,0]"
CSI_DATA,1858093,1a:00:00:00:00:00,-55,11,-95,4,43,6,1858093,47,0,128,0,"[0,0,0,0,0,0,0,0,29,-9,27,-8,29,-8,31,-6,33,-4,33,-5,35,-3,34,-3,36,-2,33,0,34,-2,32,-2,34,-4,34,-3,33,-5,33,-7,30,-7,35,-11,29,-11,31,-11,30,-12,31,-13,30,-14,29,-14,31,-18,28,-22,32,-21,29,-21,0,0,29,-22,29,-24,27,-24,28,-25,25,-23,25,-26,22,-23,21,-23,18,-26,16,-31,15,-30,14,-27,12,-29,12,-26,10,-29,8,-28,7,-30,8,-29,8,-30,9,-29,9,-31,9,-27,9,-27,8,-28,9,-26,9,-24,11,-21,10,-21,0,0,0,0,0,0]"
CSI_DATA,1864093,1a:00:00:00:00:00,-55,11,-95,4,43,6,1864093,47,0,128,0,"[0,0,0,0,0,0,0,0,-15,25,-15,23,-17,25,-20,25,-22,24,-23,25,-25,22,-25,23,-26,23,-26,20,-26,21,-25,20,-26,23,-26,23,-23,23,-23,24,-21,22,-23,26,-19,24,-21,24,-20,27,-19,28,-18,27,-19,28,-19,33,-16,32,-18,33,-17,33,0,0,-15,34,-17,33,-14,32,-15,34,-13,30,-13,33,-11,30,-9,30,-9,28,-7,31,-6,32,-4,30,-3,30,-3,28,-2,31,-1,30,-1,32,0,30,0,32,-2,30,0,32,-2,28,-3,28,-4,28,-6,27,-6,26,-8,22,-8,23,0,0,0,0,0,0]"
CSI_DATA,1868093,1a:00:00:00:00:00,-54,11,-95,4,43,6,1868093,47,0,128,0,"[0,0,0,0,0,0,0,0,30,1,28,1,31,1,33,2,32,4,34,5,33,6,33,6,34,6,32,7,33,8,30,7,34,6,34,6,34,4,33,3,31,1,35,0,32,-2,31,-1,32,-3,32,-5,34,-6,34,-8,35,-10,34,-10,35,-10,34,-11,0,0,35,-16,34,-14,33,-13,34,-15,31,-14,31,-16,29,-15,25,-17,26,-18,26,-22,24,-23,22,-21,21,-22,18,-20,19,-24,17,-24,17,-24,17,-25,16,-26,16,-24,17,-26,18,-23,18,-23,18,-22,18,-22,17,-20,18,-15,17,-15,0,0,0,0,0,0]"
CSI_DATA,1874093,1a:00:00:00:00:00,-54,11,-95,4,43,6,1874093,47,0,128,0,"[0,0,0,0,0,0,0,0,-19,23,-18,20,-23,21,-23,20,-27,20,-27,21,-29,18,-29,17,-31,17,-31,14,-29,15,-29,15,-30,18,-28,17,-27,18,-27,18,-25,18,-30,21,-25,19,-25,19,-26,21,-26,20,-24,23,-26,22,-26,26,-22,28,-24,30,-20,27,0,0,-25,29,-25,28,-24,27,-23,28,-19,26,-22,29,-20,26,-18,24,-18,24,-16,29,-13,31,-12,27,-12,29,-9,27,-11,29,-9,28,-8,30,-9,28,-8,30,-10,28,-8,29,-11,26,-10,27,-10,26,-11,24,-12,24,-15,18,-13,20,0,0,0,0,0,0]"
CSI_DATA,1878093,1a:00:00:00:00:00,-54,11,-95,4,43,6,1878093,47,0,128,0,"[0,0,0,0,0,0,0,0,29,3,28,3,29,5,32,6,31,8,32,10,32,11,32,12,34,13,30,13,31,13,31,12,33,10,32,10,32,10,32,7,30,7,35,5,31,4,32,4,33,3,34,2,34,0,35,0,37,-2,37,-4,36,-6,36,-5,0,0,38,-9,37,-7,34,-6,35,-9,31,-9,34,-10,31,-11,29,-10,29,-12,28,-15,27,-17,24,-17,25,-19,23,-17,23,-19,21,-19,23,-21,22,-20,23,-21,21,-20,22,-21,22,-18,22,-18,21,-19,21,-17,21,-16,21,-11,20,-12,0,0,0,0,0,0]"
CSI_DATA,1885091,1a:00:00:00:00:00,-55,11,-95,4,43,6,1885091,47,0,128,0,"[0,0,0,0,0,0,0,0,-5,-28,-2,-28,-2,-30,0,-33,1,-32,3,-36,4,-32,7,-33,7,-34,11,-30,10,-32,12,-30,12,-33,12,-33,10,-31,9,-33,9,-32,7,-34,8,-32,9,-30,7,-33,5,-32,5,-32,5,-33,7,-34,5,-34,6,-36,8,-35,0,0,5,-38,4,-35,5,-36,5,-35,5,-33,4,-35,4,-31,4,-30,3,-32,1,-34,0,-33,0,-30,-1,-31,-2,-29,-2,-30,-2,-31,-3,-30,-2,-31,-2,-31,1,-30,0,-31,1,-29,3,-28,2,-28,6,-26,8,-26,8,-21,8,-21,0,0,0,0,0,0]"
CSI_DATA,1890093,1a:00:00:00:00:00,-55,11,-95,4,43,6,1890093,47,0,128,0,"[0,0,0,0,0,0,0,0,5,-29,7,-26,9,-30,11,-30,15,-30,16,-31,18,-29,19,-28,19,-29,21,-26,21,-27,22,-24,22,-27,21,-27,19,-26,19,-28,18,-25,21,-29,19,-26,18,-25,19,-28,18,-27,17,-28,18,-28,17,-30,18,-30,18,-30,20,-32,0,0,19,-33,20,-30,20,-30,20,-31,18,-28,17,-30,17,-28,15,-26,14,-29,12,-31,12,-29,11,-28,11,-28,9,-28,12,-28,10,-27,9,-28,10,-27,10,-31,11,-27,12,-28,12,-26,13,-24,14,-25,16,-22,16,-20,16,-16,16,-16,0,0,0,0,0,0]"
CSI_DATA,1894093,1a:00:00:00:00:00,-54,11,-95,4,43,6,1894093,47,0,128,0,"[0,0,0,0,0,0,0,0,-26,12,-26,9,-30,10,-32,11,-30,7,-35,7,-33,4,-35,3,-35,4,-31,3,-33,4,-32,0,-33,1,-34,-1,-31,1,-33,3,-31,2,-34,7,-33,6,-29,5,-34,7,-31,8,-33,11,-34,10,-34,12,-34,11,-35,10,-33,10,0,0,-36,16,-34,10,-35,13,-33,12,-30,11,-31,14,-30,14,-28,14,-28,15,-29,16,-28,17,-25,16,-26,17,-24,18,-22,18,-24,19,-22,19,-23,20,-21,20,-22,19,-23,21,-23,17,-22,16,-23,14,-25,12,-25,12,-21,9,-22,7,0,0,0,0,0,0]"
CSI_DATA,1900093,1a:00:00:00:00:00,-55,11,-95,4,43,6,1900093,47,0,128,0,"[0,0,0,0,0,0,0,0,10,-28,11,-26,13,-28,15,-28,17,-28,19,-29,20,-26,22,-26,23,-27,24,-23,24,-24,25,-21,26,-23,27,-23,23,-22,25,-21,23,-22,25,-25,23,-24,22,-23,22,-25,23,-24,21,-25,21,-26,24,-28,23,-26,25,-28,25,-28,0,0,26,-28,23,-28,24,-26,24,-26,22,-24,21,-27,21,-24,20,-24,19,-24,18,-27,19,-27,16,-23,18,-24,15,-25,16,-24,16,-25,15,-26,16,-26,15,-26,16,-24,17,-26,16,-23,18,-21,19,-20,20,-18,21,-17,19,-12,19,-13,0,0,0,0,0,0]"
CSI_DATA,1908375,1a:00:00:00:00:00,-54,11,-95,4,43,6,1908375,47,0,128,0,"[0,0,0,0,0,0,0,0,-26,-12,-25,-13,-27,-15,-28,-17,-27,-19,-29,-19,-27,-23,-26,-21,-26,-24,-22,-24,-24,-23,-21,-24,-25,-23,-24,-23,-25,-23,-27,-20,-25,-20,-29,-19,-26,-17,-26,-17,-28,-17,-30,-18,-29,-17,-30,-15,-32,-17,-33,-15,-35,-15,-33,-17,0,0,-33,-16,-33,-13,-35,-12,-33,-12,-31,-11,-33,-12,-30,-10,-30,-9,-29,-7,-32,-6,-32,-3,-29,-3,-33,-1,-29,0,-29,1,-29,2,-30,4,-29,2,-30,1,-29,1,-29,1,-29,0,-28,0,-28,-2,-26,-2,-26,-4,-23,-4,-23,-5,0,0,0,0,0,0]"
CSI_DATA,1910093,1a:00:00:00:00:00,-54,11,-95,4,43,6,1910093,47,0,128,0,"[0,0,0,0,0,0,0,0,16,-25,17,-22,20,-25,22,-25,23,-21,26,-24,26,-20,29,-20,30,-19,30,-16,29,-17,28,-12,32,-15,32,-15,30,-14,29,-16,29,-15,30,-19,30,-18,27,-15,30,-17,28,-18,28,-17,29,-18,30,-19,29,-18,31,-17,32,-17,0,0,32,-22,29,-18,31,-19,31,-17,28,-17,29,-18,26,-16,25,-15,25,-16,26,-19,27,-19,23,-16,24,-18,22,-19,22,-19,23,-20,22,-20,23,-19,23,-19,23,-18,25,-18,24,-16,24,-14,24,-11,25,-11,25,-9,21,-5,23,-6,0,0,0,0,0,0]"
CSI_DATA,1916093,1a:00:00:00:00:00,-54,11,-95,4,43,6,1916093,47,0,128,0,"[0,0,0,0,0,0,0,0,8,29,5,27,4,31,3,32,0,32,0,36,-4,34,-7,33,-8,35,-11,31,-10,33,-12,30,-14,32,-15,32,-14,30,-14,32,-13,29,-13,33,-13,31,-12,28,-14,30,-13,31,-12,31,-12,30,-17,32,-16,31,-16,33,-17,31,0,0,-17,35,-18,32,-18,31,-17,31,-17,28,-18,29,-15,26,-14,26,-15,28,-16,30,-15,29,-14,25,-13,25,-12,25,-13,27,-12,26,-13,26,-15,26,-15,27,-15,25,-17,26,-17,22,-19,21,-20,20,-22,16,-22,17,-20,10,-21,11,0,0,0,0,0,0]"
CSI_DATA,1920093,1a:00:00:00:00:00,-55,11,-95,4,43,6,1920093,47,0,128,0,"[0,0,0,0,0,0,0,0,20,-21,23,-18,24,-19,26,-18,28,-16,32,-18,31,-13,31,-14,33,-14,31,-11,32,-10,31,-7,34,-7,35,-8,32,-7,33,-7,31,-8,34,-11,32,-9,30,-8,31,-9,31,-12,31,-11,32,-13,33,-11,34,-12,36,-10,35,-11,0,0,35,-11,35,-10,34,-8,33,-10,31,-9,33,-12,30,-10,30,-10,29,-10,30,-13,31,-11,29,-10,29,-12,25,-12,28,-12,27,-13,26,-13,28,-13,27,-14,26,-10,28,-12,27,-8,26,-8,28,-5,28,-3,27,-1,23,2,23,2,0,0,0,0,0,0]"
CSI_DATA,1926093,1a:00:00:00:00:00,-55,11,-95,4,43,6,1926093,47,0,128,0,"[0,0,0,0,0,0,0,0,7,29,4,29,3,31,1,33,-1,33,-3,35,-6,32,-9,33,-10,35,-15,30,-13,32,-16,29,-16,31,-17,29,-16,29,-16,30,-16,29,-15,32,-14,30,-15,27,-15,28,-15,29,-16,28,-15,30,-17,29,-17,29,-20,31,-20,31,0,0,-20,32,-19,29,-21,29,-20,29,-20,26,-20,26,-19,24,-19,24,-19,25,-18,26,-18,26,-16,24,-17,25,-16,22,-16,25,-17,26,-17,25,-18,25,-18,24,-20,22,-21,22,-20,20,-21,17,-22,16,-25,15,-24,13,-20,9,-22,8,0,0,0,0,0,0]"
CSI_DATA,1930093,1a:00:00:00:00:00,-54,11,-95,4,43,6,1930093,47,0,128,0,"[0,0,0,0,0,0,0,0,24,-19,23,-16,26,-18,30,-17,30,-14,33,-14,31,-12,33,-9,33,-9,32,-6,34,-7,32,-3,34,-5,35,-4,33,-3,33,-5,32,-4,34,-7,31,-7,30,-4,33,-7,33,-6,32,-5,34,-8,35,-7,35,-7,38,-7,35,-7,0,0,39,-6,35,-5,36,-5,34,-7,33,-5,35,-4,31,-4,31,-4,30,-4,32,-6,30,-9,29,-7,29,-8,28,-8,28,-10,28,-10,28,-9,30,-8,30,-8,29,-5,29,-6,28,-3,27,-2,29,-2,27,0,27,3,22,6,23,5,0,0,0,0,0,0]"
CSI_DATA,1936093,1a:00:00:00:00:00,-55,11,-95,4,43,6,1936093,47,0,128,0,"[0,0,0,0,0,0,0,0,-5,28,-7,28,-9,29,-12,32,-15,28,-18,31,-19,27,-22,26,-23,26,-24,21,-26,23,-26,19,-27,21,-28,20,-26,19,-26,22,-27,20,-27,23,-26,21,-25,20,-27,19,-27,18,-29,18,-29,18,-28,20,-29,18,-30,22,-30,18,0,0,-32,21,-33,17,-30,16,-31,16,-30,13,-31,15,-31,13,-28,11,-28,15,-29,15,-29,16,-26,13,-28,14,-25,13,-26,14,-26,14,-26,14,-27,12,-29,13,-28,9,-30,10,-27,7,-28,5,-28,4,-28,0,-29,0,-23,-3,-23,-3,0,0,0,0,0,0]"
CSI_DATA,1942093,1a:00:00:00:00:00,-55,11,-95,4,43,6,1942093,47,0,128,0,"[0,0,0,0,0,0,0,0,13,-27,14,-25,15,-26,18,-27,19,-27,19,-29,20,-27,21,-25,23,-27,24,-23,23,-26,22,-23,23,-27,23,-27,20,-26,18,-28,19,-27,18,-31,16,-29,15,-29,14,-30,15,-31,14,-29,11,-31,13,-35,10,-34,9,-35,8,-35,0,0,9,-37,7,-37,6,-34,6,-36,4,-32,6,-36,4,-31,4,-30,0,-30,-1,-33,-6,-32,-6,-29,-7,-31,-7,-26,-8,-28,-10,-27,-10,-29,-11,-28,-10,-29,-8,-29,-8,-30,-8,-26,-7,-27,-8,-26,-7,-27,-5,-27,-3,-24,-4,-24,0,0,0,0,0,0]"
CSI_DATA,1946093,1a:00:00:00:00:00,-54,11,-95,4,43,6,1946093,47,0,128,0,"[0,0,0,0,0,0,0,0,-29,4,-27,4,-31,3,-32,2,-33,0,-34,2,-34,0,-32,0,-36,-3,-33,-2,-34,-1,-33,-4,-33,0,-34,1,-32,1,-34,5,-33,5,-34,9,-30,9,-29,10,-29,10,-30,12,-31,11,-31,14,-32,18,-30,18,-31,20,-28,16,0,0,-30,25,-31,21,-26,22,-27,26,-24,23,-25,25,-23,24,-21,23,-18,25,-17,28,-14,29,-13,27,-12,27,-10,27,-7,29,-6,29,-5,30,-7,28,-6,30,-8,29,-7,30,-7,28,-7,27,-6,26,-7,27,-7,26,-9,21,-8,22,0,0,0,0,0,0]"
CSI_DATA,1952093,1a:00:00:00:00:00,-55,11,-95,4,43,6,1952093,47,0,128,0,"[0,0,0,0,0,0,0,0,17,-23,18,-22,20,-23,22,-23,22,-24,23,-24,25,-22,25,-21,27,-22,27,-16,27,-21,28,-17,27,-21,28,-20,25,-21,25,-22,22,-22,23,-27,20,-25,21,-24,21,-25,19,-26,18,-26,17,-28,20,-30,17,-30,18,-32,18,-29,0,0,17,-35,14,-31,13,-32,13,-35,12,-30,12,-32,11,-30,10,-29,7,-29,8,-34,4,-34,3,-29,1,-30,0,-28,-2,-30,-2,-29,-3,-30,-2,-30,-3,-31,-1,-29,-1,-31,-1,-27,1,-28,1,-28,1,-27,2,-27,4,-23,3,-23,0,0,0,0,0,0]"
CSI_DATA,1958093,1a:00:00:00:00:00,-55,11,-95,4,43,6,1958093,47,0,128,0,"[0,0,0,0,0,0,0,0,1,30,0,29,0,30,-5,32,-5,32,-6,34,-7,33,-9,31,-11,32,-13,30,-13,31,-12,29,-11,31,-12,32,-9,31,-8,32,-9,31,-8,34,-7,31,-7,30,-7,33,-5,34,-5,32,-6,33,-4,33,-1,36,-2,36,-3,36,0,0,-2,38,-4,35,-2,36,-1,36,-2,32,-1,34,0,33,-1,30,0,30,4,32,6,31,5,27,7,30,7,28,8,29,8,28,10,28,7,30,7,30,5,28,6,29,4,27,5,27,4,28,3,28,1,26,-2,23,-2,23,0,0,0,0,0,0]"
CSI_DATA,1962093,1a:00:00:00:00:00,-55,11,-95,4,43,6,1962093,47,0,128,0,"[0,0,0,0,0,0,0,0,23,-18,24,-15,26,-17,27,-16,29,-14,30,-16,31,-13,31,-12,34,-13,30,-9,32,-12,30,-9,32,-12,32,-12,30,-13,31,-14,28,-13,31,-18,27,-18,26,-17,27,-18,28,-18,26,-20,26,-20,27,-23,26,-24,26,-26,25,-23,0,0,26,-24,24,-26,23,-25,25,-27,21,-25,22,-27,21,-24,19,-24,18,-25,17,-30,14,-29,12,-26,12,-29,11,-26,10,-28,8,-28,7,-28,9,-28,8,-29,10,-27,9,-27,10,-26,11,-25,10,-26,11,-24,12,-24,11,-18,11,-19,0,0,0,0,0,0]"
CSI_DATA,1968093,1a:00:00:00:00:00,-55,11,-95,4,43,6,1968093,47,0,128,0,"[0,0,0,0,0,0,0,0,-2,29,-5,27,-7,31,-8,31,-10,31,-11,32,-13,31,-15,30,-15,32,-17,28,-17,30,-17,28,-18,29,-17,29,-15,29,-15,29,-15,27,-14,32,-12,29,-13,29,-13,31,-12,30,-10,31,-11,31,-11,34,-9,33,-10,35,-11,34,0,0,-10,37,-11,35,-10,34,-10,34,-9,31,-8,32,-7,31,-7,30,-5,31,-3,33,-2,32,-1,29,-1,31,0,28,0,29,0,29,2,30,0,29,1,31,-1,28,-1,29,-1,27,-2,28,-4,28,-4,27,-7,24,-8,21,-8,22,0,0,0,0,0,0]"
CSI_DATA,1974093,1a:00:00:00:00:00,-55,11,-95,4,43,6,1974093,47,0,128,0,"[0,0,0,0,0,0,0,0,-14,-26,-12,-26,-10,-29,-9,-31,-7,-32,-6,-34,-4,-33,-1,-34,0,-35,3,-34,3,-34,3,-33,2,-35,2,-34,3,-32,0,-33,2,-30,0,-36,2,-31,2,-31,-1,-33,0,-34,-1,-33,1,-34,0,-35,0,-34,-1,-37,2,-36,0,0,-2,-37,0,-37,2,-36,2,-36,1,-32,-1,-35,1,-31,1,-31,2,-32,1,-34,-2,-32,-3,-29,-4,-30,-5,-27,-3,-29,-4,-29,-5,-30,-3,-30,-2,-30,1,-29,0,-29,2,-29,2,-28,1,-28,6,-26,7,-24,7,-22,8,-22,0,0,0,0,0,0]"
CSI_DATA,1978093,1a:00:00:00:00:00,-55,11,-95,4,43,6,1978093,47,0,128,0,"[0,0,0,0,0,0,0,0,-13,27,-14,24,-16,25,-20,26,-21,24,-23,25,-25,23,-25,22,-27,23,-26,19,-28,20,-27,19,-27,21,-28,20,-25,20,-25,21,-25,19,-25,24,-24,22,-24,21,-24,23,-25,23,-23,23,-23,24,-24,26,-22,26,-23,27,-25,25,0,0,-24,30,-26,27,-24,27,-23,28,-22,25,-23,27,-20,24,-20,23,-19,24,-17,26,-17,28,-14,26,-14,26,-12,25,-13,27,-12,27,-11,28,-13,27,-14,27,-14,25,-15,26,-16,24,-15,24,-16,24,-17,21,-16,20,-17,16,-16,17,0,0,0,0,0,0]"
CSI_DATA,1988093,1a:00:00:00:00:00,-54,11,-95,4,43,6,1988093,47,0,128,0,"[0,0,0,0,0,0,0,0,-19,22,-19,21,-20,23,-21,22,-26,20,-27,20,-30,18,-29,17,-32,17,-29,14,-31,14,-30,12,-30,15,-30,14,-29,15,-29,14,-27,14,-30,18,-26,15,-27,16,-27,16,-28,19,-27,18,-27,17,-29,22,-30,21,-29,22,-26,19,0,0,-29,22,-31,18,-29,19,-30,20,-25,18,-29,20,-25,18,-25,18,-24,19,-25,22,-22,24,-21,20,-21,23,-19,21,-21,23,-19,22,-19,23,-20,22,-20,25,-20,20,-21,22,-21,19,-21,19,-21,19,-22,16,-20,14,-20,11,-20,10,0,0,0,0,0,0]"
CSI_DATA,1994093,1a:00:00:00:00:00,-55,11,-95,4,43,6,1994093,47,0,128,0,"[0,0,0,0,0,0,0,0,-6,-29,-3,-28,-2,-31,0,-31,5,-33,5,-34,8,-33,10,-32,11,-32,13,-30,14,-31,13,-29,13,-31,14,-31,13,-29,13,-30,13,-29,13,-33,12,-30,13,-28,12,-31,13,-30,13,-29,14,-30,14,-32,12,-32,13,-33,14,-33,0,0,15,-37,17,-33,16,-31,15,-33,15,-28,15,-31,15,-29,13,-26,14,-28,11,-33,10,-31,9,-28,10,-29,8,-27,11,-29,10,-27,10,-29,11,-27,12,-30,11,-27,13,-29,14,-23,14,-23,14,-23,16,-21,17,-20,19,-15,17,-16,0,0,0,0,0,0]"
CSI_DATA,2000093,1a:00:00:00:00:00,-55,11,-95,4,43,6,2000093,47,0,128,0,"[0,0,0,0,0,0,0,0,-16,25,-16,23,-19,25,-19,25,-22,25,-22,26,-24,24,-23,24,-24,25,-23,22,-24,23,-22,23,-23,26,-22,26,-19,25,-19,26,-17,26,-17,30,-16,29,-15,28,-12,30,-11,32,-10,32,-9,31,-7,35,-6,36,-5,37,-7,36,0,0,-3,39,0,36,-1,36,1,36,0,32,3,35,4,30,5,31,5,30,10,31,11,30,13,27,14,27,14,25,15,27,14,25,18,25,17,26,20,26,18,24,19,24,16,22,18,22,17,23,15,24,14,23,10,21,11,21,0,0,0,0,0,0]"
CSI_DATA,2004093,1a:00:00:00:00:00,-55,11,-95,4,43,6,2004093,47,0,128,0,"[0,0,0,0,0,0,0,0,5,-28,6,-27,8,-29,11,-30,15,-29,16,-29,19,-27,19,-27,22,-26,22,-23,24,-24,23,-22,24,-24,25,-24,24,-24,23,-24,22,-22,24,-26,23,-23,22,-22,23,-23,24,-23,24,-23,23,-23,25,-25,23,-25,26,-26,25,-25,0,0,29,-27,28,-24,26,-24,28,-23,25,-21,26,-23,24,-21,23,-19,25,-21,22,-25,22,-24,21,-21,21,-22,19,-21,20,-22,20,-22,20,-22,22,-21,22,-22,21,-18,23,-19,24,-16,25,-17,24,-14,26,-12,24,-11,23,-6,22,-6,0,0,0,0,0,0]"
CSI_DATA,2010798,1a:00:00:00:00:00,-54,11,-95,4,43,6,2010798,47,0,128,0,"[0,0,0,0,0,0,0,0,23,21,19,20,21,21,21,22,21,26,23,27,21,28,19,27,20,27,18,26,19,27,18,28,19,28,20,29,19,25,23,26,20,23,25,26,24,22,23,22,25,20,28,21,28,19,28,19,31,20,31,19,32,19,32,14,0,0,35,16,33,15,32,15,33,14,32,13,33,11,32,10,30,9,31,6,33,3,32,4,30,3,32,1,29,0,30,0,29,-1,31,-4,30,-3,31,-3,28,-2,31,-4,29,-3,30,-2,28,-2,28,1,26,0,24,3,23,4,0,0,0,0,0,0]"
CSI_DATA,2014093,1a:00:00:00:00:00,-55,11,-95,4,43,6,2014093,47,0,128,0,"[0,0,0,0,0,0,0,0,20,-23,20,-20,23,-20,26,-19,28,-18,31,-16,30,-14,30,-14,32,-13,31,-9,32,-9,32,-7,34,-8,33,-6,32,-6,33,-7,31,-6,34,-9,30,-7,31,-6,32,-7,33,-8,32,-8,32,-8,34,-9,34,-9,34,-9,34,-8,0,0,37,-8,35,-6,35,-4,37,-5,31,-4,36,-4,31,-5,31,-3,32,-5,31,-7,32,-6,30,-6,31,-5,28,-5,30,-6,29,-5,30,-6,30,-5,32,-6,29,-3,31,-3,29,1,30,2,29,4,27,4,25,6,22,10,21,9,0,0,0,0,0,0]"
CSI_DATA,2020094,1a:00:00:00:00:00,-54,11,-95,4,43,6,2020094,47,0,128,0,"[0,0,0,0,0,0,0,0,-29,9,-27,7,-29,8,-30,8,-33,4,-33,6,-33,4,-33,5,-35,3,-32,3,-34,3,-31,3,-33,4,-33,6,-32,6,-31,8,-31,9,-33,12,-30,12,-29,12,-30,13,-30,14,-28,17,-30,17,-29,21,-28,20,-29,22,-28,24,0,0,-29,27,-28,24,-26,25,-25,25,-23,23,-23,27,-20,24,-18,25,-18,27,-15,31,-16,30,-12,28,-12,29,-8,28,-10,29,-8,29,-6,30,-7,30,-6,31,-6,30,-5,31,-7,28,-6,29,-6,27,-7,28,-8,25,-10,22,-10,22,0,0,0,0,0,0]"
CSI_DATA,2024094,1a:00:00:00:00:00,-54,11,-95,4,43,6,2024094,47,0,128,0,"[0,0,0,0,0,0,0,0,24,-17,25,-14,28,-13,30,-11,31,-8,34,-8,34,-5,33,-3,34,-2,31,0,33,-1,34,2,33,3,35,4,32,2,34,2,33,4,35,1,32,2,31,4,33,4,34,4,33,3,34,4,35,3,36,4,38,4,36,3,0,0,39,5,36,7,35,7,35,8,33,8,35,8,32,7,30,9,31,7,33,5,32,5,30,5,31,6,29,6,30,5,29,5,31,5,30,6,31,6,27,9,30,8,28,12,28,13,26,14,23,15,22,17,16,16,18,18,0,0,0,0,0,0]"
CSI_DATA,2030094,1a:00:00:00:00:00,-54,11,-95,4,43,6,2030094,47,0,128,0,"[0,0,0,0,0,0,0,0,-28,-8,-27,-8,-29,-10,-30,-11,-30,-13,-33,-14,-30,-15,-30,-15,-32,-15,-29,-15,-31,-15,-29,-15,-31,-15,-31,-15,-30,-14,-32,-11,-31,-11,-33,-8,-33,-8,-29,-6,-34,-7,-33,-3,-34,-1,-34,-1,-36,0,-35,0,-38,1,-38,1,0,0,-38,7,-38,4,-38,6,-36,6,-33,6,-35,9,-32,10,-29,10,-30,12,-31,14,-29,16,-28,15,-27,17,-24,19,-24,17,-25,19,-22,20,-24,20,-24,23,-22,20,-23,22,-22,19,-22,18,-23,17,-24,16,-23,15,-21,12,-22,12,0,0,0,0,0,0]"
CSI_DATA,2032094,1a:00:00:00:00:00,-54,11,-95,4,43,6,2032094,47,0,128,0,"[0,0,0,0,0,0,0,0,1,29,-2,29,-3,29,-4,32,-6,32,-8,34,-10,32,-12,32,-12,33,-14,29,-13,30,-13,29,-16,32,-16,32,-13,30,-12,30,-11,29,-11,33,-11,32,-10,29,-10,33,-7,34,-7,33,-8,33,-8,34,-8,35,-7,36,-10,35,0,0,-7,39,-6,35,-7,36,-7,35,-6,33,-4,36,-4,32,-3,31,-5,33,-2,35,-1,34,0,31,0,30,3,30,2,30,1,31,3,30,1,31,3,31,1,30,2,31,0,29,-2,29,-2,29,-5,27,-7,26,-7,22,-8,23,0,0,0,0,0,0]"
CSI_DATA,2036094,1a:00:00:00:00:00,-54,11,-95,4,43,6,2036094,47,0,128,0,"[0,0,0,0,0,0,0,0,25,-15,24,-13,27,-14,29,-14,30,-12,32,-14,31,-10,34,-10,33,-10,33,-6,34,-9,31,-6,35,-8,35,-8,31,-8,33,-10,32,-10,32,-14,31,-14,28,-13,31,-13,30,-16,29,-17,29,-18,31,-17,30,-18,33,-18,32,-20,0,0,32,-23,30,-21,31,-21,29,-23,27,-21,28,-23,25,-21,24,-20,22,-23,21,-25,22,-25,20,-23,19,-24,17,-23,17,-25,17,-26,15,-26,16,-27,17,-28,17,-24,17,-26,17,-24,17,-23,17,-22,19,-20,19,-19,17,-14,18,-15,0,0,0,0,0,0]"
CSI_DATA,2040094,1a:00:00:00:00:00,-54,11,-95,4,43,6,2040094,47,0,128,0,"[0,0,0,0,0,0,0,0,-25,-14,-24,-15,-26,-17,-27,-19,-25,-19,-29,-22,-25,-21,-26,-22,-26,-24,-22,-22,-26,-22,-22,-22,-24,-22,-25,-24,-25,-21,-27,-20,-27,-20,-30,-17,-29,-16,-26,-15,-30,-15,-31,-13,-32,-13,-33,-13,-33,-11,-33,-9,-36,-10,-34,-10,0,0,-38,-5,-36,-7,-37,-5,-35,-4,-33,-5,-35,-2,-32,-3,-32,-2,-33,1,-33,4,-33,5,-31,5,-31,6,-30,8,-28,10,-28,10,-29,11,-29,11,-29,12,-27,10,-29,11,-27,10,-28,9,-28,8,-27,8,-26,7,-22,3,-25,4,0,0,0,0,0,0]"
CSI_DATA,2046094,1a:00:00:00:00:00,-54,11,-95,4,43,6,2046094,47,0,128,0,"[0,0,0,0,0,0,0,0,28,-10,28,-7,30,-9,31,-7,31,-6,34,-6,34,-3,34,-2,33,-2,32,1,33,-2,30,2,35,0,34,1,34,-1,33,-2,33,-3,35,-6,33,-6,29,-5,33,-7,32,-8,33,-8,34,-9,35,-9,35,-10,37,-11,36,-12,0,0,37,-12,35,-13,36,-11,32,-15,31,-12,32,-14,30,-14,30,-14,29,-15,28,-17,27,-18,25,-17,26,-19,23,-18,23,-21,23,-22,22,-20,24,-21,23,-21,24,-19,23,-20,23,-18,25,-16,24,-15,24,-14,25,-13,21,-10,22,-9,0,0,0,0,0,0]"
CSI_DATA,2052094,1a:00:00:00:00:00,-54,11,-95,4,43,6,2052094,47,0,128,0,"[0,0,0,0,0,0,0,0,-14,24,-15,23,-18,25,-21,25,-22,23,-24,26,-24,21,-27,21,-27,22,-27,17,-28,20,-28,16,-28,19,-29,17,-27,17,-27,19,-27,19,-27,22,-26,22,-25,20,-27,20,-25,21,-26,21,-26,22,-26,24,-26,24,-27,25,-27,23,0,0,-28,30,-29,24,-29,26,-28,23,-26,22,-25,25,-23,22,-23,21,-23,23,-22,26,-21,26,-19,24,-20,23,-17,23,-18,25,-17,25,-17,25,-18,25,-19,25,-20,24,-20,24,-19,21,-19,20,-20,20,-23,17,-22,16,-21,12,-21,11,0,0,0,0,0,0]"
CSI_DATA,2056094,1a:00:00:00:00:00,-54,11,-95,4,43,6,2056094,47,0,128,0,"[0,0,0,0,0,0,0,0,28,-2,28,-1,32,0,32,0,33,3,35,4,34,7,32,7,34,8,31,10,34,9,29,12,32,9,32,10,32,10,33,8,31,8,35,4,32,4,30,4,33,4,34,2,34,2,36,1,35,1,36,-1,38,1,37,2,0,0,37,-2,38,-1,35,-1,37,-3,35,-1,36,-3,33,-3,33,-3,32,-4,33,-6,32,-8,30,-8,31,-9,28,-10,29,-12,27,-12,27,-12,28,-11,28,-12,28,-10,29,-10,28,-9,28,-7,27,-7,27,-4,26,-5,23,-2,24,-2,0,0,0,0,0,0]"
CSI_DATA,2060094,1a:00:00:00:00:00,-54,11,-95,4,43,6,2060094,47,0,128,0,"[0,0,0,0,0,0,0,0,-18,-23,-17,-23,-17,-26,-16,-27,-15,-29,-17,-32,-14,-31,-13,-30,-13,-32,-10,-30,-13,-31,-10,-30,-11,-31,-12,-32,-13,-30,-16,-30,-15,-29,-19,-29,-19,-26,-17,-25,-19,-27,-22,-26,-20,-26,-24,-24,-22,-26,-26,-24,-27,-26,-23,-27,0,0,-27,-26,-29,-23,-27,-23,-29,-22,-26,-20,-28,-21,-27,-21,-25,-18,-28,-15,-30,-14,-30,-12,-28,-10,-30,-11,-28,-8,-28,-8,-29,-4,-31,-5,-29,-6,-29,-8,-29,-7,-30,-7,-28,-7,-28,-8,-26,-7,-26,-9,-25,-10,-22,-9,-22,-11,0,0,0,0,0,0]"
CSI_DATA,2066094,1a:00:00:00:00:00,-54,11,-95,4,43,6,2066094,47,0,128,0,"[0,0,0,0,0,0,0,0,28,7,27,9,29,10,29,11,29,13,33,16,30,17,29,17,29,18,25,19,28,20,25,20,28,19,27,22,28,20,29,19,27,17,30,16,29,15,28,15,29,15,30,14,30,14,32,13,34,13,35,13,38,13,32,12,0,0,36,11,34,13,34,12,34,11,32,11,35,10,31,10,31,9,30,8,33,6,33,4,31,4,31,3,30,1,30,0,30,-2,32,-1,30,0,29,-1,30,1,30,1,29,3,30,5,29,4,27,7,26,7,22,9,22,8,0,0,0,0,0,0]"
CSI_DATA,2070094,1a:00:00:00:00:00,-54,11,-95,4,43,6,2070094,47,0,128,0,"[0,0,0,0,0,0,0,0,-11,-27,-8,-28,-8,-29,-6,-31,-6,-31,-7,-34,-5,-33,-3,-33,-2,-34,2,-31,-2,-33,1,-33,-2,-33,-1,-34,-3,-32,-6,-34,-5,-32,-8,-35,-8,-31,-7,-29,-9,-32,-11,-33,-11,-32,-13,-32,-13,-33,-18,-32,-14,-33,-14,-34,0,0,-19,-32,-18,-33,-19,-32,-19,-31,-17,-28,-20,-30,-18,-27,-17,-26,-19,-25,-22,-24,-23,-22,-21,-21,-24,-20,-22,-18,-25,-18,-24,-15,-27,-15,-25,-17,-25,-18,-23,-17,-24,-18,-24,-17,-23,-17,-22,-17,-21,-19,-19,-18,-15,-17,-16,-18,0,0,0,0,0,0]"
CSI_DATA,2076094,1a:00:00:00:00:00,-55,11,-95,4,43,6,2076094,47,0,128,0,"[0,0,0,0,0,0,0,0,28,11,27,11,28,13,28,15,29,16,31,18,29,21,26,21,27,22,23,22,25,22,23,25,24,23,24,25,24,23,26,21,23,21,29,21,27,17,26,18,27,18,28,20,28,20,29,18,31,18,33,18,32,17,30,19,0,0,35,18,33,16,32,14,32,16,28,15,32,15,29,16,29,14,28,12,32,12,31,9,30,7,30,8,28,7,30,5,28,4,31,3,29,7,30,6,28,6,29,9,28,8,28,9,27,9,24,12,23,10,21,12,20,13,0,0,0,0,0,0]"
CSI_DATA,2080094,1a:00:00:00:00:00,-55,11,-95,4,43,6,2080094,47,0,128,0,"[0,0,0,0,0,0,0,0,-3,-28,-1,-27,0,-30,1,-32,3,-33,3,-34,5,-33,7,-31,8,-34,10,-31,8,-32,9,-31,8,-32,9,-34,6,-32,4,-33,5,-32,2,-36,0,-31,2,-32,1,-33,0,-32,-2,-33,-2,-35,-3,-35,-4,-34,-7,-35,-3,-37,0,0,-7,-36,-8,-36,-9,-33,-9,-35,-7,-32,-9,-34,-9,-30,-9,-30,-9,-29,-12,-31,-15,-29,-15,-26,-16,-26,-16,-23,-17,-24,-17,-21,-19,-23,-18,-22,-18,-23,-17,-24,-16,-24,-16,-24,-15,-24,-16,-23,-12,-23,-12,-24,-9,-21,-9,-21,0,0,0,0,0,0]"
CSI_DATA,2093258,1a:00:00:00:00:00,-55,11,-95,4,43,6,2093258,47,0,128,0,"[0,0,0,0,0,0,0,0,24,-18,23,-14,27,-15,28,-13,31,-11,32,-10,32,-7,31,-4,34,-3,31,1,33,0,33,4,33,1,32,3,33,2,33,1,31,1,33,1,31,2,30,2,32,2,33,3,32,4,32,3,34,4,35,5,35,6,33,5,0,0,38,7,35,6,33,9,34,7,30,10,33,9,30,9,28,10,30,8,32,6,31,7,29,7,29,7,27,7,28,5,28,5,29,7,27,9,27,9,26,11,27,13,25,13,23,14,23,15,21,15,18,17,15,18,14,17,0,0,0,0,0,0]"
CSI_DATA,2102094,1a:00:00:00:00:00,-55,11,-95,4,43,6,2102094,47,0,128,0,"[0,0,0,0,0,0,0,0,-26,-10,-25,-12,-25,-14,-26,-17,-25,-20,-26,-20,-23,-22,-21,-23,-21,-27,-17,-27,-18,-27,-18,-26,-18,-27,-19,-27,-18,-26,-21,-26,-18,-25,-20,-28,-17,-24,-17,-24,-19,-25,-19,-27,-19,-25,-19,-28,-20,-27,-22,-26,-23,-28,-19,-27,0,0,-21,-30,-21,-30,-20,-28,-19,-29,-18,-27,-18,-29,-17,-26,-16,-25,-15,-26,-18,-25,-19,-24,-19,-21,-20,-22,-20,-20,-19,-21,-18,-21,-20,-22,-17,-22,-19,-24,-15,-24,-16,-24,-13,-24,-13,-25,-13,-24,-10,-24,-8,-24,-3,-22,-4,-21,0,0,0,0,0,0]"
CSI_DATA,2106094,1a:00:00:00:00:00,-55,11,-95,4,43,6,2106094,47,0,128,0,"[0,0,0,0,0,0,0,0,7,27,4,26,3,30,1,31,0,31,-2,33,-4,32,-6,32,-9,32,-11,29,-8,32,-9,31,-8,31,-8,32,-7,30,-6,32,-7,31,-6,33,-5,32,-5,30,-6,32,-5,32,-6,32,-4,32,-3,34,0,35,-2,36,-4,35,0,0,-1,37,-3,35,-3,35,-1,36,-3,30,-1,34,-3,31,-3,28,-1,30,1,32,3,31,2,28,4,30,5,27,5,28,5,28,6,29,3,30,4,30,1,29,1,30,0,27,0,28,-1,27,-2,27,-5,27,-6,22,-6,22,0,0,0,0,0,0]"
CSI_DATA,2113216,1a:00:00:00:00:00,-55,11,-95,4,43,6,2113216,47,0,128,0,"[0,0,0,0,0,0,0,0,-12,-26,-11,-25,-12,-26,-11,-28,-11,-30,-12,-32,-10,-32,-8,-30,-8,-32,-5,-30,-9,-31,-8,-31,-10,-30,-11,-30,-13,-30,-14,-29,-14,-29,-17,-30,-15,-25,-17,-24,-19,-25,-20,-25,-20,-24,-21,-25,-24,-26,-27,-22,-28,-22,-26,-21,0,0,-31,-21,-29,-20,-30,-19,-30,-19,-28,-15,-31,-16,-28,-14,-27,-12,-30,-11,-32,-9,-32,-5,-28,-4,-31,-2,-28,-2,-30,0,-28,1,-31,3,-29,2,-30,2,-29,1,-31,2,-29,2,-28,1,-29,1,-27,1,-25,-2,-23,-2,-22,-2,0,0,0,0,0,0]"
CSI_DATA,2118094,1a:00:00:00:00:00,-55,11,-95,4,43,6,2118094,47,0,128,0,"[0,0,0,0,0,0,0,0,10,28,10,27,9,28,8,30,6,31,7,34,5,32,4,33,4,35,3,31,5,31,5,31,7,33,8,33,9,32,10,30,11,29,13,32,14,27,13,26,17,29,18,29,19,27,19,27,22,26,24,27,25,25,24,26,0,0,26,25,26,24,28,23,27,22,27,19,30,20,27,16,25,16,28,13,30,10,30,9,29,7,30,6,28,5,28,5,28,3,30,1,30,2,31,1,28,2,30,1,27,2,29,1,29,1,26,2,25,4,22,5,23,4,0,0,0,0,0,0]"
CSI_DATA,2124094,1a:00:00:00:00:00,-55,11,-95,4,43,6,2124094,47,0,128,0,"[0,0,0,0,0,0,0,0,-25,-15,-23,-14,-25,-15,-23,-17,-25,-21,-25,-22,-24,-22,-23,-22,-25,-24,-21,-22,-22,-23,-21,-24,-22,-23,-24,-22,-23,-22,-26,-21,-24,-18,-27,-20,-26,-18,-25,-19,-27,-17,-28,-16,-29,-14,-29,-15,-32,-14,-33,-13,-34,-11,-32,-13,0,0,-33,-10,-33,-13,-34,-11,-34,-9,-31,-8,-34,-8,-31,-8,-32,-5,-30,-7,-33,-3,-30,-1,-31,0,-32,1,-28,3,-29,2,-28,4,-29,5,-30,5,-30,4,-28,4,-29,5,-29,3,-29,3,-29,1,-27,1,-26,1,-23,-2,-23,-3,0,0,0,0,0,0]"
CSI_DATA,2128094,1a:00:00:00:00:00,-55,11,-95,4,43,6,2128094,47,0,128,0,"[0,0,0,0,0,0,0,0,2,28,1,28,0,30,-2,31,-3,31,-3,34,-5,32,-6,32,-6,33,-6,30,-6,32,-6,31,-4,33,-3,33,-1,33,1,33,0,31,3,35,2,32,3,31,6,32,6,32,10,32,10,33,12,33,14,31,17,34,15,31,0,0,19,31,17,33,17,32,17,32,19,27,21,28,20,25,19,24,20,24,23,21,25,21,24,18,26,18,25,15,26,16,24,14,27,13,27,13,28,13,26,13,28,13,27,12,26,12,26,13,23,13,22,14,18,14,19,14,0,0,0,0,0,0]"
CSI_DATA,2134094,1a:00:00:00:00:00,-55,11,-95,4,43,6,2134094,47,0,128,0,"[0,0,0,0,0,0,0,0,-21,-21,-19,-21,-18,-22,-19,-24,-17,-28,-19,-28,-18,-30,-15,-28,-17,-31,-13,-30,-15,-29,-14,-30,-15,-29,-17,-30,-16,-28,-18,-28,-16,-25,-20,-28,-19,-25,-18,-24,-21,-24,-23,-25,-22,-23,-23,-24,-26,-24,-27,-23,-28,-25,-27,-23,0,0,-30,-22,-29,-23,-28,-23,-29,-22,-26,-20,-30,-19,-27,-18,-27,-15,-28,-16,-31,-14,-30,-12,-29,-10,-29,-10,-27,-7,-29,-10,-29,-8,-31,-6,-29,-7,-30,-6,-28,-7,-30,-6,-27,-9,-28,-8,-27,-9,-25,-10,-24,-10,-22,-11,-21,-11,0,0,0,0,0,0]"
CSI_DATA,2136094,1a:00:00:00:00:00,-55,11,-95,4,43,6,2136094,47,0,128,0,"[0,0,0,0,0,0,0,0,-19,23,-20,20,-22,21,-24,21,-27,18,-29,18,-30,14,-30,14,-32,14,-30,11,-31,10,-32,8,-32,11,-32,12,-31,10,-31,11,-30,10,-34,13,-29,11,-30,11,-29,11,-32,13,-30,12,-33,12,-33,14,-32,14,-32,16,-32,14,0,0,-33,16,-36,13,-34,11,-34,13,-31,11,-34,13,-30,11,-30,12,-29,12,-31,15,-29,16,-27,15,-26,15,-24,14,-27,15,-26,14,-28,15,-26,14,-28,15,-26,13,-28,13,-27,11,-27,10,-28,8,-27,6,-26,4,-24,1,-23,1,0,0,0,0,0,0]"
CSI_DATA,2138094,1a:00:00:00:00:00,-55,11,-95,4,43,6,2138094,47,0,128,0,"[0,0,0,0,0,0,0,0,-13,28,-14,25,-15,27,-16,27,-18,27,-20,30,-19,27,-20,26,-22,28,-21,25,-19,27,-20,25,-21,28,-20,28,-17,28,-16,28,-15,29,-16,32,-14,30,-13,28,-11,32,-9,31,-8,32,-8,33,-7,36,-4,35,-4,38,-5,34,0,0,0,38,-3,37,0,37,0,36,2,33,5,34,5,31,5,31,5,31,9,31,9,32,10,28,12,30,14,27,13,28,15,26,17,25,16,26,17,26,15,24,18,26,15,24,15,25,15,26,12,25,11,24,8,22,9,22,0,0,0,0,0,0]"
CSI_DATA,2140094,1a:00:00:00:00:00,-54,11,-95,4,43,6,2140094,47,0,128,0,"[0,0,0,0,0,0,0,0,31,0,29,2,30,3,30,4,33,8,33,9,33,12,31,11,31,13,29,14,31,13,30,15,32,13,31,14,30,14,32,12,30,12,33,11,30,11,29,11,32,11,32,11,33,10,33,8,35,8,36,9,36,7,34,6,0,0,38,8,36,7,35,8,36,7,33,7,35,7,33,5,31,6,31,5,31,0,32,0,30,1,32,0,29,-2,31,-1,29,-1,30,-4,30,-3,31,-1,29,0,31,-1,30,2,29,2,30,2,27,4,27,5,23,8,24,8,0,0,0,0,0,0]"
CSI_DATA,2148094,1a:00:00:00:00:00,-54,11,-95,4,43,6,2148094,47,0,128,0,"[0,0,0,0,0,0,0,0,-18,24,-20,21,-21,23,-23,24,-24,22,-26,24,-25,22,-27,22,-27,24,-27,20,-26,22,-26,20,-27,21,-28,22,-24,22,-24,24,-22,23,-23,27,-21,26,-20,25,-19,29,-17,28,-16,29,-16,31,-16,31,-17,33,-15,34,-16,34,0,0,-12,39,-12,36,-11,35,-10,34,-10,32,-6,35,-6,32,-4,31,-3,32,-1,34,-1,35,0,31,2,32,4,29,4,30,6,31,8,30,7,31,8,31,7,27,8,31,6,29,7,28,5,29,3,28,3,27,0,24,1,23,0,0,0,0,0,0]"
CSI_DATA,2154094,1a:00:00:00:00:00,-54,11,-95,4,43,6,2154094,47,0,128,0,"[0,0,0,0,0,0,0,0,-1,-30,2,-29,3,-31,4,-34,6,-33,7,-35,9,-34,10,-32,9,-34,11,-31,10,-34,11,-31,12,-31,14,-34,11,-32,10,-32,7,-33,7,-34,6,-33,7,-30,5,-33,2,-33,0,-34,2,-34,1,-37,2,-35,1,-37,1,-35,0,0,-4,-38,0,-39,-1,-37,-2,-38,-1,-35,-4,-35,-5,-33,-5,-31,-7,-33,-8,-32,-9,-33,-9,-31,-9,-31,-12,-27,-10,-29,-11,-29,-13,-28,-11,-28,-14,-28,-13,-27,-13,-29,-10,-26,-9,-27,-6,-28,-4,-28,-6,-27,-1,-23,-2,-24,0,0,0,0,0,0]"
CSI_DATA,2158094,1a:00:00:00:00:00,-54,11,-95,4,43,6,2158094,47,0,128,0,"[0,0,0,0,0,0,0,0,-26,12,-27,10,-29,10,-31,12,-32,9,-35,11,-32,7,-35,7,-35,9,-32,6,-33,7,-32,6,-34,7,-34,7,-32,8,-32,10,-31,11,-34,13,-32,13,-29,13,-31,16,-28,17,-29,19,-29,19,-30,21,-29,23,-30,21,-31,22,0,0,-28,29,-29,24,-29,24,-27,25,-24,23,-24,27,-21,25,-19,25,-20,27,-19,29,-18,29,-15,27,-16,28,-11,28,-11,27,-10,29,-8,29,-9,30,-9,32,-8,28,-8,32,-8,27,-9,28,-11,26,-12,25,-12,25,-12,20,-13,21,0,0,0,0,0,0]"
CSI_DATA,2164094,1a:00:00:00:00:00,-54,11,-95,4,43,6,2164094,47,0,128,0,"[0,0,0,0,0,0,0,0,7,-29,9,-27,11,-29,12,-30,13,-31,15,-31,17,-29,17,-29,19,-31,21,-27,20,-28,20,-27,21,-28,20,-28,18,-28,17,-29,16,-27,17,-32,15,-30,16,-29,16,-31,14,-33,12,-31,11,-33,12,-35,12,-34,11,-37,12,-35,0,0,11,-38,11,-37,11,-34,10,-35,9,-33,9,-35,6,-31,7,-31,4,-33,3,-33,2,-34,1,-32,1,-32,-1,-29,-1,-32,-1,-31,-3,-30,-2,-31,-3,-32,-1,-30,-2,-32,-1,-30,0,-30,1,-30,4,-28,4,-27,7,-24,7,-23,0,0,0,0,0,0]"
CSI_DATA,2168094,1a:00:00:00:00:00,-54,11,-95,4,43,6,2168094,47,0,128,0,"[0,0,0,0,0,0,0,0,-28,10,-26,7,-29,8,-32,8,-32,6,-36,7,-34,4,-34,4,-36,5,-34,2,-34,4,-33,1,-35,3,-36,3,-34,3,-35,5,-33,7,-35,10,-34,10,-32,10,-32,12,-32,12,-31,15,-31,15,-33,15,-33,15,-34,17,-33,18,0,0,-34,23,-32,19,-32,21,-30,19,-28,20,-29,23,-26,22,-24,22,-24,24,-23,27,-22,26,-20,25,-20,24,-16,26,-17,27,-16,27,-14,27,-15,30,-15,30,-14,27,-15,29,-14,26,-16,25,-16,23,-18,23,-18,23,-16,17,-16,17,0,0,0,0,0,0]"
CSI_DATA,2175045,1a:00:00:00:00:00,-54,11,-95,4,43,6,2175045,47,0,128,0,"[0,0,0,0,0,0,0,0,-29,-12,-25,-14,-26,-17,-27,-20,-27,-20,-29,-24,-26,-25,-25,-25,-23,-26,-19,-27,-23,-29,-18,-28,-20,-29,-19,-30,-20,-27,-21,-27,-20,-28,-25,-26,-22,-25,-21,-24,-23,-26,-24,-26,-25,-24,-25,-25,-25,-27,-26,-27,-26,-29,-21,-28,0,0,-27,-27,-26,-29,-27,-28,-25,-29,-25,-26,-27,-26,-23,-25,-22,-23,-23,-23,-25,-23,-25,-22,-25,-22,-26,-21,-25,-19,-26,-19,-25,-18,-26,-19,-24,-20,-25,-19,-22,-22,-24,-22,-23,-20,-19,-23,-20,-22,-16,-25,-15,-24,-11,-21,-11,-21,0,0,0,0,0,0]"
CSI_DATA,2180094,1a:00:00:00:00:00,-54,11,-95,4,43,6,2180094,47,0,128,0,"[0,0,0,0,0,0,0,0,6,30,4,29,2,32,2,34,0,34,-1,37,-5,35,-6,34,-7,35,-10,33,-9,36,-12,32,-12,34,-14,33,-11,33,-11,34,-10,33,-9,36,-10,33,-9,32,-7,35,-6,33,-6,35,-5,35,-8,37,-8,36,-9,38,-10,37,0,0,-9,40,-8,37,-9,37,-9,37,-9,33,-6,38,-7,34,-6,32,-6,34,-5,36,-6,35,-3,30,-3,33,-1,31,-1,33,-2,32,-1,31,-3,32,-3,34,-4,30,-4,32,-5,29,-7,28,-9,27,-12,26,-12,25,-11,22,-13,20,0,0,0,0,0,0]"
CSI_DATA,2192441,1a:00:00:00:00:00,-54,11,-95,4,43,6,2192441,47,0,128,0,"[0,0,0,0,0,0,0,0,-30,5,-29,4,-32,5,-34,3,-34,2,-34,2,-36,0,-33,-1,-35,-1,-33,-4,-36,-3,-34,-4,-35,-2,-36,-2,-35,0,-36,3,-33,2,-36,7,-32,6,-32,8,-32,6,-34,10,-34,9,-34,12,-35,12,-34,14,-35,16,-34,16,0,0,-36,19,-34,18,-33,18,-32,21,-28,16,-31,21,-29,17,-28,19,-26,21,-26,25,-23,25,-22,22,-22,24,-18,24,-17,27,-17,25,-18,28,-17,26,-17,27,-18,24,-18,26,-17,25,-19,25,-17,23,-18,23,-19,21,-18,17,-18,16,0,0,0,0,0,0]"
CSI_DATA,2192593,1a:00:00:00:00:00,-54,11,-95,4,43,6,2192593,47,0,128,0,"[0,0,0,0,0,0,0,0,-20,23,-20,20,-23,22,-25,23,-26,20,-28,24,-27,20,-30,19,-30,21,-30,17,-29,19,-28,17,-30,20,-29,20,-27,20,-27,22,-26,21,-26,25,-23,23,-23,22,-23,25,-21,26,-20,27,-20,29,-21,29,-20,31,-20,33,-19,31,0,0,-18,37,-18,32,-18,32,-16,34,-14,31,-13,34,-13,31,-11,31,-9,32,-6,32,-8,34,-5,30,-4,31,-2,31,-3,30,0,31,1,32,-1,32,2,33,0,31,1,33,-1,30,-1,29,-2,29,-4,28,-4,27,-6,23,-6,23,0,0,0,0,0,0]"
CSI_DATA,2197071,1a:00:00:00:00:00,-54,11,-95,4,43,6,2197071,47,0,128,0,"[0,0,0,0,0,0,0,0,27,-11,26,-11,30,-9,32,-10,32,-10,34,-11,33,-8,34,-7,35,-8,33,-4,35,-8,32,-4,35,-6,36,-7,33,-7,33,-10,31,-10,33,-15,30,-15,29,-15,30,-16,30,-18,29,-18,28,-21,29,-21,28,-21,30,-24,31,-22,0,0,28,-27,28,-26,24,-27,24,-28,23,-25,22,-29,21,-25,20,-26,18,-27,17,-29,16,-30,15,-28,12,-30,9,-29,7,-31,6,-31,5,-31,8,-31,6,-31,7,-30,5,-32,6,-29,8,-28,8,-28,10,-27,9,-26,10,-21,10,-21,0,0,0,0,0,0]"
CSI_DATA,2199683,1a:00:00:00:00:00,-54,11,-95,4,43,6,2199683,47,0,128,0,"[0,0,0,0,0,0,0,0,8,29,6,28,5,31,4,33,0,35,0,34,-2,35,-5,34,-5,36,-8,33,-7,34,-8,33,-8,34,-9,34,-7,33,-6,33,-7,32,-7,36,-6,32,-7,31,-6,34,-5,36,-5,34,-4,34,-5,37,-3,38,-3,38,-3,37,0,0,-6,41,-6,38,-6,35,-5,38,-5,34,-6,36,-5,32,-3,33,-4,31,-2,34,-1,33,0,30,1,31,1,29,0,31,0,30,2,32,0,32,0,33,-3,31,-2,30,-3,30,-5,29,-5,30,-7,27,-8,26,-11,22,-10,22,0,0,0,0,0,0]"
CSI_DATA,2206094,1a:00:00:00:00:00,-54,11,-95,4,43,6,2206094,47,0,128,0,"[0,0,0,0,0,0,0,0,-15,-25,-14,-26,-12,-30,-9,-30,-8,-32,-7,-33,-5,-34,1,-34,2,-35,6,-32,4,-34,8,-33,6,-34,7,-34,6,-33,5,-34,7,-30,6,-35,6,-32,8,-32,7,-33,10,-32,8,-32,9,-33,9,-36,9,-35,9,-34,10,-35,0,0,14,-36,13,-35,12,-33,14,-36,14,-31,15,-34,15,-30,15,-28,14,-29,14,-31,12,-31,12,-29,12,-29,11,-28,12,-29,9,-28,11,-30,14,-27,15,-28,16,-26,18,-27,17,-24,18,-22,18,-23,20,-20,20,-16,20,-13,20,-11,0,0,0,0,0,0]"
CSI_DATA,2210094,1a:00:00:00:00:00,-54,11,-95,4,43,6,2210094,47,0,128,0,"[0,0,0,0,0,0,0,0,-16,26,-18,22,-19,24,-22,25,-24,24,-25,24,-27,20,-28,18,-30,18,-30,13,-31,15,-30,11,-31,15,-33,14,-31,13,-32,16,-29,12,-31,16,-29,15,-29,15,-30,15,-31,15,-29,15,-32,16,-31,16,-32,16,-34,18,-34,14,0,0,-36,17,-35,15,-34,16,-35,15,-32,12,-33,13,-31,12,-31,10,-29,13,-28,16,-29,16,-29,14,-28,14,-26,13,-27,16,-25,15,-27,16,-28,14,-28,13,-28,10,-28,11,-27,10,-27,7,-27,7,-28,5,-27,3,-23,0,-23,0,0,0,0,0,0,0]"
CSI_DATA,2215630,1a:00:00:00:00:00,-54,11,-95,4,43,6,2215630,47,0,128,0,"[0,0,0,0,0,0,0,0,30,1,29,5,30,7,30,9,32,12,33,15,31,18,28,18,29,19,25,20,28,20,25,22,25,24,25,25,24,24,25,23,24,22,27,23,23,22,23,23,25,22,26,24,26,23,26,23,26,24,26,26,27,28,23,28,0,0,26,28,24,29,24,28,24,29,22,27,24,27,21,26,21,26,21,23,21,25,23,26,21,24,21,24,21,23,19,23,19,23,21,22,19,23,20,25,17,23,18,25,15,25,13,26,12,26,7,27,7,26,3,23,2,22,0,0,0,0,0,0]"
CSI_DATA,2222095,1a:00:00:00:00:00,-54,11,-95,4,43,6,2222095,47,0,128,0,"[0,0,0,0,0,0,0,0,-14,26,-16,23,-18,27,-18,27,-20,27,-22,29,-22,26,-23,25,-24,26,-24,22,-26,23,-25,21,-24,24,-25,25,-22,23,-22,26,-20,26,-19,31,-17,27,-18,27,-18,29,-16,31,-16,31,-14,32,-14,34,-13,33,-14,36,-14,33,0,0,-10,38,-10,36,-9,36,-9,36,-9,33,-7,35,-7,32,-5,31,-3,32,-1,33,0,34,1,32,2,31,4,30,6,30,7,30,7,30,6,31,7,31,3,29,6,31,5,29,4,30,4,29,2,28,0,29,0,22,-1,23,0,0,0,0,0,0]"
CSI_DATA,2226095,1a:00:00:00:00:00,-54,11,-95,4,43,6,2226095,47,0,128,0,"[0,0,0,0,0,0,0,0,3,-29,4,-28,6,-31,9,-31,13,-31,14,-31,18,-30,19,-28,21,-27,23,-24,23,-26,25,-21,25,-23,27,-23,26,-22,26,-23,25,-20,27,-25,24,-22,24,-21,25,-21,27,-20,26,-20,28,-21,31,-22,29,-23,32,-21,31,-19,0,0,34,-22,33,-19,30,-17,33,-19,30,-15,33,-15,32,-13,30,-13,31,-13,33,-17,30,-16,27,-13,30,-13,27,-13,29,-14,27,-14,29,-13,28,-11,30,-11,30,-7,32,-7,29,-5,29,-2,28,-2,28,1,27,3,23,5,24,6,0,0,0,0,0,0]"
CSI_DATA,2228095,1a:00:00:00:00:00,-54,11,-95,4,43,6,2228095,47,0,128,0,"[0,0,0,0,0,0,0,0,-7,-28,-6,-28,-5,-30,-3,-32,-2,-33,-1,-35,1,-34,3,-34,5,-36,7,-32,6,-33,5,-31,5,-35,6,-34,3,-34,1,-35,3,-33,1,-36,0,-33,0,-31,0,-34,-2,-35,-1,-33,-2,-34,-2,-35,-6,-36,-6,-37,-3,-37,0,0,-5,-38,-6,-36,-7,-37,-6,-38,-4,-35,-7,-36,-7,-34,-5,-32,-5,-30,-9,-32,-11,-33,-12,-29,-12,-30,-13,-27,-13,-28,-14,-28,-15,-29,-13,-29,-13,-29,-11,-28,-11,-30,-10,-27,-10,-26,-10,-28,-7,-27,-6,-27,-3,-24,-3,-24,0,0,0,0,0,0]"
CSI_DATA,2232095,1a:00:00:00:00:00,-54,11,-95,4,43,6,2232095,47,0,128,0,"[0,0,0,0,0,0,0,0,-17,23,-18,22,-20,24,-23,26,-22,23,-25,25,-26,23,-25,23,-28,23,-28,18,-27,21,-27,18,-27,20,-28,21,-25,21,-24,23,-24,22,-23,28,-20,26,-21,25,-21,26,-20,29,-19,27,-19,30,-20,32,-18,32,-19,33,-19,33,0,0,-18,38,-16,35,-16,34,-15,35,-13,33,-13,34,-11,31,-12,31,-7,31,-7,33,-5,34,-4,30,-4,31,-2,29,0,32,2,31,1,32,1,32,0,33,0,30,-1,31,-1,29,-3,30,-1,29,-4,29,-5,27,-6,22,-5,22,0,0,0,0,0,0]"
CSI_DATA,2238095,1a:00:00:00:00:00,-54,11,-95,4,43,6,2238095,47,0,128,0,"[0,0,0,0,0,0,0,0,-2,-29,0,-29,2,-30,4,-32,6,-32,6,-34,10,-33,11,-32,13,-33,14,-30,13,-32,13,-30,12,-31,13,-32,11,-31,9,-32,11,-31,10,-33,9,-32,9,-31,7,-32,8,-33,8,-32,7,-35,7,-35,4,-36,5,-37,7,-38,0,0,4,-38,6,-36,5,-35,6,-37,4,-34,3,-36,4,-33,3,-31,3,-33,0,-36,-3,-34,-2,-30,-4,-31,-5,-29,-4,-32,-5,-30,-5,-31,-4,-31,-4,-31,-2,-30,-3,-31,-1,-29,-2,-28,-1,-30,1,-28,3,-26,5,-21,4,-23,0,0,0,0,0,0]"
CSI_DATA,2242095,1a:00:00:00:00:00,-55,11,-95,4,43,6,2242095,47,0,128,0,"[0,0,0,0,0,0,0,0,-24,15,-23,15,-26,16,-28,14,-31,11,-32,12,-32,9,-32,8,-33,8,-31,7,-33,8,-31,7,-33,9,-33,10,-31,10,-32,12,-30,11,-32,14,-29,13,-28,13,-30,15,-30,16,-28,17,-29,18,-30,21,-30,20,-30,23,-28,22,0,0,-28,25,-29,23,-28,23,-28,24,-26,21,-26,23,-24,23,-22,22,-21,22,-18,27,-19,27,-17,26,-16,26,-15,24,-16,26,-14,26,-13,28,-14,28,-14,29,-14,26,-12,28,-15,24,-14,25,-13,25,-14,23,-16,21,-16,18,-16,16,0,0,0,0,0,0]"
CSI_DATA,2248185,1a:00:00:00:00:00,-55,11,-95,4,43,6,2248185,47,0,128,0,"[0,0,0,0,0,0,0,0,27,-9,27,-9,30,-7,31,-6,31,-3,34,-5,33,-1,33,0,34,1,31,4,34,3,31,5,33,4,33,5,33,4,33,2,33,3,35,-1,32,0,30,1,32,-1,34,-1,33,-1,35,-3,33,-3,34,-2,38,-4,36,-3,0,0,37,-4,37,-4,36,-5,36,-4,33,-4,35,-5,32,-5,31,-3,31,-5,30,-7,30,-9,28,-8,30,-10,27,-9,27,-12,28,-13,27,-11,27,-10,29,-12,28,-9,30,-10,28,-9,28,-7,25,-6,27,-4,27,-2,23,-1,23,1,0,0,0,0,0,0]"
CSI_DATA,2252095,1a:00:00:00:00:00,-55,11,-95,4,43,6,2252095,47,0,128,0,"[0,0,0,0,0,0,0,0,-28,5,-28,3,-28,2,-29,1,-32,0,-33,-2,-34,-4,-31,-3,-33,-3,-30,-6,-32,-4,-31,-7,-32,-4,-34,-5,-31,-4,-32,-2,-30,-2,-34,1,-31,0,-31,0,-31,4,-32,2,-33,5,-32,5,-35,7,-33,7,-35,6,-34,7,0,0,-36,10,-35,9,-34,9,-34,8,-30,8,-32,11,-31,11,-29,10,-28,12,-28,15,-28,16,-26,14,-26,15,-23,17,-24,17,-22,18,-24,20,-23,18,-24,19,-23,17,-24,18,-23,16,-23,15,-22,15,-24,14,-21,12,-22,9,-22,7,0,0,0,0,0,0]"
CSI_DATA,2258095,1a:00:00:00:00:00,-55,11,-95,4,43,6,2258095,47,0,128,0,"[0,0,0,0,0,0,0,0,22,-20,22,-17,23,-18,25,-18,27,-15,29,-15,30,-13,29,-12,31,-12,31,-9,30,-9,31,-8,31,-11,32,-10,31,-10,31,-11,29,-10,33,-13,30,-12,29,-11,29,-13,31,-14,29,-14,30,-13,31,-17,30,-17,32,-17,31,-14,0,0,32,-19,33,-17,32,-16,31,-16,28,-15,30,-18,30,-16,26,-16,28,-16,26,-21,26,-21,23,-19,23,-21,20,-19,23,-19,22,-19,21,-20,20,-19,23,-21,22,-18,23,-18,22,-17,23,-16,23,-15,24,-14,24,-10,23,-7,22,-7,0,0,0,0,0,0]"
CSI_DATA,2262095,1a:00:00:00:00:00,-55,11,-95,4,43,6,2262095,47,0,128,0,"[0,0,0,0,0,0,0,0,-28,-6,-25,-8,-27,-9,-29,-10,-29,-14,-31,-15,-29,-16,-28,-16,-29,-17,-26,-17,-28,-16,-27,-18,-28,-18,-28,-18,-27,-17,-29,-17,-28,-14,-31,-14,-29,-13,-28,-12,-30,-12,-30,-10,-32,-7,-32,-9,-33,-9,-33,-9,-37,-10,-34,-8,0,0,-38,-6,-36,-8,-35,-8,-34,-5,-32,-6,-34,-3,-33,-2,-32,-2,-31,-1,-32,0,-32,0,-30,1,-31,3,-30,5,-28,5,-29,5,-29,7,-28,6,-29,6,-27,6,-29,7,-28,4,-27,3,-27,1,-26,0,-26,-1,-22,-3,-23,-4,0,0,0,0,0,0]"
CSI_DATA,2278795,1a:00:00:00:00:00,-54,11,-95,4,43,6,2278795,47,0,128,0,"[0,0,0,0,0,0,0,0,-16,-25,-13,-25,-13,-29,-13,-30,-11,-29,-11,-35,-7,-32,-5,-33,-4,-34,-2,-33,-1,-35,-1,-32,1,-34,1,-34,0,-33,-1,-33,-1,-33,-2,-34,-2,-33,1,-31,-2,-34,-3,-32,-3,-33,-3,-34,-1,-34,-3,-35,-3,-36,0,-36,0,0,-1,-42,-1,-38,-2,-38,-1,-36,0,-34,-2,-36,-2,-31,-2,-31,0,-33,-2,-33,-2,-33,-2,-30,-2,-32,-5,-30,-4,-28,-4,-32,-3,-29,-2,-31,-4,-32,-1,-29,-1,-31,0,-29,2,-28,3,-28,7,-26,8,-25,8,-21,10,-21,0,0,0,0,0,0]"
CSI_DATA,2278938,1a:00:00:00:00:00,-54,11,-95,4,43,6,2278938,47,0,128,0,"[0,0,0,0,0,0,0,0,-24,17,-24,16,-26,16,-27,13,-31,11,-32,10,-33,6,-32,6,-35,5,-32,2,-33,2,-33,0,-34,2,-34,3,-32,3,-34,3,-30,1,-35,2,-32,3,-30,1,-34,2,-34,2,-34,3,-34,1,-35,4,-36,4,-37,4,-34,4,0,0,-38,4,-37,-1,-36,-1,-36,0,-33,-1,-37,0,-34,-2,-31,-1,-32,-1,-33,4,-33,4,-30,4,-30,3,-29,4,-30,2,-28,2,-30,3,-30,2,-31,2,-29,-2,-30,0,-28,-3,-29,-3,-27,-4,-26,-5,-25,-8,-20,-10,-21,-10,0,0,0,0,0,0]"
CSI_DATA,2279079,1a:00:00:00:00:00,-54,11,-95,4,43,6,2279079,47,0,128,0,"[0,0,0,0,0,0,0,0,22,19,20,20,20,24,18,25,18,26,17,28,16,30,12,29,11,33,7,32,9,32,6,32,7,33,6,33,7,32,8,33,6,30,11,34,8,30,7,31,9,31,8,33,8,33,9,32,8,34,10,34,9,36,7,34,0,0,10,36,9,36,8,34,7,37,4,33,4,35,4,33,4,31,5,31,7,33,8,31,6,30,7,30,7,28,8,29,7,28,8,30,6,29,5,30,4,29,3,30,2,28,0,29,0,28,-3,26,-5,25,-6,23,-7,22,0,0,0,0,0,0]"
CSI_DATA,2284095,1a:00:00:00:00:00,-54,11,-95,4,43,6,2284095,47,0,128,0,"[0,0,0,0,0,0,0,0,-21,20,-22,18,-25,18,-28,19,-30,16,-31,16,-31,12,-32,11,-34,11,-31,8,-33,8,-33,4,-33,5,-35,4,-33,2,-32,5,-33,6,-34,7,-32,5,-30,5,-34,4,-33,6,-34,6,-34,6,-34,6,-37,5,-38,4,-36,3,0,0,-38,5,-37,2,-36,3,-36,4,-34,2,-35,3,-33,2,-32,2,-32,3,-32,2,-33,4,-30,2,-32,2,-30,4,-30,4,-31,5,-28,4,-31,3,-32,3,-29,2,-32,0,-29,-2,-29,-4,-27,-5,-27,-6,-25,-8,-21,-10,-21,-11,0,0,0,0,0,0]"
CSI_DATA,2294892,1a:00:00:00:00:00,-54,11,-95,4,43,6,2294892,47,0,128,0,"[0,0,0,0,0,0,0,0,-30,2,-29,0,-33,0,-33,-1,-33,-4,-35,-4,-35,-7,-33,-4,-36,-5,-33,-6,-34,-5,-33,-6,-35,-3,-35,-3,-33,-2,-34,0,-33,1,-36,5,-31,4,-32,4,-32,7,-33,8,-32,10,-33,9,-35,14,-33,14,-35,16,-32,16,0,0,-33,21,-36,16,-32,18,-31,21,-27,18,-29,21,-27,20,-26,21,-23,23,-20,27,-20,26,-17,25,-17,28,-14,25,-15,28,-13,26,-12,28,-11,28,-12,28,-12,27,-11,28,-13,26,-11,26,-11,26,-12,25,-13,24,-14,19,-13,20,0,0,0,0,0,0]"
CSI_DATA,2298095,1a:00:00:00:00:00,-54,11,-95,4,43,6,2298095,47,0,128,0,"[0,0,0,0,0,0,0,0,23,19,20,20,22,21,22,26,21,27,21,29,19,29,15,29,15,32,12,31,13,32,11,32,11,32,11,35,13,32,14,32,13,31,15,33,15,29,13,29,15,31,15,31,14,31,15,32,15,33,18,32,16,35,15,35,0,0,19,35,16,33,18,33,16,33,15,31,15,33,14,30,14,30,14,29,15,30,17,28,16,26,17,27,17,25,17,25,18,25,18,24,15,27,16,27,14,27,14,27,13,26,12,27,11,26,8,27,6,26,4,22,3,24,0,0,0,0,0,0]"
CSI_DATA,2304095,1a:00:00:00:00:00,-54,11,-95,4,43,6,2304095,47,0,128,0,"[0,0,0,0,0,0,0,0,-31,0,-28,-2,-32,-4,-32,-5,-32,-7,-34,-10,-33,-12,-29,-15,-31,-17,-26,-17,-29,-19,-25,-21,-26,-20,-27,-23,-27,-21,-28,-21,-25,-21,-31,-20,-27,-19,-25,-19,-26,-20,-26,-21,-26,-22,-29,-22,-28,-24,-27,-24,-31,-24,-26,-25,0,0,-31,-28,-28,-26,-27,-25,-27,-26,-24,-24,-25,-26,-21,-23,-21,-24,-23,-23,-26,-24,-24,-22,-23,-21,-23,-22,-23,-20,-23,-20,-22,-20,-23,-22,-22,-22,-20,-23,-18,-24,-17,-24,-17,-24,-15,-26,-13,-25,-11,-26,-9,-26,-5,-24,-5,-24,0,0,0,0,0,0]"
CSI_DATA,2308095,1a:00:00:00:00:00,-54,11,-95,4,43,6,2308095,47,0,128,0,"[0,0,0,0,0,0,0,0,16,25,13,26,12,29,12,31,11,31,11,34,7,33,5,33,3,35,0,33,2,36,-2,33,-1,35,-2,35,0,34,1,34,1,33,3,36,2,33,0,33,3,33,4,34,3,33,3,35,1,36,3,36,3,38,1,37,0,0,4,40,2,37,3,37,3,38,2,34,1,36,0,33,1,33,2,33,3,34,4,34,3,31,5,33,5,30,5,30,6,30,7,30,4,33,5,32,1,30,2,32,0,30,-1,29,-2,29,-5,28,-5,27,-8,22,-9,23,0,0,0,0,0,0]"
CSI_DATA,2314095,1a:00:00:00:00:00,-54,11,-95,4,43,6,2314095,47,0,128,0,"[0,0,0,0,0,0,0,0,-27,-14,-25,-14,-26,-18,-25,-21,-25,-23,-25,-25,-22,-27,-19,-28,-18,-29,-15,-29,-17,-30,-13,-30,-13,-32,-12,-33,-13,-31,-15,-32,-14,-30,-16,-33,-14,-30,-12,-29,-13,-31,-14,-32,-14,-32,-15,-31,-14,-34,-14,-33,-15,-37,-11,-36,0,0,-11,-38,-12,-38,-12,-36,-9,-36,-7,-34,-9,-36,-7,-32,-5,-31,-8,-32,-10,-32,-9,-31,-8,-31,-9,-31,-8,-29,-9,-30,-8,-29,-9,-30,-6,-32,-7,-32,-3,-30,-2,-32,-1,-31,2,-31,2,-30,5,-28,6,-26,8,-22,8,-23,0,0,0,0,0,0]"
CSI_DATA,2320095,1a:00:00:00:00:00,-54,11,-95,4,43,6,2320095,47,0,128,0,"[0,0,0,0,0,0,0,0,18,24,13,25,15,28,14,30,14,31,15,33,14,33,11,31,12,32,7,32,11,33,8,33,12,32,11,34,13,31,15,32,16,30,19,31,19,27,18,27,19,27,20,28,21,27,23,27,24,26,26,26,28,27,27,26,0,0,31,25,31,26,29,24,30,23,29,20,33,20,28,18,28,17,28,17,32,15,31,11,30,11,32,9,30,7,30,6,30,5,33,3,31,5,31,4,29,6,31,6,30,6,30,6,29,6,27,8,28,9,24,10,23,9,0,0,0,0,0,0]"
CSI_DATA,2324095,1a:00:00:00:00:00,-54,11,-95,4,43,6,2324095,47,0,128,0,"[0,0,0,0,0,0,0,0,-23,-17,-21,-20,-21,-22,-20,-25,-20,-26,-20,-28,-17,-30,-14,-30,-12,-33,-8,-32,-10,-33,-6,-32,-7,-33,-4,-35,-6,-32,-7,-34,-5,-33,-8,-35,-7,-31,-6,-33,-6,-32,-5,-34,-4,-33,-5,-34,-4,-38,-6,-35,-3,-38,-1,-39,0,0,-1,-37,-2,-39,-3,-36,-1,-38,1,-33,1,-35,2,-33,3,-32,2,-31,1,-35,0,-33,0,-32,0,-33,0,-30,0,-32,0,-31,-1,-32,2,-31,3,-32,7,-31,7,-32,7,-28,9,-29,10,-27,14,-26,14,-24,16,-18,15,-19,0,0,0,0,0,0]"
CSI_DATA,2330095,1a:00:00:00:00:00,-54,11,-95,4,43,6,2330095,47,0,128,0,"[0,0,0,0,0,0,0,0,9,28,7,27,7,30,7,31,5,32,6,35,4,34,1,34,2,36,-3,33,2,34,0,33,2,35,1,34,4,34,6,34,5,32,9,35,8,31,9,31,11,31,13,34,12,33,15,32,14,33,17,33,18,32,16,34,0,0,21,32,21,32,22,29,23,30,20,27,23,29,21,27,21,24,22,23,26,24,27,21,24,19,27,18,25,16,27,17,26,15,30,14,29,16,29,15,27,15,28,16,26,14,26,16,25,15,24,17,23,17,18,17,18,17,0,0,0,0,0,0]"
CSI_DATA,2334095,1a:00:00:00:00:00,-54,11,-95,4,43,6,2334095,47,0,128,0,"[0,0,0,0,0,0,0,0,20,-19,21,-19,24,-20,26,-20,26,-19,28,-21,29,-19,30,-19,30,-19,28,-15,29,-18,29,-16,28,-20,29,-19,26,-21,25,-23,23,-21,24,-26,22,-26,21,-25,18,-27,20,-29,17,-29,17,-30,17,-31,14,-33,13,-34,14,-35,0,0,14,-38,9,-36,8,-35,7,-39,7,-33,6,-35,5,-32,4,-31,2,-33,-1,-33,-4,-34,-5,-30,-7,-31,-8,-29,-10,-31,-12,-29,-13,-30,-11,-30,-12,-31,-11,-30,-11,-30,-11,-28,-10,-29,-11,-29,-9,-27,-7,-27,-5,-24,-4,-24,0,0,0,0,0,0]"
CSI_DATA,2336095,1a:00:00:00:00:00,-54,11,-95,4,43,6,2336095,47,0,128,0,"[0,0,0,0,0,0,0,0,-22,-19,-21,-20,-22,-20,-22,-21,-22,-25,-22,-25,-21,-27,-18,-27,-18,-29,-15,-28,-17,-29,-14,-30,-16,-30,-17,-30,-17,-28,-21,-27,-17,-27,-23,-28,-20,-24,-19,-24,-21,-24,-23,-25,-23,-25,-24,-26,-26,-26,-27,-24,-28,-26,-26,-26,0,0,-29,-24,-29,-24,-28,-23,-29,-24,-27,-21,-28,-22,-27,-21,-26,-22,-25,-18,-28,-17,-30,-15,-29,-15,-30,-14,-27,-12,-29,-12,-29,-10,-31,-11,-30,-11,-30,-12,-27,-13,-28,-14,-26,-14,-27,-15,-26,-14,-25,-17,-23,-16,-18,-17,-20,-16,0,0,0,0,0,0]"
CSI_DATA,2340095,1a:00:00:00:00:00,-54,11,-95,4,43,6,2340095,47,0,128,0,"[0,0,0,0,0,0,0,0,-8,28,-7,26,-10,28,-12,30,-14,29,-15,30,-15,29,-17,29,-18,30,-19,26,-19,29,-18,27,-17,30,-18,29,-15,29,-14,32,-14,30,-12,32,-12,31,-12,29,-9,32,-8,32,-7,34,-7,35,-6,34,-4,36,-5,39,-6,35,0,0,-4,37,-2,38,-2,37,1,37,0,34,1,35,2,33,2,31,3,34,8,34,9,33,10,31,11,31,11,29,11,30,12,29,14,28,13,28,12,31,12,28,12,30,10,29,11,29,10,28,9,28,7,28,4,24,4,24,0,0,0,0,0,0]"
CSI_DATA,2344095,1a:00:00:00:00:00,-54,11,-95,4,43,6,2344095,47,0,128,0,"[0,0,0,0,0,0,0,0,27,-9,26,-7,31,-9,31,-10,32,-8,33,-9,32,-7,32,-7,35,-6,32,-3,34,-6,31,-3,34,-6,35,-7,32,-9,31,-10,30,-10,32,-16,29,-14,29,-14,28,-17,28,-17,26,-18,29,-21,29,-21,27,-23,29,-23,27,-23,0,0,25,-28,26,-28,23,-27,25,-30,20,-27,21,-30,20,-28,18,-28,16,-28,15,-32,11,-33,10,-29,8,-33,6,-30,5,-32,3,-31,3,-32,4,-31,3,-32,5,-30,4,-32,4,-30,4,-30,5,-30,5,-29,7,-29,6,-24,7,-25,0,0,0,0,0,0]"
CSI_DATA,2350095,1a:00:00:00:00:00,-54,11,-95,4,43,6,2350095,47,0,128,0,"[0,0,0,0,0,0,0,0,-16,24,-16,23,-19,24,-19,24,-21,23,-22,25,-25,23,-25,22,-27,24,-25,18,-26,21,-26,20,-25,23,-26,22,-23,23,-22,24,-21,22,-23,28,-20,25,-19,26,-18,26,-19,27,-19,26,-18,28,-19,32,-16,32,-16,33,-16,33,0,0,-16,36,-17,36,-14,32,-13,35,-11,32,-12,34,-12,32,-10,30,-8,33,-4,35,-5,33,-3,31,-1,31,-1,29,1,33,1,31,1,32,1,31,0,34,0,32,0,33,-1,29,0,31,-1,30,-2,29,-4,28,-6,24,-6,24,0,0,0,0,0,0]"
CSI_DATA,2354095,1a:00:00:00:00:00,-54,11,-95,4,43,6,2354095,47,0,128,0,"[0,0,0,0,0,0,0,0,30,1,28,2,31,3,31,4,32,6,34,6,32,8,32,7,34,8,31,8,32,8,30,8,34,7,33,7,32,4,34,3,32,3,35,0,32,0,32,-1,32,-3,35,-4,33,-7,33,-7,35,-9,36,-11,36,-13,33,-12,0,0,35,-14,36,-15,33,-14,33,-16,31,-14,32,-18,28,-16,27,-17,27,-18,26,-23,25,-25,22,-23,22,-25,18,-24,21,-26,18,-25,17,-28,16,-27,17,-27,17,-26,16,-28,17,-25,17,-26,18,-25,18,-23,18,-22,17,-17,18,-18,0,0,0,0,0,0]"
CSI_DATA,2360095,1a:00:00:00:00:00,-54,11,-95,4,43,6,2360095,47,0,128,0,"[0,0,0,0,0,0,0,0,-26,14,-26,13,-27,14,-28,12,-31,11,-32,10,-33,8,-31,8,-34,7,-33,4,-33,7,-32,5,-33,7,-33,7,-32,9,-33,10,-31,10,-34,14,-29,13,-29,11,-30,12,-31,13,-30,15,-30,15,-31,19,-30,18,-31,21,-29,21,0,0,-31,22,-30,19,-29,21,-30,21,-27,20,-28,22,-26,21,-23,19,-22,22,-21,26,-20,25,-19,24,-18,26,-17,25,-17,27,-15,26,-15,27,-16,28,-17,28,-18,26,-17,28,-18,25,-17,24,-17,24,-18,22,-19,22,-18,16,-18,16,0,0,0,0,0,0]"
CSI_DATA,2366095,1a:00:00:00:00:00,-54,11,-95,4,43,6,2366095,47,0,128,0,"[0,0,0,0,0,0,0,0,9,-28,10,-26,10,-29,13,-28,16,-28,18,-30,19,-27,20,-26,22,-29,23,-23,22,-25,22,-24,22,-27,22,-26,20,-25,20,-26,19,-24,20,-29,20,-26,19,-26,19,-26,20,-28,17,-29,18,-27,17,-31,16,-31,19,-31,18,-31,0,0,16,-35,19,-31,17,-32,17,-32,16,-29,17,-31,15,-28,14,-28,14,-29,12,-33,11,-32,9,-30,9,-31,7,-29,9,-30,8,-30,7,-30,8,-29,10,-31,10,-29,10,-30,11,-27,11,-27,12,-26,13,-26,14,-24,15,-18,14,-19,0,0,0,0,0,0]"
CSI_DATA,2370095,1a:00:00:00:00:00,-54,11,-95,4,43,6,2370095,47,0,128,0,"[0,0,0,0,0,0,0,0,-28,7,-27,6,-29,4,-31,3,-33,1,-33,1,-33,-2,-32,-2,-34,-3,-32,-5,-32,-4,-31,-4,-33,-3,-35,-3,-33,-2,-33,0,-32,-2,-35,0,-31,2,-30,1,-32,3,-33,4,-33,4,-34,6,-35,9,-34,8,-36,11,-32,9,0,0,-36,11,-37,8,-35,8,-35,10,-31,10,-35,11,-31,12,-30,11,-29,12,-28,16,-29,18,-26,16,-27,18,-24,17,-26,18,-23,19,-23,19,-24,19,-26,21,-24,18,-25,19,-24,15,-24,15,-26,17,-24,14,-24,12,-23,7,-23,8,0,0,0,0,0,0]"
CSI_DATA,2374095,1a:00:00:00:00:00,-55,11,-95,4,43,6,2374095,47,0,128,0,"[0,0,0,0,0,0,0,0,17,23,16,24,15,24,15,26,13,30,16,31,14,31,12,30,12,32,9,30,11,31,11,31,13,30,14,32,15,29,17,28,15,26,19,30,18,26,16,25,20,25,21,26,21,25,22,24,26,24,28,23,30,24,28,23,0,0,29,24,28,22,29,22,30,21,28,18,31,18,29,17,28,16,29,15,33,9,31,9,30,7,32,6,28,5,30,4,28,4,32,3,29,3,31,3,29,4,31,3,30,5,30,4,29,4,28,5,24,5,24,8,23,7,0,0,0,0,0,0]"
CSI_DATA,2380095,1a:00:00:00:00:00,-55,11,-95,4,43,6,2380095,47,0,128,0,"[0,0,0,0,0,0,0,0,-28,-9,-26,-10,-27,-11,-28,-13,-27,-17,-29,-18,-26,-18,-25,-19,-27,-19,-25,-20,-26,-19,-25,-21,-25,-20,-26,-19,-27,-19,-28,-18,-26,-18,-29,-17,-26,-17,-26,-16,-29,-16,-31,-16,-29,-12,-31,-14,-32,-12,-34,-11,-36,-13,-33,-11,0,0,-34,-11,-35,-13,-34,-13,-33,-12,-32,-10,-35,-10,-32,-7,-31,-8,-29,-7,-32,-3,-33,-3,-32,-2,-30,-1,-31,0,-30,-1,-30,1,-31,2,-29,0,-32,1,-29,2,-31,1,-29,0,-29,0,-29,-2,-27,-4,-26,-5,-22,-7,-23,-7,0,0,0,0,0,0]"
CSI_DATA,2386095,1a:00:00:00:00:00,-54,11,-95,4,43,6,2386095,47,0,128,0,"[0,0,0,0,0,0,0,0,28,-10,28,-8,28,-8,30,-6,33,-4,33,-3,34,1,32,0,34,2,31,4,31,4,32,5,33,3,33,4,32,4,33,3,31,3,35,2,31,2,31,2,33,1,35,2,32,0,35,2,36,0,35,-2,38,-2,35,-2,0,0,38,-3,38,0,36,0,37,-1,33,1,35,-2,34,0,32,-1,32,-2,33,-7,32,-6,30,-6,30,-6,28,-5,30,-6,29,-6,31,-7,29,-5,32,-6,29,-4,30,-5,29,-2,30,-1,29,1,27,2,25,2,23,5,22,6,0,0,0,0,0,0]"
CSI_DATA,2397065,1a:00:00:00:00:00,-54,11,-95,4,43,6,2397065,47,0,128,0,"[0,0,0,0,0,0,0,0,28,-3,28,-1,29,0,30,3,32,5,34,5,33,10,31,12,32,13,28,15,30,14,27,17,28,15,29,17,27,17,30,16,28,16,32,17,28,15,26,14,28,15,29,16,29,16,30,19,28,18,33,17,32,19,29,18,0,0,32,20,33,21,30,20,30,20,27,19,29,20,26,20,26,19,26,20,29,19,27,16,27,15,28,16,25,16,26,15,26,14,28,16,25,17,26,17,22,18,24,20,22,20,21,21,21,21,16,22,15,22,11,21,10,20,0,0,0,0,0,0]"
CSI_DATA,2402095,1a:00:00:00:00:00,-55,11,-95,4,43,6,2402095,47,0,128,0,"[0,0,0,0,0,0,0,0,-26,12,-26,9,-28,8,-30,7,-31,4,-36,4,-32,-1,-33,-2,-33,-1,-32,-5,-32,-5,-31,-7,-32,-7,-33,-9,-32,-9,-32,-9,-31,-8,-34,-6,-32,-7,-30,-7,-33,-9,-32,-6,-32,-7,-34,-6,-34,-7,-34,-9,-36,-10,-33,-9,0,0,-36,-11,-36,-11,-35,-11,-34,-11,-32,-12,-34,-12,-31,-11,-31,-11,-29,-10,-30,-10,-32,-11,-30,-10,-30,-10,-28,-9,-28,-8,-30,-8,-28,-8,-29,-9,-29,-9,-27,-11,-29,-11,-26,-13,-24,-15,-22,-16,-21,-18,-20,-17,-14,-17,-14,-18,0,0,0,0,0,0]"
CSI_DATA,2406095,1a:00:00:00:00:00,-55,11,-95,4,43,6,2406095,47,0,128,0,"[0,0,0,0,0,0,0,0,25,14,23,15,23,18,25,20,23,23,24,26,21,25,20,26,20,27,17,28,18,28,15,28,16,29,16,30,16,29,17,28,17,28,18,29,17,27,16,26,19,29,20,27,20,26,21,27,20,28,22,27,22,31,19,29,0,0,23,31,19,31,20,31,20,30,20,28,21,28,19,26,18,26,18,26,21,24,20,25,19,23,19,24,20,23,20,22,20,21,22,21,20,23,20,24,17,22,19,24,17,23,16,24,14,24,11,24,10,24,6,22,5,23,0,0,0,0,0,0]"
CSI_DATA,2412095,1a:00:00:00:00:00,-55,11,-95,4,43,6,2412095,47,0,128,0,"[0,0,0,0,0,0,0,0,-27,2,-28,0,-30,-1,-31,-4,-31,-5,-34,-8,-31,-10,-30,-13,-31,-15,-27,-16,-29,-17,-26,-19,-27,-18,-27,-20,-27,-19,-29,-19,-27,-19,-28,-18,-27,-17,-24,-17,-28,-20,-28,-18,-28,-19,-29,-20,-28,-21,-30,-19,-30,-23,-27,-22,0,0,-30,-23,-28,-24,-29,-26,-26,-22,-25,-22,-27,-24,-23,-22,-23,-21,-22,-22,-24,-21,-24,-22,-23,-21,-23,-21,-24,-19,-24,-18,-23,-19,-24,-19,-21,-20,-22,-21,-19,-21,-20,-23,-18,-22,-15,-24,-15,-24,-12,-24,-10,-25,-5,-21,-6,-23,0,0,0,0,0,0]"
CSI_DATA,2420418,1a:00:00:00:00:00,-55,11,-95,4,43,6,2420418,47,0,128,0,"[0,0,0,0,0,0,0,0,5,-29,7,-27,9,-29,11,-30,14,-29,16,-31,18,-29,19,-28,22,-28,21,-25,22,-25,22,-24,21,-27,21,-27,20,-26,20,-27,20,-26,21,-29,19,-27,19,-25,19,-27,20,-27,19,-28,19,-28,19,-31,19,-30,17,-32,19,-31,0,0,22,-32,20,-31,20,-29,19,-31,17,-27,18,-31,18,-29,16,-26,16,-26,13,-29,14,-31,11,-28,11,-28,10,-27,11,-29,10,-27,10,-28,11,-28,11,-28,12,-27,12,-28,15,-25,14,-25,14,-24,15,-23,17,-20,16,-17,17,-15,0,0,0,0,0,0]"
CSI_DATA,2422095,1a:00:00:00:00:00,-54,11,-95,4,43,6,2422095,47,0,128,0,"[0,0,0,0,0,0,0,0,-27,-9,-27,-11,-26,-14,-28,-18,-27,-18,-29,-21,-25,-22,-23,-24,-22,-27,-19,-27,-20,-27,-17,-28,-17,-30,-17,-30,-17,-29,-17,-29,-16,-29,-18,-30,-18,-28,-15,-26,-17,-30,-17,-29,-17,-29,-18,-30,-17,-32,-16,-31,-17,-33,-13,-31,0,0,-15,-34,-14,-33,-14,-35,-12,-33,-12,-33,-15,-34,-11,-31,-11,-29,-10,-31,-12,-31,-12,-31,-11,-29,-12,-30,-12,-28,-12,-27,-11,-27,-12,-28,-9,-29,-8,-29,-6,-29,-7,-30,-5,-28,-3,-27,-1,-28,2,-27,4,-27,5,-21,6,-23,0,0,0,0,0,0]"
CSI_DATA,2428096,1a:00:00:00:00:00,-54,11,-95,4,43,6,2428096,47,0,128,0,"[0,0,0,0,0,0,0,0,17,25,16,25,15,26,15,30,14,29,16,33,13,32,11,30,12,33,8,32,11,32,9,31,11,33,10,34,13,31,16,31,15,31,18,30,18,28,16,27,20,28,22,28,22,26,23,25,23,27,26,26,29,28,25,25,0,0,29,26,28,23,29,23,29,22,27,20,29,20,27,18,28,18,27,15,28,12,29,13,29,10,29,10,28,7,29,6,29,4,30,5,30,6,29,4,28,6,30,5,29,5,29,7,28,6,26,8,26,8,21,8,23,7,0,0,0,0,0,0]"
CSI_DATA,2432096,1a:00:00:00:00:00,-54,11,-95,4,43,6,2432096,47,0,128,0,"[0,0,0,0,0,0,0,0,-24,-18,-21,-18,-21,-24,-21,-26,-19,-26,-20,-30,-14,-29,-13,-32,-12,-33,-8,-32,-10,-33,-5,-32,-5,-35,-4,-34,-5,-33,-5,-32,-5,-32,-6,-35,-6,-34,-3,-32,-6,-35,-5,-34,-5,-34,-5,-34,-2,-36,-3,-34,-2,-38,0,-37,0,0,-1,-38,0,-36,0,-37,3,-36,2,-35,1,-34,3,-33,4,-32,2,-32,1,-32,2,-34,2,-30,3,-31,1,-30,1,-29,1,-31,1,-30,5,-31,4,-30,7,-28,7,-29,8,-26,9,-27,11,-26,13,-24,15,-22,13,-18,16,-18,0,0,0,0,0,0]"
CSI_DATA,2438113,1a:00:00:00:00:00,-54,11,-95,4,43,6,2438113,47,0,128,0,"[0,0,0,0,0,0,0,0,-27,12,-27,11,-29,12,-30,11,-32,9,-34,9,-35,7,-34,7,-35,6,-33,3,-35,6,-33,4,-34,5,-35,6,-32,6,-32,9,-31,9,-34,13,-30,13,-29,12,-30,13,-31,15,-32,16,-29,17,-31,18,-32,20,-31,22,-32,21,0,0,-31,26,-28,22,-28,23,-27,23,-25,21,-26,24,-24,22,-23,22,-21,25,-21,28,-18,28,-17,26,-15,25,-13,24,-13,28,-11,28,-10,29,-12,30,-12,29,-13,28,-12,29,-12,27,-14,26,-11,25,-14,23,-14,22,-13,19,-13,19,0,0,0,0,0,0]"
CSI_DATA,2440096,1a:00:00:00:00:00,-54,11,-95,4,43,6,2440096,47,0,128,0,"[0,0,0,0,0,0,0,0,28,-10,28,-8,30,-9,33,-8,34,-4,35,-3,35,-1,33,-2,35,0,32,5,35,4,32,7,33,4,34,5,33,5,35,4,33,4,35,-1,32,2,32,1,33,1,34,1,34,2,37,1,36,1,36,-1,38,-1,34,0,0,0,39,0,39,0,36,-2,38,-1,34,-1,36,1,34,0,32,2,31,-2,32,-3,31,-5,31,-4,31,-5,29,-5,30,-9,28,-7,30,-7,30,-6,29,-6,29,-2,31,-3,30,-3,29,-1,27,0,29,2,28,2,22,6,22,5,0,0,0,0,0,0]"
CSI_DATA,2442096,1a:00:00:00:00:00,-54,11,-95,4,43,6,2442096,47,0,128,0,"[0,0,0,0,0,0,0,0,-12,-25,-10,-26,-9,-31,-6,-33,-6,-31,-3,-38,-1,-33,3,-35,5,-36,8,-32,8,-34,11,-29,12,-34,12,-34,11,-31,10,-32,11,-32,11,-33,10,-33,12,-29,11,-31,12,-31,13,-31,13,-32,14,-32,14,-34,17,-34,18,-33,0,0,19,-35,17,-34,18,-33,19,-33,20,-30,19,-29,19,-26,20,-25,19,-27,18,-27,18,-28,15,-24,17,-27,16,-25,16,-25,16,-26,17,-25,18,-24,19,-24,20,-22,22,-21,21,-20,22,-18,22,-17,24,-14,25,-13,21,-8,21,-7,0,0,0,0,0,0]"
CSI_DATA,2448096,1a:00:00:00:00:00,-54,11,-95,4,43,6,2448096,47,0,128,0,"[0,0,0,0,0,0,0,0,-3,29,-4,28,-6,31,-7,34,-6,33,-9,34,-9,35,-12,32,-13,34,-14,30,-13,34,-14,30,-14,33,-15,33,-11,32,-9,34,-9,32,-6,36,-5,33,-6,32,-5,32,-2,35,-1,34,-1,36,-1,37,2,35,2,40,1,36,0,0,4,41,5,38,4,35,6,37,6,33,8,34,7,31,7,31,8,33,11,35,13,31,13,28,15,28,15,25,17,26,16,26,18,24,15,26,17,26,15,26,16,26,15,26,15,25,13,24,13,26,12,25,7,22,7,21,0,0,0,0,0,0]"
CSI_DATA,2452096,1a:00:00:00:00:00,-54,11,-95,4,43,6,2452096,47,0,128,0,"[0,0,0,0,0,0,0,0,28,-9,28,-8,31,-8,34,-8,33,-7,34,-7,35,-6,35,-3,37,-5,33,-1,36,-4,34,-1,36,-5,35,-6,34,-6,34,-10,33,-8,35,-14,30,-13,30,-14,30,-16,31,-16,30,-16,30,-18,30,-20,27,-21,29,-22,29,-23,0,0,28,-28,27,-26,25,-27,26,-27,22,-25,23,-27,21,-25,21,-26,17,-26,16,-29,14,-31,12,-28,11,-31,8,-29,8,-30,6,-30,4,-32,5,-30,6,-30,6,-30,5,-31,6,-28,6,-29,5,-28,6,-27,7,-26,8,-22,8,-22,0,0,0,0,0,0]"
CSI_DATA,2458096,1a:00:00:00:00:00,-54,11,-95,4,43,6,2458096,47,0,128,0,"[0,0,0,0,0,0,0,0,-12,27,-13,26,-15,30,-17,29,-18,30,-19,31,-20,30,-22,26,-23,28,-23,24,-22,27,-24,24,-22,27,-23,26,-21,27,-20,28,-19,27,-18,32,-16,29,-16,28,-15,29,-15,30,-13,30,-14,33,-14,35,-11,35,-13,36,-13,35,0,0,-9,40,-11,37,-8,35,-8,37,-7,32,-5,36,-7,32,-5,32,-4,33,-2,35,0,34,1,30,2,32,4,29,6,32,6,29,7,31,5,30,6,31,4,30,4,32,4,29,3,29,4,29,0,29,0,27,-2,23,-2,24,0,0,0,0,0,0]"
CSI_DATA,2464096,1a:00:00:00:00:00,-54,11,-95,4,43,6,2464096,47,0,128,0,"[0,0,0,0,0,0,0,0,-10,-29,-8,-29,-8,-32,-5,-33,-6,-35,-4,-35,-1,-36,2,-34,3,-37,6,-33,3,-35,5,-33,3,-35,6,-35,2,-35,1,-34,2,-32,0,-36,-1,-33,0,-34,-2,-34,0,-35,-2,-35,-3,-35,-4,-38,-5,-36,-3,-38,-3,-36,0,0,-4,-38,-5,-38,-5,-36,-5,-40,-5,-32,-6,-35,-6,-34,-5,-32,-6,-32,-8,-32,-11,-32,-9,-28,-11,-30,-11,-28,-13,-29,-12,-27,-15,-29,-12,-28,-12,-29,-9,-30,-10,-31,-9,-29,-8,-29,-8,-28,-5,-28,-3,-27,-2,-23,-2,-24,0,0,0,0,0,0]"
CSI_DATA,2470096,1a:00:00:00:00:00,-54,11,-95,4,43,6,2470096,47,0,128,0,"[0,0,0,0,0,0,0,0,25,17,24,18,24,21,24,23,23,25,23,27,22,29,18,30,18,32,13,31,15,33,14,31,14,33,13,33,15,32,16,32,14,30,17,33,16,28,14,30,16,31,16,30,16,32,18,31,18,33,19,31,19,35,17,35,0,0,17,35,18,36,16,33,18,34,15,31,17,33,14,32,14,29,15,29,17,31,18,28,17,25,17,28,17,25,18,27,18,25,19,26,17,27,16,27,14,27,14,29,14,26,12,28,11,28,8,27,5,28,2,25,2,25,0,0,0,0,0,0]"
CSI_DATA,2474293,1a:00:00:00:00:00,-54,11,-95,4,43,6,2474293,47,0,128,0,"[0,0,0,0,0,0,0,0,4,31,3,29,2,34,0,33,-3,34,-4,36,-6,35,-9,34,-11,36,-12,31,-13,34,-13,31,-11,34,-12,33,-11,33,-10,33,-11,31,-11,37,-10,32,-9,32,-8,33,-7,35,-7,34,-7,34,-9,37,-5,37,-6,38,-6,37,0,0,-6,40,-8,38,-6,36,-7,39,-5,32,-6,37,-5,34,-5,32,-3,34,-2,36,0,34,1,30,1,32,2,29,1,32,1,31,2,32,0,31,0,32,-1,31,-2,32,-2,31,-2,31,-4,28,-6,30,-8,27,-10,23,-9,23,0,0,0,0,0,0]"
CSI_DATA,2480127,1a:00:00:00:00:00,-54,11,-95,4,43,6,2480127,47,0,128,0,"[0,0,0,0,0,0,0,0,-26,-16,-24,-18,-24,-20,-25,-22,-23,-25,-25,-26,-21,-28,-19,-30,-19,-30,-16,-30,-16,-31,-15,-31,-14,-32,-13,-34,-14,-32,-16,-33,-15,-31,-17,-32,-14,-31,-14,-29,-16,-30,-18,-30,-18,-30,-17,-31,-17,-33,-18,-33,-19,-36,-16,-33,0,0,-18,-35,-16,-36,-15,-35,-14,-35,-15,-31,-16,-33,-15,-31,-14,-28,-15,-31,-18,-30,-16,-29,-17,-27,-16,-29,-16,-26,-16,-28,-15,-27,-16,-27,-15,-27,-15,-28,-14,-26,-14,-28,-12,-28,-11,-28,-8,-27,-5,-29,-3,-28,0,-24,0,-24,0,0,0,0,0,0]"
CSI_DATA,2484096,1a:00:00:00:00:00,-54,11,-95,4,43,6,2484096,47,0,128,0,"[0,0,0,0,0,0,0,0,16,-26,17,-23,19,-26,21,-25,24,-23,27,-24,28,-22,29,-21,30,-21,30,-17,30,-19,29,-16,31,-19,30,-18,30,-19,29,-20,27,-19,29,-21,27,-19,27,-18,27,-21,28,-22,27,-21,28,-22,27,-24,27,-25,30,-26,30,-25,0,0,31,-26,29,-24,28,-24,29,-25,27,-22,27,-25,26,-23,25,-21,24,-22,22,-24,22,-27,19,-25,20,-25,17,-25,19,-25,18,-25,18,-26,20,-26,19,-26,20,-23,20,-25,20,-22,21,-21,21,-20,22,-18,24,-16,21,-11,21,-13,0,0,0,0,0,0]"
CSI_DATA,2490096,1a:00:00:00:00:00,-54,11,-95,4,43,6,2490096,47,0,128,0,"[0,0,0,0,0,0,0,0,2,30,1,29,-1,33,-4,33,-6,35,-8,34,-11,35,-13,32,-15,32,-18,29,-17,31,-18,29,-18,31,-19,32,-16,29,-17,31,-16,28,-17,33,-16,30,-16,30,-16,28,-19,31,-16,29,-16,32,-19,33,-16,33,-18,35,-19,32,0,0,-22,33,-21,34,-19,32,-20,34,-18,28,-20,31,-19,27,-19,26,-17,29,-15,31,-14,31,-14,27,-14,28,-13,26,-13,28,-12,29,-15,30,-16,28,-17,28,-17,26,-19,27,-19,23,-19,24,-19,22,-20,19,-22,17,-20,13,-20,15,0,0,0,0,0,0]"
CSI_DATA,2494328,1a:00:00:00:00:00,-54,11,-95,4,43,6,2494328,47,0,128,0,"[0,0,0,0,0,0,0,0,11,-29,13,-26,15,-28,16,-30,20,-28,22,-30,21,-27,24,-26,24,-27,25,-24,25,-25,26,-21,27,-22,29,-22,27,-20,26,-22,24,-22,27,-26,24,-25,23,-23,25,-24,24,-25,24,-25,23,-26,25,-27,26,-25,28,-26,25,-24,0,0,28,-30,26,-26,27,-27,25,-27,25,-24,25,-27,22,-26,22,-25,21,-26,21,-27,20,-28,20,-24,19,-25,17,-25,17,-26,17,-27,16,-27,19,-27,18,-27,18,-24,20,-27,19,-23,21,-21,21,-20,23,-19,23,-16,19,-12,22,-11,0,0,0,0,0,0]"
CSI_DATA,2499648,1a:00:00:00:00:00,-54,11,-95,4,43,6,2499648,47,0,128,0,"[0,0,0,0,0,0,0,0,1,-30,3,-29,5,-32,8,-33,10,-33,11,-35,14,-32,16,-30,19,-32,20,-27,20,-30,20,-26,20,-29,22,-28,20,-27,20,-29,19,-28,18,-32,18,-29,17,-28,17,-28,20,-29,20,-29,20,-30,20,-31,17,-31,19,-33,19,-31,0,0,21,-35,21,-32,19,-32,21,-33,19,-27,21,-30,20,-28,19,-25,18,-28,16,-30,15,-30,14,-26,15,-29,13,-26,13,-29,12,-29,13,-29,16,-28,16,-27,17,-25,19,-28,18,-24,19,-23,19,-24,21,-21,22,-19,19,-14,20,-14,0,0,0,0,0,0]"
CSI_DATA,2504096,1a:00:00:00:00:00,-54,11,-95,4,43,6,2504096,47,0,128,0,"[0,0,0,0,0,0,0,0,31,-5,29,-2,31,-1,33,0,34,4,37,5,36,10,34,8,35,10,31,11,32,12,31,13,33,12,32,13,31,14,34,11,32,12,34,10,32,11,30,10,33,11,33,10,35,8,35,10,36,9,36,11,38,8,35,8,0,0,39,9,36,11,36,11,36,10,33,8,35,9,32,8,31,8,32,8,35,4,33,4,31,4,32,3,31,3,30,3,31,3,31,1,32,2,31,3,30,4,31,5,30,8,29,7,28,9,27,10,25,10,20,12,21,13,0,0,0,0,0,0]"
CSI_DATA,2510096,1a:00:00:00:00:00,-54,11,-95,4,43,6,2510096,47,0,128,0,"[0,0,0,0,0,0,0,0,-22,20,-24,16,-26,16,-29,15,-32,13,-33,12,-34,9,-33,7,-35,7,-32,3,-33,4,-34,2,-35,1,-34,3,-34,0,-33,2,-32,1,-34,2,-33,2,-32,1,-34,1,-34,0,-34,3,-35,0,-37,1,-37,2,-38,2,-37,-1,0,0,-40,0,-39,-2,-36,-1,-38,-1,-35,-3,-37,-2,-33,-3,-32,-4,-31,-1,-32,1,-33,0,-31,-1,-33,0,-29,1,-30,1,-31,0,-31,-1,-31,0,-32,-1,-29,-3,-31,-4,-30,-5,-29,-6,-28,-10,-26,-10,-24,-11,-20,-13,-19,-14,0,0,0,0,0,0]"
CSI_DATA,2516096,1a:00:00:00:00:00,-54,11,-95,4,43,6,2516096,47,0,128,0,"[0,0,0,0,0,0,0,0,30,-5,29,-4,31,-4,33,-2,34,2,36,-1,35,3,35,2,36,3,33,4,34,3,34,3,36,0,36,0,34,-2,34,-4,32,-3,37,-7,33,-6,32,-5,33,-8,33,-9,32,-11,33,-12,34,-15,33,-17,34,-18,32,-18,0,0,32,-21,33,-20,31,-18,31,-21,28,-20,29,-22,26,-22,24,-21,23,-23,20,-29,19,-29,16,-26,16,-27,15,-25,15,-27,13,-28,11,-30,12,-29,12,-31,11,-28,11,-30,13,-27,11,-28,12,-27,13,-25,13,-24,13,-19,14,-21,0,0,0,0,0,0]"
CSI_DATA,2520096,1a:00:00:00:00:00,-54,11,-95,4,43,6,2520096,47,0,128,0,"[0,0,0,0,0,0,0,0,-27,15,-27,12,-28,11,-32,9,-34,6,-35,4,-36,1,-34,0,-36,-1,-32,-4,-32,-4,-33,-6,-34,-6,-35,-7,-33,-7,-33,-6,-32,-7,-36,-7,-33,-8,-31,-9,-33,-6,-35,-7,-34,-7,-34,-8,-36,-8,-36,-7,-36,-9,-35,-8,0,0,-39,-10,-37,-13,-35,-12,-35,-13,-33,-12,-36,-11,-30,-12,-30,-11,-30,-11,-32,-9,-32,-10,-30,-8,-31,-9,-29,-7,-28,-8,-29,-8,-30,-10,-29,-10,-29,-11,-27,-12,-28,-12,-26,-13,-25,-14,-24,-16,-21,-16,-19,-18,-14,-19,-15,-20,0,0,0,0,0,0]"
CSI_DATA,2524134,1a:00:00:00:00:00,-54,11,-95,4,43,6,2524134,47,0,128,0,"[0,0,0,0,0,0,0,0,-30,-7,-28,-9,-28,-11,-28,-14,-28,-18,-30,-19,-27,-21,-25,-23,-26,-24,-22,-24,-22,-25,-22,-24,-22,-27,-23,-26,-23,-25,-24,-24,-22,-22,-24,-26,-23,-24,-20,-23,-24,-24,-25,-25,-25,-24,-24,-25,-26,-25,-27,-25,-28,-26,-26,-26,0,0,-27,-27,-26,-27,-25,-27,-24,-27,-24,-25,-25,-27,-23,-24,-23,-23,-22,-22,-27,-23,-26,-22,-25,-19,-25,-19,-23,-18,-24,-20,-24,-19,-25,-18,-24,-19,-25,-21,-20,-21,-23,-20,-20,-22,-20,-21,-19,-21,-15,-22,-13,-23,-10,-22,-10,-22,0,0,0,0,0,0]"
CSI_DATA,2530096,1a:00:00:00:00:00,-54,11,-95,4,43,6,2530096,47,0,128,0,"[0,0,0,0,0,0,0,0,-30,2,-29,0,-30,-2,-32,-4,-33,-7,-34,-10,-32,-12,-31,-13,-31,-14,-28,-17,-29,-17,-27,-20,-28,-19,-28,-22,-27,-19,-28,-20,-26,-20,-29,-20,-27,-19,-25,-18,-27,-20,-28,-20,-28,-19,-29,-20,-29,-21,-28,-22,-29,-23,-27,-23,0,0,-28,-27,-28,-25,-26,-25,-26,-24,-25,-24,-26,-24,-23,-22,-23,-23,-23,-22,-24,-24,-24,-24,-23,-22,-24,-21,-23,-20,-22,-21,-23,-19,-22,-21,-22,-22,-22,-23,-19,-23,-20,-23,-18,-24,-16,-25,-15,-27,-10,-25,-8,-26,-6,-23,-5,-24,0,0,0,0,0,0]"
CSI_DATA,2536096,1a:00:00:00:00:00,-54,11,-95,4,43,6,2536096,47,0,128,0,"[0,0,0,0,0,0,0,0,23,19,21,21,23,21,23,24,21,26,24,28,21,27,20,29,21,27,18,27,20,28,18,28,20,27,22,28,21,27,22,25,22,25,26,24,25,22,24,21,27,22,27,19,28,19,30,19,31,19,32,18,34,18,33,16,0,0,37,15,35,14,35,14,34,11,31,10,35,8,32,9,32,7,32,5,32,1,33,2,31,1,32,0,31,-3,30,-4,31,-5,29,-5,30,-6,30,-6,29,-6,30,-6,29,-3,29,-5,30,-3,28,-1,28,0,23,1,25,2,0,0,0,0,0,0]"
CSI_DATA,2542096,1a:00:00:00:00:00,-54,11,-95,4,43,6,2542096,47,0,128,0,"[0,0,0,0,0,0,0,0,-31,0,-29,0,-30,-2,-32,-4,-32,-5,-35,-7,-34,-8,-33,-8,-34,-10,-32,-11,-32,-10,-30,-13,-32,-12,-34,-11,-31,-10,-33,-9,-32,-8,-35,-7,-32,-6,-31,-7,-34,-4,-35,-4,-34,-3,-35,-3,-37,-2,-37,-2,-39,-1,-37,0,0,0,-38,0,-37,0,-37,1,-37,2,-33,1,-37,4,-32,2,-31,5,-32,5,-34,8,-33,9,-29,9,-29,9,-28,9,-28,10,-27,11,-28,13,-29,13,-28,13,-27,11,-28,13,-29,11,-28,8,-29,7,-27,5,-26,4,-23,2,-24,1,0,0,0,0,0,0]"
CSI_DATA,2546096,1a:00:00:00:00:00,-54,11,-95,4,43,6,2546096,47,0,128,0,"[0,0,0,0,0,0,0,0,14,27,13,27,12,28,12,31,10,32,13,35,10,33,8,32,9,34,7,32,9,33,7,33,6,35,7,35,9,33,11,34,12,31,13,32,14,31,13,27,17,30,18,29,19,28,20,28,21,30,23,29,24,31,22,26,0,0,27,30,23,27,25,26,27,24,26,23,29,22,26,20,26,20,26,19,27,16,28,16,27,13,28,15,29,11,28,10,29,10,30,8,30,10,30,7,28,9,31,8,30,8,28,10,27,10,25,12,25,12,21,12,20,12,0,0,0,0,0,0]"
CSI_DATA,2552096,1a:00:00:00:00:00,-54,11,-95,4,43,6,2552096,47,0,128,0,"[0,0,0,0,0,0,0,0,-29,-12,-26,-14,-27,-14,-29,-15,-28,-20,-29,-21,-26,-22,-25,-22,-27,-23,-25,-23,-25,-23,-23,-24,-24,-25,-24,-27,-24,-24,-26,-23,-25,-22,-28,-23,-27,-20,-24,-20,-28,-20,-29,-18,-30,-17,-30,-18,-32,-18,-32,-18,-34,-19,-31,-16,0,0,-35,-17,-33,-19,-35,-17,-32,-15,-31,-15,-34,-14,-31,-13,-30,-10,-31,-10,-35,-8,-33,-9,-30,-8,-31,-8,-30,-5,-30,-3,-31,-4,-31,-2,-30,-4,-32,-3,-29,-6,-31,-3,-29,-4,-28,-6,-29,-8,-26,-9,-25,-10,-21,-11,-23,-12,0,0,0,0,0,0]"
CSI_DATA,2556096,1a:00:00:00:00:00,-54,11,-95,4,43,6,2556096,47,0,128,0,"[0,0,0,0,0,0,0,0,7,30,5,29,4,32,3,33,1,34,2,35,-1,35,-2,33,-2,36,-6,32,-2,36,-4,34,-4,35,-3,36,1,33,1,35,2,34,4,36,4,32,4,32,6,33,8,34,9,33,10,35,10,36,13,33,13,37,12,35,0,0,17,37,16,35,15,34,17,34,16,30,17,31,17,29,17,27,18,27,20,26,22,24,22,22,24,23,22,20,24,20,23,19,26,19,23,21,25,20,23,20,25,20,23,20,22,20,22,20,20,22,19,19,15,19,14,18,0,0,0,0,0,0]"
CSI_DATA,2562096,1a:00:00:00:00:00,-54,11,-95,4,43,6,2562096,47,0,128,0,"[0,0,0,0,0,0,0,0,-22,-21,-19,-22,-19,-23,-19,-27,-17,-29,-20,-31,-16,-30,-15,-32,-15,-32,-11,-31,-14,-33,-11,-32,-11,-33,-12,-33,-12,-30,-15,-31,-15,-31,-17,-29,-16,-29,-14,-27,-18,-30,-19,-29,-19,-29,-21,-29,-20,-29,-21,-31,-22,-31,-22,-31,0,0,-23,-30,-23,-29,-23,-29,-22,-29,-22,-28,-24,-28,-23,-26,-22,-24,-23,-23,-25,-22,-26,-22,-24,-20,-26,-20,-25,-19,-25,-18,-25,-17,-27,-16,-26,-19,-27,-18,-24,-18,-25,-18,-24,-18,-22,-19,-22,-20,-19,-21,-18,-21,-15,-20,-15,-20,0,0,0,0,0,0]"
CSI_DATA,2568096,1a:00:00:00:00:00,-54,11,-95,4,43,6,2568096,47,0,128,0,"[0,0,0,0,0,0,0,0,30,5,29,7,30,9,31,12,31,13,33,14,30,17,28,19,29,20,25,21,27,22,23,23,26,22,27,25,26,23,29,22,25,23,29,19,27,20,25,19,29,21,28,21,27,21,31,19,29,20,32,19,31,20,32,23,0,0,31,25,30,22,30,22,30,21,29,21,29,21,27,19,26,19,26,17,27,18,28,15,29,15,29,15,28,14,28,12,29,12,29,14,29,15,27,15,26,16,27,18,25,17,23,19,24,18,22,19,19,21,14,19,15,20,0,0,0,0,0,0]"
CSI_DATA,2572096,1a:00:00:00:00:00,-54,11,-95,4,43,6,2572096,47,0,128,0,"[0,0,0,0,0,0,0,0,-17,-25,-14,-26,-13,-28,-13,-30,-12,-31,-12,-33,-9,-33,-7,-32,-7,-35,-2,-34,-4,-34,-2,-34,-3,-35,-2,-35,-6,-33,-7,-33,-7,-32,-8,-34,-7,-32,-7,-31,-9,-32,-10,-32,-11,-32,-12,-34,-12,-34,-13,-34,-13,-36,-12,-34,0,0,-15,-37,-14,-35,-15,-33,-14,-37,-13,-31,-15,-32,-14,-32,-12,-29,-16,-28,-18,-29,-18,-28,-17,-25,-18,-26,-18,-24,-20,-24,-19,-24,-22,-24,-18,-25,-20,-26,-17,-25,-18,-26,-17,-25,-16,-26,-15,-25,-12,-26,-11,-25,-8,-23,-7,-23,0,0,0,0,0,0]"
CSI_DATA,2578096,1a:00:00:00:00:00,-54,11,-95,4,43,6,2578096,47,0,128,0,"[0,0,0,0,0,0,0,0,26,14,25,15,24,17,26,21,25,22,26,24,24,25,20,27,21,28,16,29,19,29,16,29,16,30,17,32,18,30,18,29,18,28,21,30,18,27,17,27,19,28,21,29,19,28,20,29,19,31,22,30,21,32,18,32,0,0,20,32,21,30,21,31,20,31,18,28,20,30,18,28,18,28,17,28,19,28,20,26,20,26,21,26,20,24,20,22,21,22,21,24,21,25,21,25,17,26,18,26,16,25,14,27,13,27,10,28,9,26,5,24,7,24,0,0,0,0,0,0]"
CSI_DATA,2584096,1a:00:00:00:00:00,-54,11,-95,4,43,6,2584096,47,0,128,0,"[0,0,0,0,0,0,0,0,-29,6,-28,3,-32,2,-33,-1,-34,-3,-35,-5,-33,-6,-31,-8,-33,-10,-30,-14,-31,-14,-28,-16,-30,-16,-29,-17,-30,-17,-31,-16,-29,-17,-31,-16,-29,-15,-28,-16,-29,-16,-30,-16,-30,-17,-31,-17,-30,-19,-32,-18,-32,-22,-32,-19,0,0,-34,-21,-31,-22,-30,-22,-30,-24,-26,-20,-28,-22,-27,-22,-24,-22,-26,-19,-25,-20,-26,-19,-24,-19,-27,-19,-24,-17,-25,-18,-25,-17,-26,-19,-24,-21,-24,-20,-22,-21,-22,-22,-21,-23,-18,-24,-16,-24,-14,-25,-12,-26,-8,-23,-6,-25,0,0,0,0,0,0]"
CSI_DATA,2590147,1a:00:00:00:00:00,-54,11,-95,4,43,6,2590147,47,0,128,0,"[0,0,0,0,0,0,0,0,-3,-28,-1,-29,0,-30,0,-33,2,-32,2,-36,3,-33,4,-33,4,-35,6,-32,4,-33,6,-32,7,-34,4,-34,4,-34,0,-34,-1,-33,-1,-35,-2,-32,-2,-31,-4,-34,-8,-35,-10,-34,-9,-32,-8,-34,-9,-34,-12,-37,-9,-35,0,0,-16,-34,-13,-34,-15,-33,-15,-32,-16,-29,-19,-31,-18,-27,-19,-27,-18,-26,-20,-25,-21,-26,-20,-23,-23,-22,-24,-19,-22,-19,-25,-19,-25,-17,-25,-20,-26,-17,-24,-17,-26,-17,-25,-16,-23,-17,-22,-18,-20,-20,-20,-20,-15,-18,-15,-18,0,0,0,0,0,0]"
CSI_DATA,2594096,1a:00:00:00:00:00,-55,11,-95,4,43,6,2594096,47,0,128,0,"[0,0,0,0,0,0,0,0,-30,-2,-28,-3,-31,-5,-32,-8,-31,-10,-32,-11,-32,-14,-28,-17,-29,-20,-24,-21,-26,-22,-22,-23,-25,-23,-24,-26,-24,-23,-26,-23,-24,-23,-26,-23,-24,-21,-22,-22,-23,-23,-25,-24,-24,-25,-24,-25,-25,-27,-25,-25,-27,-28,-22,-27,0,0,-26,-30,-23,-28,-22,-29,-21,-29,-18,-27,-21,-29,-17,-28,-17,-27,-17,-25,-19,-26,-19,-26,-17,-25,-19,-27,-18,-23,-19,-24,-17,-23,-19,-24,-15,-25,-16,-27,-12,-26,-11,-27,-10,-26,-9,-28,-9,-27,-4,-28,-3,-27,-1,-24,1,-23,0,0,0,0,0,0]"
CSI_DATA,2601929,1a:00:00:00:00:00,-54,11,-95,4,43,6,2601929,47,0,128,0,"[0,0,0,0,0,0,0,0,8,-28,8,-27,11,-29,14,-29,16,-29,18,-29,20,-27,20,-27,21,-27,22,-25,23,-26,22,-25,23,-27,23,-26,20,-25,20,-26,19,-24,22,-28,19,-26,20,-26,20,-27,19,-28,18,-28,20,-27,19,-32,19,-30,19,-32,19,-30,0,0,17,-32,20,-31,19,-31,18,-31,17,-27,17,-30,16,-28,16,-27,15,-28,12,-31,11,-29,10,-27,11,-28,9,-27,10,-28,10,-29,9,-30,9,-29,10,-30,10,-27,11,-30,13,-26,12,-27,13,-25,15,-23,15,-21,15,-18,15,-17,0,0,0,0,0,0]"
CSI_DATA,2606096,1a:00:00:00:00:00,-54,11,-95,4,43,6,2606096,47,0,128,0,"[0,0,0,0,0,0,0,0,-30,-3,-29,-5,-30,-5,-31,-7,-31,-8,-33,-10,-33,-12,-30,-11,-32,-16,-27,-15,-30,-14,-28,-16,-29,-14,-28,-17,-30,-14,-31,-11,-29,-13,-33,-10,-29,-8,-29,-11,-31,-9,-34,-9,-32,-9,-33,-8,-34,-7,-34,-5,-36,-6,-34,-10,0,0,-37,-6,-38,-4,-35,-4,-36,-4,-33,-3,-34,-3,-33,-3,-31,-4,-30,0,-32,1,-31,3,-31,2,-31,4,-29,4,-29,6,-28,7,-30,7,-29,5,-30,6,-29,5,-29,5,-28,4,-29,4,-28,2,-27,1,-25,0,-23,-4,-24,-3,0,0,0,0,0,0]"
CSI_DATA,2610096,1a:00:00:00:00:00,-54,11,-95,4,43,6,2610096,47,0,128,0,"[0,0,0,0,0,0,0,0,9,28,8,27,6,30,5,31,4,31,5,34,2,34,1,32,0,34,-2,32,0,33,-2,32,1,34,1,33,3,33,4,34,6,31,5,35,7,32,6,30,10,31,10,32,11,31,13,32,13,33,15,32,16,34,12,32,0,0,18,34,19,32,19,32,19,31,18,28,18,29,18,27,19,25,20,25,24,23,24,22,23,19,25,19,25,17,24,18,24,17,26,16,25,16,26,17,24,18,24,17,23,16,24,17,24,15,21,18,19,17,17,17,17,16,0,0,0,0,0,0]"
CSI_DATA,2616096,1a:00:00:00:00:00,-54,11,-95,4,43,6,2616096,47,0,128,0,"[0,0,0,0,0,0,0,0,-22,-19,-20,-20,-20,-22,-20,-24,-19,-27,-19,-28,-18,-29,-15,-28,-16,-31,-12,-30,-14,-31,-12,-31,-14,-30,-15,-30,-15,-30,-17,-29,-16,-28,-18,-30,-15,-27,-17,-26,-18,-26,-19,-26,-19,-27,-21,-28,-22,-28,-24,-27,-24,-29,-23,-28,0,0,-23,-28,-26,-27,-24,-27,-24,-26,-22,-23,-24,-25,-23,-24,-23,-24,-22,-20,-25,-19,-26,-18,-26,-17,-27,-17,-25,-15,-25,-16,-25,-15,-28,-14,-25,-15,-26,-16,-25,-16,-25,-16,-24,-16,-24,-17,-24,-16,-21,-17,-19,-19,-15,-18,-16,-17,0,0,0,0,0,0]"
CSI_DATA,2620097,1a:00:00:00:00:00,-55,11,-95,4,43,6,2620097,47,0,128,0,"[0,0,0,0,0,0,0,0,-6,29,-6,27,-8,29,-9,30,-12,30,-13,30,-15,31,-15,28,-17,30,-17,26,-17,29,-16,28,-15,29,-15,31,-14,30,-11,31,-12,29,-11,33,-9,30,-10,29,-7,31,-9,33,-7,32,-6,33,-5,36,-3,34,-4,37,-3,37,0,0,-3,35,-1,37,-1,35,0,36,1,33,2,34,1,33,2,30,5,31,8,33,9,31,10,28,11,28,12,27,11,29,12,27,13,28,13,28,13,28,11,29,13,29,11,26,12,25,11,27,9,27,7,26,4,23,5,22,0,0,0,0,0,0]"
CSI_DATA,2626097,1a:00:00:00:00:00,-55,11,-95,4,43,6,2626097,47,0,128,0,"[0,0,0,0,0,0,0,0,-11,-26,-9,-26,-8,-30,-7,-31,-4,-32,-5,-33,-2,-32,-1,-32,0,-34,3,-32,2,-33,2,-32,2,-33,1,-33,-2,-32,-1,-34,-2,-31,-2,-35,-2,-31,-1,-30,-4,-32,-5,-32,-6,-31,-6,-33,-8,-34,-7,-34,-9,-35,-8,-34,0,0,-8,-35,-7,-36,-9,-36,-9,-36,-8,-30,-9,-34,-11,-30,-9,-29,-8,-28,-12,-30,-14,-30,-14,-26,-15,-28,-14,-24,-13,-26,-15,-26,-17,-25,-15,-24,-15,-27,-12,-26,-14,-27,-11,-26,-13,-25,-12,-26,-9,-27,-6,-26,-3,-21,-3,-23,0,0,0,0,0,0]"
CSI_DATA,2632097,1a:00:00:00:00:00,-55,11,-95,4,43,6,2632097,47,0,128,0,"[0,0,0,0,0,0,0,0,27,13,23,15,25,17,24,20,23,24,25,25,22,26,20,25,19,27,17,28,16,29,16,28,16,28,18,28,17,28,18,28,17,25,18,29,16,27,16,27,18,26,19,28,19,27,17,29,21,29,22,28,23,29,18,28,0,0,22,28,20,31,19,29,19,30,18,26,20,29,19,27,18,26,18,26,21,25,21,24,19,21,21,23,20,22,19,22,19,21,22,22,18,23,20,24,18,23,20,24,17,24,18,24,15,24,12,25,10,24,7,23,5,23,0,0,0,0,0,0]"
CSI_DATA,2638097,1a:00:00:00:00:00,-55,11,-95,4,43,6,2638097,47,0,128,0,"[0,0,0,0,0,0,0,0,-28,4,-29,0,-30,-1,-31,-3,-31,-6,-33,-9,-32,-12,-30,-12,-30,-15,-27,-16,-28,-17,-27,-17,-28,-18,-28,-17,-27,-18,-28,-17,-25,-17,-29,-18,-26,-17,-23,-18,-28,-18,-27,-19,-27,-18,-27,-20,-28,-19,-28,-19,-30,-19,-27,-22,0,0,-28,-23,-26,-24,-27,-23,-26,-24,-25,-22,-26,-24,-23,-23,-22,-21,-21,-21,-24,-21,-25,-21,-24,-18,-24,-19,-23,-17,-22,-19,-21,-18,-24,-19,-22,-20,-23,-21,-19,-20,-20,-23,-17,-23,-17,-22,-17,-23,-13,-24,-9,-24,-7,-23,-7,-23,0,0,0,0,0,0]"
CSI_DATA,2642097,1a:00:00:00:00:00,-54,11,-95,4,43,6,2642097,47,0,128,0,"[0,0,0,0,0,0,0,0,14,26,11,27,9,28,8,31,7,31,5,34,2,32,-1,32,0,34,-4,32,-3,33,-4,32,-5,33,-5,34,-4,31,-3,32,-4,31,-3,33,-3,32,-5,30,-2,31,-2,32,0,33,-2,34,-3,35,0,35,-1,38,-3,34,0,0,-1,38,-4,37,-5,37,-4,37,-4,32,-2,33,-2,32,-3,30,-2,31,1,33,0,32,0,30,1,31,3,28,1,30,1,30,2,30,0,31,0,32,-3,28,-1,31,-3,28,-3,29,-5,28,-8,27,-9,24,-9,21,-11,21,0,0,0,0,0,0]"
CSI_DATA,2648097,1a:00:00:00:00:00,-55,11,-95,4,43,6,2648097,47,0,128,0,"[0,0,0,0,0,0,0,0,-26,-12,-23,-14,-25,-16,-24,-19,-24,-22,-24,-25,-21,-26,-17,-27,-18,-30,-13,-30,-13,-29,-12,-29,-14,-30,-13,-31,-12,-30,-13,-29,-11,-28,-14,-30,-12,-29,-10,-29,-11,-30,-13,-30,-12,-29,-11,-30,-12,-32,-13,-31,-12,-33,-8,-33,0,0,-10,-34,-8,-35,-9,-35,-8,-36,-7,-32,-7,-34,-6,-31,-6,-30,-5,-31,-7,-32,-7,-32,-7,-29,-8,-29,-8,-27,-6,-29,-5,-28,-8,-29,-4,-29,-4,-31,-2,-29,-2,-31,0,-29,1,-29,2,-28,6,-27,7,-24,9,-21,10,-21,0,0,0,0,0,0]"
CSI_DATA,2654097,1a:00:00:00:00:00,-55,11,-95,4,43,6,2654097,47,0,128,0,"[0,0,0,0,0,0,0,0,12,28,9,26,10,28,10,30,8,32,9,33,6,33,4,32,5,34,4,31,5,33,3,33,5,33,6,35,8,31,9,31,9,31,10,33,11,30,12,28,12,31,15,30,16,28,15,29,20,30,22,30,21,30,19,28,0,0,23,28,23,28,21,26,24,27,22,23,26,24,23,21,23,20,25,19,28,17,27,17,26,15,27,13,25,11,26,13,27,11,30,10,26,10,28,9,27,10,28,10,27,9,28,10,27,9,24,12,23,12,21,13,20,13,0,0,0,0,0,0]"
CSI_DATA,2660097,1a:00:00:00:00:00,-55,11,-95,4,43,6,2660097,47,0,128,0,"[0,0,0,0,0,0,0,0,-26,-14,-23,-15,-23,-17,-24,-18,-24,-21,-25,-22,-24,-24,-22,-23,-23,-25,-20,-25,-21,-24,-19,-25,-20,-26,-20,-26,-22,-25,-22,-24,-21,-23,-24,-23,-23,-20,-22,-21,-24,-20,-26,-21,-27,-19,-26,-20,-28,-20,-30,-20,-31,-20,-27,-19,0,0,-32,-18,-30,-20,-30,-19,-31,-17,-28,-16,-30,-16,-28,-14,-28,-12,-28,-13,-29,-13,-30,-12,-28,-8,-30,-8,-27,-7,-28,-7,-28,-6,-30,-5,-28,-6,-29,-5,-27,-6,-30,-5,-28,-6,-28,-7,-28,-9,-24,-10,-24,-10,-21,-11,-21,-12,0,0,0,0,0,0]"
CSI_DATA,2664097,1a:00:00:00:00:00,-55,11,-95,4,43,6,2664097,47,0,128,0,"[0,0,0,0,0,0,0,0,-1,29,-4,28,-5,29,-5,33,-8,30,-9,34,-9,31,-12,31,-11,33,-12,28,-10,31,-11,29,-12,31,-12,30,-8,31,-8,31,-7,31,-7,34,-4,32,-5,29,-2,34,0,33,0,33,1,32,3,35,2,35,3,37,1,34,0,0,4,37,5,36,6,37,7,35,7,32,11,33,10,30,8,30,11,28,14,27,15,28,15,26,15,26,17,24,16,23,17,23,19,22,18,25,20,24,18,23,20,24,17,22,17,22,17,24,15,23,13,23,10,21,10,22,0,0,0,0,0,0]"
CSI_DATA,2670097,1a:00:00:00:00:00,-55,11,-95,4,43,6,2670097,47,0,128,0,"[0,0,0,0,0,0,0,0,-17,-23,-14,-23,-14,-27,-15,-27,-13,-29,-14,-32,-11,-32,-10,-31,-10,-32,-8,-31,-9,-31,-7,-32,-6,-32,-6,-33,-8,-31,-9,-31,-10,-30,-12,-32,-12,-31,-9,-28,-13,-29,-14,-29,-14,-29,-15,-27,-16,-31,-17,-30,-18,-31,-13,-30,0,0,-19,-31,-19,-30,-18,-30,-18,-29,-17,-29,-20,-27,-18,-25,-19,-24,-20,-25,-21,-25,-21,-24,-20,-21,-21,-22,-22,-19,-21,-21,-21,-18,-23,-19,-22,-19,-24,-19,-22,-17,-22,-19,-21,-18,-21,-21,-18,-21,-16,-22,-15,-21,-12,-21,-11,-20,0,0,0,0,0,0]"
CSI_DATA,2674097,1a:00:00:00:00:00,-55,11,-95,4,43,6,2674097,47,0,128,0,"[0,0,0,0,0,0,0,0,-14,25,-16,23,-17,24,-18,26,-19,25,-21,28,-21,23,-23,23,-23,24,-24,21,-24,23,-23,20,-25,22,-25,24,-23,23,-22,25,-21,24,-20,27,-19,26,-17,24,-17,28,-16,29,-14,29,-13,30,-14,30,-13,31,-14,33,-15,33,0,0,-13,36,-11,34,-11,36,-9,33,-10,31,-8,33,-6,30,-5,29,-4,30,-4,31,-2,31,-1,29,1,29,4,29,2,28,4,30,5,27,4,30,6,29,3,27,5,30,4,28,3,27,3,26,1,27,-1,27,-2,22,-2,23,0,0,0,0,0,0]"
CSI_DATA,2680097,1a:00:00:00:00:00,-55,11,-95,4,43,6,2680097,47,0,128,0,"[0,0,0,0,0,0,0,0,-7,-28,-3,-28,-3,-31,-4,-32,-1,-31,0,-33,2,-32,4,-32,4,-33,6,-31,6,-32,8,-31,8,-32,8,-33,7,-31,5,-32,4,-32,2,-33,2,-32,3,-30,1,-33,-1,-32,-1,-32,-3,-32,-2,-34,-1,-33,-2,-36,0,-35,0,0,-2,-39,-3,-36,-4,-35,-3,-34,-3,-32,-6,-33,-5,-31,-5,-30,-6,-31,-8,-31,-10,-30,-8,-28,-8,-30,-10,-25,-11,-26,-11,-27,-13,-26,-11,-28,-13,-27,-11,-26,-12,-28,-10,-26,-9,-26,-7,-27,-4,-26,-3,-26,-1,-21,-1,-23,0,0,0,0,0,0]"
CSI_DATA,2686097,1a:00:00:00:00:00,-55,11,-95,4,43,6,2686097,47,0,128,0,"[0,0,0,0,0,0,0,0,24,19,21,20,21,22,20,24,20,26,19,28,17,30,14,28,14,31,10,30,12,31,9,31,11,32,9,33,11,30,11,30,11,30,15,32,13,29,12,29,13,29,13,30,12,32,14,30,14,32,16,31,15,33,12,30,0,0,14,37,13,33,12,32,14,32,13,30,13,31,12,29,12,28,13,28,14,27,15,26,15,25,15,26,13,24,16,25,16,23,17,24,14,26,15,25,12,25,14,27,12,27,10,26,11,25,7,26,5,24,3,23,2,21,0,0,0,0,0,0]"
CSI_DATA,2692097,1a:00:00:00:00:00,-55,11,-95,4,43,6,2692097,47,0,128,0,"[0,0,0,0,0,0,0,0,-29,-3,-26,-6,-29,-7,-31,-10,-29,-13,-33,-14,-29,-16,-27,-18,-27,-20,-24,-21,-25,-22,-21,-23,-23,-24,-22,-25,-22,-23,-24,-23,-23,-23,-24,-23,-22,-23,-21,-22,-23,-24,-24,-23,-24,-23,-23,-26,-22,-25,-24,-26,-23,-26,-21,-28,0,0,-24,-27,-22,-27,-21,-28,-19,-26,-19,-26,-20,-26,-18,-26,-17,-24,-18,-24,-20,-24,-19,-25,-18,-24,-19,-23,-18,-22,-17,-22,-18,-22,-19,-22,-17,-24,-17,-25,-14,-23,-15,-25,-13,-24,-11,-26,-9,-26,-7,-25,-6,-25,-1,-22,-1,-22,0,0,0,0,0,0]"
CSI_DATA,2696097,1a:00:00:00:00:00,-55,11,-95,4,43,6,2696097,47,0,128,0,"[0,0,0,0,0,0,0,0,9,27,6,26,5,32,2,33,1,32,1,33,-3,32,-4,33,-7,34,-9,29,-8,32,-12,31,-11,32,-11,32,-8,31,-9,32,-9,30,-8,33,-8,31,-8,29,-7,31,-8,32,-8,31,-7,32,-9,35,-7,35,-8,36,-8,35,0,0,-9,37,-10,34,-10,34,-10,34,-9,30,-9,33,-8,29,-9,30,-10,29,-7,32,-4,31,-5,29,-4,30,-4,28,-3,30,-2,28,-3,29,-4,29,-5,29,-6,27,-6,29,-8,28,-10,26,-10,25,-11,25,-13,24,-13,18,-14,19,0,0,0,0,0,0]"
CSI_DATA,2706097,1a:00:00:00:00:00,-55,11,-95,4,43,6,2706097,47,0,128,0,"[0,0,0,0,0,0,0,0,-2,29,-4,28,-6,30,-7,31,-10,30,-12,32,-14,30,-16,29,-17,28,-19,26,-18,28,-21,24,-20,26,-22,27,-19,26,-20,26,-19,25,-20,29,-18,27,-17,25,-18,25,-19,26,-19,26,-20,27,-21,29,-19,27,-21,31,-20,29,0,0,-23,30,-23,30,-21,28,-20,29,-19,24,-20,25,-20,24,-19,23,-20,25,-19,27,-17,26,-16,25,-16,25,-14,24,-15,25,-14,25,-14,26,-16,24,-16,25,-17,22,-19,23,-18,20,-19,20,-19,19,-21,18,-22,15,-19,11,-20,11,0,0,0,0,0,0]"
CSI_DATA,2712097,1a:00:00:00:00:00,-54,11,-95,4,43,6,2712097,47,0,128,0,"[0,0,0,0,0,0,0,0,21,-19,21,-17,25,-19,25,-20,26,-19,27,-22,28,-19,27,-17,29,-19,29,-16,28,-18,26,-16,28,-19,28,-19,26,-20,25,-22,24,-22,21,-26,20,-25,19,-24,19,-26,19,-27,16,-27,16,-29,15,-31,15,-31,12,-33,12,-33,0,0,11,-35,10,-32,7,-34,8,-36,7,-32,4,-34,3,-30,3,-30,0,-31,-1,-30,-5,-31,-6,-28,-8,-29,-9,-28,-10,-27,-11,-27,-14,-25,-11,-26,-13,-26,-11,-26,-12,-27,-12,-25,-10,-26,-12,-24,-10,-25,-9,-24,-6,-21,-7,-20,0,0,0,0,0,0]"
CSI_DATA,2716097,1a:00:00:00:00:00,-54,11,-95,4,43,6,2716097,47,0,128,0,"[0,0,0,0,0,0,0,0,-11,27,-12,25,-15,27,-17,26,-19,26,-21,27,-22,24,-24,23,-26,23,-28,19,-27,19,-28,16,-28,19,-30,18,-28,17,-27,20,-26,16,-28,21,-24,19,-25,18,-26,18,-27,17,-27,18,-27,19,-28,20,-28,21,-30,22,-31,19,0,0,-30,21,-31,18,-31,19,-29,19,-28,16,-29,18,-28,16,-27,14,-26,15,-28,19,-24,19,-24,16,-25,19,-22,17,-23,19,-22,18,-24,20,-26,16,-24,17,-26,15,-26,15,-26,13,-25,11,-25,11,-27,8,-25,6,-22,3,-23,2,0,0,0,0,0,0]"
CSI_DATA,2725083,1a:00:00:00:00:00,-54,11,-95,4,43,6,2725083,47,0,128,0,"[0,0,0,0,0,0,0,0,14,-25,16,-25,17,-26,19,-26,22,-24,24,-26,25,-22,24,-20,27,-22,27,-17,28,-20,28,-15,28,-18,29,-18,28,-17,28,-18,26,-16,27,-22,26,-20,25,-18,27,-20,27,-21,26,-20,26,-22,27,-22,26,-22,29,-22,26,-21,0,0,27,-23,29,-22,27,-23,28,-23,24,-19,27,-22,25,-22,24,-19,22,-20,23,-22,21,-23,19,-20,21,-22,18,-21,18,-24,17,-23,18,-25,19,-24,19,-23,20,-22,22,-22,20,-20,22,-18,22,-17,22,-15,23,-13,21,-10,21,-11,0,0,0,0,0,0]"
CSI_DATA,2727652,1a:00:00:00:00:00,-55,11,-95,4,43,6,2727652,47,0,128,0,"[0,0,0,0,0,0,0,0,16,-24,17,-22,19,-23,21,-24,24,-24,24,-25,25,-23,24,-21,26,-23,25,-21,26,-22,25,-22,26,-22,24,-24,23,-24,21,-24,21,-23,21,-27,19,-26,18,-25,16,-28,16,-29,14,-29,15,-30,15,-33,13,-32,14,-34,13,-34,0,0,12,-38,11,-35,8,-33,10,-35,9,-31,5,-33,4,-31,4,-30,3,-33,-2,-33,-2,-33,-3,-29,-5,-30,-6,-27,-5,-30,-6,-29,-7,-28,-8,-28,-9,-30,-7,-27,-9,-29,-7,-27,-7,-27,-6,-27,-4,-26,-4,-26,-2,-24,-1,-23,0,0,0,0,0,0]"
CSI_DATA,2734097,1a:00:00:00:00:00,-55,11,-95,4,43,6,2734097,47,0,128,0,"[0,0,0,0,0,0,0,0,-6,-28,-5,-28,-5,-30,-1,-31,-2,-32,1,-34,3,-34,5,-32,7,-36,7,-31,7,-33,9,-32,7,-33,7,-32,5,-32,4,-33,4,-30,3,-35,2,-31,3,-31,1,-31,2,-34,1,-33,0,-34,-1,-34,-2,-35,-1,-37,-1,-37,0,0,-3,-38,-3,-35,-2,-34,-3,-36,-3,-31,-2,-35,-4,-32,-4,-30,-4,-31,-7,-31,-8,-31,-9,-27,-10,-29,-10,-27,-12,-27,-13,-26,-13,-28,-12,-28,-11,-29,-9,-27,-10,-28,-9,-27,-7,-28,-8,-27,-5,-26,-4,-25,-1,-23,-1,-23,0,0,0,0,0,0]"
CSI_DATA,2738097,1a:00:00:00:00:00,-55,11,-95,4,43,6,2738097,47,0,128,0,"[0,0,0,0,0,0,0,0,-23,19,-23,17,-25,18,-26,17,-29,16,-29,16,-30,15,-29,13,-33,13,-31,10,-32,12,-30,10,-31,12,-32,13,-30,13,-30,15,-28,14,-30,17,-26,18,-26,16,-26,18,-27,18,-26,19,-26,20,-28,24,-25,25,-25,25,-24,25,0,0,-27,28,-26,24,-23,25,-25,28,-21,24,-22,26,-21,25,-19,24,-16,26,-15,30,-13,30,-12,27,-12,29,-10,25,-9,28,-8,27,-8,29,-8,28,-9,29,-9,27,-9,29,-10,26,-10,27,-9,27,-11,25,-12,23,-12,20,-12,19,0,0,0,0,0,0]"
CSI_DATA,2744097,1a:00:00:00:00:00,-55,11,-95,4,43,6,2744097,47,0,128,0,"[0,0,0,0,0,0,0,0,8,-27,9,-27,11,-30,14,-28,16,-28,17,-29,20,-27,19,-28,21,-27,22,-23,23,-27,21,-23,24,-26,21,-25,21,-25,20,-27,20,-25,20,-29,17,-27,18,-24,18,-27,18,-27,17,-27,17,-29,18,-31,17,-30,17,-31,18,-31,0,0,16,-32,16,-31,16,-31,16,-32,14,-27,15,-29,13,-28,14,-27,12,-28,12,-30,9,-31,8,-28,8,-30,6,-27,5,-29,5,-28,6,-29,6,-30,6,-31,7,-29,8,-30,7,-28,9,-27,9,-26,13,-26,11,-24,12,-19,12,-19,0,0,0,0,0,0]"
CSI_DATA,2748097,1a:00:00:00:00:00,-55,11,-95,4,43,6,2748097,47,0,128,0,"[0,0,0,0,0,0,0,0,-29,5,-28,3,-29,4,-32,1,-33,-3,-33,-3,-34,-5,-33,-3,-34,-6,-31,-8,-33,-6,-31,-7,-34,-5,-34,-5,-32,-4,-33,-4,-31,-3,-36,-1,-32,-2,-31,-1,-31,0,-33,3,-33,2,-34,3,-34,6,-35,5,-36,7,-33,6,0,0,-35,8,-37,8,-34,8,-36,8,-31,8,-33,9,-31,9,-28,9,-27,11,-27,15,-28,15,-26,15,-27,15,-24,14,-24,17,-23,17,-22,18,-23,18,-25,19,-24,18,-25,18,-24,14,-24,15,-24,14,-24,13,-23,11,-23,8,-21,8,0,0,0,0,0,0]"
CSI_DATA,2750097,1a:00:00:00:00:00,-55,11,-95,4,43,6,2750097,47,0,128,0,"[0,0,0,0,0,0,0,0,10,27,8,26,8,30,5,32,2,33,1,33,-1,33,-3,32,-4,35,-7,32,-7,33,-7,31,-6,34,-8,33,-6,31,-5,32,-6,30,-6,35,-5,30,-6,31,-5,32,-5,33,-5,32,-6,33,-5,37,-4,35,-2,37,-4,32,0,0,-6,38,-7,38,-7,35,-7,35,-5,32,-5,34,-5,31,-7,30,-6,31,-1,33,-2,33,0,28,-1,30,1,26,-1,32,-1,28,-1,30,-1,30,-3,32,-4,28,-5,30,-6,28,-5,28,-7,27,-8,26,-10,24,-12,20,-11,20,0,0,0,0,0,0]"
CSI_DATA,2754097,1a:00:00:00:00:00,-55,11,-95,4,43,6,2754097,47,0,128,0,"[0,0,0,0,0,0,0,0,19,-22,20,-21,23,-21,24,-20,27,-19,27,-19,30,-17,28,-15,32,-16,29,-11,32,-13,32,-11,30,-14,32,-13,29,-12,29,-15,29,-12,31,-18,27,-15,29,-14,27,-14,29,-15,28,-16,28,-17,28,-19,29,-21,32,-21,29,-20,0,0,30,-23,31,-18,28,-18,31,-20,26,-18,29,-19,27,-18,25,-18,25,-20,25,-23,23,-24,19,-20,20,-21,18,-20,20,-22,17,-22,18,-24,19,-23,20,-23,20,-21,21,-21,21,-18,22,-19,22,-18,22,-17,22,-15,22,-10,22,-10,0,0,0,0,0,0]"
CSI_DATA,2760097,1a:00:00:00:00:00,-55,11,-95,4,43,6,2760097,47,0,128,0,"[0,0,0,0,0,0,0,0,-2,29,-4,29,-4,30,-8,31,-10,31,-12,31,-15,29,-16,29,-17,29,-19,27,-19,27,-20,26,-19,27,-21,27,-19,26,-19,26,-18,25,-19,29,-19,25,-19,24,-18,26,-19,27,-18,27,-20,26,-20,29,-19,30,-19,29,-20,29,0,0,-23,31,-22,28,-21,28,-23,28,-20,25,-20,27,-20,24,-20,23,-18,25,-16,27,-17,27,-15,25,-15,25,-13,24,-16,24,-14,25,-14,26,-15,25,-16,27,-17,23,-18,24,-18,21,-20,20,-18,19,-20,18,-21,16,-20,12,-20,12,0,0,0,0,0,0]"
CSI_DATA,2766097,1a:00:00:00:00:00,-55,11,-95,4,43,6,2766097,47,0,128,0,"[0,0,0,0,0,0,0,0,-15,-23,-13,-24,-12,-29,-10,-30,-8,-32,-6,-33,-3,-33,-1,-33,1,-34,5,-32,5,-33,5,-30,6,-34,6,-32,5,-32,5,-31,7,-31,6,-34,8,-31,7,-30,8,-31,9,-32,7,-31,8,-31,8,-33,8,-34,9,-36,10,-34,0,0,13,-35,12,-33,13,-32,13,-35,14,-30,14,-31,14,-29,14,-27,14,-27,12,-32,11,-31,10,-28,11,-29,10,-27,12,-26,12,-27,12,-28,12,-26,15,-27,15,-25,16,-27,17,-23,17,-21,18,-21,19,-19,21,-16,20,-12,20,-11,0,0,0,0,0,0]"
CSI_DATA,2770097,1a:00:00:00:00:00,-55,11,-95,4,43,6,2770097,47,0,128,0,"[0,0,0,0,0,0,0,0,-17,26,-18,21,-20,23,-23,21,-26,19,-28,20,-28,16,-29,15,-30,16,-30,11,-30,12,-31,10,-32,12,-31,11,-31,10,-30,12,-28,11,-32,14,-29,11,-29,10,-30,12,-30,12,-29,13,-32,11,-32,14,-32,13,-33,14,-33,11,0,0,-36,12,-35,11,-33,9,-34,11,-31,8,-32,10,-30,10,-30,8,-29,9,-28,12,-28,13,-27,12,-27,11,-26,12,-27,12,-26,12,-28,12,-27,11,-28,11,-27,9,-29,9,-28,6,-28,6,-28,5,-26,3,-26,0,-23,-3,-23,-3,0,0,0,0,0,0]"
CSI_DATA,2776097,1a:00:00:00:00:00,-55,11,-95,4,43,6,2776097,47,0,128,0,"[0,0,0,0,0,0,0,0,-4,-29,0,-27,0,-30,3,-31,7,-32,7,-34,12,-31,14,-30,16,-32,17,-28,17,-28,18,-26,19,-28,21,-28,19,-26,19,-26,19,-24,22,-28,20,-25,21,-23,19,-25,21,-25,21,-24,22,-24,23,-26,23,-25,25,-27,25,-26,0,0,26,-25,28,-24,26,-23,28,-23,26,-20,27,-23,24,-18,25,-18,25,-18,27,-23,25,-22,22,-19,23,-19,20,-18,24,-18,23,-17,24,-19,25,-17,26,-17,26,-15,26,-15,27,-12,27,-10,27,-9,27,-6,26,-4,23,1,23,0,0,0,0,0,0,0]"
CSI_DATA,2782097,1a:00:00:00:00:00,-55,11,-95,4,43,6,2782097,47,0,128,0,"[0,0,0,0,0,0,0,0,-17,23,-18,21,-20,23,-22,22,-22,22,-25,24,-24,21,-25,20,-27,22,-26,20,-25,20,-26,19,-27,21,-26,20,-23,19,-23,21,-21,21,-23,26,-21,24,-21,23,-21,25,-19,27,-18,28,-18,27,-18,30,-18,29,-17,32,-16,30,0,0,-14,34,-16,31,-15,32,-13,32,-11,29,-11,33,-10,29,-8,29,-7,30,-5,31,-4,32,-3,28,-3,29,1,28,-1,30,1,30,1,30,3,31,4,30,3,29,3,31,2,29,1,28,0,28,-3,26,-3,27,-5,23,-4,22,0,0,0,0,0,0]"
CSI_DATA,2786097,1a:00:00:00:00:00,-55,11,-95,4,43,6,2786097,47,0,128,0,"[0,0,0,0,0,0,0,0,27,8,27,10,28,9,30,11,28,12,31,13,29,14,30,14,30,14,28,14,29,15,27,16,30,15,30,15,28,13,30,12,31,9,34,7,31,6,29,4,32,4,33,2,32,1,35,1,34,-2,34,-2,37,-1,35,-2,0,0,36,-8,34,-9,35,-7,33,-10,32,-9,31,-12,29,-11,29,-12,29,-14,28,-16,27,-18,24,-18,24,-19,21,-19,19,-20,20,-22,19,-23,20,-23,19,-25,18,-22,19,-24,18,-21,20,-20,19,-21,20,-19,19,-19,17,-14,19,-14,0,0,0,0,0,0]"
CSI_DATA,2792097,1a:00:00:00:00:00,-55,11,-95,4,43,6,2792097,47,0,128,0,"[0,0,0,0,0,0,0,0,-27,11,-26,8,-27,9,-29,8,-31,5,-32,6,-33,4,-31,3,-33,4,-31,1,-33,3,-32,0,-33,3,-34,3,-31,3,-31,5,-30,6,-33,8,-30,8,-29,7,-30,8,-30,10,-30,12,-30,12,-31,16,-32,16,-31,16,-31,16,0,0,-33,19,-32,15,-30,18,-31,18,-26,17,-28,19,-26,17,-24,18,-23,19,-23,22,-23,22,-21,21,-20,23,-18,22,-18,23,-17,24,-16,25,-16,24,-16,25,-16,22,-17,26,-18,22,-17,22,-17,22,-19,21,-19,19,-18,15,-18,14,0,0,0,0,0,0]"
CSI_DATA,2796097,1a:00:00:00:00:00,-55,11,-95,4,43,6,2796097,47,0,128,0,"[0,0,0,0,0,0,0,0,19,23,17,22,18,24,19,25,18,28,19,29,17,27,15,28,17,28,15,28,18,28,14,28,15,29,16,28,17,27,18,28,19,24,24,24,22,22,21,20,24,22,26,19,27,19,27,18,30,19,30,19,30,19,30,15,0,0,34,13,33,16,33,15,33,12,30,11,33,9,31,7,30,6,31,4,31,3,31,2,30,1,31,1,28,-3,29,-4,28,-5,29,-6,30,-6,29,-8,28,-6,29,-8,28,-6,29,-5,27,-5,26,-3,25,-2,24,0,25,1,0,0,0,0,0,0]"
CSI_DATA,2806725,1a:00:00:00:00:00,-55,11,-95,4,43,6,2806725,47,0,128,0,"[0,0,0,0,0,0,0,0,24,-15,23,-13,26,-14,27,-13,29,-10,31,-12,33,-9,31,-9,33,-8,31,-6,31,-7,31,-5,32,-9,31,-9,30,-10,29,-11,28,-9,31,-13,28,-13,27,-13,27,-14,29,-15,28,-15,29,-16,28,-19,26,-19,30,-21,27,-21,0,0,28,-23,26,-22,25,-22,26,-24,23,-21,25,-24,21,-22,22,-22,20,-22,17,-27,15,-28,14,-25,14,-26,12,-24,13,-27,11,-26,11,-26,11,-28,11,-29,12,-26,11,-27,12,-24,12,-26,12,-24,13,-24,13,-22,14,-18,13,-18,0,0,0,0,0,0]"
CSI_DATA,2812097,1a:00:00:00:00:00,-55,11,-95,4,43,6,2812097,47,0,128,0,"[0,0,0,0,0,0,0,0,-23,-15,-22,-17,-23,-18,-24,-19,-24,-22,-24,-23,-22,-24,-20,-23,-22,-26,-18,-25,-21,-25,-17,-26,-19,-26,-19,-27,-20,-25,-22,-23,-21,-22,-24,-23,-23,-20,-23,-20,-23,-20,-24,-19,-25,-20,-26,-21,-26,-20,-29,-19,-29,-20,-25,-18,0,0,-31,-17,-30,-19,-30,-16,-31,-15,-28,-15,-30,-14,-28,-13,-27,-12,-29,-12,-31,-10,-30,-8,-28,-8,-30,-7,-29,-6,-29,-3,-28,-2,-29,-3,-28,-2,-30,-3,-27,-5,-29,-4,-28,-5,-27,-6,-26,-6,-25,-7,-24,-9,-22,-8,-22,-10,0,0,0,0,0,0]"
CSI_DATA,2818097,1a:00:00:00:00:00,-55,11,-95,4,43,6,2818097,47,0,128,0,"[0,0,0,0,0,0,0,0,28,-1,27,1,30,2,30,2,31,6,33,7,31,9,30,9,31,12,28,13,31,12,29,15,30,13,29,14,30,13,30,13,30,13,31,9,30,9,28,10,31,9,31,8,30,9,30,8,32,9,34,8,36,7,34,9,0,0,34,8,35,7,33,8,33,7,32,8,34,7,31,6,28,7,30,3,30,2,31,2,28,3,30,1,28,1,27,-1,29,-2,30,-1,28,0,29,-1,29,2,29,2,28,3,27,5,27,5,26,6,26,7,20,9,21,9,0,0,0,0,0,0]"
CSI_DATA,2824098,1a:00:00:00:00:00,-55,11,-95,4,43,6,2824098,47,0,128,0,"[0,0,0,0,0,0,0,0,-24,14,-23,11,-26,13,-29,11,-29,8,-32,8,-31,4,-31,3,-32,3,-30,0,-32,1,-29,-2,-32,-2,-33,-3,-31,-3,-31,0,-31,-2,-33,0,-31,0,-29,0,-31,0,-32,0,-31,-1,-32,-1,-34,0,-34,-1,-35,0,-35,1,0,0,-36,0,-35,-3,-35,-2,-36,-2,-31,-4,-33,-3,-32,-2,-31,-4,-30,-1,-33,-1,-31,1,-29,-1,-29,0,-28,1,-28,1,-29,2,-29,2,-28,1,-29,1,-28,-2,-28,-3,-27,-3,-27,-7,-27,-6,-26,-8,-24,-10,-20,-11,-20,-11,0,0,0,0,0,0]"
CSI_DATA,2828098,1a:00:00:00:00:00,-55,11,-95,4,43,6,2828098,47,0,128,0,"[0,0,0,0,0,0,0,0,24,15,21,15,22,18,23,20,23,21,24,24,22,25,19,24,20,26,15,27,17,27,14,26,16,28,16,29,16,27,18,27,17,27,19,26,19,24,18,23,21,25,20,24,21,24,23,26,19,26,22,28,22,28,21,27,0,0,25,28,23,25,23,26,22,27,20,24,22,25,20,23,20,24,20,21,22,22,23,21,22,20,22,19,22,18,23,18,23,16,25,17,22,18,24,16,21,18,22,20,20,20,19,20,19,21,16,22,15,22,10,20,11,21,0,0,0,0,0,0]"
CSI_DATA,2834098,1a:00:00:00:00:00,-55,11,-95,4,43,6,2834098,47,0,128,0,"[0,0,0,0,0,0,0,0,-27,7,-27,4,-29,3,-31,1,-31,0,-33,-1,-33,-4,-30,-7,-32,-9,-28,-12,-31,-11,-28,-13,-30,-12,-29,-14,-30,-13,-31,-12,-28,-13,-32,-13,-29,-10,-28,-12,-28,-12,-30,-11,-29,-12,-31,-12,-31,-13,-32,-11,-32,-12,-29,-12,0,0,-35,-16,-31,-16,-32,-14,-31,-14,-28,-15,-29,-14,-28,-15,-27,-14,-27,-12,-30,-11,-29,-10,-28,-10,-27,-10,-26,-10,-27,-9,-26,-9,-28,-10,-27,-12,-27,-12,-24,-14,-25,-14,-25,-14,-23,-16,-22,-17,-20,-17,-18,-18,-15,-17,-13,-19,0,0,0,0,0,0]"
CSI_DATA,2838098,1a:00:00:00:00:00,-55,11,-95,4,43,6,2838098,47,0,128,0,"[0,0,0,0,0,0,0,0,17,24,12,23,13,26,12,29,10,29,10,33,8,33,5,32,3,34,1,30,1,32,1,31,1,33,1,33,2,32,4,32,3,31,4,33,3,30,5,29,5,32,4,31,4,32,6,33,5,33,7,32,6,35,4,33,0,0,7,35,6,36,6,34,5,35,5,32,6,34,5,30,4,29,5,30,7,33,10,32,8,28,10,29,10,27,10,27,11,27,12,27,10,27,10,29,7,27,7,27,7,27,5,27,5,27,2,27,0,26,-1,22,-2,23,0,0,0,0,0,0]"
CSI_DATA,2844098,1a:00:00:00:00:00,-55,11,-95,4,43,6,2844098,47,0,128,0,"[0,0,0,0,0,0,0,0,-29,-7,-27,-10,-29,-12,-27,-14,-28,-16,-29,-17,-26,-20,-23,-21,-23,-23,-18,-24,-22,-25,-19,-25,-19,-26,-20,-27,-19,-26,-21,-25,-19,-25,-22,-26,-20,-23,-19,-24,-20,-24,-20,-26,-19,-26,-20,-26,-20,-26,-22,-25,-22,-27,-19,-28,0,0,-22,-31,-21,-30,-19,-28,-20,-29,-16,-28,-17,-29,-16,-28,-14,-25,-17,-26,-18,-26,-17,-25,-17,-24,-17,-25,-16,-22,-18,-23,-16,-23,-18,-24,-15,-24,-16,-24,-12,-25,-12,-26,-13,-26,-10,-26,-11,-27,-6,-26,-4,-25,-1,-24,-1,-23,0,0,0,0,0,0]"
CSI_DATA,2848098,1a:00:00:00:00:00,-55,11,-95,4,43,6,2848098,47,0,128,0,"[0,0,0,0,0,0,0,0,9,26,7,26,6,30,6,31,4,32,4,32,1,32,-3,31,-4,34,-7,30,-4,33,-8,31,-6,33,-8,33,-6,30,-4,32,-6,30,-3,35,-3,31,-4,31,-3,31,-3,32,-2,32,-2,32,-4,36,-3,33,-3,36,-4,34,0,0,-3,39,-3,36,-4,34,-3,36,-2,31,-2,34,-3,31,-2,30,-3,32,-2,34,1,31,1,28,2,30,3,27,2,30,2,27,3,30,1,29,1,29,-1,29,-1,29,-2,29,-4,28,-5,27,-8,26,-7,26,-9,22,-9,20,0,0,0,0,0,0]"
CSI_DATA,2850098,1a:00:00:00:00:00,-55,11,-95,4,43,6,2850098,47,0,128,0,"[0,0,0,0,0,0,0,0,19,22,16,22,17,25,17,26,16,27,18,30,16,30,13,29,14,30,12,29,13,29,13,29,15,28,16,30,17,28,19,28,18,26,22,26,21,23,20,21,21,23,24,22,25,22,26,22,27,21,30,20,33,20,28,19,0,0,29,19,32,18,31,15,31,16,30,12,31,13,30,10,28,10,28,9,30,6,31,4,30,1,31,1,28,-1,29,-1,28,-3,30,-5,29,-3,29,-4,28,-3,30,-3,28,-2,29,-2,27,-3,26,-2,26,0,23,1,24,1,0,0,0,0,0,0]"
CSI_DATA,2854098,1a:00:00:00:00:00,-55,11,-95,4,43,6,2854098,47,0,128,0,"[0,0,0,0,0,0,0,0,-23,-16,-21,-18,-22,-21,-22,-22,-20,-23,-21,-27,-17,-27,-15,-29,-13,-30,-9,-29,-11,-31,-8,-29,-10,-31,-10,-33,-9,-30,-10,-29,-9,-29,-11,-32,-10,-31,-8,-28,-11,-30,-8,-31,-7,-30,-9,-32,-8,-32,-10,-33,-10,-33,-8,-33,0,0,-6,-35,-7,-34,-8,-32,-7,-34,-5,-33,-5,-33,-5,-31,-2,-30,-4,-30,-5,-30,-7,-30,-7,-27,-6,-30,-6,-27,-7,-28,-6,-29,-7,-27,-6,-30,-5,-31,-1,-29,-2,-30,-1,-28,1,-28,1,-27,5,-26,7,-25,8,-21,8,-22,0,0,0,0,0,0]"
CSI_DATA,2860098,1a:00:00:00:00:00,-55,11,-95,4,43,6,2860098,47,0,128,0,"[0,0,0,0,0,0,0,0,9,28,7,27,6,29,7,30,5,31,6,33,3,34,3,32,2,34,0,31,2,33,1,31,3,32,4,34,7,32,7,33,7,30,9,32,9,29,9,28,13,29,14,30,13,28,16,29,17,31,19,29,20,32,20,31,0,0,22,30,24,29,23,27,22,28,22,22,25,25,23,22,21,21,22,20,26,20,27,17,25,14,27,14,27,12,27,11,26,9,28,8,27,10,29,10,27,9,29,9,27,10,26,9,25,10,25,12,24,12,20,12,20,12,0,0,0,0,0,0]"
CSI_DATA,2864098,1a:00:00:00:00:00,-55,11,-95,4,43,6,2864098,47,0,128,0,"[0,0,0,0,0,0,0,0,-15,-23,-12,-24,-13,-28,-10,-30,-8,-31,-7,-34,-4,-33,0,-32,1,-34,3,-33,5,-32,5,-31,4,-32,7,-31,5,-31,5,-32,5,-31,5,-35,5,-31,6,-31,5,-31,6,-32,6,-32,8,-32,6,-33,5,-33,8,-34,10,-33,0,0,9,-34,11,-35,9,-32,13,-33,10,-30,12,-31,11,-29,12,-27,11,-28,9,-29,8,-30,8,-27,9,-29,8,-27,9,-28,8,-28,8,-28,10,-28,11,-28,13,-26,16,-27,15,-23,15,-23,16,-22,19,-21,19,-17,18,-14,18,-13,0,0,0,0,0,0]"
CSI_DATA,2870098,1a:00:00:00:00:00,-55,11,-95,4,43,6,2870098,47,0,128,0,"[0,0,0,0,0,0,0,0,-2,29,-1,29,-4,30,-5,31,-6,32,-6,34,-8,32,-9,30,-11,32,-12,30,-11,31,-11,30,-9,32,-8,32,-6,31,-4,33,-4,30,-3,35,-3,31,-2,31,0,33,1,32,3,34,2,32,4,35,6,33,7,35,6,35,0,0,10,36,8,36,10,36,11,34,9,30,12,32,11,30,11,28,13,29,18,29,18,25,18,22,19,22,19,21,19,22,20,20,22,20,21,21,21,21,20,21,21,21,19,21,19,20,21,20,19,20,16,21,14,17,13,19,0,0,0,0,0,0]"
CSI_DATA,2874098,1a:00:00:00:00:00,-55,11,-95,4,43,6,2874098,47,0,128,0,"[0,0,0,0,0,0,0,0,27,-10,27,-9,29,-9,30,-8,32,-5,33,-7,33,-5,32,-5,35,-5,33,-4,31,-5,32,-6,32,-7,33,-10,31,-10,30,-12,28,-12,32,-14,27,-13,28,-15,28,-15,27,-18,26,-20,26,-19,25,-25,24,-25,25,-27,23,-27,0,0,24,-30,25,-27,22,-27,22,-30,17,-27,17,-30,15,-27,14,-27,14,-26,10,-31,7,-31,5,-30,4,-32,2,-28,3,-30,3,-29,-2,-29,-1,-29,-1,-31,-1,-28,-2,-31,1,-28,-3,-28,-2,-27,-1,-27,-1,-25,4,-23,3,-22,0,0,0,0,0,0]"
CSI_DATA,2880098,1a:00:00:00:00:00,-54,11,-95,4,43,6,2880098,47,0,128,0,"[0,0,0,0,0,0,0,0,-18,23,-18,21,-19,23,-22,22,-23,22,-24,24,-25,20,-26,20,-27,21,-27,18,-27,19,-25,19,-25,21,-25,22,-24,23,-21,25,-22,23,-24,25,-22,24,-20,23,-19,26,-19,26,-18,28,-17,27,-17,30,-15,32,-17,33,-14,31,0,0,-12,34,-17,33,-14,32,-14,33,-12,30,-10,33,-11,30,-8,29,-7,31,-2,33,-1,32,-1,30,0,30,1,28,1,30,1,29,4,30,3,30,3,30,3,30,3,30,1,28,3,30,3,28,0,27,0,26,-4,23,-4,22,0,0,0,0,0,0]"
CSI_DATA,2884098,1a:00:00:00:00:00,-55,11,-95,4,43,6,2884098,47,0,128,0,"[0,0,0,0,0,0,0,0,29,6,27,6,28,7,30,8,32,11,32,12,32,12,31,12,32,14,30,13,31,13,29,12,32,10,33,9,32,8,33,6,32,6,34,3,32,2,31,2,33,1,34,0,33,-2,33,-3,34,-5,35,-7,36,-8,34,-8,0,0,34,-14,35,-11,34,-10,34,-15,30,-12,32,-16,28,-14,27,-14,27,-16,26,-21,23,-21,22,-22,21,-23,19,-22,19,-22,17,-24,15,-26,16,-25,17,-26,17,-24,15,-26,17,-23,15,-25,16,-23,16,-22,16,-20,16,-17,15,-16,0,0,0,0,0,0]"
CSI_DATA,2890098,1a:00:00:00:00:00,-54,11,-95,4,43,6,2890098,47,0,128,0,"[0,0,0,0,0,0,0,0,-27,14,-26,12,-28,12,-29,11,-32,8,-33,9,-33,6,-33,6,-32,8,-32,4,-34,6,-33,4,-34,6,-34,8,-33,7,-31,9,-29,9,-33,11,-30,11,-30,11,-28,12,-31,14,-29,16,-30,15,-31,19,-30,21,-29,23,-28,20,0,0,-30,25,-29,21,-29,21,-28,24,-26,19,-26,22,-24,22,-21,21,-21,24,-19,28,-18,26,-16,26,-17,26,-14,25,-15,27,-13,26,-13,27,-13,28,-13,29,-12,26,-12,28,-13,25,-13,26,-13,25,-15,23,-15,22,-15,19,-14,18,0,0,0,0,0,0]"
CSI_DATA,2894098,1a:00:00:00:00:00,-55,11,-95,4,43,6,2894098,47,0,128,0,"[0,0,0,0,0,0,0,0,25,17,23,18,25,18,25,19,25,23,25,23,23,26,23,23,24,25,20,24,22,25,23,24,23,23,25,22,25,21,27,20,24,19,31,18,27,16,28,16,31,15,31,13,31,13,31,12,34,10,35,9,35,8,34,8,0,0,36,4,37,5,37,4,35,3,32,2,36,1,32,-1,32,0,32,-2,32,-8,31,-9,29,-10,29,-10,26,-11,28,-12,26,-12,27,-15,26,-14,27,-16,26,-14,26,-15,26,-13,26,-14,25,-13,25,-11,24,-10,21,-7,23,-8,0,0,0,0,0,0]"
CSI_DATA,2900098,1a:00:00:00:00:00,-54,11,-95,4,43,6,2900098,47,0,128,0,"[0,0,0,0,0,0,0,0,-30,-1,-28,-2,-32,-3,-32,-5,-33,-8,-33,-7,-32,-10,-33,-9,-33,-10,-30,-12,-31,-12,-30,-12,-32,-12,-32,-11,-31,-11,-32,-8,-31,-7,-35,-6,-31,-5,-32,-5,-32,-5,-34,-3,-34,-1,-33,-3,-36,0,-36,2,-38,3,-35,1,0,0,-37,5,-38,3,-35,3,-36,5,-33,4,-35,6,-32,6,-31,6,-30,8,-29,11,-30,13,-27,12,-28,13,-25,14,-26,14,-25,14,-26,17,-25,16,-27,17,-25,16,-26,16,-25,14,-26,13,-26,13,-24,11,-26,9,-23,7,-23,6,0,0,0,0,0,0]"
CSI_DATA,2909255,1a:00:00:00:00:00,-55,11,-95,4,43,6,2909255,47,0,128,0,"[0,0,0,0,0,0,0,0,17,25,15,23,15,26,15,28,14,30,15,32,12,32,12,32,13,32,9,31,11,31,12,31,12,31,13,32,14,30,16,30,16,28,18,30,17,26,16,26,19,26,21,25,22,24,23,24,26,26,24,24,29,24,30,22,0,0,29,25,29,23,29,22,29,21,28,18,31,18,29,15,28,16,28,13,32,9,31,8,30,7,30,6,28,4,29,5,29,3,31,2,30,4,30,2,29,3,30,3,30,3,29,3,29,3,28,6,26,6,22,7,23,7,0,0,0,0,0,0]"
CSI_DATA,2914098,1a:00:00:00:00:00,-54,11,-95,4,43,6,2914098,47,0,128,0,"[0,0,0,0,0,0,0,0,1,30,-1,29,-1,30,-2,32,-4,33,-5,35,-6,34,-7,32,-7,34,-9,31,-9,33,-9,31,-6,35,-6,34,-4,32,-2,32,-2,32,0,34,1,31,0,31,4,33,4,33,5,33,6,33,7,36,9,34,11,37,10,35,0,0,13,34,13,35,13,32,14,34,14,30,16,32,16,29,15,26,17,27,21,25,21,25,21,22,22,22,21,19,23,19,24,19,26,18,24,19,24,17,23,19,25,19,22,18,24,18,23,16,20,18,18,19,17,17,16,18,0,0,0,0,0,0]"
CSI_DATA,2920098,1a:00:00:00:00:00,-54,11,-95,4,43,6,2920098,47,0,128,0,"[0,0,0,0,0,0,0,0,-14,-26,-12,-25,-11,-28,-12,-29,-11,-30,-11,-33,-8,-32,-6,-33,-8,-33,-6,-31,-7,-34,-4,-31,-5,-34,-4,-34,-6,-32,-8,-33,-9,-32,-11,-33,-11,-30,-10,-30,-13,-32,-15,-30,-17,-30,-17,-29,-17,-31,-17,-32,-17,-33,-15,-31,0,0,-21,-33,-18,-31,-20,-32,-18,-31,-19,-27,-24,-29,-21,-24,-19,-25,-21,-25,-22,-23,-24,-23,-21,-22,-23,-21,-23,-18,-22,-19,-24,-19,-25,-16,-25,-18,-26,-16,-23,-16,-26,-17,-24,-18,-22,-18,-21,-19,-19,-21,-19,-21,-15,-19,-15,-20,0,0,0,0,0,0]"
CSI_DATA,2924098,1a:00:00:00:00:00,-54,11,-95,4,43,6,2924098,47,0,128,0,"[0,0,0,0,0,0,0,0,-18,23,-18,21,-22,22,-23,25,-23,21,-27,23,-25,21,-27,22,-26,22,-25,21,-26,21,-25,19,-27,20,-27,21,-24,22,-23,23,-22,24,-22,27,-21,27,-19,23,-19,27,-16,29,-14,30,-15,30,-16,31,-14,31,-16,35,-15,32,0,0,-13,37,-13,33,-12,35,-10,33,-10,33,-6,34,-6,31,-6,32,-3,30,-2,30,-1,32,1,30,0,31,5,30,4,29,5,31,7,29,6,31,7,29,6,28,7,30,6,28,5,29,4,28,1,28,2,28,0,23,-2,25,0,0,0,0,0,0]"
CSI_DATA,2930098,1a:00:00:00:00:00,-54,11,-95,4,43,6,2930098,47,0,128,0,"[0,0,0,0,0,0,0,0,-7,-29,-2,-29,-2,-30,-1,-34,-1,-31,0,-35,3,-32,4,-33,4,-33,5,-32,5,-34,6,-31,5,-34,7,-35,4,-32,4,-32,2,-31,1,-34,3,-31,1,-31,-1,-33,-2,-33,-3,-32,-5,-32,-3,-36,-4,-34,-5,-37,-4,-36,0,0,-7,-36,-6,-37,-6,-34,-6,-36,-6,-31,-12,-33,-9,-31,-9,-29,-8,-31,-12,-32,-13,-30,-14,-27,-14,-28,-15,-26,-13,-26,-16,-27,-16,-25,-16,-27,-17,-26,-14,-26,-16,-27,-14,-27,-12,-26,-11,-26,-9,-26,-9,-27,-5,-23,-5,-24,0,0,0,0,0,0]"
CSI_DATA,2936098,1a:00:00:00:00:00,-54,11,-95,4,43,6,2936098,47,0,128,0,"[0,0,0,0,0,0,0,0,20,21,19,22,18,24,18,27,18,27,18,31,15,29,13,32,14,32,11,31,11,32,8,31,9,32,7,34,9,31,11,32,11,31,13,31,11,30,11,28,15,31,15,30,17,30,15,30,16,31,15,32,17,34,14,32,0,0,17,35,16,33,15,35,15,33,14,29,18,29,16,28,16,26,16,27,16,27,16,28,16,26,17,26,17,24,18,23,18,24,19,23,18,25,19,25,17,24,18,26,16,24,14,25,11,27,10,27,9,26,4,22,6,24,0,0,0,0,0,0]"
CSI_DATA,2940098,1a:00:00:00:00:00,-54,11,-95,4,43,6,2940098,47,0,128,0,"[0,0,0,0,0,0,0,0,11,-26,13,-25,16,-26,17,-28,18,-27,20,-28,20,-26,23,-26,23,-26,23,-24,24,-25,25,-22,25,-24,26,-24,22,-23,21,-25,22,-24,22,-27,21,-26,19,-24,20,-28,18,-28,16,-28,17,-29,19,-29,19,-30,17,-32,19,-31,0,0,17,-34,16,-32,16,-33,16,-33,15,-30,13,-32,12,-29,12,-30,10,-30,8,-32,9,-32,8,-28,7,-30,5,-28,5,-29,4,-31,3,-29,4,-31,2,-31,4,-30,3,-30,5,-30,7,-28,7,-27,10,-26,11,-26,11,-20,11,-22,0,0,0,0,0,0]"
CSI_DATA,2946098,1a:00:00:00:00:00,-54,11,-95,4,43,6,2946098,47,0,128,0,"[0,0,0,0,0,0,0,0,7,28,4,28,3,31,1,33,0,32,-1,35,-4,33,-6,33,-8,34,-10,31,-9,34,-10,30,-11,32,-12,32,-10,31,-8,33,-9,31,-7,34,-8,32,-7,29,-6,33,-6,33,-6,33,-6,33,-7,35,-5,34,-5,36,-7,36,0,0,-5,39,-6,36,-6,37,-5,35,-6,31,-7,34,-5,32,-5,30,-4,32,-4,32,-3,32,-1,31,-1,31,0,29,1,29,1,32,1,30,-2,32,-1,30,-3,30,-3,31,-3,28,-6,28,-6,28,-8,27,-11,26,-10,21,-12,21,0,0,0,0,0,0]"
CSI_DATA,2950098,1a:00:00:00:00:00,-54,11,-95,4,43,6,2950098,47,0,128,0,"[0,0,0,0,0,0,0,0,22,-18,25,-15,26,-16,29,-17,29,-13,32,-16,31,-12,32,-11,33,-12,31,-8,32,-9,30,-6,33,-7,34,-7,32,-8,31,-8,32,-10,32,-14,30,-13,29,-11,30,-14,30,-15,30,-16,29,-16,31,-16,32,-15,33,-17,33,-16,0,0,32,-22,31,-20,32,-18,30,-18,30,-17,30,-19,28,-18,26,-16,24,-19,22,-21,25,-22,22,-18,23,-22,20,-21,20,-23,20,-24,19,-24,22,-23,20,-23,20,-22,20,-23,21,-20,20,-19,22,-18,23,-15,23,-16,20,-10,22,-11,0,0,0,0,0,0]"
CSI_DATA,2952098,1a:00:00:00:00:00,-54,11,-95,4,43,6,2952098,47,0,128,0,"[0,0,0,0,0,0,0,0,-21,-20,-18,-20,-20,-24,-21,-25,-18,-27,-18,-30,-15,-30,-11,-30,-11,-33,-8,-30,-8,-33,-6,-31,-6,-33,-4,-34,-6,-33,-8,-33,-6,-33,-8,-34,-7,-31,-6,-31,-7,-33,-7,-31,-7,-33,-7,-33,-5,-34,-7,-34,-8,-37,-4,-37,0,0,-7,-38,-6,-38,-5,-35,-4,-37,-3,-34,-4,-34,-3,-31,-3,-31,-4,-32,-4,-34,-4,-32,-5,-29,-5,-30,-6,-29,-6,-30,-5,-30,-6,-30,-3,-30,-3,-31,-1,-30,-1,-32,0,-29,2,-28,3,-28,7,-28,8,-26,9,-22,10,-21,0,0,0,0,0,0]"
CSI_DATA,2956098,1a:00:00:00:00:00,-54,11,-95,4,43,6,2956098,47,0,128,0,"[0,0,0,0,0,0,0,0,-8,27,-10,27,-12,29,-15,30,-17,27,-17,30,-20,27,-22,25,-22,25,-24,22,-24,25,-24,21,-25,23,-26,23,-25,21,-24,23,-23,22,-24,26,-22,24,-23,22,-23,23,-22,24,-22,25,-22,26,-24,27,-23,26,-24,28,-25,27,0,0,-26,31,-24,28,-23,27,-25,27,-22,25,-24,25,-23,24,-20,22,-22,24,-21,26,-19,26,-18,24,-18,25,-16,24,-16,26,-16,26,-16,26,-17,26,-18,26,-20,23,-19,25,-19,22,-20,21,-20,21,-21,17,-22,16,-20,11,-21,11,0,0,0,0,0,0]"
CSI_DATA,2960098,1a:00:00:00:00:00,-54,11,-95,4,43,6,2960098,47,0,128,0,"[0,0,0,0,0,0,0,0,28,-11,29,-8,30,-9,31,-7,33,-5,33,-5,35,-2,32,-1,36,0,32,4,32,1,33,4,34,1,34,3,33,2,33,1,31,1,36,-3,32,-2,31,-1,32,-2,34,-3,34,-4,34,-5,35,-5,36,-6,37,-6,35,-5,0,0,38,-6,37,-7,34,-7,36,-8,33,-7,35,-7,32,-6,32,-6,29,-8,30,-12,30,-12,28,-10,28,-12,25,-11,28,-16,24,-15,27,-15,27,-13,27,-14,27,-11,28,-12,28,-10,28,-10,26,-8,27,-7,26,-6,25,-2,24,-3,0,0,0,0,0,0]"
CSI_DATA,2966098,1a:00:00:00:00:00,-54,11,-95,4,43,6,2966098,47,0,128,0,"[0,0,0,0,0,0,0,0,-18,23,-19,22,-21,23,-23,23,-25,23,-26,22,-28,21,-29,18,-32,18,-30,13,-31,16,-32,10,-31,13,-31,12,-31,12,-31,14,-29,12,-31,17,-28,15,-28,15,-29,14,-29,16,-29,16,-30,16,-32,17,-32,17,-34,15,-32,16,0,0,-32,19,-32,15,-31,16,-33,17,-28,13,-31,15,-30,15,-29,12,-29,14,-30,17,-27,17,-25,16,-27,16,-24,15,-25,19,-23,18,-26,19,-25,17,-26,17,-26,14,-27,15,-26,12,-28,11,-26,10,-27,8,-26,6,-22,3,-24,2,0,0,0,0,0,0]"
CSI_DATA,2970098,1a:00:00:00:00:00,-54,11,-95,4,43,6,2970098,47,0,128,0,"[0,0,0,0,0,0,0,0,29,8,28,8,29,10,30,12,30,14,33,15,30,17,28,18,30,21,23,22,26,21,24,22,27,22,26,22,27,22,29,21,26,19,31,18,26,17,26,16,27,17,30,18,28,17,31,17,30,18,32,16,34,17,31,17,0,0,32,19,33,15,32,14,33,16,31,14,32,16,30,14,28,13,28,12,30,11,31,8,29,8,31,8,29,6,29,4,30,5,31,5,30,6,29,8,29,9,29,9,28,9,28,10,27,10,26,11,23,12,19,13,20,13,0,0,0,0,0,0]"
CSI_DATA,2976098,1a:00:00:00:00:00,-54,11,-95,4,43,6,2976098,47,0,128,0,"[0,0,0,0,0,0,0,0,-27,12,-28,11,-29,10,-30,7,-33,5,-34,6,-33,4,-33,-1,-35,-1,-32,-5,-34,-3,-32,-7,-33,-4,-33,-5,-33,-6,-34,-3,-32,-5,-35,-1,-32,-2,-31,-2,-32,-4,-34,-3,-32,-3,-33,-3,-35,-4,-37,-2,-38,-3,-34,-4,0,0,-37,-3,-38,-3,-36,-4,-37,-4,-33,-5,-35,-5,-32,-5,-31,-5,-31,-4,-33,-1,-33,0,-31,-1,-32,-1,-29,0,-30,0,-29,1,-32,1,-30,0,-30,-1,-28,-4,-30,-4,-29,-5,-28,-7,-29,-7,-25,-9,-25,-10,-21,-12,-20,-12,0,0,0,0,0,0]"
CSI_DATA,2980098,1a:00:00:00:00:00,-54,11,-95,4,43,6,2980098,47,0,128,0,"[0,0,0,0,0,0,0,0,24,19,21,19,22,22,21,26,21,26,21,29,18,28,16,28,15,31,11,31,13,32,11,30,13,32,13,32,13,30,16,31,15,28,17,31,17,28,16,28,16,28,18,29,16,29,19,31,17,32,20,30,22,31,19,31,0,0,21,34,21,29,19,28,22,30,18,27,21,28,18,26,19,27,17,26,21,27,22,23,21,21,23,21,21,19,23,20,22,19,24,19,22,21,22,21,20,23,21,23,19,22,18,23,18,22,16,24,13,24,10,22,9,22,0,0,0,0,0,0]"
CSI_DATA,2986187,1a:00:00:00:00:00,-54,11,-95,4,43,6,2986187,47,0,128,0,"[0,0,0,0,0,0,0,0,-24,-19,-22,-20,-21,-24,-20,-26,-19,-28,-19,-28,-16,-31,-13,-31,-12,-33,-8,-32,-9,-33,-8,-31,-9,-33,-8,-34,-10,-32,-9,-33,-8,-31,-9,-34,-7,-32,-8,-31,-9,-31,-10,-33,-10,-32,-9,-33,-10,-35,-11,-34,-10,-36,-8,-35,0,0,-12,-36,-8,-36,-8,-34,-7,-36,-6,-31,-6,-35,-7,-32,-6,-30,-6,-31,-11,-32,-9,-33,-10,-28,-9,-29,-9,-27,-9,-28,-8,-27,-10,-30,-8,-30,-8,-30,-4,-28,-5,-30,-3,-30,-2,-30,-2,-28,2,-27,3,-27,6,-23,7,-23,0,0,0,0,0,0]"
CSI_DATA,2992098,1a:00:00:00:00:00,-54,11,-95,4,43,6,2992098,47,0,128,0,"[0,0,0,0,0,0,0,0,22,22,20,22,21,23,21,25,21,27,22,28,20,28,18,28,20,30,15,28,19,27,16,30,20,28,22,27,22,26,24,24,22,24,29,23,26,21,25,20,28,19,29,18,28,18,31,18,33,16,34,12,35,12,34,13,0,0,35,12,35,10,35,8,35,8,34,6,36,6,32,4,32,4,31,3,34,-2,32,-4,30,-6,32,-8,28,-7,29,-10,28,-11,30,-13,29,-11,28,-12,28,-11,29,-11,27,-11,28,-10,26,-13,26,-9,26,-8,24,-6,24,-6,0,0,0,0,0,0]"
CSI_DATA,2996098,1a:00:00:00:00:00,-54,11,-95,4,43,6,2996098,47,0,128,0,"[0,0,0,0,0,0,0,0,-27,-14,-24,-16,-24,-19,-25,-23,-24,-24,-25,-26,-21,-27,-18,-29,-17,-31,-11,-30,-15,-32,-11,-30,-13,-33,-14,-33,-14,-32,-15,-31,-13,-30,-16,-32,-13,-29,-14,-30,-15,-30,-14,-32,-14,-30,-14,-33,-14,-33,-16,-33,-15,-35,-14,-35,0,0,-13,-36,-15,-34,-14,-33,-12,-34,-11,-32,-11,-34,-11,-31,-9,-30,-10,-28,-13,-30,-13,-30,-13,-27,-14,-29,-13,-26,-13,-28,-12,-28,-15,-27,-12,-30,-11,-30,-9,-29,-7,-30,-7,-28,-4,-30,-5,-28,-1,-28,1,-27,3,-24,3,-24,0,0,0,0,0,0]"
CSI_DATA,3002098,1a:00:00:00:00:00,-54,11,-95,4,43,6,3002098,47,0,128,0,"[0,0,0,0,0,0,0,0,11,28,10,27,9,29,9,32,7,34,8,34,6,35,5,34,4,35,3,33,5,34,5,34,6,34,8,34,9,32,11,34,11,30,14,33,13,29,13,29,16,28,18,30,18,28,20,28,23,29,25,26,25,28,25,27,0,0,27,28,29,26,27,24,28,25,26,20,30,22,27,18,27,16,27,17,32,14,31,13,30,7,31,9,29,5,31,6,29,5,32,4,31,3,32,3,30,4,31,4,29,4,30,4,29,3,28,5,25,6,23,7,23,7,0,0,0,0,0,0]"
CSI_DATA,3006414,1a:00:00:00:00:00,-54,11,-95,4,43,6,3006414,47,0,128,0,"[0,0,0,0,0,0,0,0,-29,-11,-25,-14,-27,-16,-27,-20,-25,-22,-27,-24,-23,-25,-20,-28,-20,-29,-15,-30,-17,-30,-15,-29,-17,-30,-15,-32,-15,-29,-16,-30,-14,-29,-17,-31,-14,-29,-13,-28,-16,-32,-15,-31,-14,-31,-14,-33,-15,-32,-15,-32,-16,-33,-12,-33,0,0,-14,-35,-12,-35,-13,-34,-10,-34,-9,-33,-11,-35,-10,-33,-8,-31,-9,-30,-10,-31,-12,-31,-11,-29,-11,-30,-10,-28,-10,-27,-9,-29,-11,-28,-9,-30,-8,-30,-5,-30,-5,-31,-2,-29,-2,-29,-1,-29,4,-26,6,-26,7,-23,8,-23,0,0,0,0,0,0]"
CSI_DATA,3011644,1a:00:00:00:00:00,-54,11,-95,4,43,6,3011644,47,0,128,0,"[0,0,0,0,0,0,0,0,-30,5,-30,2,-32,0,-33,-2,-33,-5,-36,-6,-33,-9,-31,-11,-33,-13,-30,-18,-31,-16,-27,-19,-28,-18,-29,-21,-29,-19,-29,-19,-28,-20,-30,-18,-28,-19,-24,-18,-28,-19,-28,-19,-27,-20,-29,-21,-29,-22,-29,-20,-29,-24,-28,-25,0,0,-29,-26,-27,-25,-28,-25,-25,-25,-24,-24,-24,-26,-22,-26,-22,-25,-22,-23,-23,-24,-24,-23,-22,-23,-23,-22,-21,-24,-21,-20,-23,-22,-22,-23,-20,-24,-19,-24,-16,-25,-18,-25,-15,-27,-14,-27,-12,-26,-8,-28,-7,-26,-3,-23,-2,-24,0,0,0,0,0,0]"
CSI_DATA,3016706,1a:00:00:00:00:00,-54,11,-95,4,43,6,3016706,47,0,128,0,"[0,0,0,0,0,0,0,0,-29,0,-29,-1,-32,-1,-32,-3,-33,-4,-35,-3,-34,-7,-34,-6,-34,-6,-31,-9,-34,-7,-32,-8,-34,-5,-35,-6,-33,-4,-34,-2,-32,-2,-36,4,-31,5,-31,4,-32,6,-33,7,-33,8,-32,9,-33,12,-33,14,-36,14,-35,15,0,0,-35,18,-33,19,-32,19,-31,20,-28,18,-29,20,-27,20,-25,19,-24,22,-23,24,-21,25,-19,24,-18,26,-16,25,-14,27,-12,27,-11,29,-13,28,-13,29,-13,27,-12,29,-13,26,-13,26,-12,27,-13,25,-14,25,-13,22,-13,20,0,0,0,0,0,0]"
CSI_DATA,3022099,1a:00:00:00:00:00,-54,11,-95,4,43,6,3022099,47,0,128,0,"[0,0,0,0,0,0,0,0,-17,25,-17,22,-19,25,-21,24,-23,24,-25,25,-25,23,-27,23,-27,24,-27,20,-26,22,-26,21,-26,24,-25,24,-22,24,-22,26,-21,24,-21,29,-18,28,-19,27,-18,29,-17,30,-15,31,-16,31,-15,35,-14,34,-12,35,-12,35,0,0,-9,38,-11,37,-8,36,-8,37,-8,34,-5,36,-5,32,-4,31,-1,32,4,33,3,33,5,29,6,30,5,29,8,30,8,29,11,32,11,30,11,31,9,29,10,30,8,28,9,29,8,29,7,27,5,26,2,23,3,25,0,0,0,0,0,0]"
CSI_DATA,3028099,1a:00:00:00:00:00,-54,11,-95,4,43,6,3028099,47,0,128,0,"[0,0,0,0,0,0,0,0,4,-29,5,-27,8,-31,11,-32,12,-31,13,-33,15,-31,16,-29,16,-31,19,-28,19,-29,18,-28,16,-30,16,-31,13,-30,13,-31,13,-30,13,-34,12,-32,12,-31,10,-31,10,-31,10,-32,8,-33,8,-35,6,-36,6,-38,6,-37,0,0,5,-39,5,-36,5,-36,5,-36,2,-32,3,-35,3,-33,2,-32,1,-34,-3,-35,-4,-33,-6,-30,-5,-31,-6,-28,-6,-31,-7,-30,-9,-30,-8,-30,-8,-31,-7,-31,-7,-31,-5,-30,-5,-29,-5,-29,-2,-29,-1,-28,2,-24,1,-24,0,0,0,0,0,0]"
CSI_DATA,3032099,1a:00:00:00:00:00,-54,11,-95,4,43,6,3032099,47,0,128,0,"[0,0,0,0,0,0,0,0,-29,10,-27,8,-30,8,-31,6,-34,3,-34,4,-36,2,-34,1,-35,2,-34,0,-34,1,-33,0,-34,3,-35,3,-33,5,-33,6,-31,6,-35,9,-31,9,-30,8,-32,12,-32,10,-31,14,-32,13,-33,18,-32,18,-33,19,-30,21,0,0,-33,21,-32,20,-31,21,-30,23,-26,22,-27,23,-25,21,-23,21,-22,23,-20,26,-19,28,-17,26,-17,27,-14,26,-15,28,-14,27,-12,29,-13,28,-13,30,-14,27,-13,30,-15,26,-14,27,-13,26,-14,25,-15,24,-15,19,-16,19,0,0,0,0,0,0]"
CSI_DATA,3038099,1a:00:00:00:00:00,-54,11,-95,4,43,6,3038099,47,0,128,0,"[0,0,0,0,0,0,0,0,22,-20,22,-18,24,-19,27,-19,28,-17,30,-18,30,-15,31,-14,31,-15,31,-12,32,-13,31,-11,32,-13,33,-14,30,-13,30,-15,29,-15,30,-17,29,-18,26,-16,28,-18,29,-20,27,-21,27,-21,28,-22,27,-22,29,-24,27,-25,0,0,26,-26,28,-25,27,-22,27,-25,24,-23,24,-25,22,-24,22,-23,21,-24,20,-29,20,-29,16,-26,17,-27,13,-27,16,-28,14,-28,14,-28,14,-28,14,-29,14,-27,14,-29,15,-25,15,-25,17,-24,18,-23,17,-21,17,-18,20,-17,0,0,0,0,0,0]"
CSI_DATA,3042099,1a:00:00:00:00:00,-54,11,-95,4,43,6,3042099,47,0,128,0,"[0,0,0,0,0,0,0,0,-29,-8,-28,-9,-30,-11,-29,-12,-29,-15,-31,-16,-29,-19,-29,-16,-29,-19,-26,-19,-28,-18,-28,-19,-29,-16,-30,-17,-29,-16,-30,-14,-29,-14,-33,-13,-30,-10,-29,-10,-31,-10,-33,-9,-32,-6,-33,-6,-37,-3,-36,-3,-37,-3,-34,-3,0,0,-39,0,-38,-2,-36,0,-36,1,-33,0,-35,2,-33,2,-32,3,-30,4,-32,8,-33,11,-29,9,-30,12,-28,13,-27,13,-27,12,-27,14,-27,14,-28,16,-27,14,-28,15,-27,12,-28,14,-28,12,-26,10,-26,9,-24,5,-25,5,0,0,0,0,0,0]"
CSI_DATA,3048099,1a:00:00:00:00:00,-54,11,-95,4,43,6,3048099,47,0,128,0,"[0,0,0,0,0,0,0,0,29,-4,27,-1,30,-1,33,-1,32,3,36,3,33,6,33,5,33,6,32,7,33,7,31,9,33,8,32,9,32,7,32,6,32,6,35,2,33,3,30,4,34,2,33,0,33,-1,33,0,35,-1,35,1,38,-1,35,-1,0,0,37,-3,37,-2,38,-2,36,-4,33,-3,35,-6,32,-7,30,-6,33,-8,33,-10,32,-10,30,-10,31,-12,27,-12,28,-12,29,-13,28,-14,29,-13,29,-16,27,-11,29,-13,28,-11,29,-8,29,-6,28,-7,28,-5,25,-2,24,-1,0,0,0,0,0,0]"
CSI_DATA,3054099,1a:00:00:00:00:00,-54,11,-95,4,43,6,3054099,47,0,128,0,"[0,0,0,0,0,0,0,0,-21,22,-20,18,-23,20,-24,19,-27,18,-29,18,-30,15,-30,13,-32,13,-30,11,-31,11,-30,9,-33,10,-32,10,-30,10,-31,11,-30,10,-32,13,-29,12,-30,10,-31,12,-29,12,-30,13,-31,14,-31,16,-31,15,-32,16,-31,14,0,0,-31,17,-33,15,-33,14,-34,15,-30,14,-32,14,-30,14,-28,15,-28,14,-28,19,-27,18,-25,15,-26,17,-23,17,-25,17,-24,17,-25,20,-25,18,-27,19,-26,16,-27,17,-27,13,-28,13,-26,12,-27,10,-26,7,-24,4,-25,3,0,0,0,0,0,0]"
CSI_DATA,3060099,1a:00:00:00:00:00,-55,11,-95,4,43,6,3060099,47,0,128,0,"[0,0,0,0,0,0,0,0,6,-28,8,-26,9,-27,11,-29,15,-27,17,-30,19,-27,21,-25,21,-27,21,-23,24,-23,23,-22,26,-22,26,-23,24,-21,24,-21,23,-21,25,-24,23,-21,24,-20,24,-21,23,-21,23,-23,23,-21,26,-25,26,-23,27,-24,26,-22,0,0,30,-24,28,-23,27,-21,28,-21,27,-21,26,-21,24,-19,24,-18,24,-20,24,-23,25,-22,23,-19,23,-21,21,-19,23,-20,23,-20,22,-21,24,-20,25,-20,24,-16,26,-19,26,-14,26,-13,26,-11,28,-9,28,-7,23,-3,24,-2,0,0,0,0,0,0]"
CSI_DATA,3066099,1a:00:00:00:00:00,-55,11,-95,4,43,6,3066099,47,0,128,0,"[0,0,0,0,0,0,0,0,-25,15,-24,13,-26,14,-29,14,-29,12,-32,14,-29,11,-31,10,-30,13,-31,10,-30,12,-28,9,-32,12,-30,11,-29,12,-28,14,-27,14,-28,18,-26,18,-24,16,-24,21,-23,22,-21,22,-21,22,-23,26,-23,25,-23,26,-21,28,0,0,-19,30,-19,29,-17,29,-16,30,-16,27,-13,32,-12,29,-11,28,-10,30,-8,32,-8,32,-4,29,-4,31,-1,29,-1,29,0,29,3,29,2,30,4,31,2,30,5,32,2,28,1,28,-1,29,-2,28,-2,28,-3,24,-4,24,0,0,0,0,0,0]"
CSI_DATA,3070099,1a:00:00:00:00:00,-55,11,-95,4,43,6,3070099,47,0,128,0,"[0,0,0,0,0,0,0,0,19,-21,19,-18,22,-18,25,-20,27,-16,30,-16,29,-13,30,-11,31,-13,30,-8,31,-10,30,-5,31,-6,32,-5,31,-5,32,-6,31,-5,32,-7,30,-7,28,-5,31,-5,32,-7,30,-7,31,-6,33,-7,33,-6,36,-5,34,-6,0,0,38,-4,33,-2,35,-1,34,-4,32,-3,35,-2,31,-2,31,-1,31,-3,32,-5,30,-4,29,-3,30,-4,27,-4,30,-5,29,-5,30,-5,31,-3,29,-4,29,-2,30,-1,29,1,29,4,27,5,28,7,26,7,21,10,20,11,0,0,0,0,0,0]"
CSI_DATA,3076099,1a:00:00:00:00:00,-55,11,-95,4,43,6,3076099,47,0,128,0,"[0,0,0,0,0,0,0,0,-27,0,-28,-1,-29,-2,-32,-3,-29,-5,-34,-4,-31,-6,-32,-7,-32,-5,-29,-7,-32,-5,-29,-8,-32,-6,-33,-8,-30,-5,-32,-3,-31,-1,-32,2,-33,2,-29,2,-31,3,-31,5,-30,6,-31,6,-33,10,-34,8,-34,10,-33,10,0,0,-34,13,-31,13,-32,15,-30,15,-29,15,-29,16,-27,16,-25,16,-24,18,-24,21,-24,23,-21,21,-20,22,-18,21,-17,22,-16,24,-14,25,-16,26,-15,27,-14,24,-15,26,-16,24,-16,23,-15,22,-18,21,-17,21,-15,16,-15,16,0,0,0,0,0,0]"
CSI_DATA,3080099,1a:00:00:00:00:00,-55,11,-95,4,43,6,3080099,47,0,128,0,"[0,0,0,0,0,0,0,0,27,-12,26,-8,29,-8,30,-6,32,-3,33,-4,33,-1,31,3,33,2,30,7,31,7,30,10,31,8,32,8,30,9,31,9,28,8,33,7,29,8,29,10,30,9,31,9,31,8,32,9,32,10,31,9,32,11,31,12,0,0,33,11,34,11,33,14,31,13,28,12,30,14,29,14,26,14,28,11,29,11,28,9,27,10,28,12,26,9,28,10,26,10,28,10,26,11,27,12,24,13,26,15,22,16,23,17,21,18,20,18,17,20,13,19,12,20,0,0,0,0,0,0]"
CSI_DATA,3086099,1a:00:00:00:00:00,-55,11,-95,4,43,6,3086099,47,0,128,0,"[0,0,0,0,0,0,0,0,-27,-12,-24,-12,-26,-15,-27,-16,-25,-17,-29,-19,-27,-19,-26,-20,-27,-20,-24,-19,-25,-20,-22,-20,-25,-20,-26,-21,-25,-19,-28,-17,-26,-16,-29,-14,-28,-12,-25,-11,-30,-12,-29,-9,-29,-9,-31,-7,-32,-8,-33,-9,-35,-7,-33,-5,0,0,-37,-2,-34,-3,-34,-3,-33,-1,-31,-2,-32,2,-29,2,-29,3,-29,4,-30,7,-29,7,-28,7,-28,9,-26,10,-25,11,-26,14,-25,14,-26,14,-26,15,-25,14,-25,15,-25,14,-25,11,-24,11,-26,10,-24,8,-20,5,-23,6,0,0,0,0,0,0]"
CSI_DATA,3092099,1a:00:00:00:00:00,-55,11,-95,4,43,6,3092099,47,0,128,0,"[0,0,0,0,0,0,0,0,28,-4,28,-3,30,-2,33,-1,31,1,34,-1,31,3,32,4,33,6,28,6,32,4,29,8,32,6,33,6,31,5,31,5,31,3,33,0,31,0,29,1,32,-1,31,-2,31,-1,33,-3,32,-2,32,-4,35,-4,35,-4,0,0,36,-7,33,-6,34,-7,32,-9,31,-6,32,-8,28,-8,29,-8,28,-9,28,-11,26,-13,26,-12,26,-14,25,-14,23,-16,23,-16,23,-17,24,-16,24,-17,23,-16,24,-16,22,-15,24,-13,25,-12,24,-10,25,-10,20,-7,22,-6,0,0,0,0,0,0]"
CSI_DATA,3096099,1a:00:00:00:00:00,-55,11,-95,4,43,6,3096099,47,0,128,0,"[0,0,0,0,0,0,0,0,-22,-18,-20,-19,-21,-21,-20,-22,-21,-24,-22,-24,-21,-25,-18,-25,-20,-26,-15,-26,-19,-27,-16,-27,-19,-25,-19,-27,-20,-25,-21,-24,-20,-23,-24,-23,-23,-19,-22,-19,-24,-20,-25,-20,-25,-19,-27,-17,-29,-18,-30,-16,-31,-18,-28,-18,0,0,-32,-13,-33,-14,-33,-12,-31,-10,-29,-11,-32,-10,-30,-8,-28,-8,-30,-7,-31,-4,-30,-2,-28,-2,-30,1,-26,1,-28,3,-28,5,-29,7,-29,4,-28,4,-28,2,-28,4,-28,3,-29,2,-27,3,-26,1,-25,-1,-22,-2,-22,-1,0,0,0,0,0,0]"
CSI_DATA,3102431,1a:00:00:00:00:00,-55,11,-95,4,43,6,3102431,47,0,128,0,"[0,0,0,0,0,0,0,0,19,22,17,22,16,26,16,26,16,28,16,29,13,30,11,29,11,33,6,30,9,31,6,30,8,32,8,32,10,30,11,31,10,29,12,31,13,29,11,27,13,29,13,30,13,28,15,29,15,30,18,30,17,31,16,30,0,0,18,32,18,31,18,28,19,29,17,26,19,28,17,27,16,24,17,23,18,23,22,23,20,20,21,19,21,18,22,18,22,17,24,18,22,18,21,19,21,20,21,20,20,20,17,21,17,19,15,22,14,21,12,20,12,19,0,0,0,0,0,0]"
CSI_DATA,3106099,1a:00:00:00:00:00,-55,11,-95,4,43,6,3106099,47,0,128,0,"[0,0,0,0,0,0,0,0,-8,-28,-6,-27,-6,-30,-3,-32,-4,-30,-3,-33,-1,-34,0,-33,1,-34,5,-30,3,-33,3,-31,2,-34,2,-32,-1,-32,-3,-33,-2,-31,-5,-34,-6,-29,-5,-30,-7,-31,-7,-31,-9,-31,-10,-32,-10,-30,-12,-32,-13,-32,-10,-33,0,0,-15,-31,-18,-31,-18,-30,-17,-29,-16,-26,-17,-28,-17,-27,-15,-25,-18,-23,-20,-22,-22,-22,-21,-20,-23,-19,-22,-17,-22,-17,-22,-15,-25,-16,-23,-17,-24,-17,-23,-18,-24,-18,-23,-16,-21,-16,-21,-16,-21,-17,-19,-18,-14,-17,-15,-16,0,0,0,0,0,0]"
CSI_DATA,3118099,1a:00:00:00:00:00,-55,11,-95,4,43,6,3118099,47,0,128,0,"[0,0,0,0,0,0,0,0,-30,-4,-27,-5,-29,-7,-31,-10,-30,-12,-32,-14,-30,-15,-29,-16,-28,-19,-24,-19,-27,-20,-24,-21,-26,-21,-25,-22,-26,-21,-28,-18,-24,-20,-29,-19,-26,-17,-25,-16,-27,-18,-27,-17,-27,-18,-29,-19,-29,-19,-30,-17,-30,-19,-28,-16,0,0,-33,-18,-28,-20,-28,-19,-30,-18,-26,-17,-28,-18,-26,-17,-24,-17,-25,-15,-28,-14,-27,-13,-27,-12,-27,-13,-26,-12,-26,-10,-26,-9,-28,-10,-26,-11,-27,-12,-24,-14,-25,-13,-25,-13,-24,-16,-23,-15,-21,-16,-19,-16,-15,-17,-16,-17,0,0,0,0,0,0]"
CSI_DATA,3125112,1a:00:00:00:00:00,-55,11,-95,4,43,6,3125112,47,0,128,0,"[0,0,0,0,0,0,0,0,-15,-25,-15,-24,-15,-26,-14,-28,-15,-30,-14,-31,-13,-32,-11,-31,-12,-33,-9,-31,-12,-31,-10,-31,-13,-31,-13,-31,-14,-31,-16,-30,-16,-28,-18,-28,-19,-25,-17,-25,-20,-25,-23,-25,-22,-24,-24,-24,-26,-23,-28,-22,-28,-22,-25,-21,0,0,-28,-19,-30,-20,-30,-19,-29,-18,-27,-15,-30,-16,-28,-14,-27,-12,-28,-10,-30,-7,-29,-6,-29,-5,-30,-4,-27,-3,-29,-1,-29,0,-30,1,-28,0,-30,0,-28,0,-29,0,-28,1,-28,0,-28,1,-27,-2,-26,-3,-23,-4,-22,-3,0,0,0,0,0,0]"
CSI_DATA,3128099,1a:00:00:00:00:00,-55,11,-95,4,43,6,3128099,47,0,128,0,"[0,0,0,0,0,0,0,0,-24,-17,-23,-17,-23,-21,-22,-23,-21,-25,-23,-26,-19,-29,-17,-29,-16,-30,-13,-29,-14,-30,-13,-30,-13,-31,-12,-31,-14,-31,-15,-30,-12,-28,-14,-31,-13,-27,-12,-29,-15,-30,-16,-30,-15,-29,-15,-29,-17,-30,-19,-30,-17,-32,-15,-31,0,0,-18,-32,-14,-32,-15,-31,-16,-34,-15,-29,-15,-29,-14,-29,-13,-27,-13,-26,-17,-25,-17,-27,-17,-24,-17,-24,-17,-23,-17,-24,-15,-22,-19,-25,-16,-25,-16,-26,-14,-24,-15,-26,-13,-24,-12,-24,-10,-25,-8,-25,-6,-24,-3,-22,-3,-22,0,0,0,0,0,0]"
CSI_DATA,3132099,1a:00:00:00:00:00,-55,11,-95,4,43,6,3132099,47,0,128,0,"[0,0,0,0,0,0,0,0,-5,30,-5,29,-7,30,-9,31,-13,30,-14,32,-15,29,-15,29,-19,30,-20,26,-20,27,-20,26,-20,28,-19,29,-18,28,-17,29,-16,26,-17,30,-16,28,-16,27,-16,28,-16,29,-16,29,-15,29,-14,32,-13,32,-11,33,-14,33,0,0,-15,36,-13,34,-13,34,-12,33,-12,29,-13,31,-11,29,-12,28,-10,29,-7,33,-6,31,-5,27,-4,28,-3,27,-4,29,-3,28,-3,29,-4,30,-3,30,-5,28,-6,30,-6,26,-7,27,-7,27,-9,25,-10,25,-10,20,-10,20,0,0,0,0,0,0]"
CSI_DATA,3138099,1a:00:00:00:00:00,-55,11,-95,4,43,6,3138099,47,0,128,0,"[0,0,0,0,0,0,0,0,-15,-27,-12,-27,-12,-29,-9,-31,-8,-32,-7,-34,-4,-35,-2,-33,1,-36,4,-33,3,-34,5,-32,3,-34,4,-34,3,-32,2,-34,4,-31,2,-35,3,-32,3,-32,2,-33,3,-33,2,-33,1,-34,2,-34,0,-35,1,-36,3,-36,0,0,3,-37,3,-35,3,-35,4,-36,4,-30,4,-34,4,-31,5,-30,3,-31,3,-33,0,-33,-1,-29,-1,-31,0,-29,-1,-28,-2,-30,-2,-29,-1,-29,1,-30,2,-29,4,-30,4,-27,5,-28,6,-27,8,-26,9,-25,10,-20,10,-20,0,0,0,0,0,0]"
CSI_DATA,3142099,1a:00:00:00:00:00,-54,11,-95,4,43,6,3142099,47,0,128,0,"[0,0,0,0,0,0,0,0,-16,25,-17,23,-20,25,-21,25,-26,22,-26,23,-28,20,-28,19,-30,19,-31,15,-30,16,-29,15,-29,17,-29,18,-28,17,-29,19,-27,16,-30,20,-27,18,-27,18,-27,19,-28,20,-27,20,-28,19,-28,23,-27,22,-28,24,-28,25,0,0,-30,25,-28,22,-27,23,-28,24,-26,21,-27,22,-24,21,-24,19,-23,21,-20,26,-20,26,-19,24,-19,24,-17,22,-18,24,-18,24,-18,24,-18,24,-19,25,-18,21,-19,23,-20,21,-20,21,-19,20,-21,18,-20,15,-19,11,-19,11,0,0,0,0,0,0]"
CSI_DATA,3148099,1a:00:00:00:00:00,-54,11,-95,4,43,6,3148099,47,0,128,0,"[0,0,0,0,0,0,0,0,1,-30,3,-29,5,-31,9,-33,11,-32,13,-32,16,-32,17,-30,19,-30,21,-27,21,-28,20,-25,20,-30,21,-28,20,-26,20,-28,20,-25,21,-30,19,-26,19,-25,19,-27,21,-27,19,-28,21,-28,20,-29,20,-30,21,-31,22,-31,0,0,22,-29,24,-29,23,-29,24,-29,21,-25,23,-27,21,-25,21,-25,21,-24,20,-28,18,-28,16,-25,17,-26,16,-24,18,-26,16,-25,17,-26,19,-24,19,-25,20,-22,20,-24,20,-19,20,-20,21,-20,22,-16,22,-14,20,-10,20,-10,0,0,0,0,0,0]"
CSI_DATA,3152099,1a:00:00:00:00:00,-54,11,-95,4,43,6,3152099,47,0,128,0,"[0,0,0,0,0,0,0,0,-29,10,-27,9,-30,8,-32,7,-35,4,-36,3,-37,0,-35,0,-35,-3,-33,-5,-34,-4,-33,-5,-34,-4,-35,-3,-33,-4,-33,-3,-32,-4,-36,-2,-32,-2,-31,-3,-33,-1,-34,-2,-34,-1,-34,-1,-36,1,-37,1,-38,2,-36,2,0,0,-38,1,-40,-1,-35,-1,-38,0,-32,0,-36,0,-33,1,-31,1,-31,2,-32,4,-33,5,-31,5,-31,5,-29,6,-29,7,-29,7,-29,7,-29,6,-30,6,-29,4,-31,4,-29,2,-29,2,-29,0,-27,0,-26,-3,-23,-5,-23,-5,0,0,0,0,0,0]"
CSI_DATA,3158099,1a:00:00:00:00:00,-54,11,-95,4,43,6,3158099,47,0,128,0,"[0,0,0,0,0,0,0,0,14,-28,16,-26,17,-26,21,-26,25,-24,27,-25,28,-21,28,-20,30,-20,29,-15,31,-16,31,-15,31,-17,30,-15,31,-15,31,-14,31,-14,32,-16,30,-15,29,-14,31,-15,32,-16,31,-15,31,-15,32,-17,32,-16,35,-17,33,-16,0,0,35,-17,34,-13,35,-13,35,-14,31,-10,35,-12,32,-11,30,-10,31,-10,31,-15,29,-16,27,-14,29,-14,26,-14,28,-14,27,-13,28,-14,28,-13,30,-11,28,-10,28,-9,29,-6,28,-6,30,-5,28,-3,27,0,23,2,24,4,0,0,0,0,0,0]"
CSI_DATA,3160099,1a:00:00:00:00:00,-54,11,-95,4,43,6,3160099,47,0,128,0,"[0,0,0,0,0,0,0,0,8,-28,9,-28,11,-30,14,-30,16,-30,16,-33,18,-29,20,-30,20,-32,22,-26,21,-28,19,-28,20,-30,18,-31,16,-31,15,-31,14,-28,15,-32,13,-30,13,-30,11,-33,11,-32,10,-32,8,-33,8,-37,5,-36,3,-36,8,-36,0,0,4,-38,5,-37,4,-35,3,-37,3,-34,1,-36,1,-32,-1,-32,0,-32,-5,-34,-6,-34,-8,-31,-9,-30,-8,-26,-9,-31,-9,-28,-12,-28,-11,-29,-11,-30,-10,-28,-12,-28,-9,-27,-9,-27,-8,-27,-7,-27,-6,-26,-2,-24,-2,-24,0,0,0,0,0,0]"
CSI_DATA,3164099,1a:00:00:00:00:00,-54,11,-95,4,43,6,3164099,47,0,128,0,"[0,0,0,0,0,0,0,0,-29,7,-30,4,-31,5,-33,4,-34,1,-35,3,-35,-1,-34,-1,-36,0,-33,-2,-35,-1,-34,-2,-36,2,-36,3,-33,3,-34,6,-32,6,-35,9,-31,9,-30,10,-32,11,-35,13,-32,14,-30,15,-33,17,-32,19,-31,20,-30,20,0,0,-30,24,-30,22,-28,21,-29,25,-25,22,-26,25,-24,24,-21,23,-20,24,-17,29,-16,29,-13,28,-14,28,-11,27,-12,29,-10,28,-8,30,-9,30,-9,32,-9,29,-8,31,-10,27,-8,28,-9,28,-10,27,-10,25,-11,22,-10,20,0,0,0,0,0,0]"
CSI_DATA,3170099,1a:00:00:00:00:00,-54,11,-95,4,43,6,3170099,47,0,128,0,"[0,0,0,0,0,0,0,0,22,-20,23,-19,26,-20,27,-18,28,-18,31,-19,32,-17,31,-15,32,-16,32,-12,33,-14,32,-14,33,-16,33,-15,29,-16,28,-18,29,-15,31,-21,27,-19,27,-18,26,-20,26,-21,25,-22,27,-23,27,-25,24,-26,27,-28,24,-29,0,0,25,-31,26,-28,22,-27,24,-29,20,-26,20,-30,20,-27,18,-26,17,-28,16,-32,15,-31,11,-29,11,-31,8,-28,10,-30,8,-30,8,-29,8,-30,8,-31,8,-28,8,-31,10,-27,9,-28,9,-27,11,-27,12,-24,13,-21,12,-21,0,0,0,0,0,0]"
CSI_DATA,3176099,1a:00:00:00:00:00,-54,11,-95,4,43,6,3176099,47,0,128,0,"[0,0,0,0,0,0,0,0,-5,31,-8,29,-7,30,-9,30,-12,32,-14,32,-16,31,-16,30,-18,31,-18,27,-19,29,-19,28,-20,28,-20,29,-18,28,-17,29,-16,28,-17,33,-16,30,-16,28,-14,31,-14,32,-12,31,-13,31,-12,34,-12,36,-13,34,-13,33,0,0,-10,37,-14,36,-13,33,-13,34,-10,31,-10,35,-9,32,-7,30,-8,31,-5,33,-5,33,-4,30,-3,32,-3,28,-3,31,-2,29,-1,32,-2,30,-1,33,-3,30,-3,32,-3,29,-5,31,-7,30,-8,26,-9,25,-11,22,-10,23,0,0,0,0,0,0]"
CSI_DATA,3182099,1a:00:00:00:00:00,-54,11,-95,4,43,6,3182099,47,0,128,0,"[0,0,0,0,0,0,0,0,-9,-28,-5,-28,-4,-30,-4,-32,-1,-34,1,-37,4,-34,7,-35,5,-33,8,-33,7,-34,10,-32,10,-33,12,-33,10,-32,8,-32,9,-31,8,-35,8,-31,9,-31,7,-32,7,-33,6,-34,6,-35,7,-35,8,-34,7,-37,9,-35,0,0,8,-39,8,-34,8,-35,9,-36,9,-32,6,-36,6,-33,5,-31,7,-32,4,-36,6,-33,3,-31,3,-32,3,-29,4,-32,3,-31,1,-31,2,-31,4,-33,5,-29,5,-31,7,-28,8,-28,10,-28,13,-26,12,-24,12,-20,14,-19,0,0,0,0,0,0]"
CSI_DATA,3186099,1a:00:00:00:00:00,-54,11,-95,4,43,6,3186099,47,0,128,0,"[0,0,0,0,0,0,0,0,-24,17,-25,15,-27,15,-30,16,-30,13,-33,14,-34,10,-33,10,-33,10,-33,7,-32,9,-31,5,-35,6,-34,5,-33,6,-32,7,-32,7,-35,11,-32,9,-29,9,-32,10,-31,11,-31,13,-32,12,-33,13,-33,13,-36,13,-36,13,0,0,-36,16,-35,15,-33,14,-33,15,-31,13,-32,16,-28,15,-30,15,-28,15,-28,16,-30,17,-26,16,-26,18,-23,18,-24,20,-24,20,-23,20,-24,20,-24,21,-23,19,-25,20,-25,17,-25,14,-26,14,-27,10,-26,11,-22,6,-24,5,0,0,0,0,0,0]"
CSI_DATA,3192099,1a:00:00:00:00:00,-54,11,-95,4,43,6,3192099,47,0,128,0,"[0,0,0,0,0,0,0,0,9,-29,11,-26,12,-29,15,-30,17,-28,20,-30,22,-26,22,-26,22,-28,24,-23,23,-24,25,-21,27,-22,28,-22,25,-21,26,-22,25,-21,26,-24,25,-23,23,-20,24,-23,23,-24,24,-26,24,-25,25,-26,25,-23,27,-26,27,-23,0,0,29,-29,28,-24,28,-25,27,-23,26,-23,25,-24,24,-22,24,-22,21,-23,23,-25,23,-25,21,-21,22,-23,19,-24,20,-23,20,-24,19,-23,22,-23,21,-24,21,-21,23,-23,22,-19,23,-17,24,-16,25,-13,25,-11,22,-8,24,-6,0,0,0,0,0,0]"
CSI_DATA,3198099,1a:00:00:00:00:00,-54,11,-95,4,43,6,3198099,47,0,128,0,"[0,0,0,0,0,0,0,0,5,29,2,28,1,31,0,33,-4,32,-6,36,-8,32,-11,34,-11,33,-13,30,-13,31,-16,27,-18,28,-18,29,-17,28,-17,28,-16,28,-18,30,-16,29,-17,26,-18,28,-17,29,-16,28,-17,29,-20,30,-20,29,-22,30,-22,29,0,0,-22,32,-22,29,-24,28,-24,27,-22,25,-21,27,-19,24,-21,24,-21,23,-22,24,-22,25,-21,23,-21,24,-18,24,-19,22,-21,23,-19,22,-23,23,-22,23,-22,19,-23,22,-24,18,-24,16,-26,13,-27,11,-26,10,-23,4,-25,3,0,0,0,0,0,0]"
CSI_DATA,3202100,1a:00:00:00:00:00,-54,11,-95,4,43,6,3202100,47,0,128,0,"[0,0,0,0,0,0,0,0,24,-20,24,-17,25,-16,27,-16,30,-14,33,-13,32,-9,31,-9,33,-9,33,-6,33,-6,33,-2,34,-4,35,-1,32,-2,33,-3,31,-3,35,-5,32,-5,32,-3,32,-5,34,-6,33,-6,34,-6,35,-7,36,-6,37,-5,36,-2,0,0,35,-7,37,-3,36,-2,36,-4,31,-2,36,-5,31,-4,32,-2,31,-3,32,-5,32,-5,30,-5,30,-5,28,-5,30,-6,29,-5,31,-7,30,-5,32,-7,29,-3,31,-4,30,-1,30,0,31,3,27,4,26,5,23,8,22,9,0,0,0,0,0,0]"
CSI_DATA,3208100,1a:00:00:00:00:00,-54,11,-95,4,43,6,3208100,47,0,128,0,"[0,0,0,0,0,0,0,0,-29,-6,-28,-7,-30,-7,-31,-8,-32,-9,-33,-8,-32,-10,-31,-11,-33,-10,-29,-13,-33,-10,-30,-13,-33,-9,-32,-10,-32,-9,-33,-7,-31,-5,-34,-2,-32,-1,-31,0,-33,1,-33,3,-33,3,-34,7,-35,7,-34,8,-35,12,-35,8,0,0,-37,16,-34,13,-34,16,-32,17,-30,15,-29,17,-27,17,-26,18,-26,19,-25,21,-23,24,-20,24,-20,23,-18,24,-16,25,-15,27,-14,26,-15,27,-15,27,-15,26,-15,27,-14,25,-15,26,-14,25,-16,24,-15,22,-15,18,-14,20,0,0,0,0,0,0]"
CSI_DATA,3218201,1a:00:00:00:00:00,-54,11,-95,4,43,6,3218201,47,0,128,0,"[0,0,0,0,0,0,0,0,14,-26,13,-25,15,-28,17,-27,18,-28,19,-28,21,-28,21,-27,22,-28,21,-25,21,-27,21,-25,19,-27,19,-28,17,-28,16,-30,15,-28,14,-33,11,-29,13,-29,9,-31,9,-33,6,-33,7,-33,5,-36,3,-35,2,-36,4,-35,0,0,0,-38,0,-37,1,-36,-2,-35,-3,-31,-5,-35,-5,-31,-7,-30,-8,-30,-11,-33,-13,-30,-13,-26,-15,-27,-16,-25,-17,-26,-16,-24,-18,-25,-19,-25,-18,-25,-18,-25,-20,-23,-17,-23,-18,-23,-16,-23,-15,-23,-14,-23,-10,-21,-11,-21,0,0,0,0,0,0]"
CSI_DATA,3224100,1a:00:00:00:00:00,-54,11,-95,4,43,6,3224100,47,0,128,0,"[0,0,0,0,0,0,0,0,30,-2,29,-1,32,0,34,1,33,4,34,4,34,5,32,6,34,7,31,8,34,7,30,10,33,8,34,8,32,7,34,5,32,4,36,0,32,0,31,1,33,0,33,-3,33,-4,36,-4,35,-5,35,-5,37,-6,36,-7,0,0,37,-9,35,-9,34,-9,34,-12,32,-9,32,-10,29,-10,31,-11,28,-14,28,-15,26,-17,26,-15,26,-18,22,-17,23,-20,23,-19,22,-21,23,-20,21,-19,22,-19,24,-20,23,-18,24,-17,24,-17,24,-15,22,-13,21,-10,22,-10,0,0,0,0,0,0]"
CSI_DATA,3228100,1a:00:00:00:00:00,-54,11,-95,4,43,6,3228100,47,0,128,0,"[0,0,0,0,0,0,0,0,-14,-27,-12,-26,-13,-29,-13,-30,-13,-30,-15,-32,-11,-32,-9,-32,-12,-32,-7,-32,-12,-33,-8,-32,-9,-32,-10,-33,-12,-31,-15,-31,-15,-29,-19,-29,-19,-27,-18,-25,-20,-27,-22,-26,-23,-24,-24,-26,-26,-25,-27,-24,-28,-25,-27,-24,0,0,-33,-22,-30,-22,-30,-19,-31,-19,-29,-17,-30,-17,-30,-15,-29,-14,-31,-12,-32,-9,-31,-8,-29,-7,-31,-5,-29,-4,-29,0,-30,0,-32,0,-29,-1,-31,1,-30,-1,-31,0,-29,1,-30,-2,-29,-1,-28,-3,-27,-2,-23,-4,-23,-5,0,0,0,0,0,0]"
CSI_DATA,3234100,1a:00:00:00:00:00,-54,11,-95,4,43,6,3234100,47,0,128,0,"[0,0,0,0,0,0,0,0,29,11,26,13,29,13,29,15,30,18,31,19,30,21,26,20,28,21,23,23,26,21,23,24,26,22,26,22,27,20,28,19,26,18,31,17,26,14,28,15,29,15,31,16,30,14,33,14,34,15,34,11,36,12,33,12,0,0,36,11,37,10,34,8,36,8,34,8,35,7,32,5,31,6,31,3,33,1,32,-1,30,0,32,-2,28,-3,31,-5,28,-7,32,-7,30,-6,30,-6,30,-4,31,-3,30,-3,30,-1,29,-3,27,-2,26,0,25,3,24,3,0,0,0,0,0,0]"
CSI_DATA,3240100,1a:00:00:00:00:00,-54,11,-95,4,43,6,3240100,47,0,128,0,"[0,0,0,0,0,0,0,0,-26,15,-27,12,-30,13,-32,11,-33,9,-34,9,-35,7,-33,5,-35,3,-32,-1,-34,1,-33,-1,-33,2,-34,1,-34,2,-35,5,-32,2,-36,6,-31,7,-31,5,-32,5,-34,6,-33,7,-33,8,-35,8,-33,11,-36,10,-35,10,0,0,-35,11,-38,8,-33,10,-34,11,-32,9,-34,10,-33,9,-30,9,-30,11,-31,15,-29,16,-27,15,-28,14,-25,14,-26,16,-26,17,-27,17,-26,16,-27,15,-27,14,-28,13,-27,11,-28,11,-27,12,-26,10,-26,7,-24,3,-23,3,0,0,0,0,0,0]"
CSI_DATA,3244100,1a:00:00:00:00:00,-54,11,-95,4,43,6,3244100,47,0,128,0,"[0,0,0,0,0,0,0,0,22,21,21,21,22,23,22,25,21,26,22,29,20,29,17,29,18,30,14,29,16,31,13,29,16,29,16,30,17,30,18,29,19,28,22,28,21,25,20,24,22,25,23,24,24,26,24,24,24,25,28,22,28,24,26,22,0,0,30,25,29,23,29,22,29,22,28,19,29,20,26,18,26,17,27,16,30,15,30,13,28,12,31,11,29,9,29,8,30,7,30,7,29,8,30,8,29,10,29,10,28,11,28,10,28,10,25,12,24,12,21,13,21,13,0,0,0,0,0,0]"
CSI_DATA,3250100,1a:00:00:00:00:00,-54,11,-95,4,43,6,3250100,47,0,128,0,"[0,0,0,0,0,0,0,0,-29,-3,-29,-5,-30,-7,-31,-9,-31,-12,-34,-12,-32,-14,-29,-16,-30,-19,-26,-19,-29,-20,-25,-19,-29,-19,-27,-19,-28,-19,-30,-17,-28,-16,-30,-15,-29,-15,-27,-15,-30,-15,-30,-16,-30,-16,-33,-16,-30,-14,-35,-15,-35,-13,-32,-15,0,0,-35,-15,-35,-13,-33,-14,-34,-13,-32,-12,-33,-13,-31,-13,-29,-13,-30,-10,-31,-6,-32,-5,-30,-7,-31,-6,-29,-5,-30,-4,-29,-3,-30,-4,-30,-6,-31,-6,-29,-8,-30,-8,-30,-9,-28,-11,-28,-8,-26,-11,-25,-12,-21,-12,-21,-13,0,0,0,0,0,0]"
CSI_DATA,3254100,1a:00:00:00:00:00,-54,11,-95,4,43,6,3254100,47,0,128,0,"[0,0,0,0,0,0,0,0,14,26,12,26,12,29,11,31,10,32,11,33,8,33,5,34,6,35,0,33,5,34,2,33,5,34,3,34,6,33,7,32,6,31,12,33,9,31,9,29,12,31,10,31,12,32,13,32,14,33,16,33,15,34,14,32,0,0,18,34,18,34,18,30,18,32,16,29,19,30,17,27,17,28,18,27,22,27,24,25,22,22,24,21,22,20,25,20,24,19,26,18,24,21,24,21,21,22,23,21,21,21,21,21,21,21,17,23,16,23,14,21,14,20,0,0,0,0,0,0]"
CSI_DATA,3260187,1a:00:00:00:00:00,-54,11,-95,4,43,6,3260187,47,0,128,0,"[0,0,0,0,0,0,0,0,-13,-27,-10,-27,-9,-31,-9,-31,-4,-34,-4,-34,-2,-34,-1,-33,1,-34,4,-33,3,-34,4,-31,3,-35,3,-34,3,-33,1,-33,2,-32,1,-35,2,-31,1,-32,-1,-32,0,-33,-1,-33,-1,-34,-1,-35,-2,-36,-4,-36,-3,-37,0,0,-1,-39,-3,-37,-3,-35,-2,-36,-2,-33,-3,-35,-3,-33,-2,-32,-4,-31,-6,-32,-8,-32,-8,-30,-7,-31,-7,-27,-7,-29,-7,-30,-9,-30,-8,-30,-6,-30,-5,-30,-5,-30,-4,-30,-3,-29,-3,-29,1,-29,2,-28,4,-24,5,-22,0,0,0,0,0,0]"
CSI_DATA,3262100,1a:00:00:00:00:00,-54,11,-95,4,43,6,3262100,47,0,128,0,"[0,0,0,0,0,0,0,0,-30,-8,-27,-7,-30,-9,-30,-9,-31,-11,-33,-12,-31,-14,-31,-12,-32,-15,-28,-15,-32,-13,-29,-13,-31,-12,-33,-11,-31,-10,-32,-7,-29,-7,-34,-4,-30,-3,-31,-3,-32,-1,-34,1,-33,2,-33,1,-36,5,-36,7,-37,8,-37,10,0,0,-36,11,-35,11,-34,12,-34,14,-31,13,-33,16,-29,14,-27,16,-26,17,-24,21,-23,22,-22,21,-22,24,-20,21,-17,26,-16,25,-18,26,-17,26,-16,28,-16,25,-16,28,-16,25,-17,25,-17,25,-16,24,-16,22,-17,18,-16,18,0,0,0,0,0,0]"
CSI_DATA,3266100,1a:00:00:00:00:00,-55,11,-95,4,43,6,3266100,47,0,128,0,"[0,0,0,0,0,0,0,0,29,1,29,2,29,6,30,9,32,12,31,12,30,16,28,16,28,19,24,21,27,20,26,22,26,20,26,22,26,20,27,21,26,20,27,22,25,18,24,20,26,19,26,21,26,22,27,20,29,22,29,20,30,21,27,24,0,0,29,24,29,24,26,23,27,24,24,21,26,24,24,23,24,21,22,22,27,22,26,20,24,17,26,19,23,17,24,19,24,18,27,19,24,20,24,21,21,21,22,22,19,22,19,23,19,22,17,24,13,23,10,24,10,23,0,0,0,0,0,0]"
CSI_DATA,3270100,1a:00:00:00:00:00,-54,11,-95,4,43,6,3270100,47,0,128,0,"[0,0,0,0,0,0,0,0,-13,-26,-11,-26,-11,-29,-9,-31,-7,-32,-7,-34,-5,-34,-1,-33,0,-35,3,-32,1,-34,3,-32,3,-34,2,-33,1,-33,0,-33,1,-31,-1,-35,0,-31,1,-31,-2,-32,-2,-34,-1,-32,-3,-34,-3,-35,-4,-35,-5,-36,-2,-37,0,0,-2,-38,-4,-36,-4,-35,-4,-36,-3,-32,-3,-34,-3,-33,-4,-32,-3,-30,-6,-31,-7,-32,-9,-29,-8,-31,-8,-28,-9,-30,-8,-29,-11,-29,-8,-29,-8,-30,-5,-29,-6,-30,-5,-29,-3,-30,-3,-28,0,-28,3,-27,5,-24,6,-24,0,0,0,0,0,0]"
CSI_DATA,3276100,1a:00:00:00:00:00,-55,11,-95,4,43,6,3276100,47,0,128,0,"[0,0,0,0,0,0,0,0,25,12,24,15,24,17,23,20,23,23,25,24,21,26,18,27,18,28,13,28,15,30,14,28,13,29,13,30,14,29,16,29,14,29,15,30,14,27,12,28,14,27,14,31,14,28,15,29,14,31,16,30,16,32,15,32,0,0,14,34,13,33,13,31,12,33,12,29,12,32,10,30,10,28,12,29,15,29,13,29,14,26,14,27,12,26,13,28,12,26,15,28,11,29,11,29,9,28,9,30,7,29,7,30,5,28,2,28,0,27,-3,24,-3,23,0,0,0,0,0,0]"
CSI_DATA,3280100,1a:00:00:00:00:00,-55,11,-95,4,43,6,3280100,47,0,128,0,"[0,0,0,0,0,0,0,0,1,-28,4,-28,6,-30,8,-30,10,-30,11,-32,13,-29,15,-28,17,-30,18,-27,18,-28,18,-26,18,-28,18,-28,17,-26,16,-27,17,-26,17,-30,16,-28,16,-25,14,-28,16,-28,16,-28,16,-29,15,-32,14,-31,15,-32,17,-31,0,0,16,-34,17,-31,16,-31,17,-32,16,-28,15,-30,14,-27,15,-27,14,-27,12,-31,11,-31,9,-28,10,-29,8,-27,9,-28,9,-28,8,-28,10,-29,10,-30,12,-27,12,-28,14,-26,13,-26,13,-25,17,-24,18,-22,17,-17,17,-17,0,0,0,0,0,0]"
CSI_DATA,3286100,1a:00:00:00:00:00,-55,11,-95,4,43,6,3286100,47,0,128,0,"[0,0,0,0,0,0,0,0,15,24,12,25,12,28,10,29,8,31,8,32,5,31,1,32,0,34,-4,32,-2,33,-5,30,-4,33,-4,33,-3,30,-3,32,-3,29,-3,34,-4,30,-4,29,-4,31,-4,32,-3,32,-3,33,-4,35,-2,35,-3,35,-6,35,0,0,-5,36,-9,34,-6,35,-7,35,-7,31,-7,34,-7,30,-8,29,-7,29,-5,30,-5,32,-4,29,-5,31,-4,28,-4,30,-4,28,-4,30,-7,30,-7,31,-9,28,-10,30,-10,27,-11,26,-12,25,-14,24,-16,22,-16,17,-16,17,0,0,0,0,0,0]"
CSI_DATA,3290100,1a:00:00:00:00:00,-55,11,-95,4,43,6,3290100,47,0,128,0,"[0,0,0,0,0,0,0,0,15,-25,15,-23,16,-25,19,-23,22,-22,24,-22,27,-20,26,-19,28,-20,27,-15,29,-14,28,-14,28,-16,28,-16,26,-16,27,-17,26,-15,29,-18,26,-16,27,-14,26,-15,28,-16,27,-17,28,-17,28,-21,27,-20,29,-21,27,-21,0,0,30,-22,29,-19,30,-17,30,-20,26,-16,28,-18,27,-16,25,-15,26,-16,25,-22,24,-21,22,-19,22,-20,20,-18,23,-19,22,-19,22,-22,22,-19,24,-20,23,-18,24,-18,25,-14,24,-16,24,-14,25,-12,24,-9,24,-5,23,-5,0,0,0,0,0,0]"
CSI_DATA,3296100,1a:00:00:00:00:00,-55,11,-95,4,43,6,3296100,47,0,128,0,"[0,0,0,0,0,0,0,0,0,29,-2,28,-3,28,-7,31,-10,30,-11,31,-14,29,-15,29,-17,30,-19,25,-19,27,-19,25,-19,26,-20,26,-19,26,-18,25,-19,23,-21,27,-18,24,-20,23,-19,24,-20,25,-20,25,-21,23,-21,27,-21,26,-21,27,-22,25,0,0,-23,27,-25,24,-24,24,-25,24,-23,20,-25,25,-25,21,-21,19,-21,20,-21,22,-21,22,-19,21,-20,21,-19,20,-21,21,-20,21,-20,23,-22,20,-23,21,-22,18,-24,19,-24,15,-25,15,-24,14,-25,9,-24,9,-24,5,-23,3,0,0,0,0,0,0]"
CSI_DATA,3302100,1a:00:00:00:00:00,-55,11,-95,4,43,6,3302100,47,0,128,0,"[0,0,0,0,0,0,0,0,22,-20,22,-18,23,-19,24,-18,27,-18,26,-19,29,-16,28,-16,29,-16,29,-13,29,-15,28,-13,29,-16,27,-17,24,-17,25,-19,24,-17,26,-23,22,-21,23,-19,21,-22,20,-23,20,-25,20,-25,19,-28,18,-28,18,-30,17,-28,0,0,16,-32,17,-31,15,-30,13,-32,12,-28,11,-30,11,-28,9,-28,8,-29,4,-33,3,-31,1,-28,0,-29,1,-26,-1,-30,-2,-28,-4,-29,-4,-29,-4,-31,-3,-28,-4,-28,-2,-28,-2,-29,-2,-27,-1,-28,1,-26,3,-24,2,-23,0,0,0,0,0,0]"
CSI_DATA,3306100,1a:00:00:00:00:00,-55,11,-95,4,43,6,3306100,47,0,128,0,"[0,0,0,0,0,0,0,0,-17,23,-19,21,-22,21,-23,21,-27,17,-27,17,-29,13,-30,13,-31,13,-29,8,-31,9,-31,7,-33,7,-31,7,-30,6,-31,5,-29,5,-33,7,-30,5,-30,5,-30,5,-32,6,-31,7,-32,5,-32,8,-34,6,-34,8,-33,7,0,0,-38,5,-36,1,-33,1,-34,2,-30,0,-33,1,-31,1,-30,1,-29,1,-31,3,-31,3,-28,2,-30,2,-28,2,-28,2,-28,3,-29,2,-28,2,-30,0,-28,-2,-30,-2,-27,-4,-28,-5,-26,-7,-25,-9,-23,-9,-20,-13,-18,-14,0,0,0,0,0,0]"
CSI_DATA,3320477,1a:00:00:00:00:00,-55,11,-95,4,43,6,3320477,47,0,128,0,"[0,0,0,0,0,0,0,0,-1,-29,1,-27,4,-30,6,-30,9,-31,12,-31,13,-31,15,-29,17,-30,18,-25,19,-27,20,-24,18,-27,21,-26,19,-25,19,-25,19,-24,20,-28,19,-25,19,-23,19,-25,19,-23,19,-24,21,-25,20,-27,20,-27,22,-27,22,-26,0,0,22,-26,25,-25,23,-25,24,-26,23,-23,24,-24,23,-22,23,-20,21,-20,21,-23,20,-24,18,-22,21,-23,17,-21,18,-23,18,-22,19,-22,21,-21,21,-21,20,-20,23,-21,22,-17,24,-17,23,-16,24,-13,24,-10,22,-6,20,-6,0,0,0,0,0,0]"
CSI_DATA,3323404,1a:00:00:00:00:00,-55,11,-95,4,43,6,3323404,47,0,128,0,"[0,0,0,0,0,0,0,0,11,26,8,26,10,28,6,32,6,32,6,34,3,33,2,32,-1,34,-4,30,0,33,-3,32,-2,33,-3,33,0,33,1,32,1,32,3,33,1,31,2,29,3,33,5,33,5,32,6,33,5,33,8,34,9,35,4,34,0,0,6,38,7,36,8,34,8,35,9,32,9,33,9,31,7,29,10,29,11,28,14,28,13,25,13,26,13,25,14,25,16,24,16,24,14,25,14,25,13,26,14,26,13,26,11,26,11,25,8,27,7,26,4,22,4,23,0,0,0,0,0,0]"
CSI_DATA,3326772,1a:00:00:00:00:00,-55,11,-95,4,43,6,3326772,47,0,128,0,"[0,0,0,0,0,0,0,0,28,6,27,7,28,8,30,9,31,12,32,14,29,15,28,15,30,15,27,17,29,17,27,15,30,12,30,13,30,12,30,11,29,11,33,9,29,6,29,7,31,6,33,5,32,5,32,4,34,3,34,-2,37,-2,34,-2,0,0,37,-4,36,-4,34,-2,34,-5,30,-4,33,-6,32,-6,29,-6,29,-8,30,-11,27,-14,27,-14,26,-15,24,-14,24,-16,23,-15,24,-19,24,-17,24,-18,24,-17,24,-17,23,-16,24,-16,23,-16,22,-14,23,-12,20,-9,22,-10,0,0,0,0,0,0]"
CSI_DATA,3332100,1a:00:00:00:00:00,-55,11,-95,4,43,6,3332100,47,0,128,0,"[0,0,0,0,0,0,0,0,19,22,18,23,18,24,18,27,17,27,19,31,15,30,14,31,14,30,12,29,14,30,11,30,13,31,12,32,14,28,15,29,15,28,19,28,18,27,15,24,20,26,21,25,21,24,21,24,23,26,25,24,26,26,27,22,0,0,29,22,27,22,29,23,28,20,26,19,29,18,27,16,26,16,26,14,27,12,27,13,28,10,28,10,28,9,28,7,28,7,29,5,30,8,29,5,28,7,30,6,28,6,27,8,26,8,26,10,25,11,21,11,22,11,0,0,0,0,0,0]"
CSI_DATA,3336388,1a:00:00:00:00:00,-55,11,-95,4,43,6,3336388,47,0,128,0,"[0,0,0,0,0,0,0,0,-22,20,-21,17,-24,18,-25,19,-26,18,-28,20,-28,17,-27,16,-27,18,-27,14,-27,17,-26,15,-28,16,-30,17,-25,16,-26,20,-23,20,-26,23,-23,22,-21,19,-19,24,-20,25,-17,26,-18,26,-19,30,-18,28,-18,33,-18,30,0,0,-16,34,-16,30,-15,32,-15,33,-11,29,-9,32,-8,28,-7,30,-8,30,-6,32,-4,32,-3,30,-2,29,0,29,2,30,3,29,5,30,4,29,6,30,4,28,6,30,4,28,2,28,1,27,0,28,0,27,-2,22,-2,24,0,0,0,0,0,0]"
CSI_DATA,3343828,1a:00:00:00:00:00,-55,11,-95,4,43,6,3343828,47,0,128,0,"[0,0,0,0,0,0,0,0,-26,-13,-24,-14,-25,-15,-25,-19,-25,-18,-27,-22,-23,-23,-20,-24,-22,-25,-18,-26,-21,-26,-16,-25,-18,-27,-20,-27,-19,-27,-21,-26,-18,-25,-22,-25,-20,-25,-19,-22,-21,-24,-21,-24,-20,-25,-23,-24,-21,-25,-23,-23,-24,-26,-22,-27,0,0,-25,-26,-24,-26,-25,-27,-23,-25,-22,-24,-23,-24,-21,-23,-22,-22,-21,-22,-24,-22,-24,-18,-23,-18,-25,-19,-23,-17,-24,-16,-23,-18,-25,-17,-23,-18,-24,-18,-22,-20,-21,-19,-22,-20,-20,-21,-19,-21,-16,-21,-15,-21,-11,-20,-12,-20,0,0,0,0,0,0]"
CSI_DATA,3348100,1a:00:00:00:00:00,-55,11,-95,4,43,6,3348100,47,0,128,0,"[0,0,0,0,0,0,0,0,-20,-20,-17,-22,-19,-23,-18,-25,-16,-27,-18,-29,-15,-28,-12,-30,-14,-30,-11,-29,-12,-30,-8,-29,-10,-31,-9,-32,-10,-31,-13,-30,-12,-30,-15,-30,-14,-28,-13,-27,-15,-28,-15,-27,-17,-27,-19,-28,-19,-30,-19,-28,-19,-30,-17,-29,0,0,-22,-29,-20,-29,-20,-29,-20,-29,-17,-26,-20,-27,-18,-24,-18,-24,-21,-23,-22,-23,-21,-22,-21,-20,-23,-22,-22,-18,-21,-19,-22,-18,-23,-17,-23,-19,-23,-19,-21,-19,-22,-19,-21,-20,-19,-20,-17,-20,-15,-22,-15,-23,-11,-20,-10,-21,0,0,0,0,0,0]"
CSI_DATA,3355131,1a:00:00:00:00:00,-55,11,-95,4,43,6,3355131,47,0,128,0,"[0,0,0,0,0,0,0,0,2,-28,3,-27,6,-30,9,-31,10,-28,13,-31,15,-29,17,-27,20,-27,20,-23,21,-25,21,-20,23,-23,23,-22,23,-21,22,-22,21,-22,21,-25,21,-23,21,-22,21,-23,23,-22,21,-23,22,-22,24,-24,22,-23,25,-24,27,-22,0,0,28,-23,27,-21,27,-23,27,-21,26,-20,26,-21,25,-17,26,-15,25,-18,24,-19,24,-19,24,-18,23,-18,22,-17,21,-19,23,-18,23,-18,24,-18,24,-18,24,-14,26,-14,25,-13,26,-11,26,-9,27,-6,27,-6,23,-1,23,-1,0,0,0,0,0,0]"
CSI_DATA,3359847,1a:00:00:00:00:00,-55,11,-95,4,43,6,3359847,47,0,128,0,"[0,0,0,0,0,0,0,0,-5,28,-6,26,-8,29,-11,29,-14,28,-15,30,-18,27,-18,25,-21,26,-21,22,-23,24,-23,20,-23,23,-25,21,-23,20,-24,22,-22,20,-24,25,-20,22,-21,21,-23,21,-23,23,-23,21,-23,21,-26,23,-23,23,-27,22,-25,22,0,0,-28,25,-28,22,-26,21,-27,22,-25,17,-27,19,-26,16,-25,16,-26,17,-27,19,-25,21,-23,18,-24,18,-21,18,-23,20,-22,19,-22,18,-24,18,-24,18,-25,14,-26,15,-24,12,-26,10,-25,10,-26,8,-25,5,-23,3,-22,1,0,0,0,0,0,0]"
CSI_DATA,3359995,1a:00:00:00:00:00,-55,11,-95,4,43,6,3359995,47,0,128,0,"[0,0,0,0,0,0,0,0,22,17,20,19,21,21,19,23,18,26,19,27,15,29,12,28,12,32,6,30,7,31,6,31,6,32,6,32,6,31,8,31,6,29,9,33,7,29,5,29,6,30,6,31,5,32,6,33,6,34,7,34,5,35,3,32,0,0,5,36,2,35,4,34,4,34,2,31,2,33,0,30,-1,30,0,29,0,30,3,31,1,28,3,29,3,28,3,29,3,27,3,29,0,29,0,30,-3,28,-3,29,-3,27,-6,28,-5,27,-9,25,-11,22,-10,20,-11,21,0,0,0,0,0,0]"
CSI_DATA,3365215,1a:00:00:00:00:00,-55,11,-95,4,43,6,3365215,47,0,128,0,"[0,0,0,0,0,0,0,0,19,-21,21,-18,23,-18,26,-17,28,-16,30,-15,31,-12,30,-10,32,-9,31,-5,32,-5,31,-2,33,-4,33,-3,32,-2,32,-3,31,-2,33,-6,31,-3,31,-1,31,-1,32,-2,32,-1,33,-1,34,-1,34,0,36,-1,33,0,0,0,37,1,36,1,33,2,35,3,31,4,36,4,31,6,29,6,28,4,31,6,31,3,29,5,31,4,28,3,29,3,29,4,31,5,28,5,30,6,27,8,28,8,26,10,27,12,26,13,23,15,21,15,17,16,15,16,0,0,0,0,0,0]"
CSI_DATA,3368100,1a:00:00:00:00:00,-55,11,-95,4,43,6,3368100,47,0,128,0,"[0,0,0,0,0,0,0,0,5,-28,7,-27,9,-29,10,-29,11,-28,14,-31,14,-30,16,-27,19,-29,19,-24,20,-27,20,-24,19,-26,20,-26,18,-25,18,-26,18,-25,18,-30,16,-27,15,-26,16,-28,16,-28,15,-26,15,-29,17,-32,16,-32,17,-31,17,-31,0,0,17,-33,16,-31,13,-31,14,-32,14,-29,13,-30,13,-28,13,-27,11,-28,10,-30,10,-29,9,-28,8,-28,6,-26,7,-28,7,-29,6,-29,7,-28,7,-29,8,-28,8,-28,8,-27,11,-24,9,-25,12,-23,14,-23,13,-17,14,-18,0,0,0,0,0,0]"
CSI_DATA,3374100,1a:00:00:00:00:00,-55,11,-95,4,43,6,3374100,47,0,128,0,"[0,0,0,0,0,0,0,0,15,25,13,24,11,28,10,30,9,30,9,33,5,32,3,33,1,35,-3,30,-3,33,-4,30,-2,33,-5,33,-3,32,-1,32,-3,31,0,34,-2,31,-1,31,-1,33,-2,31,-3,31,-1,32,-3,34,0,34,-1,35,-2,34,0,0,-5,36,-3,35,-3,35,-5,36,-4,32,-3,34,-5,30,-6,29,-4,31,-3,34,-1,31,-1,29,0,29,-1,28,0,30,0,29,0,29,-1,30,-3,30,-6,29,-5,29,-6,27,-8,27,-7,27,-11,25,-10,23,-12,20,-12,20,0,0,0,0,0,0]"
CSI_DATA,3378100,1a:00:00:00:00:00,-55,11,-95,4,43,6,3378100,47,0,128,0,"[0,0,0,0,0,0,0,0,16,-24,17,-21,19,-24,21,-23,24,-21,26,-22,27,-20,28,-20,29,-18,29,-14,29,-15,28,-13,30,-16,30,-15,28,-15,30,-17,28,-14,29,-20,26,-17,26,-16,26,-16,27,-17,28,-17,27,-18,28,-20,27,-21,28,-21,29,-20,0,0,32,-22,29,-20,27,-20,27,-22,27,-19,28,-20,25,-17,25,-16,24,-19,21,-21,23,-23,20,-19,21,-21,19,-20,19,-21,19,-22,19,-22,21,-21,22,-21,21,-20,22,-20,21,-17,22,-16,23,-16,24,-14,23,-12,21,-8,20,-9,0,0,0,0,0,0]"
CSI_DATA,3382100,1a:00:00:00:00:00,-54,11,-95,4,43,6,3382100,47,0,128,0,"[0,0,0,0,0,0,0,0,-29,1,-29,-1,-30,-1,-32,-3,-33,-6,-34,-5,-33,-7,-30,-9,-31,-11,-29,-13,-32,-11,-29,-14,-31,-12,-30,-12,-31,-10,-32,-8,-30,-10,-34,-6,-30,-6,-29,-6,-32,-5,-33,-7,-33,-5,-33,-5,-35,-4,-36,-2,-36,-2,-36,-3,0,0,-36,-2,-36,-2,-35,-1,-35,0,-34,-1,-35,-1,-31,0,-31,0,-31,2,-31,4,-31,5,-29,6,-29,5,-28,6,-29,8,-28,8,-28,10,-28,8,-29,8,-28,6,-30,7,-28,5,-29,4,-29,4,-26,3,-25,1,-24,-2,-24,-1,0,0,0,0,0,0]"
CSI_DATA,3388100,1a:00:00:00:00:00,-55,11,-95,4,43,6,3388100,47,0,128,0,"[0,0,0,0,0,0,0,0,26,-12,27,-11,29,-11,31,-11,31,-7,34,-8,34,-5,32,-3,34,-2,32,2,33,0,32,3,34,1,34,3,33,4,33,1,32,0,34,-1,31,-1,31,0,32,-1,34,-1,33,0,34,-2,36,-2,36,-3,37,-1,35,-2,0,0,38,-2,35,-2,36,-3,37,-3,32,-1,36,-2,33,-1,31,-2,31,-2,33,-3,32,-6,30,-5,30,-6,28,-5,30,-6,28,-7,29,-7,29,-6,31,-6,29,-4,30,-4,28,-2,28,-1,28,0,29,2,26,4,23,5,22,6,0,0,0,0,0,0]"
CSI_DATA,3394100,1a:00:00:00:00:00,-54,11,-95,4,43,6,3394100,47,0,128,0,"[0,0,0,0,0,0,0,0,-12,27,-13,26,-15,28,-18,27,-20,25,-22,25,-26,23,-25,20,-28,21,-28,15,-28,18,-29,15,-29,17,-30,16,-29,14,-29,17,-27,14,-30,18,-28,17,-28,15,-29,15,-29,14,-29,16,-30,16,-31,16,-30,17,-32,16,-31,16,0,0,-35,17,-33,15,-33,13,-34,15,-30,11,-34,13,-31,9,-29,9,-28,12,-29,14,-28,14,-28,12,-28,12,-26,12,-28,15,-26,14,-28,13,-28,12,-29,11,-28,9,-30,8,-27,7,-28,4,-28,3,-27,1,-26,-1,-22,-3,-23,-3,0,0,0,0,0,0]"
CSI_DATA,3400100,1a:00:00:00:00:00,-54,11,-95,4,43,6,3400100,47,0,128,0,"[0,0,0,0,0,0,0,0,28,-13,27,-10,29,-11,31,-10,32,-8,34,-9,34,-6,32,-6,34,-6,33,-6,34,-6,33,-5,33,-8,33,-7,32,-9,32,-11,31,-10,32,-13,29,-13,29,-12,28,-16,30,-17,28,-17,29,-20,29,-22,29,-22,30,-24,29,-25,0,0,27,-27,25,-27,25,-25,25,-27,20,-25,22,-27,19,-26,18,-25,17,-26,17,-31,14,-30,12,-27,11,-30,8,-29,8,-30,7,-29,6,-30,5,-29,6,-32,6,-28,5,-29,7,-28,6,-28,6,-28,7,-26,9,-24,9,-21,10,-20,0,0,0,0,0,0]"
CSI_DATA,3406100,1a:00:00:00:00:00,-54,11,-95,4,43,6,3406100,47,0,128,0,"[0,0,0,0,0,0,0,0,-16,26,-17,22,-18,25,-21,24,-23,23,-25,23,-25,22,-27,22,-27,22,-27,18,-27,20,-26,19,-26,21,-27,22,-24,22,-25,23,-22,21,-25,25,-22,23,-21,22,-22,25,-21,27,-21,27,-21,25,-20,32,-19,31,-18,32,-19,31,0,0,-20,35,-20,32,-20,31,-18,32,-16,29,-14,31,-14,28,-13,28,-11,31,-9,34,-7,32,-6,30,-7,30,-4,29,-5,30,-4,30,-4,32,-4,31,-3,31,-4,29,-3,32,-6,28,-4,28,-6,28,-8,27,-8,25,-9,23,-10,22,0,0,0,0,0,0]"
CSI_DATA,3410101,1a:00:00:00:00:00,-54,11,-95,4,43,6,3410101,47,0,128,0,"[0,0,0,0,0,0,0,0,29,3,28,4,31,5,32,6,31,9,33,11,32,10,31,12,34,12,30,12,32,12,30,13,32,10,33,8,32,9,33,8,32,7,34,5,30,5,30,3,33,2,34,1,34,-1,35,-1,35,-3,37,-4,38,-5,35,-4,0,0,35,-8,37,-6,36,-7,36,-9,34,-8,34,-11,32,-10,29,-10,30,-12,30,-17,29,-18,26,-16,26,-19,22,-19,23,-19,23,-19,23,-22,23,-21,22,-23,21,-20,22,-22,22,-19,21,-19,22,-18,21,-18,22,-15,21,-12,20,-12,0,0,0,0,0,0]"
CSI_DATA,3414101,1a:00:00:00:00:00,-54,11,-95,4,43,6,3414101,47,0,128,0,"[0,0,0,0,0,0,0,0,-30,7,-29,4,-30,1,-31,-1,-33,-4,-34,-6,-33,-10,-31,-10,-33,-13,-28,-15,-30,-14,-29,-16,-29,-17,-29,-17,-29,-16,-29,-16,-26,-17,-31,-19,-26,-17,-26,-17,-28,-18,-29,-17,-29,-18,-29,-18,-31,-18,-30,-19,-31,-20,-28,-21,0,0,-32,-23,-29,-25,-26,-23,-27,-26,-26,-22,-28,-24,-25,-23,-22,-22,-23,-22,-24,-21,-24,-21,-24,-20,-24,-21,-23,-19,-22,-21,-20,-20,-24,-20,-21,-21,-21,-23,-19,-23,-20,-23,-17,-24,-16,-25,-14,-25,-11,-25,-8,-25,-5,-24,-4,-24,0,0,0,0,0,0]"
CSI_DATA,3425164,1a:00:00:00:00:00,-55,11,-95,4,43,6,3425164,47,0,128,0,"[0,0,0,0,0,0,0,0,28,-10,27,-8,29,-9,31,-7,33,-5,34,-6,34,-3,34,-2,35,-3,33,-1,34,-2,32,0,33,-3,35,-3,32,-5,32,-6,31,-6,35,-9,31,-9,31,-9,30,-9,31,-11,32,-13,31,-12,32,-16,31,-18,32,-18,32,-18,0,0,31,-22,31,-21,29,-21,29,-22,26,-18,27,-22,26,-20,25,-20,24,-22,22,-27,21,-26,18,-23,19,-26,16,-25,16,-26,16,-27,15,-27,14,-27,14,-28,14,-26,16,-27,15,-23,16,-25,16,-24,16,-22,16,-21,17,-16,16,-17,0,0,0,0,0,0]"
CSI_DATA,3425325,1a:00:00:00:00:00,-54,11,-95,4,43,6,3425325,47,0,128,0,"[0,0,0,0,0,0,0,0,24,-14,25,-13,27,-14,30,-13,30,-11,32,-13,32,-9,32,-8,34,-9,31,-5,32,-8,31,-6,33,-9,34,-8,31,-9,30,-12,30,-9,31,-15,29,-14,28,-14,28,-16,29,-15,28,-17,30,-18,29,-19,28,-21,31,-23,29,-19,0,0,29,-25,27,-24,25,-25,27,-24,25,-22,25,-25,22,-23,22,-21,18,-25,18,-27,16,-28,16,-25,15,-27,13,-24,13,-28,11,-28,11,-28,13,-28,12,-27,12,-27,14,-28,12,-26,13,-25,13,-25,14,-24,14,-24,14,-18,14,-18,0,0,0,0,0,0]"
CSI_DATA,3430101,1a:00:00:00:00:00,-55,11,-95,4,43,6,3430101,47,0,128,0,"[0,0,0,0,0,0,0,0,10,29,9,28,7,29,6,30,6,33,6,33,3,33,2,32,2,35,-1,33,2,33,0,32,2,35,2,34,4,32,6,32,5,31,9,34,7,31,8,30,11,31,12,31,13,30,13,30,15,32,17,31,17,33,15,32,0,0,18,32,19,31,19,31,20,32,19,26,23,29,21,26,19,24,22,24,26,23,25,22,24,18,25,18,24,16,27,17,25,15,26,15,26,16,27,15,25,15,27,15,25,15,25,16,25,16,22,17,20,16,17,17,17,16,0,0,0,0,0,0]"
CSI_DATA,3436101,1a:00:00:00:00:00,-55,11,-95,4,43,6,3436101,47,0,128,0,"[0,0,0,0,0,0,0,0,-26,-15,-24,-15,-25,-17,-24,-19,-23,-22,-26,-24,-22,-25,-20,-25,-21,-27,-18,-26,-20,-26,-18,-26,-21,-26,-21,-26,-22,-25,-23,-23,-20,-24,-23,-24,-21,-22,-21,-21,-24,-22,-25,-22,-25,-22,-25,-22,-28,-22,-28,-21,-30,-20,-27,-21,0,0,-31,-22,-30,-23,-29,-22,-30,-21,-27,-19,-30,-20,-27,-18,-27,-17,-25,-16,-29,-14,-29,-14,-29,-11,-30,-11,-28,-9,-27,-10,-28,-10,-29,-9,-29,-10,-29,-10,-27,-11,-28,-10,-27,-12,-27,-11,-27,-12,-23,-13,-22,-14,-19,-15,-19,-14,0,0,0,0,0,0]"
CSI_DATA,3440101,1a:00:00:00:00:00,-55,11,-95,4,43,6,3440101,47,0,128,0,"[0,0,0,0,0,0,0,0,-4,28,-5,27,-7,29,-7,31,-10,31,-11,33,-12,31,-13,30,-14,31,-14,28,-13,31,-13,28,-14,31,-14,31,-11,30,-11,31,-10,31,-8,33,-8,30,-7,29,-6,32,-3,33,-3,32,-2,33,-2,34,0,35,0,37,-1,36,0,0,1,39,1,36,4,36,3,37,3,34,4,34,5,32,6,31,8,30,9,31,10,31,10,27,12,28,13,25,12,27,14,27,15,26,14,27,16,27,14,27,15,27,12,25,12,26,11,26,9,25,9,26,5,22,5,23,0,0,0,0,0,0]"
CSI_DATA,3446101,1a:00:00:00:00:00,-55,11,-95,4,43,6,3446101,47,0,128,0,"[0,0,0,0,0,0,0,0,-13,-25,-10,-27,-9,-28,-10,-30,-6,-31,-7,-33,-4,-33,-3,-32,-4,-33,-1,-31,-3,-32,-1,-32,1,-32,0,-33,-2,-32,-3,-33,-3,-32,-4,-35,-4,-30,-4,-30,-6,-31,-8,-32,-9,-32,-10,-32,-8,-34,-9,-31,-9,-35,-7,-32,0,0,-13,-34,-10,-35,-10,-34,-10,-33,-10,-31,-13,-32,-13,-29,-12,-28,-13,-28,-14,-31,-14,-30,-14,-26,-16,-26,-16,-24,-14,-26,-15,-26,-17,-24,-17,-25,-18,-25,-15,-23,-18,-26,-15,-25,-15,-25,-11,-24,-10,-27,-7,-25,-5,-22,-3,-23,0,0,0,0,0,0]"
CSI_DATA,3450101,1a:00:00:00:00:00,-55,11,-95,4,43,6,3450101,47,0,128,0,"[0,0,0,0,0,0,0,0,-17,24,-18,20,-20,22,-21,22,-23,20,-25,23,-26,21,-26,20,-26,20,-27,17,-26,19,-25,18,-27,19,-27,21,-24,19,-23,22,-22,20,-25,24,-23,22,-22,23,-21,24,-21,25,-19,26,-19,26,-20,30,-18,29,-20,29,-19,27,0,0,-17,32,-20,31,-17,31,-17,31,-16,28,-15,32,-13,27,-11,28,-12,29,-10,31,-7,31,-7,29,-6,30,-2,28,-5,29,-3,30,-1,29,-3,30,-2,31,-3,29,-3,31,-2,28,-4,29,-5,28,-7,27,-7,26,-8,23,-8,22,0,0,0,0,0,0]"
CSI_DATA,3456101,1a:00:00:00:00:00,-55,11,-95,4,43,6,3456101,47,0,128,0,"[0,0,0,0,0,0,0,0,0,-29,2,-27,4,-29,5,-31,6,-29,9,-34,10,-30,13,-30,12,-32,15,-28,13,-30,13,-27,15,-29,15,-30,13,-29,12,-31,11,-29,13,-32,11,-30,11,-29,9,-31,8,-30,9,-31,8,-32,8,-31,8,-33,8,-34,5,-33,0,0,7,-38,8,-32,7,-36,6,-33,7,-32,5,-34,5,-31,5,-30,4,-32,2,-32,2,-33,1,-28,0,-30,-1,-28,-2,-28,-2,-30,-3,-28,-2,-30,-2,-29,0,-29,-1,-30,1,-28,2,-28,3,-27,6,-27,6,-25,7,-21,8,-22,0,0,0,0,0,0]"
CSI_DATA,3460101,1a:00:00:00:00:00,-55,11,-95,4,43,6,3460101,47,0,128,0,"[0,0,0,0,0,0,0,0,-23,16,-23,14,-25,16,-28,16,-28,13,-31,15,-29,10,-31,11,-31,11,-30,8,-31,10,-30,7,-31,9,-33,8,-30,9,-29,12,-30,12,-30,15,-29,16,-26,13,-27,16,-27,16,-26,18,-28,19,-28,20,-27,20,-29,22,-28,21,0,0,-26,24,-26,22,-27,23,-26,23,-23,22,-24,24,-22,22,-22,23,-19,22,-21,25,-19,26,-18,24,-15,25,-15,25,-13,27,-13,28,-12,26,-12,28,-12,27,-13,26,-13,27,-14,25,-13,23,-14,24,-16,23,-17,21,-15,17,-16,16,0,0,0,0,0,0]"
CSI_DATA,3466101,1a:00:00:00:00:00,-55,11,-95,4,43,6,3466101,47,0,128,0,"[0,0,0,0,0,0,0,0,11,-25,14,-23,15,-26,16,-27,18,-25,19,-28,20,-25,23,-23,24,-24,23,-20,24,-23,24,-18,26,-21,26,-20,24,-21,24,-21,24,-21,23,-25,20,-23,21,-22,21,-23,21,-24,20,-25,20,-26,23,-27,22,-26,23,-27,23,-25,0,0,23,-29,21,-27,21,-29,21,-28,19,-25,18,-27,18,-26,18,-24,16,-27,15,-28,13,-29,13,-25,14,-27,12,-26,11,-26,9,-29,11,-26,12,-27,11,-27,12,-26,13,-28,13,-25,15,-24,14,-23,18,-22,18,-21,16,-16,17,-16,0,0,0,0,0,0]"
CSI_DATA,3472101,1a:00:00:00:00:00,-55,11,-95,4,43,6,3472101,47,0,128,0,"[0,0,0,0,0,0,0,0,9,27,5,27,5,30,4,32,1,32,1,34,-1,33,-3,33,-3,33,-7,31,-7,31,-9,28,-9,32,-10,30,-9,29,-8,31,-8,31,-8,32,-8,30,-7,29,-7,31,-6,32,-6,31,-4,31,-7,33,-6,33,-7,36,-7,35,0,0,-7,37,-9,33,-9,34,-8,33,-8,30,-7,33,-7,28,-7,29,-8,31,-7,31,-7,31,-6,27,-5,29,-4,28,-4,29,-5,29,-3,29,-5,29,-4,31,-7,26,-7,29,-7,27,-9,25,-11,24,-14,24,-14,22,-14,18,-15,18,0,0,0,0,0,0]"
CSI_DATA,3478101,1a:00:00:00:00:00,-55,11,-95,4,43,6,3478101,47,0,128,0,"[0,0,0,0,0,0,0,0,-22,-16,-21,-18,-21,-21,-21,-24,-20,-26,-20,-28,-15,-27,-14,-29,-13,-31,-8,-30,-10,-31,-6,-30,-6,-32,-5,-33,-6,-31,-7,-31,-6,-30,-7,-34,-7,-31,-5,-30,-7,-30,-6,-31,-6,-31,-6,-31,-6,-33,-4,-34,-4,-35,-3,-35,0,0,-4,-35,-1,-36,-2,-34,-1,-34,1,-31,0,-34,0,-31,1,-30,-1,-30,-1,-29,0,-31,1,-28,1,-29,-1,-27,-1,-29,-1,-29,0,-29,3,-29,1,-30,3,-28,3,-29,4,-27,9,-27,9,-25,13,-24,13,-23,14,-18,15,-18,0,0,0,0,0,0]"
CSI_DATA,3482101,1a:00:00:00:00:00,-55,11,-95,4,43,6,3482101,47,0,128,0,"[0,0,0,0,0,0,0,0,-3,28,-5,26,-5,31,-9,30,-12,30,-13,31,-15,29,-16,27,-19,27,-21,23,-20,27,-19,24,-20,25,-22,24,-21,24,-21,25,-20,24,-20,28,-19,24,-18,24,-18,24,-20,24,-21,25,-22,25,-22,27,-19,27,-22,27,-22,24,0,0,-23,30,-24,26,-23,25,-23,25,-21,21,-23,25,-22,22,-22,20,-21,21,-21,23,-18,25,-18,23,-19,23,-17,21,-17,23,-16,23,-17,24,-17,22,-19,23,-20,20,-20,20,-21,19,-22,18,-20,16,-22,15,-22,13,-21,9,-21,7,0,0,0,0,0,0]"
CSI_DATA,3488101,1a:00:00:00:00:00,-55,11,-95,4,43,6,3488101,47,0,128,0,"[0,0,0,0,0,0,0,0,22,-16,23,-14,25,-15,27,-17,26,-16,31,-17,29,-14,31,-15,30,-15,30,-12,30,-16,27,-11,31,-14,30,-14,28,-15,27,-17,27,-18,25,-22,24,-21,23,-20,23,-23,22,-24,20,-24,19,-27,19,-28,19,-27,18,-29,20,-29,0,0,16,-34,14,-31,14,-32,13,-32,12,-31,10,-32,7,-30,7,-29,3,-29,4,-29,2,-31,1,-29,0,-30,-2,-30,-5,-27,-5,-29,-7,-27,-7,-28,-8,-28,-7,-27,-8,-28,-8,-27,-5,-25,-7,-27,-4,-25,-5,-25,-2,-21,-1,-23,0,0,0,0,0,0]"
CSI_DATA,3492101,1a:00:00:00:00:00,-55,11,-95,4,43,6,3492101,47,0,128,0,"[0,0,0,0,0,0,0,0,-17,24,-17,21,-20,22,-23,23,-25,21,-26,20,-29,17,-28,15,-29,16,-29,11,-31,13,-31,8,-30,11,-32,10,-31,8,-31,11,-29,9,-30,14,-29,12,-27,10,-29,10,-30,11,-29,10,-32,11,-32,11,-33,12,-34,13,-32,10,0,0,-34,14,-34,9,-32,9,-33,11,-31,7,-32,9,-31,5,-29,6,-29,7,-31,10,-29,10,-27,8,-29,9,-26,10,-26,11,-26,10,-28,10,-27,8,-28,9,-27,6,-28,6,-28,4,-27,2,-27,2,-27,0,-25,-2,-22,-5,-21,-6,0,0,0,0,0,0]"
CSI_DATA,3498101,1a:00:00:00:00:00,-55,11,-95,4,43,6,3498101,47,0,128,0,"[0,0,0,0,0,0,0,0,28,-8,27,-6,30,-7,32,-7,32,-6,33,-6,34,-6,33,-3,34,-5,32,-2,33,-4,32,-2,33,-5,33,-5,32,-6,32,-7,29,-8,33,-13,27,-13,28,-12,29,-14,28,-15,29,-15,27,-17,28,-20,27,-21,27,-20,27,-23,0,0,26,-25,25,-24,23,-25,24,-28,19,-23,22,-27,19,-26,19,-24,16,-26,14,-27,13,-29,11,-25,10,-28,8,-26,6,-29,5,-28,5,-29,5,-28,4,-30,5,-28,4,-29,3,-28,6,-26,5,-26,6,-25,6,-25,7,-20,6,-21,0,0,0,0,0,0]"
CSI_DATA,3504101,1a:00:00:00:00:00,-55,11,-95,4,43,6,3504101,47,0,128,0,"[0,0,0,0,0,0,0,0,-19,22,-19,19,-21,22,-23,22,-25,21,-25,22,-26,20,-26,18,-29,19,-29,15,-30,18,-28,16,-28,18,-29,18,-26,18,-26,20,-24,19,-25,24,-22,21,-22,20,-21,23,-22,24,-21,24,-22,24,-22,28,-19,29,-19,28,-21,29,0,0,-20,31,-19,31,-17,30,-18,31,-16,26,-16,30,-15,28,-12,26,-13,28,-11,33,-9,31,-7,27,-8,29,-5,27,-4,29,-3,30,-3,29,-3,29,-4,29,-4,28,-5,28,-5,26,-7,27,-5,26,-7,26,-7,25,-8,20,-8,21,0,0,0,0,0,0]"
CSI_DATA,3508101,1a:00:00:00:00:00,-55,11,-95,4,43,6,3508101,47,0,128,0,"[0,0,0,0,0,0,0,0,30,4,30,5,31,5,31,6,30,8,33,10,33,11,31,12,33,13,29,13,31,11,29,15,33,11,32,11,32,9,32,8,30,7,35,3,31,2,31,2,32,2,34,1,34,0,34,-2,34,-2,35,-5,37,-5,33,-5,0,0,34,-9,35,-10,32,-10,35,-11,31,-11,31,-12,30,-11,29,-12,26,-13,27,-16,25,-18,24,-18,23,-19,20,-17,20,-21,18,-21,20,-22,19,-22,19,-23,19,-21,19,-22,19,-21,19,-20,18,-20,18,-19,19,-17,18,-14,17,-14,0,0,0,0,0,0]"
CSI_DATA,3514101,1a:00:00:00:00:00,-55,11,-95,4,43,6,3514101,47,0,128,0,"[0,0,0,0,0,0,0,0,-26,14,-27,12,-27,13,-30,12,-31,10,-32,12,-32,8,-31,8,-35,7,-31,4,-33,6,-32,2,-33,6,-33,5,-32,7,-32,9,-30,8,-32,13,-30,12,-28,11,-29,11,-31,13,-31,11,-31,15,-31,17,-32,19,-32,18,-32,18,0,0,-32,21,-31,18,-29,19,-29,23,-27,17,-27,19,-27,18,-25,18,-22,20,-21,24,-20,24,-20,22,-18,23,-17,21,-15,25,-15,25,-15,26,-16,26,-17,24,-16,23,-17,24,-16,23,-18,22,-17,22,-18,20,-17,18,-16,15,-16,14,0,0,0,0,0,0]"
CSI_DATA,3520262,1a:00:00:00:00:00,-54,11,-95,4,43,6,3520262,47,0,128,0,"[0,0,0,0,0,0,0,0,11,-27,12,-25,15,-27,17,-29,19,-26,21,-29,22,-25,24,-25,26,-26,26,-22,24,-22,26,-20,27,-21,27,-21,25,-21,24,-22,24,-21,25,-25,22,-25,21,-22,23,-25,23,-25,22,-23,21,-25,24,-26,22,-26,25,-26,22,-27,0,0,24,-31,22,-27,22,-27,24,-27,21,-25,21,-26,20,-24,19,-24,19,-26,19,-28,17,-28,14,-24,14,-26,13,-25,13,-27,14,-27,13,-27,15,-27,15,-27,14,-25,14,-26,15,-24,16,-22,16,-23,17,-21,19,-17,17,-14,17,-14,0,0,0,0,0,0]"
CSI_DATA,3523662,1a:00:00:00:00:00,-54,11,-95,4,43,6,3523662,47,0,128,0,"[0,0,0,0,0,0,0,0,29,9,27,10,28,10,30,14,29,17,31,18,29,18,28,18,29,20,25,21,27,20,26,20,27,19,28,20,28,19,30,18,27,16,31,15,29,15,27,14,31,12,32,13,31,11,31,10,35,9,35,9,36,9,33,7,0,0,37,7,35,7,34,8,35,5,32,4,36,4,31,3,31,3,31,3,33,-2,32,-3,30,-4,30,-5,28,-5,29,-7,28,-6,28,-8,27,-8,28,-7,28,-7,29,-8,27,-6,27,-5,28,-5,26,-4,26,-2,24,-1,23,0,0,0,0,0,0,0]"
CSI_DATA,3530101,1a:00:00:00:00:00,-54,11,-95,4,43,6,3530101,47,0,128,0,"[0,0,0,0,0,0,0,0,22,-20,23,-18,25,-19,29,-17,29,-16,31,-16,31,-12,31,-12,33,-10,32,-8,33,-9,32,-6,35,-9,34,-8,31,-8,32,-9,31,-8,33,-12,29,-10,31,-9,30,-11,32,-11,32,-10,33,-12,33,-13,32,-14,35,-15,33,-14,0,0,34,-14,34,-14,33,-13,34,-14,30,-12,31,-15,29,-13,29,-10,28,-13,28,-16,27,-18,25,-15,26,-18,22,-15,24,-18,24,-17,25,-17,24,-16,25,-17,24,-15,27,-15,25,-14,26,-13,25,-12,26,-10,24,-8,23,-5,22,-4,0,0,0,0,0,0]"
CSI_DATA,3536101,1a:00:00:00:00:00,-54,11,-95,4,43,6,3536101,47,0,128,0,"[0,0,0,0,0,0,0,0,-3,30,-6,29,-9,31,-11,30,-15,29,-18,30,-19,27,-20,27,-23,28,-23,24,-24,26,-23,23,-25,24,-25,25,-23,22,-24,23,-23,21,-25,26,-22,22,-23,21,-23,23,-24,23,-24,23,-26,23,-24,25,-24,26,-26,26,-26,25,0,0,-27,27,-28,23,-28,22,-29,24,-26,21,-27,23,-25,22,-24,18,-23,22,-22,25,-22,24,-20,22,-22,22,-20,20,-21,21,-20,21,-20,22,-23,21,-24,20,-23,20,-24,19,-23,16,-23,16,-23,15,-24,13,-25,11,-22,5,-22,5,0,0,0,0,0,0]"
CSI_DATA,3540101,1a:00:00:00:00:00,-54,11,-95,4,43,6,3540101,47,0,128,0,"[0,0,0,0,0,0,0,0,29,-9,27,-8,30,-7,32,-4,35,-1,35,-1,35,2,32,3,36,5,32,7,34,7,31,8,34,6,33,6,33,5,34,6,32,6,35,4,31,5,30,6,33,5,34,4,34,6,34,3,36,3,36,2,37,1,34,1,0,0,38,3,37,5,35,4,36,2,33,2,36,3,32,2,31,3,31,2,33,-3,33,-2,30,-3,31,-4,28,-4,30,-3,29,-4,30,-3,30,-4,30,-3,30,-1,30,-2,28,2,28,1,27,1,26,4,26,6,22,7,22,8,0,0,0,0,0,0]"
CSI_DATA,3546101,1a:00:00:00:00:00,-54,11,-95,4,43,6,3546101,47,0,128,0,"[0,0,0,0,0,0,0,0,-20,22,-20,21,-23,21,-25,20,-29,17,-31,18,-31,13,-31,12,-34,12,-32,9,-33,8,-32,7,-32,8,-33,8,-32,7,-32,6,-31,6,-35,8,-31,7,-30,6,-33,5,-34,7,-33,6,-33,6,-35,8,-35,9,-36,8,-33,8,0,0,-38,6,-36,3,-34,2,-36,5,-33,4,-35,1,-32,2,-30,2,-28,4,-30,7,-31,5,-29,5,-30,6,-28,6,-28,4,-29,6,-29,5,-29,5,-30,4,-29,1,-30,1,-28,-1,-29,-2,-28,-3,-27,-4,-24,-7,-21,-9,-20,-10,0,0,0,0,0,0]"
CSI_DATA,3550101,1a:00:00:00:00:00,-54,11,-95,4,43,6,3550101,47,0,128,0,"[0,0,0,0,0,0,0,0,30,5,28,6,30,8,29,12,30,16,32,16,31,19,27,18,29,21,25,21,26,22,26,23,26,22,27,22,25,22,28,21,26,21,28,22,25,20,24,20,24,20,27,20,28,20,27,21,30,20,30,18,31,19,30,18,0,0,33,23,29,23,30,22,30,21,26,19,29,21,25,19,25,17,26,18,30,15,30,15,28,12,27,14,26,11,26,14,25,13,29,14,26,13,27,15,23,16,26,16,24,18,25,17,24,17,20,18,18,18,14,20,14,19,0,0,0,0,0,0]"
CSI_DATA,3556101,1a:00:00:00:00:00,-54,11,-95,4,43,6,3556101,47,0,128,0,"[0,0,0,0,0,0,0,0,-29,9,-27,7,-30,5,-31,2,-33,1,-36,-1,-34,-5,-33,-6,-35,-6,-31,-10,-32,-10,-30,-11,-32,-11,-31,-11,-32,-11,-31,-10,-30,-11,-33,-12,-29,-10,-29,-12,-30,-12,-32,-12,-31,-12,-32,-12,-34,-12,-34,-12,-35,-13,-32,-14,0,0,-33,-14,-33,-16,-33,-16,-33,-16,-29,-15,-30,-16,-28,-17,-27,-15,-26,-13,-29,-13,-30,-13,-28,-12,-28,-12,-27,-12,-27,-12,-26,-12,-28,-12,-27,-13,-27,-13,-24,-16,-25,-16,-23,-17,-23,-18,-22,-19,-18,-19,-16,-20,-12,-20,-12,-19,0,0,0,0,0,0]"
CSI_DATA,3560101,1a:00:00:00:00:00,-54,11,-95,4,43,6,3560101,47,0,128,0,"[0,0,0,0,0,0,0,0,23,20,20,21,20,23,19,25,17,28,17,30,16,31,13,31,13,32,9,32,10,32,8,32,9,33,8,34,11,32,10,33,10,31,11,34,10,31,10,31,11,31,11,31,11,31,12,32,12,34,13,34,13,35,12,35,0,0,13,36,11,35,12,35,10,35,10,32,12,33,12,30,10,28,12,30,15,28,14,30,14,26,14,26,14,25,13,27,15,26,15,26,13,26,14,28,11,27,13,28,10,27,9,28,9,27,4,28,3,26,1,24,1,24,0,0,0,0,0,0]"
CSI_DATA,3566101,1a:00:00:00:00:00,-54,11,-95,4,43,6,3566101,47,0,128,0,"[0,0,0,0,0,0,0,0,-30,-5,-27,-8,-29,-10,-29,-12,-30,-15,-31,-17,-27,-19,-26,-21,-26,-21,-23,-23,-23,-25,-20,-25,-22,-26,-21,-27,-21,-25,-22,-26,-20,-26,-23,-27,-21,-25,-19,-24,-21,-26,-22,-26,-22,-26,-22,-28,-23,-28,-23,-28,-23,-28,-20,-29,0,0,-24,-32,-20,-29,-18,-31,-18,-29,-18,-28,-19,-29,-16,-27,-16,-26,-15,-26,-17,-27,-18,-27,-17,-24,-17,-26,-17,-25,-15,-24,-16,-25,-16,-24,-14,-27,-16,-26,-13,-25,-14,-27,-11,-26,-10,-27,-7,-27,-4,-26,-2,-27,1,-24,0,-24,0,0,0,0,0,0]"
CSI_DATA,3572101,1a:00:00:00:00:00,-55,11,-95,4,43,6,3572101,47,0,128,0,"[0,0,0,0,0,0,0,0,21,23,19,22,19,24,18,26,18,29,19,30,16,31,15,29,18,31,13,28,16,31,15,31,15,30,16,30,17,27,20,28,18,25,22,28,21,24,21,24,22,22,25,23,25,22,25,21,28,22,28,20,31,21,31,18,0,0,30,18,34,19,32,17,31,15,30,14,32,13,30,13,30,11,30,9,32,6,31,5,30,5,31,3,28,1,30,1,29,-1,30,-1,29,-2,30,-3,29,-2,30,-2,29,-1,29,0,27,0,27,1,26,2,25,4,24,3,0,0,0,0,0,0]"
CSI_DATA,3576101,1a:00:00:00:00:00,-55,11,-95,4,43,6,3576101,47,0,128,0,"[0,0,0,0,0,0,0,0,-27,-13,-24,-15,-25,-20,-25,-21,-23,-23,-24,-26,-22,-28,-18,-29,-19,-29,-14,-29,-15,-31,-13,-30,-12,-31,-11,-33,-11,-30,-12,-31,-12,-30,-14,-33,-12,-30,-10,-30,-11,-30,-13,-30,-12,-29,-11,-30,-11,-33,-11,-33,-11,-36,-9,-35,0,0,-9,-36,-9,-35,-7,-34,-6,-35,-6,-32,-8,-33,-6,-30,-6,-31,-5,-31,-6,-33,-7,-30,-6,-29,-7,-30,-9,-27,-6,-29,-6,-29,-8,-28,-5,-29,-4,-30,-3,-29,-2,-29,0,-29,1,-28,4,-27,7,-27,7,-25,9,-21,10,-20,0,0,0,0,0,0]"
CSI_DATA,3582101,1a:00:00:00:00:00,-55,11,-95,4,43,6,3582101,47,0,128,0,"[0,0,0,0,0,0,0,0,8,29,5,27,3,30,4,33,2,33,2,35,0,34,-1,33,-1,34,-2,33,-1,34,-2,32,-1,34,-2,35,1,33,3,34,3,32,4,34,6,31,5,29,9,32,11,31,10,31,12,31,13,33,14,34,17,34,16,32,0,0,17,34,16,33,18,31,18,30,19,27,20,26,20,26,18,24,19,24,23,22,24,21,23,17,25,18,24,16,23,15,24,16,27,13,25,15,28,15,24,13,26,14,25,15,25,15,24,14,22,17,20,15,18,16,18,16,0,0,0,0,0,0]"
CSI_DATA,3586101,1a:00:00:00:00:00,-55,11,-95,4,43,6,3586101,47,0,128,0,"[0,0,0,0,0,0,0,0,-14,-27,-8,-27,-7,-31,-7,-34,-3,-33,-4,-37,1,-33,4,-34,4,-35,7,-32,7,-34,9,-30,12,-32,12,-33,11,-30,11,-32,11,-31,10,-34,12,-32,12,-29,11,-31,10,-30,9,-31,11,-31,12,-32,13,-32,15,-35,16,-32,0,0,15,-34,17,-31,18,-32,17,-31,18,-27,15,-30,15,-26,16,-25,16,-28,15,-29,15,-28,15,-25,16,-26,14,-25,15,-25,15,-26,14,-25,16,-24,16,-26,17,-23,19,-25,19,-22,20,-19,20,-17,23,-15,23,-14,21,-9,22,-8,0,0,0,0,0,0]"
CSI_DATA,3592101,1a:00:00:00:00:00,-55,11,-95,4,43,6,3592101,47,0,128,0,"[0,0,0,0,0,0,0,0,-10,28,-12,26,-13,27,-15,30,-16,27,-18,32,-17,29,-20,28,-20,30,-20,25,-20,27,-20,25,-21,28,-21,27,-18,27,-17,28,-16,27,-14,30,-15,30,-13,28,-12,31,-10,33,-10,33,-7,32,-9,35,-8,35,-8,37,-8,37,0,0,-5,37,-5,36,-4,36,-4,35,-1,34,0,34,-1,31,2,31,2,30,3,32,5,32,6,29,7,29,9,27,10,28,10,28,13,27,12,29,14,28,10,27,13,26,11,26,9,27,9,26,6,26,6,27,4,22,4,23,0,0,0,0,0,0]"
CSI_DATA,3596102,1a:00:00:00:00:00,-55,11,-95,4,43,6,3596102,47,0,128,0,"[0,0,0,0,0,0,0,0,31,-4,29,-4,31,-3,35,-3,32,-1,37,-3,34,-1,35,-1,36,-1,32,1,34,0,32,0,35,-1,35,-1,33,-3,34,-5,32,-6,33,-9,32,-10,29,-9,31,-12,31,-13,30,-14,30,-15,30,-16,30,-17,30,-20,29,-21,0,0,29,-23,28,-23,27,-24,26,-24,24,-23,22,-24,20,-24,19,-24,17,-26,15,-28,15,-29,13,-26,13,-28,9,-28,9,-27,7,-29,6,-28,7,-30,5,-29,6,-28,5,-30,6,-28,7,-27,4,-26,7,-27,7,-26,9,-20,9,-22,0,0,0,0,0,0]"
CSI_DATA,3602102,1a:00:00:00:00:00,-55,11,-95,4,43,6,3602102,47,0,128,0,"[0,0,0,0,0,0,0,0,-20,21,-22,18,-25,19,-26,21,-27,18,-31,21,-30,16,-30,16,-30,18,-30,15,-30,16,-28,14,-32,16,-32,15,-28,16,-28,17,-28,19,-28,21,-26,20,-24,19,-26,23,-24,23,-23,24,-23,25,-23,27,-23,28,-24,27,-23,28,0,0,-21,32,-21,28,-22,29,-19,29,-18,27,-18,30,-14,27,-13,27,-13,29,-13,30,-12,31,-10,28,-9,30,-6,28,-7,28,-5,30,-2,28,-5,30,-2,32,-4,28,-4,31,-4,28,-4,27,-5,26,-8,27,-8,25,-9,20,-9,22,0,0,0,0,0,0]"
CSI_DATA,3608102,1a:00:00:00:00:00,-55,11,-95,4,43,6,3608102,47,0,128,0,"[0,0,0,0,0,0,0,0,3,-30,4,-28,6,-31,7,-33,7,-31,10,-35,11,-32,13,-31,14,-33,15,-29,15,-30,17,-27,18,-31,16,-30,16,-29,14,-30,14,-30,12,-32,11,-31,11,-28,11,-32,10,-32,9,-31,8,-32,8,-34,8,-33,10,-35,9,-35,0,0,7,-38,8,-34,6,-35,7,-34,6,-32,4,-34,3,-31,5,-29,3,-31,1,-32,0,-32,1,-29,1,-31,-2,-29,-2,-30,-3,-31,-4,-29,-2,-30,-3,-30,-1,-29,-2,-31,-1,-28,-1,-28,1,-27,3,-27,4,-27,5,-21,5,-22,0,0,0,0,0,0]"
CSI_DATA,3612102,1a:00:00:00:00:00,-55,11,-95,4,43,6,3612102,47,0,128,0,"[0,0,0,0,0,0,0,0,-28,13,-27,10,-29,11,-30,10,-32,8,-33,8,-34,6,-33,5,-36,5,-32,1,-35,5,-32,2,-34,4,-34,4,-33,4,-35,6,-32,7,-34,11,-31,9,-30,9,-32,10,-32,12,-31,13,-31,14,-33,15,-32,16,-33,18,-31,18,0,0,-33,19,-31,18,-29,18,-31,20,-27,17,-28,19,-25,19,-25,19,-24,20,-24,24,-22,24,-20,22,-20,23,-16,22,-16,26,-15,24,-16,26,-16,26,-16,26,-17,23,-17,26,-18,24,-18,22,-16,23,-18,21,-18,19,-18,15,-17,14,0,0,0,0,0,0]"
CSI_DATA,3618102,1a:00:00:00:00:00,-54,11,-95,4,43,6,3618102,47,0,128,0,"[0,0,0,0,0,0,0,0,9,-28,12,-27,12,-29,15,-29,16,-28,17,-29,20,-29,21,-26,24,-27,24,-23,23,-26,24,-22,25,-25,25,-25,24,-24,22,-26,22,-24,22,-28,20,-26,19,-25,19,-27,20,-28,19,-27,18,-28,19,-31,17,-31,20,-31,20,-31,0,0,21,-34,18,-32,17,-29,19,-33,16,-27,16,-30,16,-29,14,-27,13,-29,12,-31,11,-30,10,-27,10,-30,8,-27,9,-31,6,-27,7,-30,7,-28,8,-30,9,-28,9,-29,9,-26,11,-26,11,-25,14,-25,13,-23,13,-19,14,-18,0,0,0,0,0,0]"
CSI_DATA,3622102,1a:00:00:00:00:00,-54,11,-95,4,43,6,3622102,47,0,128,0,"[0,0,0,0,0,0,0,0,-30,4,-29,3,-33,3,-33,1,-35,0,-36,-1,-35,-3,-33,-4,-34,-4,-32,-8,-34,-6,-32,-8,-34,-5,-34,-8,-32,-6,-34,-4,-32,-4,-36,-1,-32,0,-31,1,-33,0,-34,3,-34,2,-34,4,-35,4,-35,4,-36,6,-35,6,0,0,-37,9,-37,6,-35,10,-35,11,-32,8,-33,10,-31,8,-30,9,-30,11,-29,14,-27,15,-27,14,-28,18,-24,15,-25,19,-23,19,-25,20,-25,18,-23,18,-25,17,-24,17,-24,15,-26,14,-24,14,-25,12,-25,12,-22,8,-22,7,0,0,0,0,0,0]"
CSI_DATA,3628102,1a:00:00:00:00:00,-54,11,-95,4,43,6,3628102,47,0,128,0,"[0,0,0,0,0,0,0,0,19,-23,21,-21,22,-22,25,-22,27,-21,28,-22,30,-19,29,-18,31,-17,30,-13,31,-15,32,-11,32,-14,32,-13,30,-13,31,-15,29,-14,30,-19,27,-17,28,-15,28,-16,29,-19,30,-18,29,-19,30,-20,30,-21,30,-22,30,-20,0,0,31,-22,31,-22,29,-21,30,-22,28,-19,28,-21,25,-21,26,-18,23,-20,23,-23,23,-24,23,-21,22,-22,19,-21,19,-24,18,-23,19,-25,21,-24,21,-24,20,-22,22,-22,21,-20,24,-19,23,-18,23,-16,23,-14,22,-10,21,-11,0,0,0,0,0,0]"
CSI_DATA,3632102,1a:00:00:00:00:00,-54,11,-95,4,43,6,3632102,47,0,128,0,"[0,0,0,0,0,0,0,0,-29,-10,-28,-12,-29,-12,-30,-14,-30,-16,-31,-18,-30,-19,-26,-18,-29,-21,-25,-21,-27,-21,-24,-23,-26,-21,-27,-22,-27,-20,-29,-19,-26,-19,-31,-16,-28,-15,-27,-15,-29,-15,-31,-15,-31,-14,-32,-14,-33,-13,-34,-13,-33,-14,-32,-12,0,0,-36,-11,-37,-11,-35,-10,-34,-8,-32,-9,-35,-9,-32,-8,-31,-6,-32,-4,-33,-3,-33,-1,-30,-2,-31,-1,-29,1,-30,3,-30,4,-31,5,-30,3,-30,3,-28,2,-31,1,-28,2,-30,-2,-29,-1,-27,-2,-26,-4,-23,-4,-24,-4,0,0,0,0,0,0]"
CSI_DATA,3638102,1a:00:00:00:00:00,-54,11,-95,4,43,6,3638102,47,0,128,0,"[0,0,0,0,0,0,0,0,28,-11,28,-10,30,-9,32,-8,33,-6,33,-4,35,-1,32,0,35,2,32,5,34,4,33,4,33,3,34,4,34,3,34,2,32,2,36,-1,32,0,32,2,34,0,34,1,34,0,36,-2,35,-1,36,-3,38,-2,36,-4,0,0,38,-1,38,-3,35,-2,39,-2,34,-1,35,-1,33,-3,32,-1,31,-3,31,-5,32,-8,30,-7,31,-8,29,-8,29,-10,29,-9,30,-9,30,-8,30,-8,30,-7,30,-7,28,-5,29,-4,29,-4,28,-1,27,0,24,3,24,4,0,0,0,0,0,0]"
CSI_DATA,3644102,1a:00:00:00:00:00,-54,11,-95,4,43,6,3644102,47,0,128,0,"[0,0,0,0,0,0,0,0,-12,28,-14,25,-16,29,-17,27,-20,27,-19,27,-24,25,-25,22,-27,23,-27,17,-28,21,-29,16,-29,18,-31,18,-29,16,-29,19,-26,17,-29,21,-27,18,-26,18,-28,19,-28,19,-28,18,-28,19,-30,19,-31,20,-33,21,-30,19,0,0,-31,21,-32,19,-30,19,-33,21,-28,17,-31,17,-30,16,-27,13,-27,17,-27,20,-26,18,-25,17,-26,18,-24,16,-25,20,-21,19,-25,19,-25,17,-26,17,-26,14,-28,14,-26,12,-28,10,-26,10,-27,7,-25,6,-24,1,-24,2,0,0,0,0,0,0]"
CSI_DATA,3648102,1a:00:00:00:00:00,-54,11,-95,4,43,6,3648102,47,0,128,0,"[0,0,0,0,0,0,0,0,31,-1,29,3,30,3,32,5,33,9,35,10,33,12,32,13,33,15,29,16,30,16,29,18,30,18,31,18,30,16,31,15,28,15,31,15,30,12,27,12,30,15,32,13,31,12,33,13,32,13,35,12,34,12,32,12,0,0,38,14,35,14,35,13,34,13,32,12,35,13,31,12,30,11,29,10,32,9,32,8,31,7,32,6,29,6,29,5,30,5,32,5,30,5,30,6,29,8,29,8,29,9,29,10,28,10,25,13,23,13,20,14,21,14,0,0,0,0,0,0]"
CSI_DATA,3654102,1a:00:00:00:00:00,-54,11,-95,4,43,6,3654102,47,0,128,0,"[0,0,0,0,0,0,0,0,-26,15,-25,13,-28,14,-30,11,-33,7,-34,8,-35,4,-33,3,-36,0,-32,-3,-34,-2,-33,-5,-34,-4,-34,-4,-32,-4,-34,-3,-33,-3,-35,-3,-33,-2,-31,-4,-33,-3,-33,-4,-33,-4,-34,-4,-35,-4,-36,-3,-40,-4,-37,-4,0,0,-38,-6,-38,-7,-37,-6,-36,-7,-33,-7,-37,-8,-32,-7,-31,-8,-30,-5,-32,-3,-33,-3,-30,-3,-31,-4,-30,-2,-30,-3,-29,-2,-31,-4,-30,-5,-31,-5,-29,-7,-30,-7,-28,-9,-26,-10,-27,-11,-25,-13,-23,-14,-19,-16,-17,-16,0,0,0,0,0,0]"
CSI_DATA,3658102,1a:00:00:00:00:00,-54,11,-95,4,43,6,3658102,47,0,128,0,"[0,0,0,0,0,0,0,0,28,11,26,11,27,14,28,17,28,20,29,20,26,22,23,22,24,25,21,26,21,26,20,27,21,26,22,27,23,26,25,25,22,24,24,26,23,24,21,23,23,23,24,24,23,24,25,24,26,25,27,23,29,25,24,26,0,0,29,27,26,27,26,26,27,26,23,23,27,25,24,24,23,22,24,23,27,21,27,19,26,18,27,19,24,17,25,18,26,17,27,18,24,18,25,19,22,20,23,21,21,21,22,21,22,21,18,22,15,22,13,22,12,21,0,0,0,0,0,0]"
CSI_DATA,3664102,1a:00:00:00:00:00,-54,11,-95,4,43,6,3664102,47,0,128,0,"[0,0,0,0,0,0,0,0,-30,5,-29,4,-30,1,-31,-2,-34,-5,-35,-7,-34,-9,-31,-11,-32,-12,-28,-15,-30,-14,-29,-16,-30,-16,-30,-16,-29,-16,-30,-16,-27,-15,-31,-16,-28,-15,-28,-17,-29,-15,-29,-16,-30,-15,-29,-17,-32,-17,-31,-17,-32,-18,-30,-19,0,0,-32,-17,-31,-23,-29,-20,-30,-22,-28,-19,-30,-21,-27,-20,-24,-19,-26,-17,-26,-17,-27,-18,-26,-16,-28,-18,-25,-16,-26,-16,-24,-16,-26,-16,-25,-16,-26,-18,-23,-18,-25,-19,-20,-21,-21,-22,-19,-23,-16,-23,-14,-23,-10,-23,-10,-23,0,0,0,0,0,0]"
CSI_DATA,3670102,1a:00:00:00:00:00,-54,11,-95,4,43,6,3670102,47,0,128,0,"[0,0,0,0,0,0,0,0,26,15,25,14,26,16,26,18,27,20,28,21,26,22,25,21,26,23,23,24,25,22,24,22,25,21,26,20,27,19,29,18,27,17,31,17,29,14,29,13,31,13,31,12,32,9,35,11,34,9,35,7,36,6,37,4,0,0,37,4,37,5,36,2,37,3,33,0,35,0,34,-1,31,-2,32,-3,33,-9,32,-10,29,-11,30,-11,27,-12,28,-12,25,-14,27,-16,25,-15,27,-16,26,-13,26,-15,27,-13,26,-14,27,-15,25,-12,26,-11,24,-7,23,-7,0,0,0,0,0,0]"
CSI_DATA,3674102,1a:00:00:00:00:00,-54,11,-95,4,43,6,3674102,47,0,128,0,"[0,0,0,0,0,0,0,0,-30,-3,-29,-4,-30,-7,-30,-10,-30,-14,-31,-15,-28,-18,-26,-19,-27,-20,-23,-22,-24,-23,-23,-23,-24,-23,-23,-24,-24,-22,-25,-23,-22,-23,-25,-26,-21,-22,-21,-24,-23,-24,-22,-25,-23,-24,-22,-24,-25,-25,-26,-24,-26,-27,-23,-26,0,0,-24,-28,-22,-30,-20,-28,-21,-31,-19,-25,-20,-29,-18,-27,-18,-26,-17,-26,-19,-26,-20,-25,-19,-23,-21,-24,-18,-22,-19,-25,-17,-23,-20,-24,-17,-25,-17,-26,-15,-26,-16,-26,-13,-26,-13,-27,-11,-27,-7,-27,-5,-26,-2,-24,-1,-24,0,0,0,0,0,0]"
CSI_DATA,3680102,1a:00:00:00:00:00,-55,11,-95,4,43,6,3680102,47,0,128,0,"[0,0,0,0,0,0,0,0,18,24,15,23,16,26,16,26,14,30,17,28,14,31,13,30,13,32,11,30,12,30,11,30,13,31,15,32,15,30,17,28,17,27,20,28,18,25,17,25,20,25,22,24,23,24,24,24,26,24,28,21,29,22,27,21,0,0,31,20,29,21,30,19,31,18,28,15,31,16,28,14,28,13,29,11,32,6,31,7,29,5,31,5,28,2,29,2,29,1,31,0,30,1,32,0,29,2,32,0,30,1,30,1,29,1,28,3,26,3,22,5,23,4,0,0,0,0,0,0]"
CSI_DATA,3686102,1a:00:00:00:00:00,-55,11,-95,4,43,6,3686102,47,0,128,0,"[0,0,0,0,0,0,0,0,-27,-12,-25,-12,-26,-13,-26,-16,-27,-18,-27,-21,-26,-22,-25,-21,-26,-23,-23,-23,-24,-22,-23,-23,-24,-24,-26,-22,-26,-20,-26,-21,-25,-18,-27,-20,-26,-17,-25,-17,-28,-18,-29,-16,-28,-15,-29,-16,-32,-15,-33,-13,-33,-13,-30,-14,0,0,-34,-12,-35,-15,-33,-13,-33,-12,-30,-10,-33,-9,-30,-10,-30,-9,-30,-8,-32,-4,-32,-3,-30,-2,-31,-2,-28,0,-29,0,-29,1,-29,2,-29,0,-31,1,-30,0,-31,1,-29,0,-30,0,-29,-2,-27,-4,-26,-3,-23,-6,-23,-7,0,0,0,0,0,0]"
CSI_DATA,3690102,1a:00:00:00:00:00,-55,11,-95,4,43,6,3690102,47,0,128,0,"[0,0,0,0,0,0,0,0,4,29,1,29,1,30,-2,31,-3,33,-3,35,-5,34,-6,32,-7,34,-7,32,-7,32,-6,32,-5,33,-3,33,-1,33,0,34,-1,31,0,35,0,31,1,30,4,32,5,33,7,33,7,33,9,35,10,33,12,35,9,33,0,0,13,36,13,35,13,33,15,34,13,29,17,31,15,28,17,25,16,26,20,24,21,24,21,21,23,21,22,19,21,20,22,19,24,18,24,18,24,19,23,18,24,17,22,17,24,18,22,18,20,19,19,19,16,19,15,18,0,0,0,0,0,0]"
CSI_DATA,3696102,1a:00:00:00:00:00,-55,11,-95,4,43,6,3696102,47,0,128,0,"[0,0,0,0,0,0,0,0,-20,-22,-17,-22,-18,-25,-16,-26,-17,-30,-16,-31,-15,-31,-12,-31,-12,-32,-9,-31,-11,-32,-10,-32,-10,-33,-11,-31,-13,-30,-14,-30,-13,-29,-16,-31,-14,-29,-13,-27,-16,-28,-18,-27,-18,-29,-17,-28,-21,-29,-22,-30,-22,-29,-20,-27,0,0,-22,-28,-23,-29,-22,-27,-21,-28,-21,-24,-23,-26,-22,-22,-21,-23,-22,-21,-25,-22,-25,-20,-24,-17,-26,-18,-24,-14,-25,-16,-24,-15,-26,-14,-26,-15,-27,-15,-23,-15,-26,-14,-24,-17,-24,-15,-23,-16,-22,-18,-20,-17,-16,-18,-16,-18,0,0,0,0,0,0]"
CSI_DATA,3700102,1a:00:00:00:00:00,-55,11,-95,4,43,6,3700102,47,0,128,0,"[0,0,0,0,0,0,0,0,-14,27,-14,25,-16,27,-17,26,-19,27,-20,27,-22,26,-22,26,-24,27,-23,22,-24,24,-23,23,-22,25,-23,26,-20,26,-19,27,-17,25,-20,31,-17,27,-17,27,-14,29,-13,30,-13,31,-13,31,-13,35,-10,34,-10,35,-10,33,0,0,-7,39,-9,35,-6,35,-6,36,-5,31,-4,34,-3,32,-3,30,0,32,3,32,3,31,3,29,6,30,7,26,7,30,8,29,9,29,9,29,9,30,8,28,9,29,7,28,8,28,6,27,5,28,3,26,1,23,1,23,0,0,0,0,0,0]"
CSI_DATA,3706102,1a:00:00:00:00:00,-55,11,-95,4,43,6,3706102,47,0,128,0,"[0,0,0,0,0,0,0,0,-9,-29,-6,-28,-5,-30,-4,-32,-2,-32,-1,-34,0,-34,2,-34,3,-35,4,-32,5,-33,4,-32,5,-34,5,-35,3,-33,1,-33,2,-30,0,-35,1,-32,0,-31,-2,-33,-2,-34,-3,-32,-4,-33,-6,-35,-7,-34,-5,-38,-5,-35,0,0,-7,-33,-7,-39,-7,-33,-6,-35,-7,-32,-8,-34,-8,-31,-8,-30,-9,-30,-13,-32,-13,-31,-14,-26,-15,-27,-14,-24,-13,-26,-15,-25,-16,-25,-14,-26,-16,-27,-13,-25,-15,-27,-12,-26,-12,-25,-11,-25,-9,-25,-8,-25,-5,-23,-5,-23,0,0,0,0,0,0]"
CSI_DATA,3710102,1a:00:00:00:00:00,-55,11,-95,4,43,6,3710102,47,0,128,0,"[0,0,0,0,0,0,0,0,-24,18,-24,15,-26,16,-28,17,-30,14,-31,16,-32,13,-31,12,-32,13,-31,10,-32,14,-30,9,-33,12,-33,12,-29,11,-29,14,-27,15,-31,18,-28,17,-26,16,-28,18,-26,20,-25,21,-25,21,-27,24,-26,23,-29,25,-25,25,0,0,-24,29,-23,25,-22,26,-23,27,-21,24,-20,28,-18,26,-16,24,-15,27,-15,29,-14,29,-11,27,-11,28,-8,28,-9,28,-9,29,-6,29,-7,29,-6,31,-6,28,-6,30,-8,27,-8,27,-9,27,-10,24,-10,25,-11,20,-11,20,0,0,0,0,0,0]"
CSI_DATA,3716102,1a:00:00:00:00:00,-55,11,-95,4,43,6,3716102,47,0,128,0,"[0,0,0,0,0,0,0,0,8,-28,11,-27,12,-30,14,-29,16,-27,18,-31,20,-29,21,-26,22,-28,22,-24,23,-26,22,-25,23,-25,24,-26,21,-24,20,-26,20,-25,21,-28,19,-27,19,-26,18,-28,17,-28,15,-30,17,-29,16,-31,16,-30,16,-32,18,-30,0,0,15,-33,16,-34,16,-32,14,-32,14,-29,13,-33,13,-30,11,-28,10,-30,8,-32,7,-32,7,-30,6,-29,3,-28,5,-29,4,-30,3,-29,4,-31,3,-31,5,-29,5,-31,5,-27,6,-27,7,-27,9,-26,10,-24,10,-21,11,-20,0,0,0,0,0,0]"
CSI_DATA,3725130,1a:00:00:00:00:00,-55,11,-95,4,43,6,3725130,47,0,128,0,"[0,0,0,0,0,0,0,0,16,-25,17,-23,19,-24,21,-26,22,-23,25,-25,24,-23,26,-21,28,-22,26,-19,26,-23,25,-19,27,-20,28,-20,26,-21,25,-23,23,-23,23,-25,22,-25,20,-23,21,-26,20,-26,19,-26,18,-29,19,-29,20,-29,19,-30,18,-31,0,0,17,-35,17,-30,16,-33,15,-31,15,-29,12,-31,12,-30,11,-28,10,-30,7,-32,7,-32,6,-29,5,-30,1,-30,3,-29,1,-30,-1,-28,2,-31,1,-30,3,-29,0,-30,2,-28,3,-27,4,-28,6,-26,6,-27,6,-21,8,-22,0,0,0,0,0,0]"
CSI_DATA,3732102,1a:00:00:00:00:00,-55,11,-95,4,43,6,3732102,47,0,128,0,"[0,0,0,0,0,0,0,0,-6,29,-8,28,-11,29,-12,31,-14,28,-17,32,-17,28,-21,28,-21,27,-22,24,-22,25,-23,22,-25,23,-25,24,-24,22,-24,24,-22,23,-23,26,-21,25,-20,23,-22,24,-20,26,-21,24,-21,25,-23,27,-23,26,-24,28,-26,25,0,0,-25,29,-25,26,-24,25,-23,27,-22,24,-24,25,-20,23,-20,22,-20,25,-21,25,-20,26,-17,23,-17,23,-15,24,-17,25,-17,26,-15,25,-18,25,-17,25,-16,22,-19,23,-19,20,-20,19,-20,19,-22,16,-22,15,-19,10,-22,11,0,0,0,0,0,0]"
CSI_DATA,3738102,1a:00:00:00:00:00,-55,11,-95,4,43,6,3738102,47,0,128,0,"[0,0,0,0,0,0,0,0,-13,-26,-10,-26,-9,-30,-7,-32,-6,-33,-5,-34,-1,-35,2,-34,3,-34,7,-32,8,-35,8,-31,8,-33,11,-33,9,-32,9,-33,8,-32,9,-34,8,-31,8,-30,10,-31,10,-31,9,-32,10,-32,11,-33,11,-33,11,-35,13,-35,0,0,15,-35,13,-34,14,-33,15,-32,14,-29,14,-32,13,-28,14,-27,14,-28,13,-31,11,-29,11,-27,12,-28,12,-26,11,-27,11,-27,11,-28,14,-27,14,-28,16,-24,17,-24,17,-23,19,-20,18,-20,21,-18,20,-16,20,-11,20,-11,0,0,0,0,0,0]"
CSI_DATA,3742102,1a:00:00:00:00:00,-55,11,-95,4,43,6,3742102,47,0,128,0,"[0,0,0,0,0,0,0,0,-19,24,-20,20,-22,21,-25,23,-27,20,-29,21,-30,17,-31,15,-32,14,-31,12,-33,13,-31,8,-32,11,-34,8,-31,9,-32,10,-31,9,-33,12,-31,12,-30,10,-31,10,-31,11,-31,10,-33,12,-33,12,-32,13,-35,13,-33,11,0,0,-35,13,-35,10,-35,11,-33,12,-31,9,-33,10,-30,9,-30,10,-31,9,-32,12,-30,13,-29,11,-29,11,-27,12,-27,13,-27,13,-27,13,-29,12,-27,12,-27,10,-30,10,-28,7,-29,5,-27,5,-28,2,-27,1,-23,-2,-24,-3,0,0,0,0,0,0]"
CSI_DATA,3748102,1a:00:00:00:00:00,-54,11,-95,4,43,6,3748102,47,0,128,0,"[0,0,0,0,0,0,0,0,0,-31,2,-29,5,-32,7,-33,9,-32,12,-34,15,-32,16,-30,19,-29,22,-26,22,-27,23,-24,23,-26,25,-25,22,-24,23,-25,23,-22,24,-27,22,-24,22,-23,22,-23,25,-22,24,-21,26,-23,27,-25,26,-25,26,-25,29,-22,0,0,29,-24,30,-23,28,-21,31,-21,27,-18,30,-20,28,-18,26,-14,26,-18,27,-20,27,-20,23,-18,26,-19,23,-17,24,-18,23,-18,25,-18,26,-16,28,-15,28,-13,29,-13,27,-10,27,-8,27,-7,27,-5,27,-2,24,1,23,1,0,0,0,0,0,0]"
CSI_DATA,3754102,1a:00:00:00:00:00,-54,11,-95,4,43,6,3754102,47,0,128,0,"[0,0,0,0,0,0,0,0,-17,25,-17,23,-20,26,-21,25,-22,26,-22,26,-26,26,-24,23,-28,25,-27,20,-26,24,-27,20,-27,22,-27,24,-23,23,-22,25,-21,23,-22,29,-18,25,-18,26,-18,27,-17,29,-17,29,-16,30,-16,33,-16,33,-14,33,-15,34,0,0,-14,36,-11,34,-10,33,-10,37,-7,30,-8,34,-7,30,-7,31,-6,31,-4,35,-1,34,0,29,2,30,3,28,4,32,5,29,7,31,4,31,6,31,4,30,5,31,4,28,3,29,4,28,1,27,1,27,-2,24,-2,24,0,0,0,0,0,0]"
CSI_DATA,3758102,1a:00:00:00:00:00,-54,11,-95,4,43,6,3758102,47,0,128,0,"[0,0,0,0,0,0,0,0,31,6,29,7,31,6,33,7,33,9,34,9,33,10,32,11,33,13,30,12,33,12,31,13,33,11,33,10,32,9,34,7,31,6,36,2,31,1,32,0,33,-1,34,-2,34,-2,33,-4,36,-5,35,-7,36,-8,35,-7,0,0,33,-13,36,-12,33,-14,34,-16,30,-15,32,-15,29,-15,27,-15,25,-18,25,-21,23,-22,21,-21,21,-22,18,-22,19,-26,15,-25,16,-27,16,-26,15,-26,17,-26,16,-26,16,-25,16,-25,15,-25,17,-23,16,-21,16,-18,16,-17,0,0,0,0,0,0]"
CSI_DATA,3764102,1a:00:00:00:00:00,-54,11,-95,4,43,6,3764102,47,0,128,0,"[0,0,0,0,0,0,0,0,-25,17,-25,16,-27,17,-28,16,-29,14,-31,15,-32,14,-31,12,-34,12,-33,9,-34,11,-33,9,-33,11,-34,12,-30,12,-32,15,-30,14,-30,19,-28,18,-27,17,-28,16,-28,19,-28,19,-26,20,-28,23,-26,23,-28,25,-26,25,0,0,-28,28,-27,28,-24,25,-24,28,-22,24,-22,27,-21,25,-21,24,-18,28,-17,31,-14,29,-13,28,-13,28,-11,27,-10,30,-8,29,-8,30,-9,28,-8,30,-10,28,-9,30,-10,28,-11,28,-9,27,-11,25,-12,25,-12,20,-13,19,0,0,0,0,0,0]"
CSI_DATA,3768102,1a:00:00:00:00:00,-54,11,-95,4,43,6,3768102,47,0,128,0,"[0,0,0,0,0,0,0,0,29,13,26,12,28,13,29,15,29,17,31,18,30,19,28,17,30,22,25,21,29,20,27,21,29,18,30,20,30,18,33,15,29,15,34,12,30,10,31,9,32,8,34,7,33,7,36,6,36,4,36,3,39,3,37,2,0,0,38,0,38,-1,34,-3,36,-5,33,-5,35,-5,31,-7,31,-7,30,-8,31,-11,30,-13,27,-14,27,-15,23,-16,25,-18,24,-19,24,-19,23,-19,24,-20,23,-19,23,-20,23,-18,24,-17,23,-18,23,-16,22,-14,21,-11,21,-11,0,0,0,0,0,0]"
CSI_DATA,3774102,1a:00:00:00:00:00,-54,11,-95,4,43,6,3774102,47,0,128,0,"[0,0,0,0,0,0,0,0,-30,3,-29,1,-32,0,-31,0,-34,-2,-36,-2,-36,-4,-33,-5,-36,-6,-31,-8,-34,-5,-31,-10,-35,-7,-34,-8,-33,-7,-34,-5,-32,-5,-36,0,-34,0,-31,-1,-34,0,-35,2,-34,2,-35,3,-35,3,-35,7,-36,6,-36,5,0,0,-35,8,-39,8,-36,8,-35,10,-32,8,-34,11,-31,11,-30,10,-28,13,-27,15,-27,16,-26,14,-26,16,-23,16,-24,20,-23,18,-23,20,-23,19,-24,20,-24,18,-24,19,-23,16,-25,16,-25,15,-24,13,-23,13,-21,8,-21,9,0,0,0,0,0,0]"
CSI_DATA,3776102,1a:00:00:00:00:00,-54,11,-95,4,43,6,3776102,47,0,128,0,"[0,0,0,0,0,0,0,0,6,30,5,29,3,33,0,34,-1,35,-3,35,-5,35,-8,34,-9,35,-12,31,-11,34,-12,31,-12,33,-12,32,-11,32,-9,32,-11,30,-11,34,-9,31,-10,30,-9,32,-11,33,-9,31,-8,33,-10,35,-8,36,-9,37,-11,37,0,0,-12,38,-10,35,-10,35,-10,36,-8,31,-10,32,-10,31,-10,29,-8,31,-7,35,-6,32,-4,30,-4,29,-4,28,-3,31,-4,29,-3,31,-4,31,-6,31,-7,29,-7,30,-8,28,-9,27,-10,27,-12,26,-13,23,-14,19,-12,18,0,0,0,0,0,0]"
CSI_DATA,3780102,1a:00:00:00:00:00,-54,11,-95,4,43,6,3780102,47,0,128,0,"[0,0,0,0,0,0,0,0,23,-19,23,-17,26,-18,29,-18,29,-14,31,-14,33,-12,33,-11,34,-12,32,-8,33,-10,33,-6,33,-10,35,-10,32,-8,32,-10,31,-9,35,-13,31,-12,30,-11,30,-12,32,-13,31,-14,32,-14,33,-13,33,-16,34,-17,32,-16,0,0,33,-18,32,-16,32,-16,33,-18,29,-15,32,-17,28,-16,29,-14,27,-17,27,-19,25,-22,23,-19,25,-21,21,-19,23,-21,21,-20,22,-22,23,-21,23,-21,22,-18,24,-20,23,-17,24,-16,24,-17,24,-13,24,-12,23,-8,22,-9,0,0,0,0,0,0]"
CSI_DATA,3784102,1a:00:00:00:00:00,-54,11,-95,4,43,6,3784102,47,0,128,0,"[0,0,0,0,0,0,0,0,-28,-10,-28,-12,-29,-12,-30,-14,-30,-16,-32,-17,-29,-20,-28,-19,-29,-22,-25,-23,-27,-21,-24,-23,-28,-22,-27,-22,-28,-20,-29,-19,-27,-19,-31,-16,-29,-16,-28,-15,-30,-16,-33,-15,-31,-14,-33,-14,-34,-13,-35,-11,-35,-12,-35,-12,0,0,-37,-11,-37,-11,-35,-7,-35,-8,-33,-8,-35,-7,-33,-7,-30,-6,-30,-4,-32,0,-32,1,-31,0,-31,2,-29,3,-28,5,-29,6,-32,6,-30,4,-31,5,-29,3,-30,4,-29,3,-29,3,-29,3,-27,1,-26,-1,-24,-3,-23,-3,0,0,0,0,0,0]"
CSI_DATA,3790102,1a:00:00:00:00:00,-54,11,-95,4,43,6,3790102,47,0,128,0,"[0,0,0,0,0,0,0,0,30,-7,29,-5,30,-3,32,-2,34,1,36,2,34,3,34,6,36,5,32,8,34,7,33,10,34,8,33,7,34,9,35,7,31,7,36,6,32,6,32,6,33,5,33,4,35,3,34,4,37,1,36,1,39,4,38,4,0,0,37,1,39,4,35,3,37,2,32,2,37,0,34,1,32,0,32,1,33,-3,33,-5,30,-4,32,-5,29,-6,31,-5,29,-6,30,-7,29,-5,30,-6,30,-4,29,-4,29,-2,29,-1,29,0,26,1,26,2,23,5,24,5,0,0,0,0,0,0]"
CSI_DATA,3796103,1a:00:00:00:00:00,-54,11,-95,4,43,6,3796103,47,0,128,0,"[0,0,0,0,0,0,0,0,-18,24,-19,22,-22,24,-24,22,-25,21,-27,21,-30,19,-30,17,-33,16,-33,12,-32,13,-32,9,-32,11,-34,11,-32,9,-32,12,-31,10,-33,14,-31,13,-29,11,-31,12,-31,12,-32,11,-32,12,-35,14,-34,14,-34,15,-34,12,0,0,-36,14,-35,12,-35,11,-34,13,-31,11,-35,10,-31,9,-31,8,-29,11,-29,12,-30,14,-28,12,-28,13,-27,12,-27,14,-26,14,-28,14,-28,13,-28,11,-27,11,-30,10,-27,8,-29,6,-28,6,-27,5,-27,1,-23,-3,-23,-2,0,0,0,0,0,0]"
CSI_DATA,3800102,1a:00:00:00:00:00,-54,11,-95,4,43,6,3800102,47,0,128,0,"[0,0,0,0,0,0,0,0,30,5,28,7,31,8,32,11,31,14,33,15,31,18,30,18,29,20,26,20,26,21,26,21,28,21,28,21,27,20,30,20,27,19,29,19,27,18,25,19,29,19,30,18,30,18,29,17,32,17,32,17,33,18,31,16,0,0,33,18,32,19,33,18,32,18,29,15,33,17,29,16,28,14,28,15,32,12,31,11,29,9,30,9,29,7,27,9,29,7,29,8,29,8,30,7,27,10,29,9,27,11,26,12,26,13,24,13,23,15,18,15,18,15,0,0,0,0,0,0]"
CSI_DATA,3806103,1a:00:00:00:00:00,-54,11,-95,4,43,6,3806103,47,0,128,0,"[0,0,0,0,0,0,0,0,-27,15,-26,12,-30,11,-31,10,-33,6,-35,7,-35,2,-33,2,-34,0,-32,-4,-34,-3,-33,-5,-34,-4,-34,-4,-34,-4,-36,-3,-31,-4,-35,-2,-32,-5,-31,-6,-33,-4,-34,-4,-33,-3,-34,-4,-36,-5,-36,-2,-38,-4,-36,-6,0,0,-37,-4,-37,-5,-34,-5,-36,-6,-32,-8,-36,-7,-31,-6,-30,-6,-30,-7,-31,-3,-33,-3,-31,-3,-33,-3,-28,-3,-30,-3,-28,-2,-31,-1,-29,-4,-31,-4,-28,-6,-30,-6,-28,-9,-28,-8,-26,-9,-25,-11,-25,-12,-19,-14,-18,-15,0,0,0,0,0,0]"
CSI_DATA,3810103,1a:00:00:00:00:00,-54,11,-95,4,43,6,3810103,47,0,128,0,"[0,0,0,0,0,0,0,0,26,16,24,18,24,19,25,22,24,26,23,27,21,28,17,29,19,31,15,28,15,30,16,29,16,32,16,31,17,29,18,29,16,28,19,31,17,28,16,27,19,28,19,28,19,29,19,28,21,29,23,29,24,30,19,28,0,0,21,33,19,33,20,31,21,31,19,27,21,30,20,27,19,25,18,27,23,25,24,24,22,22,23,22,21,20,21,21,21,20,23,21,21,22,21,22,19,21,21,23,17,22,18,22,18,23,14,24,12,23,9,22,9,22,0,0,0,0,0,0]"
CSI_DATA,3816103,1a:00:00:00:00:00,-54,11,-95,4,43,6,3816103,47,0,128,0,"[0,0,0,0,0,0,0,0,-30,4,-30,2,-30,0,-31,-4,-34,-6,-34,-8,-33,-11,-30,-13,-33,-15,-28,-16,-30,-16,-28,-17,-29,-17,-29,-18,-29,-17,-30,-16,-27,-17,-31,-18,-28,-17,-28,-18,-29,-17,-29,-18,-29,-17,-30,-18,-31,-20,-31,-18,-33,-20,-29,-19,0,0,-31,-22,-33,-22,-29,-22,-30,-21,-27,-19,-29,-22,-26,-21,-25,-20,-25,-19,-28,-20,-29,-18,-27,-15,-28,-17,-25,-14,-26,-17,-25,-15,-28,-16,-23,-17,-26,-18,-23,-18,-23,-20,-21,-21,-21,-21,-20,-20,-16,-21,-14,-22,-10,-23,-10,-22,0,0,0,0,0,0]"
CSI_DATA,3820262,1a:00:00:00:00:00,-54,11,-95,4,43,6,3820262,47,0,128,0,"[0,0,0,0,0,0,0,0,18,24,14,24,15,26,15,30,13,30,13,34,10,32,7,34,9,34,5,32,6,34,4,32,2,36,2,36,4,33,4,34,6,33,6,34,5,33,3,31,7,33,9,33,9,32,9,33,8,35,7,35,7,37,6,37,0,0,9,36,6,37,7,37,6,36,7,33,8,35,8,32,7,30,7,31,12,32,9,33,9,30,9,30,11,28,8,29,9,29,11,28,9,30,11,29,9,29,10,30,8,29,5,29,2,30,0,28,-2,27,-3,24,-3,25,0,0,0,0,0,0]"
CSI_DATA,3831228,1a:00:00:00:00:00,-54,11,-95,4,43,6,3831228,47,0,128,0,"[0,0,0,0,0,0,0,0,21,21,19,22,20,24,18,26,17,29,15,31,12,32,9,33,8,35,5,32,5,33,3,33,5,34,3,35,4,33,4,33,3,31,5,36,3,31,2,31,3,32,4,32,3,34,3,35,2,36,5,34,4,37,1,35,0,0,2,39,0,38,-1,36,-1,37,-2,34,-2,35,-3,32,-2,31,-2,31,0,33,1,33,1,30,-1,32,1,28,-1,31,-1,29,0,31,-2,31,-2,32,-4,30,-6,31,-6,29,-8,28,-10,28,-12,25,-12,23,-14,20,-14,20,0,0,0,0,0,0]"
CSI_DATA,3838103,1a:00:00:00:00:00,-55,11,-95,4,43,6,3838103,47,0,128,0,"[0,0,0,0,0,0,0,0,-26,-16,-24,-16,-24,-16,-25,-19,-25,-23,-25,-23,-25,-25,-22,-24,-23,-26,-20,-26,-21,-25,-21,-27,-22,-26,-23,-26,-22,-24,-23,-23,-21,-21,-27,-23,-23,-20,-25,-21,-26,-20,-26,-20,-27,-18,-28,-19,-31,-19,-31,-18,-32,-18,-31,-18,0,0,-33,-17,-34,-17,-32,-14,-33,-15,-30,-13,-33,-14,-30,-10,-30,-10,-29,-10,-34,-9,-31,-6,-29,-4,-31,-3,-27,-2,-30,-2,-29,-2,-32,0,-30,-2,-31,-1,-29,-1,-31,-1,-30,-3,-31,-3,-29,-3,-26,-5,-25,-5,-23,-7,-23,-8,0,0,0,0,0,0]"
CSI_DATA,3842103,1a:00:00:00:00:00,-55,11,-95,4,43,6,3842103,47,0,128,0,"[0,0,0,0,0,0,0,0,-1,31,-3,29,-4,31,-5,32,-6,31,-6,36,-9,32,-10,31,-9,34,-10,31,-8,32,-11,30,-11,33,-11,33,-8,32,-6,31,-4,33,-3,33,-1,33,-2,30,1,35,4,33,5,33,5,32,5,35,7,34,7,34,7,36,0,0,12,34,11,35,10,34,12,33,12,30,16,32,15,28,16,27,16,26,20,25,18,26,18,23,19,24,21,20,22,20,22,20,24,19,24,19,25,18,23,18,26,18,23,17,22,19,21,20,18,21,19,19,15,18,15,19,0,0,0,0,0,0]"
CSI_DATA,3846103,1a:00:00:00:00:00,-55,11,-95,4,43,6,3846103,47,0,128,0,"[0,0,0,0,0,0,0,0,-7,-28,-5,-27,-3,-29,-1,-32,2,-33,3,-35,7,-32,9,-33,10,-34,12,-31,13,-32,14,-29,16,-30,18,-29,16,-28,15,-28,15,-28,16,-32,15,-30,15,-27,15,-28,16,-28,14,-29,15,-30,17,-30,18,-30,19,-30,18,-31,0,0,20,-32,20,-30,21,-29,21,-29,20,-26,19,-28,19,-25,18,-25,19,-25,19,-29,18,-27,17,-24,17,-24,15,-24,18,-25,17,-25,16,-25,19,-24,19,-26,20,-23,21,-24,20,-19,21,-18,23,-17,24,-13,25,-11,22,-8,23,-6,0,0,0,0,0,0]"
CSI_DATA,3854856,1a:00:00:00:00:00,-54,11,-95,4,43,6,3854856,47,0,128,0,"[0,0,0,0,0,0,0,0,-24,19,-23,16,-26,17,-29,16,-30,13,-33,14,-32,10,-33,8,-34,8,-33,5,-34,6,-33,3,-34,4,-35,4,-33,3,-34,4,-33,4,-34,6,-33,6,-31,4,-33,5,-32,5,-33,6,-33,7,-35,8,-34,6,-38,6,-35,6,0,0,-39,8,-37,3,-37,5,-36,7,-32,4,-35,5,-32,6,-30,6,-31,5,-31,7,-33,8,-29,8,-30,8,-30,8,-28,8,-30,9,-28,9,-29,7,-30,8,-28,6,-30,7,-28,4,-28,3,-28,1,-27,-1,-27,-2,-23,-6,-24,-5,0,0,0,0,0,0]"
CSI_DATA,3856103,1a:00:00:00:00:00,-54,11,-95,4,43,6,3856103,47,0,128,0,"[0,0,0,0,0,0,0,0,11,-28,13,-26,16,-27,18,-28,20,-25,23,-27,25,-24,26,-22,27,-23,27,-19,27,-20,28,-16,29,-16,32,-14,30,-14,31,-15,30,-15,30,-17,29,-16,28,-13,30,-14,30,-16,29,-14,31,-15,32,-15,33,-15,36,-12,34,-12,0,0,38,-15,35,-9,35,-11,35,-11,32,-8,34,-10,31,-8,30,-7,30,-9,31,-11,31,-11,28,-8,29,-8,28,-8,29,-9,30,-8,29,-9,29,-7,31,-7,28,-5,30,-4,30,-2,29,0,28,2,28,4,26,6,22,8,22,10,0,0,0,0,0,0]"
CSI_DATA,3862103,1a:00:00:00:00:00,-54,11,-95,4,43,6,3862103,47,0,128,0,"[0,0,0,0,0,0,0,0,-26,15,-26,14,-27,15,-30,15,-31,12,-34,14,-32,11,-34,11,-33,10,-33,7,-34,10,-32,7,-33,10,-35,9,-32,11,-31,13,-30,12,-32,17,-28,16,-27,15,-28,18,-29,17,-28,20,-28,19,-29,22,-27,23,-27,24,-28,23,0,0,-26,29,-27,25,-25,27,-24,26,-21,25,-22,27,-21,25,-19,24,-17,26,-17,29,-15,30,-14,27,-13,29,-10,27,-10,29,-8,30,-6,31,-8,30,-8,30,-9,28,-7,31,-7,28,-9,28,-8,26,-11,26,-11,25,-12,20,-10,20,0,0,0,0,0,0]"
CSI_DATA,3868103,1a:00:00:00:00:00,-54,11,-95,4,43,6,3868103,47,0,128,0,"[0,0,0,0,0,0,0,0,13,-26,15,-24,18,-27,19,-28,20,-26,23,-29,22,-25,24,-24,24,-25,26,-23,27,-25,25,-19,28,-22,28,-22,24,-21,25,-24,24,-24,23,-27,22,-26,20,-24,21,-26,20,-27,19,-27,19,-28,20,-30,20,-30,21,-30,21,-31,0,0,20,-32,19,-31,19,-32,18,-31,17,-29,15,-31,15,-29,14,-28,12,-31,11,-32,11,-32,10,-29,9,-29,6,-30,6,-30,6,-31,5,-29,7,-31,5,-30,7,-30,6,-31,8,-29,9,-27,10,-27,12,-25,12,-26,11,-19,13,-20,0,0,0,0,0,0]"
CSI_DATA,3872103,1a:00:00:00:00:00,-54,11,-95,4,43,6,3872103,47,0,128,0,"[0,0,0,0,0,0,0,0,-30,3,-28,1,-32,1,-34,0,-34,-1,-36,-2,-33,-4,-34,-5,-35,-4,-33,-8,-35,-6,-32,-8,-34,-6,-35,-7,-33,-6,-35,-3,-34,-2,-35,0,-34,1,-31,2,-33,3,-34,4,-34,4,-34,6,-36,6,-35,7,-37,9,-36,9,0,0,-38,12,-36,10,-35,10,-34,13,-31,11,-34,13,-31,12,-29,14,-28,16,-29,18,-28,18,-25,18,-26,18,-24,20,-22,21,-22,22,-21,23,-23,22,-22,24,-21,21,-22,23,-22,20,-23,18,-22,18,-23,18,-22,17,-21,11,-21,13,0,0,0,0,0,0]"
CSI_DATA,3874103,1a:00:00:00:00:00,-54,11,-95,4,43,6,3874103,47,0,128,0,"[0,0,0,0,0,0,0,0,9,27,6,28,4,32,4,35,2,33,1,36,-2,35,-4,34,-5,36,-9,32,-7,34,-9,31,-8,33,-10,33,-8,32,-6,35,-7,33,-7,35,-5,33,-7,30,-5,33,-5,35,-4,34,-3,34,-5,37,-3,35,-4,38,-5,37,0,0,-2,41,-5,36,-5,37,-5,37,-4,33,-4,34,-4,32,-4,32,-4,32,-3,33,0,33,0,30,1,32,1,30,3,31,2,32,2,31,1,32,1,31,-2,30,-2,32,-1,30,-4,29,-4,28,-8,29,-9,27,-9,21,-11,23,0,0,0,0,0,0]"
CSI_DATA,3876103,1a:00:00:00:00:00,-54,11,-95,4,43,6,3876103,47,0,128,0,"[0,0,0,0,0,0,0,0,19,23,18,22,19,25,19,26,18,30,21,29,17,30,16,30,17,31,14,30,16,30,15,30,17,29,17,31,18,28,21,27,21,27,26,26,25,23,22,22,25,22,27,22,26,20,29,21,29,20,31,18,33,19,32,18,0,0,36,18,34,18,34,13,35,12,32,10,35,11,31,9,31,9,30,6,33,4,33,1,32,-1,33,-1,31,-3,31,-5,29,-8,32,-8,29,-5,30,-6,29,-5,31,-8,31,-5,30,-6,29,-6,28,-4,28,-4,24,0,25,-2,0,0,0,0,0,0]"
CSI_DATA,3882103,1a:00:00:00:00:00,-54,11,-95,4,43,6,3882103,47,0,128,0,"[0,0,0,0,0,0,0,0,-29,-9,-26,-10,-30,-11,-30,-12,-31,-15,-33,-16,-30,-16,-30,-18,-29,-18,-26,-20,-29,-19,-25,-20,-30,-20,-29,-20,-28,-19,-30,-16,-30,-15,-32,-14,-31,-12,-28,-13,-31,-12,-34,-11,-32,-11,-34,-8,-34,-10,-35,-9,-38,-9,-35,-10,0,0,-39,-6,-37,-5,-37,-4,-35,-3,-36,-5,-37,-3,-33,-3,-33,-1,-32,1,-34,4,-32,6,-31,4,-32,6,-30,8,-30,9,-29,11,-29,10,-30,9,-30,10,-28,8,-30,9,-29,8,-30,6,-28,7,-27,5,-28,3,-24,0,-26,0,0,0,0,0,0,0]"
CSI_DATA,3888103,1a:00:00:00:00:00,-54,11,-95,4,43,6,3888103,47,0,128,0,"[0,0,0,0,0,0,0,0,27,-11,28,-8,30,-9,32,-8,33,-7,34,-6,34,-3,34,-2,36,-1,32,3,34,0,33,4,34,0,35,3,33,2,34,0,33,-1,35,-4,33,-4,32,-2,33,-4,33,-4,34,-4,35,-6,37,-5,36,-6,37,-6,36,-7,0,0,36,-8,37,-7,35,-8,37,-9,33,-7,35,-8,32,-8,32,-7,30,-10,32,-10,31,-13,28,-11,29,-13,27,-13,27,-16,27,-15,27,-16,28,-14,28,-14,27,-13,30,-14,28,-11,28,-9,27,-9,29,-7,26,-7,24,-3,25,-2,0,0,0,0,0,0]"
CSI_DATA,3892103,1a:00:00:00:00:00,-54,11,-95,4,43,6,3892103,47,0,128,0,"[0,0,0,0,0,0,0,0,-21,-22,-18,-22,-20,-23,-19,-25,-19,-28,-20,-28,-19,-29,-16,-28,-17,-31,-11,-30,-15,-30,-12,-31,-15,-31,-14,-31,-16,-30,-18,-29,-17,-28,-20,-29,-19,-25,-20,-26,-20,-25,-22,-26,-23,-25,-24,-27,-25,-26,-26,-23,-27,-26,-26,-24,0,0,-29,-24,-30,-24,-28,-22,-29,-23,-27,-19,-28,-20,-27,-21,-26,-19,-27,-18,-30,-15,-29,-14,-28,-11,-31,-12,-29,-10,-30,-9,-29,-8,-31,-7,-29,-9,-29,-9,-28,-9,-30,-10,-28,-9,-29,-11,-28,-10,-26,-13,-25,-12,-21,-13,-20,-14,0,0,0,0,0,0]"
CSI_DATA,3898103,1a:00:00:00:00:00,-54,11,-95,4,43,6,3898103,47,0,128,0,"[0,0,0,0,0,0,0,0,30,1,29,3,30,3,31,6,32,6,33,8,34,10,30,11,32,13,28,15,30,13,28,16,30,14,30,16,30,16,32,14,29,13,32,10,30,10,28,10,32,12,32,12,31,10,32,9,34,10,35,10,37,9,32,10,0,0,38,8,37,10,36,9,35,7,33,8,36,8,32,8,31,9,31,7,33,6,33,2,31,2,32,2,29,1,31,-1,30,-2,32,-2,31,0,33,1,30,2,31,2,30,3,30,5,29,5,26,6,26,7,23,8,23,9,0,0,0,0,0,0]"
CSI_DATA,3902103,1a:00:00:00:00:00,-54,11,-95,4,43,6,3902103,47,0,128,0,"[0,0,0,0,0,0,0,0,-6,-28,-4,-28,-4,-30,-4,-32,-2,-32,-3,-34,0,-33,2,-32,3,-34,5,-31,3,-35,6,-30,4,-32,5,-34,3,-33,1,-34,1,-31,-3,-35,-3,-31,-2,-32,-4,-32,-6,-33,-5,-33,-6,-33,-5,-34,-9,-33,-10,-38,-6,-34,0,0,-11,-38,-12,-35,-12,-33,-12,-36,-11,-29,-13,-33,-12,-31,-11,-30,-13,-28,-14,-28,-17,-27,-15,-26,-18,-26,-17,-25,-19,-23,-19,-22,-22,-21,-19,-23,-19,-24,-19,-24,-18,-25,-18,-24,-17,-24,-15,-23,-13,-25,-13,-26,-9,-21,-9,-21,0,0,0,0,0,0]"
CSI_DATA,3908103,1a:00:00:00:00:00,-55,11,-95,4,43,6,3908103,47,0,128,0,"[0,0,0,0,0,0,0,0,25,15,23,15,24,16,25,19,24,21,26,23,23,24,21,24,22,27,16,26,18,27,17,27,17,28,17,30,19,27,20,27,19,24,22,26,21,24,20,23,21,24,23,25,22,25,23,24,23,28,25,25,25,28,23,25,0,0,26,27,26,25,25,24,27,25,25,22,25,25,23,21,22,22,23,22,27,21,26,18,25,18,25,17,24,16,26,16,25,13,28,15,25,16,27,16,24,18,25,18,24,18,23,18,22,19,19,21,17,20,15,19,14,19,0,0,0,0,0,0]"
CSI_DATA,3914103,1a:00:00:00:00:00,-55,11,-95,4,43,6,3914103,47,0,128,0,"[0,0,0,0,0,0,0,0,-30,-1,-29,-3,-29,-5,-30,-8,-31,-11,-32,-11,-32,-14,-29,-15,-29,-17,-25,-18,-28,-19,-23,-20,-25,-21,-25,-22,-27,-21,-27,-18,-26,-20,-27,-18,-25,-18,-25,-17,-28,-19,-26,-19,-26,-19,-27,-20,-27,-20,-29,-19,-28,-21,-29,-21,0,0,-28,-22,-30,-21,-28,-21,-29,-22,-26,-21,-28,-22,-26,-20,-24,-20,-23,-18,-24,-20,-27,-18,-25,-16,-26,-18,-25,-15,-25,-15,-25,-14,-26,-15,-24,-17,-25,-17,-22,-19,-22,-19,-22,-19,-20,-21,-19,-21,-16,-22,-14,-22,-11,-21,-11,-21,0,0,0,0,0,0]"
CSI_DATA,3918103,1a:00:00:00:00:00,-55,11,-95,4,43,6,3918103,47,0,128,0,"[0,0,0,0,0,0,0,0,14,26,10,26,10,29,10,30,8,31,8,32,6,31,4,32,3,35,-1,31,1,33,-2,31,-1,34,-2,34,0,31,2,33,1,31,5,34,3,31,2,30,4,33,4,32,3,32,5,31,4,34,7,34,4,36,5,34,0,0,5,38,6,35,7,34,7,35,6,33,6,35,6,32,5,30,7,30,10,32,11,30,8,27,10,27,10,27,13,26,11,27,12,29,11,29,11,29,8,28,8,30,7,27,5,27,5,28,3,28,1,26,-1,23,0,24,0,0,0,0,0,0]"
CSI_DATA,3924103,1a:00:00:00:00:00,-55,11,-95,4,43,6,3924103,47,0,128,0,"[0,0,0,0,0,0,0,0,-26,-13,-24,-14,-24,-17,-23,-20,-23,-23,-22,-24,-22,-25,-18,-27,-17,-29,-14,-29,-15,-29,-13,-29,-14,-30,-13,-31,-14,-29,-15,-28,-14,-28,-16,-30,-13,-26,-13,-27,-14,-28,-14,-30,-15,-29,-15,-28,-16,-30,-16,-29,-15,-30,-16,-33,0,0,-17,-33,-15,-33,-14,-31,-13,-34,-13,-29,-13,-31,-11,-29,-11,-29,-11,-28,-13,-28,-14,-29,-14,-26,-14,-28,-13,-24,-13,-27,-12,-26,-15,-26,-12,-27,-12,-29,-9,-26,-10,-28,-8,-26,-7,-28,-6,-27,-3,-27,-1,-24,2,-24,4,-23,0,0,0,0,0,0]"
CSI_DATA,3933226,1a:00:00:00:00:00,-55,11,-95,4,43,6,3933226,47,0,128,0,"[0,0,0,0,0,0,0,0,12,-26,13,-25,16,-27,18,-26,22,-24,23,-26,25,-24,25,-21,26,-22,28,-18,28,-19,28,-17,27,-20,28,-18,26,-18,26,-18,26,-17,28,-22,24,-19,26,-19,25,-18,27,-20,25,-19,27,-20,26,-24,27,-23,28,-23,26,-20,0,0,28,-25,29,-22,28,-21,28,-23,25,-18,28,-22,26,-18,25,-18,25,-19,24,-24,22,-23,20,-21,22,-23,18,-20,20,-23,19,-22,20,-23,21,-22,22,-23,22,-19,23,-20,22,-18,23,-17,23,-16,22,-15,24,-12,22,-8,22,-8,0,0,0,0,0,0]"
CSI_DATA,3938184,1a:00:00:00:00:00,-54,11,-95,4,43,6,3938184,47,0,128,0,"[0,0,0,0,0,0,0,0,-16,26,-16,23,-20,23,-22,23,-24,21,-27,23,-29,19,-28,19,-30,18,-28,14,-29,15,-30,13,-30,15,-30,15,-28,13,-29,15,-27,13,-30,16,-28,15,-28,13,-27,14,-29,15,-28,15,-30,16,-30,18,-29,19,-31,19,-29,15,0,0,-31,20,-33,18,-32,17,-32,17,-28,15,-30,16,-28,16,-27,14,-27,15,-24,19,-26,19,-25,18,-24,18,-22,17,-24,18,-22,18,-24,19,-23,17,-26,18,-25,16,-26,16,-26,13,-24,13,-26,12,-25,10,-24,8,-22,4,-23,3,0,0,0,0,0,0]"
CSI_DATA,3944103,1a:00:00:00:00:00,-55,11,-95,4,43,6,3944103,47,0,128,0,"[0,0,0,0,0,0,0,0,0,-30,1,-28,2,-30,6,-31,10,-30,10,-32,14,-30,15,-31,18,-31,18,-27,19,-28,19,-24,21,-27,20,-27,19,-25,20,-25,19,-24,21,-27,20,-25,20,-24,20,-25,21,-26,20,-25,21,-26,20,-28,21,-28,21,-28,22,-25,0,0,24,-28,25,-28,24,-25,26,-24,22,-22,25,-23,22,-22,22,-21,23,-22,23,-25,22,-24,20,-24,20,-23,17,-21,21,-22,21,-22,21,-22,22,-22,23,-21,22,-19,23,-19,23,-17,23,-15,24,-15,25,-11,24,-8,23,-6,22,-4,0,0,0,0,0,0]"
CSI_DATA,3948103,1a:00:00:00:00:00,-54,11,-95,4,43,6,3948103,47,0,128,0,"[0,0,0,0,0,0,0,0,-25,15,-26,13,-28,14,-29,11,-32,8,-33,7,-35,4,-33,4,-35,2,-32,-2,-34,0,-31,-1,-34,-1,-34,0,-33,0,-33,0,-32,0,-35,2,-30,1,-29,0,-32,1,-33,2,-34,1,-33,2,-36,1,-35,3,-37,3,-35,3,0,0,-37,-1,-36,1,-34,-1,-37,1,-33,1,-36,-1,-31,0,-32,0,-30,0,-33,4,-32,4,-29,5,-31,5,-29,5,-30,5,-28,5,-30,5,-30,4,-29,4,-29,2,-31,2,-29,-1,-29,-1,-29,-1,-28,-3,-27,-5,-23,-8,-23,-8,0,0,0,0,0,0]"
CSI_DATA,3956471,1a:00:00:00:00:00,-54,11,-95,4,43,6,3956471,47,0,128,0,"[0,0,0,0,0,0,0,0,-13,27,-14,26,-17,27,-17,28,-19,26,-21,28,-21,25,-23,24,-24,25,-24,21,-24,24,-26,20,-26,22,-26,22,-25,22,-23,23,-21,23,-21,27,-22,25,-19,23,-20,26,-19,28,-18,27,-18,28,-20,29,-18,29,-19,31,-18,31,0,0,-18,36,-18,32,-16,30,-17,32,-14,30,-13,33,-14,29,-13,28,-11,30,-9,33,-10,31,-8,28,-7,29,-6,28,-5,29,-4,30,-3,29,-5,30,-5,31,-6,29,-7,30,-6,28,-9,28,-8,28,-10,26,-12,25,-11,21,-12,21,0,0,0,0,0,0]"
CSI_DATA,3960103,1a:00:00:00:00:00,-54,11,-95,4,43,6,3960103,47,0,128,0,"[0,0,0,0,0,0,0,0,-28,9,-28,7,-29,7,-32,8,-31,6,-35,7,-32,3,-34,4,-34,5,-32,2,-34,3,-31,1,-34,2,-34,2,-32,4,-31,6,-31,8,-33,10,-32,10,-27,9,-30,12,-31,13,-29,15,-29,16,-31,18,-30,17,-31,20,-30,18,0,0,-31,24,-28,20,-29,21,-27,22,-24,22,-25,24,-21,23,-21,21,-19,25,-18,26,-19,27,-15,24,-17,25,-13,26,-13,26,-12,30,-10,28,-11,30,-9,29,-10,27,-11,30,-11,26,-12,26,-13,26,-14,25,-14,24,-13,18,-14,20,0,0,0,0,0,0]"
CSI_DATA,3966103,1a:00:00:00:00:00,-54,11,-95,4,43,6,3966103,47,0,128,0,"[0,0,0,0,0,0,0,0,18,-24,17,-22,20,-23,21,-24,24,-23,25,-24,27,-22,27,-20,27,-22,28,-19,27,-21,27,-17,28,-19,27,-20,26,-20,24,-21,24,-20,26,-24,25,-21,23,-21,21,-24,23,-25,21,-24,21,-27,22,-28,21,-28,22,-30,21,-28,0,0,21,-30,19,-30,20,-30,20,-31,18,-29,16,-29,17,-28,15,-26,14,-29,13,-32,12,-32,10,-28,10,-29,7,-28,7,-29,6,-30,6,-30,7,-29,7,-31,8,-29,8,-31,8,-27,9,-28,10,-28,11,-25,12,-25,12,-21,13,-19,0,0,0,0,0,0]"
CSI_DATA,3970103,1a:00:00:00:00:00,-55,11,-95,4,43,6,3970103,47,0,128,0,"[0,0,0,0,0,0,0,0,-30,-2,-28,-3,-31,-3,-31,-6,-32,-7,-34,-8,-32,-10,-31,-10,-33,-11,-31,-12,-31,-11,-31,-11,-32,-10,-34,-10,-31,-10,-33,-7,-30,-7,-35,-3,-30,-4,-30,-3,-33,-2,-34,-2,-33,0,-33,1,-35,3,-34,5,-36,7,-34,5,0,0,-36,9,-37,7,-36,7,-34,9,-32,7,-33,10,-31,10,-28,10,-29,11,-29,16,-28,17,-25,16,-27,17,-23,17,-23,18,-22,19,-22,21,-22,21,-23,21,-22,19,-23,21,-23,18,-22,19,-22,17,-22,17,-23,15,-21,12,-21,11,0,0,0,0,0,0]"
CSI_DATA,3976103,1a:00:00:00:00:00,-54,11,-95,4,43,6,3976103,47,0,128,0,"[0,0,0,0,0,0,0,0,26,-13,26,-11,28,-13,30,-12,31,-10,33,-11,32,-7,34,-7,34,-8,32,-5,33,-5,31,-3,33,-4,34,-5,32,-4,32,-5,32,-7,33,-8,32,-9,29,-8,32,-9,31,-11,30,-12,32,-13,31,-13,33,-13,36,-13,32,-14,0,0,34,-16,32,-15,32,-16,31,-16,29,-15,28,-18,28,-16,26,-16,26,-17,26,-22,25,-20,22,-19,24,-19,21,-20,22,-20,21,-22,18,-22,21,-22,21,-23,20,-21,21,-21,22,-19,21,-18,22,-17,23,-14,24,-14,20,-10,22,-9,0,0,0,0,0,0]"
CSI_DATA,3978103,1a:00:00:00:00:00,-54,11,-95,4,43,6,3978103,47,0,128,0,"[0,0,0,0,0,0,0,0,-17,-24,-15,-23,-15,-27,-14,-27,-12,-30,-10,-32,-9,-33,-6,-32,-6,-34,-2,-32,-3,-34,-1,-33,0,-34,-1,-33,-1,-32,-2,-32,-1,-30,-2,-35,-2,-31,-1,-31,-1,-32,-2,-31,-3,-33,-2,-33,-2,-36,-3,-35,-1,-36,-1,-35,0,0,-1,-35,0,-37,1,-35,2,-34,2,-31,1,-35,1,-32,1,-31,0,-33,-2,-35,-1,-32,-2,-30,-2,-30,-3,-28,-2,-30,-1,-29,-2,-31,0,-31,-1,-31,2,-29,2,-31,4,-27,5,-28,6,-27,9,-26,10,-24,10,-20,11,-20,0,0,0,0,0,0]"
CSI_DATA,3982103,1a:00:00:00:00:00,-55,11,-95,4,43,6,3982103,47,0,128,0,"[0,0,0,0,0,0,0,0,-13,27,-15,23,-18,26,-20,26,-22,24,-25,24,-26,22,-27,22,-27,21,-27,17,-27,19,-28,16,-29,18,-29,17,-27,17,-27,18,-26,18,-27,20,-26,19,-25,18,-26,20,-26,20,-24,21,-25,19,-27,23,-27,21,-28,23,-27,23,0,0,-29,25,-29,22,-29,22,-28,23,-25,20,-26,22,-25,21,-23,19,-24,20,-23,22,-24,23,-20,21,-21,22,-18,23,-20,22,-19,23,-17,22,-19,23,-20,25,-19,22,-21,23,-20,19,-22,19,-22,16,-23,16,-23,14,-21,9,-21,10,0,0,0,0,0,0]"
CSI_DATA,3986103,1a:00:00:00:00:00,-55,11,-95,4,43,6,3986103,47,0,128,0,"[0,0,0,0,0,0,0,0,29,-1,28,2,30,4,32,4,31,8,34,10,33,10,31,11,33,11,28,12,31,13,29,15,31,14,31,14,30,13,31,12,32,12,33,10,31,10,30,9,32,9,32,6,31,5,33,6,35,5,34,6,37,7,34,5,0,0,39,4,36,6,34,4,35,4,33,4,34,2,31,0,31,1,32,0,31,-3,31,-3,30,-2,30,-3,29,-5,29,-5,29,-6,29,-7,30,-7,29,-7,27,-6,29,-7,29,-5,29,-1,28,-1,28,0,28,2,22,3,24,5,0,0,0,0,0,0]"
CSI_DATA,3992104,1a:00:00:00:00:00,-54,11,-95,4,43,6,3992104,47,0,128,0,"[0,0,0,0,0,0,0,0,-24,18,-23,16,-27,15,-29,15,-30,12,-33,12,-33,9,-32,7,-33,8,-31,5,-34,6,-32,1,-33,3,-34,3,-31,3,-33,3,-32,4,-34,5,-31,6,-29,4,-33,5,-31,7,-31,8,-33,7,-33,8,-33,8,-36,7,-34,6,0,0,-38,9,-36,6,-35,5,-35,7,-31,5,-33,7,-31,7,-30,8,-30,7,-32,9,-31,10,-29,10,-29,9,-27,11,-27,10,-27,10,-27,11,-29,10,-28,11,-27,9,-28,10,-28,7,-27,5,-27,3,-28,2,-26,0,-23,-3,-23,-4,0,0,0,0,0,0]"
CSI_DATA,3996103,1a:00:00:00:00:00,-55,11,-95,4,43,6,3996103,47,0,128,0,"[0,0,0,0,0,0,0,0,26,11,25,14,27,16,28,17,26,19,28,21,26,22,24,23,25,24,21,24,23,26,20,26,22,25,21,26,22,24,24,23,22,23,26,23,22,21,23,21,24,21,26,20,26,20,29,21,27,20,28,21,31,23,28,19,0,0,31,21,30,20,31,18,31,19,27,19,30,18,28,15,26,15,27,14,28,13,28,12,27,11,28,11,28,9,27,7,28,7,30,7,29,8,29,8,27,9,29,10,27,11,27,13,26,12,24,14,22,15,18,15,19,16,0,0,0,0,0,0]"
CSI_DATA,4002104,1a:00:00:00:00:00,-55,11,-95,4,43,6,4002104,47,0,128,0,"[0,0,0,0,0,0,0,0,-29,3,-27,1,-30,1,-33,0,-31,-3,-35,-3,-32,-7,-32,-9,-32,-9,-29,-13,-32,-10,-29,-14,-30,-14,-31,-13,-30,-13,-31,-13,-30,-14,-31,-10,-29,-10,-28,-10,-31,-11,-30,-11,-31,-11,-32,-9,-31,-12,-33,-12,-33,-11,-32,-13,0,0,-35,-12,-33,-13,-32,-12,-32,-12,-30,-10,-33,-10,-29,-11,-28,-10,-29,-10,-31,-9,-30,-8,-29,-8,-29,-8,-28,-5,-28,-5,-29,-5,-29,-5,-29,-7,-28,-6,-27,-8,-29,-7,-27,-9,-25,-12,-26,-13,-23,-15,-23,-14,-17,-14,-18,-16,0,0,0,0,0,0]"
CSI_DATA,4008104,1a:00:00:00:00:00,-55,11,-95,4,43,6,4008104,47,0,128,0,"[0,0,0,0,0,0,0,0,19,-23,19,-20,23,-20,24,-20,26,-18,28,-19,30,-15,30,-13,32,-12,32,-8,32,-10,33,-4,32,-7,33,-6,32,-4,31,-5,31,-5,33,-9,31,-8,30,-6,31,-6,33,-6,32,-5,34,-5,35,-5,32,-7,37,-4,32,-1,0,0,37,-2,36,-1,35,-3,34,-2,32,0,35,0,32,1,31,0,29,-1,32,-2,32,-2,29,-2,31,-1,28,-2,30,-3,29,-3,30,-3,31,-1,31,0,29,2,29,3,30,5,28,7,28,6,27,10,25,11,19,13,20,13,0,0,0,0,0,0]"
CSI_DATA,4012104,1a:00:00:00:00:00,-55,11,-95,4,43,6,4012104,47,0,128,0,"[0,0,0,0,0,0,0,0,-28,-8,-27,-8,-27,-10,-29,-13,-28,-14,-31,-17,-28,-18,-25,-20,-26,-22,-22,-24,-24,-23,-21,-24,-22,-23,-22,-25,-23,-24,-24,-23,-22,-23,-24,-23,-23,-24,-21,-21,-23,-22,-23,-23,-23,-23,-25,-23,-24,-24,-25,-24,-25,-24,-22,-27,0,0,-26,-28,-26,-24,-26,-23,-26,-24,-23,-23,-23,-25,-23,-24,-21,-22,-23,-23,-25,-22,-24,-21,-23,-20,-25,-20,-24,-18,-24,-17,-24,-18,-25,-17,-23,-19,-22,-21,-21,-21,-20,-21,-20,-21,-18,-23,-18,-22,-14,-24,-13,-24,-8,-22,-9,-23,0,0,0,0,0,0]"
CSI_DATA,4018104,1a:00:00:00:00:00,-55,11,-95,4,43,6,4018104,47,0,128,0,"[0,0,0,0,0,0,0,0,25,-15,25,-13,28,-11,30,-9,33,-6,32,-7,34,-2,30,-2,34,1,31,6,32,5,32,7,32,8,31,8,32,8,31,7,31,9,33,6,30,6,29,7,32,8,32,8,30,9,33,8,34,10,34,8,35,11,31,12,0,0,36,13,35,13,32,13,34,14,30,14,30,15,29,15,27,15,26,13,29,13,30,11,27,12,29,11,27,11,27,11,26,10,29,11,27,14,27,14,25,16,26,16,23,18,22,20,21,18,19,21,17,22,12,21,11,20,0,0,0,0,0,0]"
CSI_DATA,4024104,1a:00:00:00:00:00,-55,11,-95,4,43,6,4024104,47,0,128,0,"[0,0,0,0,0,0,0,0,-27,-9,-25,-10,-28,-11,-28,-12,-29,-15,-30,-15,-30,-17,-27,-16,-28,-19,-24,-18,-28,-18,-24,-19,-27,-17,-28,-18,-27,-16,-30,-15,-27,-14,-31,-12,-29,-11,-29,-11,-30,-9,-31,-9,-32,-8,-33,-6,-33,-7,-33,-5,-37,-6,-31,-5,0,0,-33,-2,-37,-1,-34,1,-35,1,-32,0,-33,1,-32,2,-31,2,-30,7,-30,9,-29,10,-28,9,-29,10,-26,11,-26,14,-25,13,-27,15,-24,13,-26,14,-26,13,-26,14,-28,12,-27,12,-25,12,-25,10,-24,9,-23,6,-22,6,0,0,0,0,0,0]"
CSI_DATA,4028108,1a:00:00:00:00:00,-55,11,-95,4,43,6,4028108,47,0,128,0,"[0,0,0,0,0,0,0,0,-1,28,-2,28,-2,31,-3,30,-5,32,-6,34,-7,32,-7,32,-8,33,-10,30,-9,31,-8,31,-5,33,-5,33,-3,31,0,32,0,30,2,34,1,31,2,30,6,32,7,31,7,32,9,31,11,33,14,32,14,33,15,31,0,0,14,33,17,30,17,30,18,30,19,26,20,28,18,25,18,23,20,23,24,20,24,19,24,16,27,16,25,14,26,13,27,12,28,11,28,12,29,12,27,12,28,12,26,11,27,10,27,11,24,11,23,13,19,12,20,13,0,0,0,0,0,0]"
CSI_DATA,4035595,1a:00:00:00:00:00,-55,11,-95,4,43,6,4035595,47,0,128,0,"[0,0,0,0,0,0,0,0,29,8,26,9,27,11,27,13,28,16,29,17,28,19,26,19,26,22,23,21,23,22,24,22,24,21,24,22,24,20,25,20,24,20,27,21,24,17,25,18,26,18,26,18,26,17,27,18,30,17,30,16,31,18,30,19,0,0,30,17,33,19,31,16,30,17,30,13,31,16,28,14,28,13,26,13,28,10,29,10,29,8,30,7,27,6,29,8,27,7,30,8,28,7,30,7,27,8,28,8,28,9,28,9,27,10,25,13,23,13,19,15,19,14,0,0,0,0,0,0]"
CSI_DATA,4038104,1a:00:00:00:00:00,-55,11,-95,4,43,6,4038104,47,0,128,0,"[0,0,0,0,0,0,0,0,-8,27,-9,26,-9,28,-12,29,-12,29,-12,31,-15,29,-15,28,-16,31,-17,27,-15,28,-15,27,-15,29,-15,29,-11,30,-9,30,-8,30,-8,32,-6,30,-6,29,-4,31,-2,33,-1,32,1,32,0,34,3,34,3,35,4,34,0,0,6,36,8,34,9,33,9,34,9,30,12,31,11,29,11,27,13,26,16,28,18,25,18,22,20,22,20,20,22,21,21,20,24,19,23,19,23,18,22,20,24,20,22,18,22,18,21,18,19,19,19,19,15,18,16,18,0,0,0,0,0,0]"
CSI_DATA,4044104,1a:00:00:00:00:00,-55,11,-95,4,43,6,4044104,47,0,128,0,"[0,0,0,0,0,0,0,0,-8,-27,-8,-27,-7,-29,-7,-30,-5,-30,-5,-33,-2,-33,-1,-31,0,-32,1,-31,0,-32,1,-32,-1,-33,1,-33,-2,-31,-5,-31,-3,-29,-7,-32,-8,-29,-7,-28,-8,-30,-10,-30,-11,-30,-13,-29,-11,-31,-14,-30,-15,-30,-15,-30,0,0,-18,-32,-16,-30,-17,-28,-18,-30,-17,-27,-19,-27,-18,-25,-17,-25,-19,-22,-21,-23,-21,-21,-21,-20,-22,-19,-21,-16,-23,-18,-24,-16,-25,-14,-25,-16,-25,-16,-23,-16,-24,-18,-22,-17,-24,-17,-22,-16,-19,-20,-18,-18,-15,-17,-15,-17,0,0,0,0,0,0]"
CSI_DATA,4048104,1a:00:00:00:00:00,-55,11,-95,4,43,6,4048104,47,0,128,0,"[0,0,0,0,0,0,0,0,-19,20,-20,19,-23,19,-24,20,-24,20,-26,22,-25,19,-26,17,-29,19,-28,15,-29,19,-28,15,-27,19,-26,19,-25,19,-23,22,-23,21,-22,25,-19,24,-19,24,-18,26,-18,27,-17,26,-15,27,-16,30,-15,30,-13,34,-14,32,0,0,-13,35,-10,32,-8,32,-7,33,-7,31,-7,31,-5,29,-6,29,-1,31,2,31,3,31,4,28,4,29,6,27,9,28,9,28,11,27,10,28,11,28,8,27,11,29,8,28,8,27,9,26,7,27,6,25,4,22,5,22,0,0,0,0,0,0]"
CSI_DATA,4054104,1a:00:00:00:00:00,-55,11,-95,4,43,6,4054104,47,0,128,0,"[0,0,0,0,0,0,0,0,5,-28,6,-26,7,-29,10,-30,12,-29,12,-31,14,-29,15,-28,16,-29,17,-27,16,-27,17,-27,16,-29,16,-29,13,-30,12,-30,12,-28,12,-32,10,-29,10,-29,9,-30,8,-31,7,-30,6,-32,4,-32,3,-33,3,-35,4,-34,0,0,2,-37,2,-34,2,-34,3,-34,1,-30,-2,-34,-2,-30,-1,-29,-3,-28,-5,-30,-7,-30,-8,-26,-9,-28,-9,-25,-9,-27,-9,-26,-12,-26,-11,-26,-12,-27,-10,-26,-12,-28,-8,-27,-9,-26,-9,-25,-7,-25,-6,-25,-2,-22,-2,-23,0,0,0,0,0,0]"
CSI_DATA,4058876,1a:00:00:00:00:00,-55,11,-95,4,43,6,4058876,47,0,128,0,"[0,0,0,0,0,0,0,0,29,5,26,6,29,6,31,9,30,13,31,13,30,14,30,15,30,15,28,14,29,15,27,15,29,14,29,14,29,13,29,12,29,12,33,10,29,9,28,9,30,8,32,6,31,5,33,5,35,4,33,3,36,3,34,2,0,0,36,1,33,2,34,1,34,-1,33,-1,34,-2,29,-2,30,-3,29,-5,29,-9,30,-9,28,-8,29,-10,26,-11,26,-10,26,-12,26,-13,25,-14,27,-15,26,-12,26,-14,26,-12,26,-11,25,-11,25,-9,24,-7,22,-5,23,-4,0,0,0,0,0,0]"
CSI_DATA,4064104,1a:00:00:00:00:00,-55,11,-95,4,43,6,4064104,47,0,128,0,"[0,0,0,0,0,0,0,0,18,-22,18,-21,20,-23,22,-22,25,-21,26,-21,28,-20,27,-18,29,-19,29,-16,29,-17,28,-15,28,-18,28,-18,25,-18,26,-19,24,-18,27,-22,23,-20,23,-20,21,-20,22,-23,21,-23,22,-23,23,-27,21,-26,21,-27,22,-28,0,0,21,-29,20,-29,17,-27,19,-30,15,-25,17,-29,15,-27,15,-27,14,-27,13,-31,10,-31,8,-28,9,-28,6,-25,6,-29,5,-27,4,-29,5,-28,5,-29,6,-27,6,-29,7,-27,7,-27,6,-26,9,-27,10,-24,11,-20,10,-20,0,0,0,0,0,0]"
CSI_DATA,4070280,1a:00:00:00:00:00,-55,11,-95,4,43,6,4070280,47,0,128,0,"[0,0,0,0,0,0,0,0,-26,13,-27,12,-28,13,-30,11,-32,9,-32,9,-33,5,-32,5,-34,4,-32,-1,-33,2,-31,-2,-33,2,-35,0,-32,1,-32,2,-30,0,-33,5,-30,5,-29,3,-31,5,-32,5,-33,4,-33,6,-33,5,-33,7,-34,8,-32,6,0,0,-36,7,-36,7,-34,8,-33,7,-31,6,-34,6,-31,7,-31,5,-29,6,-30,9,-29,11,-27,11,-28,11,-25,10,-25,12,-24,12,-26,12,-26,12,-27,12,-26,11,-28,10,-25,7,-26,6,-27,8,-27,6,-25,4,-23,1,-22,0,0,0,0,0,0,0]"
CSI_DATA,4076104,1a:00:00:00:00:00,-55,11,-95,4,43,6,4076104,47,0,128,0,"[0,0,0,0,0,0,0,0,-16,-26,-13,-25,-11,-27,-10,-30,-7,-32,-7,-35,-3,-33,-3,-34,-1,-35,1,-32,1,-33,3,-30,2,-34,2,-34,1,-32,1,-32,1,-31,2,-35,2,-32,2,-31,2,-32,1,-31,0,-33,2,-33,0,-34,0,-34,-1,-33,4,-36,0,0,1,-35,3,-35,2,-34,5,-36,3,-31,3,-34,3,-30,3,-31,3,-29,-1,-32,0,-32,-2,-28,-1,-30,-2,-28,1,-29,-1,-30,-1,-29,-1,-29,0,-30,2,-28,2,-30,5,-27,5,-26,6,-26,7,-25,9,-25,11,-20,11,-20,0,0,0,0,0,0]"
CSI_DATA,4080104,1a:00:00:00:00:00,-55,11,-95,4,43,6,4080104,47,0,128,0,"[0,0,0,0,0,0,0,0,-14,25,-15,23,-16,25,-20,24,-23,24,-24,24,-25,22,-27,20,-28,21,-27,18,-28,18,-27,17,-28,19,-28,18,-26,17,-26,17,-26,16,-28,21,-25,20,-25,19,-25,20,-24,21,-23,21,-24,21,-27,24,-25,23,-26,24,-25,23,0,0,-26,25,-26,24,-25,23,-26,24,-24,21,-24,24,-23,22,-22,20,-20,21,-19,24,-20,25,-18,23,-18,23,-16,21,-17,23,-16,22,-16,24,-15,24,-17,25,-18,22,-17,25,-18,20,-19,20,-19,19,-20,16,-20,16,-20,11,-20,12,0,0,0,0,0,0]"
CSI_DATA,4084104,1a:00:00:00:00:00,-55,11,-95,4,43,6,4084104,47,0,128,0,"[0,0,0,0,0,0,0,0,30,-1,29,2,30,3,32,4,31,7,34,9,32,10,31,11,34,11,30,12,31,12,29,12,32,12,30,12,31,11,30,10,30,10,33,9,30,8,30,7,32,8,33,5,32,4,33,5,34,3,34,2,37,3,34,2,0,0,37,0,35,2,35,2,34,0,33,0,34,-1,32,-1,29,0,30,-3,32,-7,32,-7,29,-6,30,-8,27,-8,28,-8,28,-9,27,-9,28,-9,27,-10,26,-8,28,-9,27,-7,27,-6,27,-5,26,-3,25,-3,23,0,25,0,0,0,0,0,0,0]"
CSI_DATA,4090104,1a:00:00:00:00:00,-55,11,-95,4,43,6,4090104,47,0,128,0,"[0,0,0,0,0,0,0,0,-25,15,-26,13,-28,13,-28,11,-32,8,-33,9,-35,5,-33,4,-34,4,-33,1,-33,1,-33,0,-34,2,-34,1,-32,1,-32,1,-29,0,-35,3,-29,2,-30,3,-33,3,-32,5,-32,4,-34,3,-34,7,-34,5,-36,7,-33,4,0,0,-35,7,-36,3,-35,4,-35,4,-31,5,-33,5,-32,4,-29,3,-29,6,-31,8,-30,7,-26,8,-29,9,-26,9,-28,9,-27,9,-28,12,-27,10,-29,10,-26,8,-28,9,-27,5,-28,5,-27,4,-26,2,-25,1,-22,-4,-22,-2,0,0,0,0,0,0]"
CSI_DATA,4096104,1a:00:00:00:00:00,-55,11,-95,4,43,6,4096104,47,0,128,0,"[0,0,0,0,0,0,0,0,12,-27,13,-25,17,-26,18,-26,23,-24,23,-25,27,-20,26,-20,29,-20,27,-17,30,-17,29,-14,30,-16,31,-15,29,-16,29,-15,28,-14,31,-16,28,-15,28,-13,28,-15,29,-15,28,-16,30,-15,32,-17,31,-16,34,-17,33,-17,0,0,32,-15,33,-15,33,-14,34,-14,28,-12,31,-12,29,-12,27,-10,28,-11,29,-15,28,-15,26,-14,26,-13,24,-12,26,-13,26,-13,27,-14,26,-12,27,-13,26,-10,28,-11,28,-6,27,-6,27,-5,28,-2,26,-1,23,1,22,3,0,0,0,0,0,0]"
CSI_DATA,4100104,1a:00:00:00:00:00,-55,11,-95,4,43,6,4100104,47,0,128,0,"[0,0,0,0,0,0,0,0,-30,1,-28,-2,-31,-4,-31,-3,-32,-8,-34,-9,-33,-11,-31,-12,-32,-13,-28,-14,-29,-15,-27,-17,-28,-17,-29,-17,-28,-15,-29,-15,-27,-15,-32,-15,-28,-14,-27,-15,-30,-14,-29,-13,-30,-11,-30,-13,-31,-13,-32,-14,-33,-14,-30,-15,0,0,-33,-12,-31,-16,-32,-15,-32,-13,-29,-13,-32,-12,-30,-13,-27,-12,-28,-11,-29,-11,-31,-10,-27,-11,-30,-8,-28,-6,-27,-7,-28,-8,-29,-6,-28,-7,-30,-7,-26,-8,-28,-8,-26,-10,-26,-11,-24,-12,-23,-14,-21,-15,-18,-14,-17,-16,0,0,0,0,0,0]"
CSI_DATA,4106104,1a:00:00:00:00:00,-55,11,-95,4,43,6,4106104,47,0,128,0,"[0,0,0,0,0,0,0,0,23,-19,23,-16,26,-16,27,-15,30,-12,32,-12,32,-9,32,-8,34,-6,32,-3,33,-3,33,0,33,-2,34,0,33,-1,32,-1,32,-1,35,-2,31,-1,30,0,32,0,34,0,34,-1,35,-1,33,-1,34,0,37,1,35,-1,0,0,38,1,34,4,35,4,35,4,33,4,35,3,31,3,30,3,30,3,31,0,31,1,30,1,31,3,28,1,30,1,29,2,30,2,29,3,30,3,28,4,29,4,28,7,28,8,25,10,24,12,21,13,18,13,17,15,0,0,0,0,0,0]"
CSI_DATA,4110104,1a:00:00:00:00:00,-55,11,-95,4,43,6,4110104,47,0,128,0,"[0,0,0,0,0,0,0,0,-26,-13,-24,-14,-25,-16,-26,-19,-23,-20,-26,-25,-21,-24,-22,-26,-22,-27,-17,-26,-19,-26,-16,-27,-18,-28,-16,-29,-16,-28,-18,-28,-16,-27,-19,-27,-19,-27,-15,-25,-19,-26,-21,-27,-20,-25,-20,-25,-19,-27,-20,-27,-22,-30,-21,-29,0,0,-22,-29,-22,-30,-21,-29,-18,-27,-19,-28,-21,-27,-20,-26,-17,-24,-18,-26,-19,-25,-19,-25,-18,-23,-20,-22,-20,-21,-19,-21,-20,-21,-21,-20,-18,-23,-20,-23,-18,-22,-19,-24,-18,-23,-15,-23,-14,-24,-10,-24,-9,-25,-6,-22,-5,-23,0,0,0,0,0,0]"
CSI_DATA,4116104,1a:00:00:00:00:00,-55,11,-95,4,43,6,4116104,47,0,128,0,"[0,0,0,0,0,0,0,0,30,-2,28,1,30,3,32,3,30,8,35,9,31,12,30,13,32,14,27,15,29,17,27,19,27,20,27,21,26,20,26,20,26,20,28,20,27,18,24,18,27,20,27,18,27,18,28,20,27,20,28,21,28,24,26,23,0,0,30,23,28,24,26,26,25,24,22,23,25,24,23,21,23,22,23,20,23,19,22,23,21,21,22,22,23,21,21,20,23,20,22,20,20,21,21,21,18,20,20,23,18,22,14,24,13,24,10,25,8,25,6,22,4,24,0,0,0,0,0,0]"
CSI_DATA,4120104,1a:00:00:00:00:00,-55,11,-95,4,43,6,4120104,47,0,128,0,"[0,0,0,0,0,0,0,0,-21,-20,-18,-21,-18,-24,-18,-27,-16,-28,-17,-30,-14,-30,-12,-30,-11,-32,-7,-30,-9,-32,-7,-30,-5,-33,-5,-33,-6,-31,-7,-32,-8,-31,-8,-33,-9,-31,-7,-30,-8,-32,-11,-31,-11,-30,-10,-32,-9,-34,-10,-33,-9,-36,-7,-32,0,0,-10,-35,-10,-35,-8,-34,-8,-36,-8,-31,-9,-33,-8,-30,-8,-29,-9,-29,-11,-31,-9,-30,-9,-28,-9,-29,-10,-26,-10,-27,-10,-28,-11,-27,-9,-28,-11,-28,-7,-28,-9,-29,-7,-28,-4,-28,-3,-28,1,-28,1,-26,4,-22,6,-22,0,0,0,0,0,0]"
CSI_DATA,4125158,1a:00:00:00:00:00,-55,11,-95,4,43,6,4125158,47,0,128,0,"[0,0,0,0,0,0,0,0,-17,24,-18,21,-20,23,-23,22,-24,20,-27,22,-27,17,-29,17,-29,17,-29,12,-30,15,-30,11,-31,12,-33,11,-30,10,-30,12,-30,10,-31,14,-30,14,-28,12,-31,12,-29,13,-30,14,-31,14,-30,14,-32,13,-35,13,-33,10,0,0,-35,17,-34,12,-34,13,-32,12,-32,11,-32,12,-30,11,-27,11,-30,11,-30,12,-30,13,-28,12,-27,12,-27,13,-26,13,-26,14,-26,14,-28,13,-27,14,-28,11,-29,11,-28,9,-28,6,-27,6,-27,4,-27,2,-22,-1,-24,-3,0,0,0,0,0,0]"
CSI_DATA,4140104,1a:00:00:00:00:00,-55,11,-95,4,43,6,4140104,47,0,128,0,"[0,0,0,0,0,0,0,0,7,-29,8,-26,9,-28,13,-30,14,-27,18,-31,18,-26,21,-26,23,-27,24,-23,24,-24,24,-20,25,-23,26,-21,26,-20,24,-22,24,-21,23,-24,24,-24,22,-20,24,-23,23,-22,24,-22,24,-23,24,-23,26,-22,28,-24,27,-23,0,0,29,-24,27,-22,27,-21,27,-22,26,-20,26,-22,25,-19,25,-19,23,-21,23,-21,24,-21,22,-19,23,-20,21,-19,20,-21,21,-21,20,-21,24,-20,22,-20,23,-17,24,-19,24,-15,25,-15,24,-12,26,-11,26,-8,21,-5,24,-3,0,0,0,0,0,0]"
CSI_DATA,4146104,1a:00:00:00:00:00,-55,11,-95,4,43,6,4146104,47,0,128,0,"[0,0,0,0,0,0,0,0,-24,17,-23,15,-26,17,-28,17,-27,17,-30,17,-30,16,-31,14,-30,14,-30,11,-30,16,-29,12,-30,14,-31,15,-28,16,-27,18,-26,17,-27,21,-25,21,-24,21,-23,23,-23,25,-21,26,-20,26,-21,28,-18,27,-20,29,-18,30,0,0,-18,34,-16,33,-15,32,-13,32,-12,29,-11,33,-9,30,-8,30,-7,32,-4,33,-1,32,-2,30,1,30,2,27,4,30,5,29,6,30,5,29,7,31,6,29,7,31,6,27,4,29,6,27,4,28,2,27,1,23,1,23,0,0,0,0,0,0]"
CSI_DATA,4152104,1a:00:00:00:00:00,-55,11,-95,4,43,6,4152104,47,0,128,0,"[0,0,0,0,0,0,0,0,8,-28,8,-27,10,-30,12,-30,12,-31,13,-30,15,-30,17,-28,19,-30,19,-26,18,-29,18,-25,18,-28,19,-29,16,-29,15,-30,14,-28,13,-33,11,-30,11,-29,10,-30,10,-31,8,-31,7,-33,8,-34,5,-34,7,-35,8,-35,0,0,4,-38,3,-36,2,-33,2,-36,2,-32,0,-35,0,-32,1,-30,-3,-31,-6,-32,-6,-31,-7,-28,-7,-29,-8,-27,-10,-29,-11,-27,-13,-28,-11,-28,-12,-28,-10,-29,-10,-28,-10,-27,-7,-27,-9,-27,-6,-26,-6,-27,-3,-23,-2,-24,0,0,0,0,0,0]"
CSI_DATA,4156104,1a:00:00:00:00:00,-55,11,-95,4,43,6,4156104,47,0,128,0,"[0,0,0,0,0,0,0,0,-28,9,-28,8,-31,8,-31,7,-32,7,-34,6,-34,4,-33,3,-35,5,-32,1,-33,4,-33,1,-33,4,-34,5,-33,6,-31,8,-30,9,-33,13,-31,12,-29,12,-30,12,-30,14,-29,15,-28,16,-30,19,-29,20,-30,21,-28,23,0,0,-28,24,-27,23,-25,24,-24,26,-22,24,-22,27,-21,25,-19,23,-17,26,-17,31,-13,30,-12,26,-11,28,-9,27,-8,29,-6,29,-6,30,-7,29,-5,30,-6,29,-5,30,-6,27,-8,28,-6,27,-9,27,-8,26,-8,21,-8,21,0,0,0,0,0,0]"
CSI_DATA,4162104,1a:00:00:00:00:00,-55,11,-95,4,43,6,4162104,47,0,128,0,"[0,0,0,0,0,0,0,0,17,-23,17,-22,21,-24,22,-24,24,-22,25,-24,26,-21,26,-20,29,-20,28,-17,28,-20,27,-16,27,-21,28,-20,26,-20,25,-22,23,-20,25,-26,22,-22,23,-23,21,-24,21,-25,20,-25,22,-28,20,-29,19,-30,18,-29,19,-32,0,0,19,-32,19,-32,17,-31,19,-31,14,-28,15,-31,14,-29,13,-27,12,-29,7,-31,8,-31,6,-29,6,-31,4,-27,4,-30,4,-30,2,-30,3,-30,2,-32,4,-29,3,-30,4,-29,5,-28,5,-27,6,-28,8,-26,9,-22,7,-22,0,0,0,0,0,0]"
CSI_DATA,4168104,1a:00:00:00:00:00,-54,11,-95,4,43,6,4168104,47,0,128,0,"[0,0,0,0,0,0,0,0,0,30,-1,28,-3,32,-6,33,-7,34,-8,34,-10,34,-13,31,-14,33,-16,28,-14,32,-17,29,-14,31,-16,31,-14,31,-12,32,-13,29,-11,34,-10,30,-11,30,-11,31,-11,32,-10,31,-11,32,-10,35,-8,33,-9,37,-11,34,0,0,-9,35,-10,38,-8,33,-8,37,-8,31,-7,34,-8,32,-6,30,-6,33,-2,34,-1,32,-1,30,0,30,1,27,2,31,2,28,2,31,0,30,0,31,-2,30,-1,31,-2,28,-2,28,-3,28,-5,28,-7,25,-8,22,-8,23,0,0,0,0,0,0]"
CSI_DATA,4172104,1a:00:00:00:00:00,-54,11,-95,4,43,6,4172104,47,0,128,0,"[0,0,0,0,0,0,0,0,25,-15,25,-14,27,-16,29,-14,30,-12,31,-13,32,-11,32,-10,35,-9,33,-5,34,-9,33,-5,33,-8,34,-8,32,-8,32,-10,32,-8,34,-15,28,-13,29,-13,29,-15,31,-15,30,-14,29,-15,31,-17,29,-19,31,-19,31,-19,0,0,32,-22,28,-21,29,-22,29,-23,26,-20,28,-22,26,-20,25,-20,23,-20,23,-24,21,-27,18,-23,18,-26,17,-23,16,-26,14,-26,15,-26,16,-25,16,-28,16,-24,17,-26,17,-24,18,-23,17,-23,17,-22,18,-20,17,-16,18,-14,0,0,0,0,0,0]"
CSI_DATA,4178104,1a:00:00:00:00:00,-54,11,-95,4,43,6,4178104,47,0,128,0,"[0,0,0,0,0,0,0,0,-12,27,-14,25,-16,27,-17,27,-21,25,-22,27,-24,25,-24,24,-25,25,-27,20,-27,22,-26,19,-27,23,-28,21,-25,20,-23,23,-24,20,-25,24,-23,23,-23,21,-23,23,-24,24,-22,25,-23,24,-24,28,-22,28,-24,28,-22,26,0,0,-24,30,-23,28,-24,27,-24,29,-22,25,-22,28,-20,24,-19,24,-18,25,-16,30,-16,28,-14,26,-15,26,-13,24,-14,27,-12,26,-13,28,-13,28,-15,28,-14,26,-15,27,-15,23,-17,23,-17,24,-19,21,-19,19,-18,16,-18,16,0,0,0,0,0,0]"
CSI_DATA,4180104,1a:00:00:00:00:00,-54,11,-95,4,43,6,4180104,47,0,128,0,"[0,0,0,0,0,0,0,0,-3,30,-4,28,-6,31,-6,31,-9,33,-8,34,-9,33,-10,31,-11,33,-10,31,-10,33,-10,32,-8,33,-8,33,-5,32,-2,33,-3,31,0,35,0,32,0,31,4,32,6,33,6,33,8,32,9,34,13,33,13,33,13,33,0,0,18,35,15,32,17,32,17,31,17,25,20,29,18,27,20,23,21,24,27,22,26,19,25,17,27,17,25,14,27,15,26,13,28,12,27,13,28,12,27,12,29,12,26,10,27,11,27,11,25,11,25,11,20,12,20,11,0,0,0,0,0,0]"
CSI_DATA,4182104,1a:00:00:00:00:00,-54,11,-95,4,43,6,4182104,47,0,128,0,"[0,0,0,0,0,0,0,0,29,-1,29,2,30,4,31,5,34,9,34,8,32,10,32,11,33,13,29,14,30,14,30,14,31,12,31,12,32,11,32,10,30,10,34,9,31,8,30,9,32,7,34,8,32,7,33,5,35,4,36,2,37,3,34,1,0,0,37,1,36,3,35,2,37,1,33,1,36,0,32,-1,31,-1,32,-1,31,-5,33,-8,30,-7,30,-8,28,-8,29,-9,28,-9,29,-11,28,-11,30,-10,28,-9,28,-10,28,-7,27,-8,28,-7,26,-6,26,-3,24,0,24,-1,0,0,0,0,0,0]"
CSI_DATA,4184104,1a:00:00:00:00:00,-54,11,-95,4,43,6,4184104,47,0,128,0,"[0,0,0,0,0,0,0,0,-6,-28,-4,-28,-3,-31,0,-32,3,-34,4,-36,8,-33,10,-32,13,-33,15,-30,14,-32,14,-29,15,-31,15,-31,14,-30,13,-32,13,-28,13,-32,12,-30,13,-30,12,-29,14,-32,12,-29,14,-30,14,-33,13,-32,14,-33,14,-30,0,0,16,-32,16,-33,13,-31,16,-34,14,-28,16,-30,15,-27,15,-27,15,-27,14,-31,12,-30,11,-27,9,-28,9,-25,10,-29,9,-27,9,-28,11,-28,12,-28,13,-27,14,-28,14,-25,15,-24,15,-24,18,-22,18,-18,18,-16,18,-16,0,0,0,0,0,0]"
CSI_DATA,4188104,1a:00:00:00:00:00,-54,11,-95,4,43,6,4188104,47,0,128,0,"[0,0,0,0,0,0,0,0,-23,18,-23,16,-26,17,-28,16,-32,13,-33,12,-32,9,-32,8,-34,7,-32,4,-33,6,-33,4,-32,6,-33,6,-32,6,-33,7,-31,6,-34,8,-31,8,-31,7,-32,8,-32,8,-33,8,-33,7,-34,11,-33,12,-34,11,-33,12,0,0,-35,12,-37,10,-34,10,-34,11,-30,8,-33,10,-32,10,-28,8,-28,11,-28,15,-28,14,-26,13,-26,15,-24,14,-26,16,-25,15,-26,15,-25,15,-27,15,-26,13,-27,14,-27,10,-27,12,-26,11,-26,8,-26,6,-24,2,-25,2,0,0,0,0,0,0]"
CSI_DATA,4194104,1a:00:00:00:00:00,-55,11,-95,4,43,6,4194104,47,0,128,0,"[0,0,0,0,0,0,0,0,12,-27,13,-26,15,-27,17,-26,21,-26,23,-27,26,-24,24,-22,27,-22,27,-18,28,-20,29,-17,28,-19,30,-19,28,-18,28,-19,26,-16,29,-21,28,-18,27,-16,28,-16,27,-18,27,-18,28,-19,30,-20,29,-19,31,-19,31,-20,0,0,33,-20,31,-18,31,-15,34,-18,28,-16,32,-17,28,-16,28,-13,27,-14,29,-18,27,-17,25,-16,26,-17,21,-14,26,-17,23,-17,25,-17,24,-17,27,-16,25,-14,28,-14,26,-10,27,-11,27,-9,27,-7,26,-5,23,-1,23,0,0,0,0,0,0,0]"
CSI_DATA,4198105,1a:00:00:00:00:00,-54,11,-95,4,43,6,4198105,47,0,128,0,"[0,0,0,0,0,0,0,0,-29,1,-28,2,-31,0,-31,-2,-33,-6,-34,-7,-32,-11,-31,-11,-33,-12,-29,-14,-30,-14,-30,-15,-32,-14,-30,-14,-30,-14,-31,-13,-29,-13,-33,-13,-30,-11,-28,-12,-31,-12,-31,-12,-31,-11,-32,-12,-33,-10,-34,-10,-34,-10,-33,-10,0,0,-36,-11,-36,-14,-34,-12,-33,-12,-32,-12,-34,-11,-30,-10,-29,-10,-29,-9,-29,-7,-32,-5,-30,-6,-31,-5,-28,-4,-29,-3,-30,-5,-29,-4,-29,-5,-30,-5,-27,-5,-29,-7,-27,-8,-28,-7,-27,-8,-25,-9,-23,-12,-20,-14,-19,-13,0,0,0,0,0,0]"
CSI_DATA,4204105,1a:00:00:00:00:00,-54,11,-95,4,43,6,4204105,47,0,128,0,"[0,0,0,0,0,0,0,0,23,-20,23,-18,26,-18,28,-16,31,-12,33,-13,34,-10,32,-9,36,-7,33,-3,33,-3,33,-2,33,-3,36,-3,33,-2,34,-4,32,0,36,-3,32,-2,31,0,33,-1,35,0,35,-1,35,0,34,-2,36,-3,37,-3,35,-2,0,0,38,0,38,2,35,3,36,1,32,1,35,3,33,2,31,3,31,3,34,-2,32,-2,31,-1,31,-1,29,-1,30,-1,30,0,31,-1,30,0,31,1,28,3,29,3,28,5,28,6,27,7,25,9,24,10,20,12,21,13,0,0,0,0,0,0]"
CSI_DATA,4210105,1a:00:00:00:00:00,-54,11,-95,4,43,6,4210105,47,0,128,0,"[0,0,0,0,0,0,0,0,-30,-4,-29,-5,-31,-5,-32,-7,-33,-9,-35,-10,-32,-12,-32,-12,-34,-13,-30,-14,-32,-13,-31,-12,-33,-10,-34,-9,-32,-9,-32,-6,-32,-7,-36,-4,-33,-3,-31,-3,-34,-2,-34,0,-33,2,-34,1,-34,6,-34,8,-36,10,-34,6,0,0,-37,12,-37,10,-34,10,-33,12,-30,11,-33,13,-30,13,-28,13,-27,14,-25,17,-25,21,-23,20,-24,21,-21,21,-21,22,-19,22,-19,23,-18,24,-19,25,-19,23,-18,24,-20,21,-18,22,-17,22,-18,21,-17,19,-19,15,-18,15,0,0,0,0,0,0]"
CSI_DATA,4214105,1a:00:00:00:00:00,-54,11,-95,4,43,6,4214105,47,0,128,0,"[0,0,0,0,0,0,0,0,31,-4,31,-3,32,0,33,4,35,5,35,8,34,11,32,11,33,15,28,15,31,16,29,17,30,18,30,18,30,17,30,17,27,17,29,19,27,16,26,17,29,19,29,18,28,18,30,18,31,18,30,19,32,21,28,20,0,0,28,21,28,24,28,23,27,24,26,22,28,22,26,20,24,21,24,21,29,19,27,19,25,17,26,18,23,17,25,17,23,18,26,18,23,18,22,19,21,19,21,22,18,22,19,22,18,22,14,23,11,23,7,22,7,23,0,0,0,0,0,0]"
CSI_DATA,4220105,1a:00:00:00:00:00,-54,11,-95,4,43,6,4220105,47,0,128,0,"[0,0,0,0,0,0,0,0,-26,-14,-26,-15,-26,-16,-26,-19,-26,-22,-28,-23,-26,-23,-25,-23,-26,-24,-22,-25,-25,-23,-24,-23,-26,-23,-27,-23,-28,-19,-28,-19,-27,-19,-31,-18,-28,-16,-27,-15,-31,-14,-31,-13,-32,-12,-32,-12,-34,-10,-36,-10,-36,-7,-35,-7,0,0,-37,-5,-37,-6,-37,-6,-35,-3,-33,-2,-37,-2,-31,-1,-32,0,-31,1,-33,5,-33,7,-29,8,-31,9,-27,10,-28,11,-27,13,-28,12,-27,13,-28,14,-27,12,-28,14,-26,10,-26,12,-27,12,-24,11,-24,9,-23,5,-24,5,0,0,0,0,0,0]"
CSI_DATA,4224105,1a:00:00:00:00:00,-54,11,-95,4,43,6,4224105,47,0,128,0,"[0,0,0,0,0,0,0,0,30,5,30,7,31,10,30,14,30,17,31,18,28,22,26,23,26,27,21,26,21,26,20,26,21,28,21,28,22,26,22,27,18,26,22,30,19,27,18,28,21,27,20,28,20,27,19,29,22,30,23,29,21,30,19,29,0,0,22,32,18,33,17,32,16,31,15,30,16,32,13,29,13,29,13,28,15,27,16,28,16,27,15,27,14,25,14,27,13,26,16,27,13,28,12,28,9,27,10,28,8,27,8,28,6,28,3,26,0,26,-2,23,-2,22,0,0,0,0,0,0]"
CSI_DATA,4230105,1a:00:00:00:00:00,-54,11,-95,4,43,6,4230105,47,0,128,0,"[0,0,0,0,0,0,0,0,-16,-27,-13,-27,-13,-28,-12,-31,-12,-32,-13,-35,-9,-34,-8,-33,-9,-35,-6,-34,-8,-34,-6,-34,-7,-33,-8,-35,-10,-33,-12,-33,-11,-32,-15,-32,-15,-30,-14,-29,-17,-30,-18,-29,-19,-29,-20,-28,-23,-29,-23,-28,-26,-29,-21,-26,0,0,-29,-26,-26,-26,-26,-26,-26,-25,-26,-23,-28,-24,-26,-20,-26,-17,-27,-19,-30,-17,-30,-15,-29,-14,-29,-12,-29,-9,-27,-10,-29,-8,-30,-6,-30,-7,-30,-7,-28,-6,-30,-5,-29,-7,-28,-7,-27,-8,-25,-9,-26,-10,-21,-11,-22,-10,0,0,0,0,0,0]"
CSI_DATA,4240390,1a:00:00:00:00:00,-54,11,-95,4,43,6,4240390,47,0,128,0,"[0,0,0,0,0,0,0,0,-3,30,-5,29,-5,31,-8,34,-8,33,-9,36,-10,33,-13,32,-14,33,-15,29,-14,33,-15,29,-15,34,-16,34,-13,33,-10,33,-11,33,-7,35,-7,34,-5,32,-5,34,-5,35,-4,34,-1,35,-4,36,-1,36,0,38,2,36,0,0,1,41,2,37,3,36,5,36,5,33,3,35,5,32,5,31,7,32,11,32,12,31,12,29,12,29,13,26,15,26,16,26,17,26,15,28,17,27,15,28,15,28,15,27,12,25,13,26,12,26,9,26,6,22,7,23,0,0,0,0,0,0]"
CSI_DATA,4246105,1a:00:00:00:00:00,-54,11,-95,4,43,6,4246105,47,0,128,0,"[0,0,0,0,0,0,0,0,17,25,14,27,15,28,15,31,12,33,13,34,10,33,8,33,7,34,6,33,6,34,5,33,6,35,6,35,7,32,9,34,9,32,10,35,11,31,10,31,13,31,13,33,16,32,14,33,15,35,16,33,16,35,16,32,0,0,19,33,17,35,17,32,17,33,15,28,19,31,18,29,18,27,18,27,20,25,21,26,21,23,22,23,21,20,21,23,23,22,25,20,22,20,24,20,21,21,23,20,21,22,21,22,20,22,16,23,15,22,12,21,11,21,0,0,0,0,0,0]"
CSI_DATA,4250105,1a:00:00:00:00:00,-54,11,-95,4,43,6,4250105,47,0,128,0,"[0,0,0,0,0,0,0,0,13,-26,13,-25,16,-27,18,-29,17,-27,21,-31,20,-26,23,-28,22,-29,22,-25,22,-27,21,-22,23,-26,24,-27,20,-26,20,-27,19,-29,16,-30,16,-30,15,-28,15,-32,13,-30,12,-31,12,-32,11,-33,11,-34,11,-35,11,-32,0,0,9,-37,7,-35,6,-38,7,-35,5,-34,3,-34,4,-32,1,-31,1,-32,-2,-33,-2,-33,-3,-30,-4,-30,-6,-29,-7,-28,-9,-29,-9,-28,-8,-31,-10,-29,-9,-29,-10,-30,-8,-27,-7,-27,-6,-28,-3,-27,-3,-27,-1,-21,-1,-24,0,0,0,0,0,0]"
CSI_DATA,4256105,1a:00:00:00:00:00,-54,11,-95,4,43,6,4256105,47,0,128,0,"[0,0,0,0,0,0,0,0,1,29,-1,28,-3,32,-3,34,-5,32,-6,35,-8,31,-11,33,-10,34,-12,31,-12,32,-13,29,-14,31,-15,31,-12,31,-11,31,-11,32,-10,34,-8,33,-8,30,-7,33,-5,32,-4,34,-3,33,-5,35,-5,33,-5,35,-7,35,0,0,0,38,-5,36,-2,37,-3,36,-2,34,0,35,-1,32,2,31,0,31,1,32,3,33,4,30,4,31,7,28,6,29,6,29,9,28,7,30,9,30,6,27,8,30,5,27,4,28,2,28,0,27,1,27,-2,23,-4,23,0,0,0,0,0,0]"
CSI_DATA,4263698,1a:00:00:00:00:00,-54,11,-95,4,43,6,4263698,47,0,128,0,"[0,0,0,0,0,0,0,0,-30,-3,-27,-5,-32,-5,-32,-5,-32,-8,-35,-7,-33,-9,-31,-10,-33,-10,-30,-13,-32,-10,-32,-11,-33,-8,-34,-9,-32,-6,-34,-3,-32,-5,-35,0,-32,0,-32,1,-32,3,-33,4,-32,4,-34,7,-35,6,-34,10,-37,11,-34,11,0,0,-34,14,-33,15,-30,15,-31,18,-28,16,-30,18,-27,17,-25,17,-23,19,-24,22,-21,25,-19,23,-17,25,-16,23,-14,26,-14,26,-13,28,-13,27,-13,28,-13,27,-14,27,-12,26,-12,26,-12,25,-12,24,-13,24,-13,19,-13,19,0,0,0,0,0,0]"
CSI_DATA,4266105,1a:00:00:00:00:00,-55,11,-95,4,43,6,4266105,47,0,128,0,"[0,0,0,0,0,0,0,0,-12,26,-13,25,-15,27,-17,28,-18,26,-20,30,-22,26,-22,25,-23,26,-23,23,-24,25,-24,21,-26,22,-26,23,-24,23,-25,24,-22,23,-23,26,-21,25,-20,22,-20,25,-19,28,-19,27,-18,29,-21,29,-20,28,-21,31,-20,29,0,0,-20,32,-20,29,-20,30,-19,30,-17,28,-16,29,-14,28,-15,27,-14,29,-13,31,-13,30,-11,28,-10,28,-8,28,-9,28,-8,29,-7,29,-10,29,-7,31,-7,28,-8,30,-8,27,-10,26,-12,25,-13,23,-14,23,-13,18,-14,20,0,0,0,0,0,0]"
CSI_DATA,4275175,1a:00:00:00:00:00,-55,11,-95,4,43,6,4275175,47,0,128,0,"[0,0,0,0,0,0,0,0,22,-20,22,-18,25,-20,27,-21,28,-17,29,-19,29,-16,29,-13,31,-15,31,-10,32,-14,30,-11,30,-14,32,-13,29,-13,30,-15,29,-14,30,-19,27,-17,26,-18,25,-18,26,-19,27,-20,26,-22,27,-23,25,-23,28,-24,27,-22,0,0,24,-26,27,-27,23,-25,25,-28,22,-21,21,-26,21,-23,20,-24,18,-25,16,-29,15,-28,14,-25,14,-28,12,-26,10,-28,10,-28,8,-28,10,-28,11,-29,11,-27,12,-28,10,-26,12,-26,12,-25,14,-24,14,-23,13,-18,14,-19,0,0,0,0,0,0]"
CSI_DATA,4275336,1a:00:00:00:00:00,-55,11,-95,4,43,6,4275336,47,0,128,0,"[0,0,0,0,0,0,0,0,21,-20,21,-18,22,-20,25,-20,27,-18,27,-18,29,-17,30,-16,30,-16,29,-13,30,-14,30,-13,32,-15,31,-15,29,-14,28,-15,27,-14,30,-20,28,-18,27,-17,25,-20,26,-19,24,-19,25,-22,27,-25,26,-23,27,-24,26,-24,0,0,25,-28,26,-26,24,-23,25,-27,21,-22,22,-26,21,-24,19,-24,18,-25,18,-28,16,-28,14,-26,14,-26,11,-25,11,-27,11,-27,10,-27,11,-28,10,-30,11,-26,11,-29,11,-25,14,-26,14,-25,14,-24,15,-22,15,-17,15,-17,0,0,0,0,0,0]"
CSI_DATA,4282105,1a:00:00:00:00:00,-55,11,-95,4,43,6,4282105,47,0,128,0,"[0,0,0,0,0,0,0,0,9,-27,11,-26,12,-30,14,-29,16,-28,18,-30,19,-26,21,-26,23,-25,25,-22,25,-24,26,-20,26,-22,26,-21,25,-20,25,-22,26,-21,25,-24,23,-23,23,-22,23,-22,24,-23,24,-22,23,-25,26,-24,26,-23,25,-26,25,-25,0,0,28,-25,25,-25,25,-25,26,-25,24,-23,25,-23,24,-20,23,-20,21,-21,22,-22,21,-23,19,-21,21,-22,18,-21,19,-24,17,-23,18,-24,19,-24,20,-24,21,-20,22,-22,22,-20,23,-17,22,-18,25,-15,25,-12,20,-9,22,-9,0,0,0,0,0,0]"
CSI_DATA,4284105,1a:00:00:00:00:00,-55,11,-95,4,43,6,4284105,47,0,128,0,"[0,0,0,0,0,0,0,0,-7,-29,-5,-28,-5,-30,-4,-31,-4,-33,-3,-34,-1,-34,0,-32,1,-34,3,-31,1,-34,3,-32,1,-33,1,-34,-2,-34,-4,-33,-4,-32,-8,-35,-7,-31,-8,-31,-9,-31,-10,-31,-12,-32,-13,-31,-12,-32,-15,-32,-16,-32,-13,-31,0,0,-19,-31,-21,-32,-21,-28,-20,-28,-19,-24,-20,-28,-19,-25,-19,-24,-23,-21,-24,-21,-25,-18,-23,-18,-27,-17,-24,-14,-27,-13,-26,-12,-29,-11,-27,-12,-27,-13,-26,-13,-27,-14,-27,-12,-27,-14,-24,-12,-24,-14,-23,-15,-20,-14,-18,-12,0,0,0,0,0,0]"
CSI_DATA,4286105,1a:00:00:00:00:00,-55,11,-95,4,43,6,4286105,47,0,128,0,"[0,0,0,0,0,0,0,0,-27,11,-26,9,-29,11,-32,8,-33,7,-34,6,-35,4,-33,2,-36,0,-32,-2,-34,-1,-32,-5,-35,-2,-34,-2,-33,-2,-34,-1,-32,-2,-35,1,-31,2,-30,2,-32,3,-33,1,-33,1,-34,3,-36,3,-37,4,-38,2,-35,4,0,0,-36,6,-37,4,-35,6,-33,6,-32,4,-34,5,-32,5,-29,3,-29,8,-31,10,-30,9,-28,9,-29,10,-26,10,-27,12,-26,12,-28,13,-27,12,-28,11,-28,9,-29,9,-28,9,-28,6,-27,7,-27,4,-26,3,-23,1,-23,-1,0,0,0,0,0,0]"
CSI_DATA,4292105,1a:00:00:00:00:00,-55,11,-95,4,43,6,4292105,47,0,128,0,"[0,0,0,0,0,0,0,0,18,-22,18,-22,21,-23,24,-22,24,-21,27,-22,28,-19,29,-17,31,-16,29,-12,33,-15,30,-9,31,-11,33,-11,32,-11,32,-12,30,-10,33,-15,29,-13,28,-11,29,-13,31,-13,30,-12,30,-14,32,-13,33,-11,34,-12,32,-13,0,0,36,-15,34,-11,33,-13,33,-14,30,-11,32,-12,29,-9,29,-10,28,-10,29,-12,29,-13,27,-11,27,-14,25,-12,25,-15,25,-15,27,-15,28,-13,27,-13,29,-10,28,-11,27,-9,28,-6,27,-6,29,-4,28,-1,23,1,22,1,0,0,0,0,0,0]"
CSI_DATA,4296105,1a:00:00:00:00:00,-54,11,-95,4,43,6,4296105,47,0,128,0,"[0,0,0,0,0,0,0,0,-29,-5,-27,-6,-31,-7,-31,-10,-31,-12,-33,-12,-32,-16,-26,-16,-29,-19,-25,-20,-27,-20,-25,-21,-26,-20,-27,-21,-27,-20,-26,-19,-26,-18,-30,-17,-26,-16,-26,-15,-28,-17,-29,-17,-28,-17,-31,-17,-31,-17,-31,-16,-32,-19,-29,-18,0,0,-30,-16,-34,-19,-32,-15,-32,-16,-29,-15,-31,-14,-29,-15,-28,-14,-29,-12,-29,-11,-29,-9,-28,-8,-30,-10,-27,-7,-29,-6,-29,-5,-30,-6,-28,-8,-29,-8,-27,-9,-28,-10,-27,-11,-26,-11,-27,-11,-25,-13,-24,-14,-19,-14,-18,-15,0,0,0,0,0,0]"
CSI_DATA,4302105,1a:00:00:00:00:00,-55,11,-95,4,43,6,4302105,47,0,128,0,"[0,0,0,0,0,0,0,0,28,-11,27,-9,30,-9,32,-7,33,-4,34,-4,33,-1,33,2,35,2,31,7,34,5,31,9,33,7,32,8,32,8,33,7,31,8,35,5,31,5,30,6,32,6,32,7,33,7,32,7,35,7,35,7,36,7,35,9,0,0,36,6,35,9,33,8,35,8,30,9,34,11,30,9,29,9,30,8,33,8,31,5,30,5,30,5,28,4,30,4,28,3,31,4,31,6,29,6,29,8,29,8,28,11,27,12,27,12,24,14,22,14,19,14,18,16,0,0,0,0,0,0]"
CSI_DATA,4306105,1a:00:00:00:00:00,-55,11,-95,4,43,6,4306105,47,0,128,0,"[0,0,0,0,0,0,0,0,-25,-13,-24,-15,-25,-18,-24,-20,-25,-21,-25,-24,-22,-25,-20,-25,-22,-29,-16,-27,-18,-28,-15,-28,-17,-28,-17,-29,-17,-29,-18,-28,-17,-27,-22,-26,-18,-24,-18,-25,-20,-25,-20,-27,-19,-25,-21,-26,-20,-25,-23,-26,-22,-29,-20,-27,0,0,-22,-27,-23,-28,-23,-26,-23,-27,-21,-24,-22,-27,-21,-25,-20,-24,-20,-23,-22,-21,-23,-21,-22,-19,-23,-20,-22,-19,-23,-18,-23,-18,-25,-17,-23,-19,-24,-20,-21,-19,-22,-21,-20,-19,-19,-21,-19,-21,-16,-22,-15,-22,-11,-21,-11,-22,0,0,0,0,0,0]"
CSI_DATA,4312105,1a:00:00:00:00:00,-55,11,-95,4,43,6,4312105,47,0,128,0,"[0,0,0,0,0,0,0,0,29,-2,30,0,31,2,30,5,33,7,33,9,33,13,30,13,30,17,25,19,27,17,27,18,28,19,28,19,28,19,29,18,26,19,30,19,25,17,25,19,26,18,28,18,27,18,27,20,29,20,30,20,31,20,27,19,0,0,29,23,29,22,26,22,28,22,23,21,26,22,25,22,23,21,23,21,26,19,27,17,26,17,26,17,24,15,25,17,23,15,26,17,23,17,23,19,20,20,22,20,19,21,21,22,20,21,17,21,13,22,10,23,11,23,0,0,0,0,0,0]"
CSI_DATA,4318105,1a:00:00:00:00:00,-55,11,-95,4,43,6,4318105,47,0,128,0,"[0,0,0,0,0,0,0,0,-22,-19,-22,-19,-24,-21,-23,-22,-23,-25,-24,-26,-22,-26,-20,-24,-22,-27,-18,-26,-21,-26,-19,-26,-22,-26,-22,-26,-24,-24,-26,-23,-23,-22,-27,-21,-24,-19,-25,-18,-28,-17,-30,-17,-29,-15,-30,-16,-32,-14,-34,-12,-36,-12,-32,-11,0,0,-33,-8,-35,-10,-34,-8,-34,-6,-31,-5,-34,-4,-31,-3,-31,-3,-30,0,-31,4,-30,6,-29,7,-31,7,-27,9,-27,8,-27,11,-28,12,-26,12,-29,12,-26,11,-28,12,-25,11,-27,11,-26,11,-25,10,-24,8,-23,4,-22,6,0,0,0,0,0,0]"
CSI_DATA,4324105,1a:00:00:00:00:00,-54,11,-95,4,43,6,4324105,47,0,128,0,"[0,0,0,0,0,0,0,0,30,3,28,4,30,5,32,7,32,10,34,10,33,13,31,12,32,15,30,15,30,14,30,16,31,13,32,13,31,11,33,12,30,12,34,8,30,8,29,8,32,8,33,7,33,5,34,5,36,3,35,2,36,2,35,1,0,0,37,2,38,1,35,0,35,-1,33,-2,35,-3,33,-2,30,-3,31,-5,33,-10,30,-10,28,-10,29,-10,26,-10,27,-13,26,-12,26,-13,27,-14,28,-14,27,-12,28,-13,27,-11,27,-11,27,-11,25,-9,25,-8,22,-4,24,-5,0,0,0,0,0,0]"
CSI_DATA,4328105,1a:00:00:00:00:00,-54,11,-95,4,43,6,4328105,47,0,128,0,"[0,0,0,0,0,0,0,0,-12,-28,-9,-28,-10,-28,-7,-30,-8,-34,-9,-34,-6,-35,-5,-32,-5,-36,-2,-32,-4,-34,-3,-33,-5,-34,-5,-34,-8,-33,-9,-34,-8,-31,-13,-34,-12,-29,-11,-29,-14,-29,-15,-30,-16,-30,-17,-29,-19,-30,-22,-29,-23,-31,-22,-29,0,0,-23,-27,-25,-28,-25,-25,-26,-25,-23,-22,-25,-23,-25,-21,-24,-20,-24,-18,-28,-17,-28,-15,-27,-11,-28,-11,-26,-8,-29,-9,-27,-7,-30,-6,-28,-7,-29,-7,-28,-7,-29,-7,-29,-7,-28,-6,-28,-7,-26,-9,-23,-8,-23,-10,-22,-9,0,0,0,0,0,0]"
CSI_DATA,4334105,1a:00:00:00:00:00,-54,11,-95,4,43,6,4334105,47,0,128,0,"[0,0,0,0,0,0,0,0,26,17,24,18,24,21,25,22,23,25,25,26,21,28,20,28,20,29,16,28,19,29,18,28,19,28,21,29,21,26,23,27,20,26,24,25,22,24,21,23,25,24,25,25,26,23,25,23,26,22,30,21,31,22,29,21,0,0,32,21,31,20,29,19,32,20,28,17,30,18,28,16,28,16,28,14,30,9,30,8,30,8,31,7,29,6,29,6,29,5,31,5,29,5,30,5,29,7,30,6,28,8,29,7,27,6,26,8,26,11,21,11,22,11,0,0,0,0,0,0]"
CSI_DATA,4338481,1a:00:00:00:00:00,-54,11,-95,4,43,6,4338481,47,0,128,0,"[0,0,0,0,0,0,0,0,-28,12,-27,11,-30,12,-33,10,-33,6,-34,8,-35,5,-34,5,-36,4,-34,1,-35,4,-34,3,-34,5,-34,6,-32,6,-33,8,-31,7,-33,11,-31,10,-31,11,-31,12,-32,11,-31,13,-31,12,-32,18,-30,19,-30,20,-30,20,0,0,-31,22,-31,21,-30,21,-30,22,-27,22,-28,22,-26,20,-24,20,-21,20,-19,26,-18,26,-16,24,-16,27,-15,24,-16,25,-15,27,-15,28,-13,27,-14,29,-15,26,-14,27,-15,24,-14,25,-13,24,-15,24,-16,23,-16,18,-15,18,0,0,0,0,0,0]"
CSI_DATA,4344105,1a:00:00:00:00:00,-54,11,-95,4,43,6,4344105,47,0,128,0,"[0,0,0,0,0,0,0,0,9,30,6,28,5,31,5,33,3,34,3,36,1,35,-1,35,-1,35,-3,33,-1,35,-3,34,-4,35,-4,37,0,34,0,34,1,32,1,37,2,33,2,31,4,34,5,34,6,33,7,33,7,35,9,36,8,36,10,35,0,0,11,38,9,34,12,33,11,35,10,32,13,33,13,31,14,30,13,30,16,30,17,29,16,25,18,25,18,23,18,24,19,25,19,24,18,25,20,24,17,24,19,24,17,24,16,24,15,24,13,25,11,23,9,23,8,23,0,0,0,0,0,0]"
CSI_DATA,4350105,1a:00:00:00:00:00,-54,11,-95,4,43,6,4350105,47,0,128,0,"[0,0,0,0,0,0,0,0,-25,-17,-23,-18,-23,-21,-23,-22,-24,-25,-22,-27,-20,-29,-18,-28,-19,-30,-15,-29,-16,-31,-15,-31,-15,-32,-15,-32,-16,-30,-17,-30,-16,-29,-19,-31,-17,-27,-16,-29,-18,-28,-19,-29,-20,-28,-20,-28,-22,-29,-21,-29,-23,-28,-19,-28,0,0,-23,-30,-23,-31,-22,-28,-22,-31,-20,-28,-22,-29,-20,-26,-20,-24,-19,-26,-23,-26,-24,-25,-22,-21,-23,-22,-22,-18,-23,-20,-20,-20,-25,-19,-22,-21,-21,-22,-20,-22,-22,-21,-20,-21,-19,-22,-18,-23,-15,-22,-12,-23,-11,-22,-10,-22,0,0,0,0,0,0]"
CSI_DATA,4354105,1a:00:00:00:00:00,-54,11,-95,4,43,6,4354105,47,0,128,0,"[0,0,0,0,0,0,0,0,-6,30,-8,29,-9,30,-11,32,-15,32,-15,32,-16,30,-19,30,-20,31,-20,27,-21,29,-20,27,-20,30,-20,29,-17,28,-18,29,-16,28,-18,32,-17,29,-17,29,-14,31,-13,32,-12,30,-10,32,-12,34,-11,34,-11,34,-13,34,0,0,-8,37,-10,35,-9,35,-10,35,-9,32,-7,35,-6,32,-6,30,-5,31,-2,33,-2,34,0,31,0,31,1,28,1,30,2,31,3,31,1,30,2,33,0,29,2,30,0,29,0,29,-1,28,-3,28,-5,26,-6,24,-6,24,0,0,0,0,0,0]"
CSI_DATA,4360105,1a:00:00:00:00:00,-54,11,-95,4,43,6,4360105,47,0,128,0,"[0,0,0,0,0,0,0,0,-10,-27,-9,-28,-7,-31,-7,-32,-5,-33,-5,-36,0,-35,1,-36,1,-36,3,-34,2,-35,5,-32,6,-34,6,-35,5,-33,3,-34,3,-33,2,-36,3,-33,3,-31,2,-35,-1,-35,-1,-34,0,-33,-1,-36,0,-36,1,-38,1,-37,0,0,0,-39,0,-36,1,-37,1,-35,0,-33,-1,-36,-2,-32,-2,-31,-1,-32,-1,-34,-4,-33,-4,-30,-5,-31,-6,-29,-5,-29,-5,-30,-7,-28,-6,-31,-7,-31,-4,-30,-5,-30,-2,-30,-1,-30,0,-28,4,-28,5,-28,6,-23,7,-23,0,0,0,0,0,0]"
CSI_DATA,4366123,1a:00:00:00:00:00,-54,11,-95,4,43,6,4366123,47,0,128,0,"[0,0,0,0,0,0,0,0,-12,28,-13,26,-15,28,-18,29,-21,27,-22,28,-24,25,-26,22,-28,23,-27,19,-28,20,-29,16,-30,18,-32,17,-29,17,-29,19,-28,17,-30,20,-28,18,-26,18,-29,18,-29,18,-29,16,-30,17,-32,19,-31,19,-33,20,-32,19,0,0,-33,19,-32,15,-32,15,-34,17,-31,13,-31,15,-30,14,-29,12,-29,14,-29,16,-28,16,-27,14,-27,15,-26,14,-25,16,-26,16,-26,16,-27,15,-28,15,-28,11,-30,12,-28,10,-29,7,-27,8,-27,3,-27,3,-24,-1,-25,-1,0,0,0,0,0,0]"
CSI_DATA,4372105,1a:00:00:00:00:00,-54,11,-95,4,43,6,4372105,47,0,128,0,"[0,0,0,0,0,0,0,0,-7,-29,-6,-29,-6,-30,-5,-32,-2,-33,-4,-36,-2,-35,-1,-35,-2,-35,-1,-33,-2,-35,-1,-33,0,-34,-2,-35,-3,-33,-5,-33,-6,-32,-9,-33,-10,-31,-9,-30,-13,-32,-15,-30,-17,-29,-16,-30,-19,-30,-19,-32,-21,-32,-19,-30,0,0,-24,-29,-22,-30,-25,-29,-24,-26,-25,-24,-27,-23,-26,-21,-26,-19,-26,-19,-29,-18,-29,-17,-28,-15,-29,-13,-28,-11,-27,-11,-30,-9,-31,-8,-30,-8,-30,-6,-29,-7,-31,-6,-29,-7,-28,-7,-27,-8,-26,-10,-26,-10,-23,-10,-23,-11,0,0,0,0,0,0]"
CSI_DATA,4376105,1a:00:00:00:00:00,-54,11,-95,4,43,6,4376105,47,0,128,0,"[0,0,0,0,0,0,0,0,12,28,9,28,8,32,7,33,4,34,4,37,-2,35,-2,35,-3,35,-6,33,-5,35,-9,32,-9,35,-10,33,-9,32,-8,32,-8,32,-9,35,-9,33,-9,31,-9,33,-8,33,-7,33,-8,33,-10,36,-11,35,-11,37,-13,35,0,0,-9,36,-13,34,-13,33,-13,34,-12,31,-12,34,-11,29,-11,30,-11,30,-12,32,-11,32,-11,29,-10,29,-9,28,-11,29,-10,29,-9,29,-11,30,-11,30,-12,28,-12,29,-14,26,-15,25,-17,23,-20,21,-18,20,-18,15,-20,14,0,0,0,0,0,0]"
CSI_DATA,4382106,1a:00:00:00:00:00,-54,11,-95,4,43,6,4382106,47,0,128,0,"[0,0,0,0,0,0,0,0,8,-29,10,-29,11,-31,13,-32,14,-30,13,-35,15,-31,17,-31,16,-33,17,-28,16,-30,16,-30,18,-30,17,-32,13,-31,12,-32,10,-32,9,-35,8,-33,8,-30,7,-35,5,-34,4,-35,2,-36,2,-37,0,-35,0,-40,0,-37,0,0,-3,-39,-5,-35,-5,-38,-5,-35,-6,-34,-10,-36,-8,-32,-9,-31,-11,-30,-14,-30,-16,-30,-15,-27,-16,-26,-19,-25,-17,-26,-19,-24,-20,-23,-21,-24,-22,-23,-20,-23,-21,-24,-20,-22,-19,-22,-18,-23,-15,-23,-15,-23,-11,-20,-12,-22,0,0,0,0,0,0]"
CSI_DATA,4386106,1a:00:00:00:00:00,-54,11,-95,4,43,6,4386106,47,0,128,0,"[0,0,0,0,0,0,0,0,2,31,-2,30,-3,33,-5,33,-8,33,-10,36,-14,32,-16,32,-15,33,-17,30,-18,30,-19,27,-22,29,-22,28,-22,27,-20,27,-21,27,-21,29,-21,27,-19,27,-20,26,-20,28,-19,28,-20,28,-22,28,-24,29,-25,28,-24,29,0,0,-25,29,-25,28,-27,25,-26,26,-25,22,-25,25,-23,23,-22,22,-24,23,-23,24,-23,24,-22,22,-23,23,-20,23,-22,23,-22,23,-21,23,-22,21,-23,22,-23,20,-25,20,-25,18,-25,17,-25,13,-27,10,-26,9,-23,5,-25,5,0,0,0,0,0,0]"
CSI_DATA,4392106,1a:00:00:00:00:00,-54,11,-95,4,43,6,4392106,47,0,128,0,"[0,0,0,0,0,0,0,0,19,-24,19,-23,21,-24,24,-25,25,-24,26,-26,26,-23,26,-23,29,-23,29,-20,27,-24,27,-20,27,-22,28,-23,27,-23,25,-25,24,-24,23,-29,21,-28,19,-25,19,-29,19,-29,18,-30,16,-32,18,-33,14,-34,14,-35,16,-35,0,0,14,-38,13,-35,10,-36,10,-36,8,-35,8,-36,7,-32,6,-32,3,-33,0,-35,0,-34,-2,-30,-3,-32,-5,-28,-7,-31,-8,-31,-9,-30,-8,-32,-9,-30,-6,-30,-7,-32,-7,-28,-5,-29,-7,-28,-5,-29,-3,-29,-1,-23,-1,-25,0,0,0,0,0,0]"
CSI_DATA,4396106,1a:00:00:00:00:00,-54,11,-95,4,43,6,4396106,47,0,128,0,"[0,0,0,0,0,0,0,0,-6,30,-9,28,-11,31,-14,31,-18,30,-18,30,-21,29,-22,26,-25,28,-25,21,-26,24,-28,20,-28,22,-30,20,-29,19,-29,21,-28,19,-29,24,-25,20,-27,20,-26,19,-29,21,-28,19,-30,19,-32,20,-31,21,-33,20,-33,19,0,0,-35,22,-36,18,-33,17,-34,17,-31,14,-33,15,-31,12,-30,13,-30,13,-32,16,-30,15,-29,13,-28,15,-26,13,-28,15,-25,15,-29,15,-29,12,-30,13,-30,10,-31,9,-29,7,-30,5,-30,4,-29,2,-27,-1,-24,-4,-23,-5,0,0,0,0,0,0]"
CSI_DATA,4402106,1a:00:00:00:00:00,-54,11,-95,4,43,6,4402106,47,0,128,0,"[0,0,0,0,0,0,0,0,25,-17,25,-16,27,-17,29,-18,30,-18,31,-18,31,-16,32,-13,34,-15,33,-10,33,-13,32,-10,32,-13,35,-13,32,-13,31,-16,30,-15,31,-21,27,-19,27,-19,28,-20,28,-21,27,-21,26,-25,27,-25,26,-27,27,-28,27,-25,0,0,24,-32,23,-30,22,-30,22,-32,19,-28,18,-29,18,-28,18,-27,15,-30,12,-32,11,-32,9,-28,8,-31,7,-29,5,-31,3,-30,3,-31,5,-31,5,-31,5,-30,5,-33,5,-29,6,-29,5,-29,8,-28,8,-27,8,-21,8,-22,0,0,0,0,0,0]"
CSI_DATA,4408106,1a:00:00:00:00:00,-54,11,-95,4,43,6,4408106,47,0,128,0,"[0,0,0,0,0,0,0,0,-13,27,-13,26,-17,29,-19,28,-19,27,-20,29,-21,27,-23,26,-25,28,-26,23,-24,27,-25,22,-26,25,-27,25,-25,24,-23,25,-22,25,-23,29,-20,27,-20,27,-20,28,-19,29,-19,28,-19,31,-20,32,-18,32,-20,32,-19,32,0,0,-18,36,-18,32,-16,33,-15,35,-15,32,-15,33,-13,30,-13,29,-12,31,-11,33,-8,33,-7,29,-6,30,-4,29,-4,32,-2,31,-2,32,-4,31,-3,32,-5,30,-5,31,-4,29,-7,30,-7,29,-9,28,-9,27,-9,22,-10,22,0,0,0,0,0,0]"
CSI_DATA,4412106,1a:00:00:00:00:00,-54,11,-95,4,43,6,4412106,47,0,128,0,"[0,0,0,0,0,0,0,0,31,0,31,1,33,2,33,3,33,6,37,6,35,7,33,7,35,9,31,11,35,9,32,12,35,10,34,10,33,8,34,6,33,6,36,1,33,1,32,1,34,0,35,0,34,0,36,-2,38,-3,36,-5,36,-6,35,-4,0,0,39,-10,36,-8,36,-8,35,-11,31,-8,35,-11,32,-10,32,-9,28,-13,30,-16,29,-17,27,-15,26,-17,23,-18,23,-21,23,-21,23,-21,23,-22,23,-22,24,-19,23,-21,22,-19,24,-18,23,-18,23,-17,24,-16,21,-11,22,-12,0,0,0,0,0,0]"
CSI_DATA,4418106,1a:00:00:00:00:00,-54,11,-95,4,43,6,4418106,47,0,128,0,"[0,0,0,0,0,0,0,0,-21,23,-22,21,-22,22,-25,21,-27,20,-28,21,-30,18,-29,17,-32,16,-31,12,-32,14,-32,12,-32,15,-33,14,-31,15,-31,16,-30,16,-32,20,-28,18,-27,18,-28,18,-29,19,-30,18,-29,21,-31,22,-29,24,-29,23,-30,22,0,0,-30,25,-29,24,-26,24,-27,25,-25,21,-26,25,-26,21,-22,21,-23,24,-21,27,-19,28,-18,24,-18,26,-15,25,-15,27,-14,26,-15,28,-15,26,-16,28,-16,25,-18,25,-17,24,-18,24,-17,24,-18,21,-19,21,-18,15,-18,15,0,0,0,0,0,0]"
CSI_DATA,4425188,1a:00:00:00:00:00,-54,11,-95,4,43,6,4425188,47,0,128,0,"[0,0,0,0,0,0,0,0,19,22,17,24,17,27,15,29,13,31,14,32,11,33,7,33,7,36,2,33,3,35,-1,33,0,35,-1,36,0,34,1,34,-1,32,2,37,1,33,1,32,0,33,1,34,0,34,0,34,-1,36,0,36,0,36,-1,36,0,0,-2,40,-3,37,-1,34,-3,36,-2,33,-4,34,-4,32,-4,30,-5,33,-3,34,-1,33,-1,30,-2,31,0,29,0,31,0,30,0,32,-2,31,-3,31,-5,31,-7,31,-7,28,-9,28,-9,27,-13,25,-13,24,-13,20,-14,19,0,0,0,0,0,0]"
CSI_DATA,4428106,1a:00:00:00:00:00,-54,11,-95,4,43,6,4428106,47,0,128,0,"[0,0,0,0,0,0,0,0,-28,8,-28,8,-31,8,-32,6,-34,5,-34,3,-35,1,-32,-1,-36,-1,-34,-5,-34,-2,-32,-6,-34,-3,-35,-3,-33,-3,-35,-2,-34,-3,-37,0,-32,2,-32,0,-33,2,-34,2,-34,1,-34,4,-37,4,-36,6,-37,5,-36,3,0,0,-39,5,-36,5,-35,7,-36,7,-32,4,-34,7,-33,6,-30,6,-31,8,-31,10,-30,12,-29,10,-29,12,-26,12,-26,14,-25,14,-28,15,-27,14,-27,13,-27,12,-27,13,-28,10,-28,10,-27,9,-28,8,-26,5,-23,3,-24,2,0,0,0,0,0,0]"
CSI_DATA,4434106,1a:00:00:00:00:00,-54,11,-95,4,43,6,4434106,47,0,128,0,"[0,0,0,0,0,0,0,0,16,-25,17,-23,20,-24,21,-24,26,-24,25,-24,28,-21,28,-20,31,-19,29,-15,31,-17,30,-13,31,-16,32,-15,31,-14,30,-16,29,-15,30,-19,28,-16,27,-16,30,-15,30,-17,29,-16,31,-18,31,-18,32,-20,32,-18,32,-15,0,0,32,-19,33,-19,30,-17,33,-19,29,-15,31,-17,28,-15,27,-14,27,-14,28,-19,26,-19,24,-17,25,-19,22,-17,23,-20,22,-19,23,-20,25,-19,25,-19,26,-16,25,-16,25,-15,26,-14,25,-12,26,-11,25,-8,23,-5,22,-6,0,0,0,0,0,0]"
CSI_DATA,4445201,1a:00:00:00:00:00,-54,11,-95,4,43,6,4445201,47,0,128,0,"[0,0,0,0,0,0,0,0,-30,1,-28,-1,-31,-2,-32,-5,-32,-8,-34,-9,-32,-12,-30,-14,-30,-18,-26,-19,-29,-19,-23,-22,-27,-20,-27,-23,-26,-21,-27,-21,-25,-21,-28,-20,-26,-20,-24,-20,-24,-21,-26,-22,-25,-22,-26,-21,-26,-27,-27,-22,-28,-26,-24,-26,0,0,-26,-26,-25,-26,-25,-25,-23,-25,-22,-25,-22,-27,-19,-24,-18,-26,-18,-25,-20,-26,-22,-23,-20,-23,-21,-23,-20,-21,-20,-21,-20,-21,-20,-21,-18,-23,-18,-24,-16,-25,-16,-26,-15,-24,-12,-27,-12,-25,-8,-26,-7,-27,-3,-23,-2,-23,0,0,0,0,0,0]"
CSI_DATA,4450106,1a:00:00:00:00:00,-54,11,-95,4,43,6,4450106,47,0,128,0,"[0,0,0,0,0,0,0,0,-15,25,-16,24,-18,25,-21,24,-25,20,-27,22,-29,18,-29,17,-31,16,-30,13,-31,12,-30,10,-32,11,-32,11,-32,10,-32,11,-30,8,-34,11,-29,9,-29,8,-31,8,-32,9,-33,9,-32,8,-33,10,-34,9,-35,11,-33,7,0,0,-37,8,-38,5,-35,5,-35,5,-32,3,-34,4,-32,2,-30,2,-30,4,-30,7,-31,5,-29,5,-30,5,-27,4,-29,4,-27,4,-29,6,-29,3,-31,3,-29,0,-29,1,-27,-2,-28,-4,-28,-5,-26,-6,-26,-8,-21,-10,-20,-12,0,0,0,0,0,0]"
CSI_DATA,4456106,1a:00:00:00:00:00,-55,11,-95,4,43,6,4456106,47,0,128,0,"[0,0,0,0,0,0,0,0,28,-6,28,-4,30,-5,32,-3,32,-1,34,-1,34,1,33,2,34,1,32,4,34,4,32,3,35,2,33,0,33,0,33,-2,30,-2,34,-5,30,-5,31,-5,30,-7,33,-7,31,-8,32,-9,33,-12,31,-13,34,-15,32,-14,0,0,31,-19,32,-15,31,-16,30,-19,27,-15,29,-18,26,-18,25,-18,24,-19,23,-22,22,-24,19,-22,18,-25,17,-22,18,-24,15,-24,14,-24,16,-25,15,-27,15,-25,14,-25,15,-23,16,-25,16,-24,17,-22,16,-20,16,-16,16,-17,0,0,0,0,0,0]"
CSI_DATA,4460106,1a:00:00:00:00:00,-55,11,-95,4,43,6,4460106,47,0,128,0,"[0,0,0,0,0,0,0,0,-24,17,-24,14,-25,14,-29,12,-31,9,-34,7,-33,5,-32,3,-36,1,-31,-4,-33,-2,-32,-4,-33,-3,-33,-5,-33,-4,-33,-4,-31,-5,-33,-4,-31,-4,-29,-6,-31,-5,-33,-6,-31,-7,-33,-8,-34,-8,-34,-7,-37,-7,-31,-6,0,0,-38,-12,-34,-12,-33,-11,-32,-12,-29,-12,-32,-14,-29,-13,-29,-12,-26,-11,-28,-9,-29,-10,-28,-9,-29,-9,-27,-8,-27,-9,-26,-9,-28,-9,-27,-12,-27,-13,-25,-14,-25,-15,-23,-15,-23,-16,-22,-18,-20,-17,-17,-19,-13,-19,-12,-20,0,0,0,0,0,0]"
CSI_DATA,4468491,1a:00:00:00:00:00,-55,11,-95,4,43,6,4468491,47,0,128,0,"[0,0,0,0,0,0,0,0,-29,-8,-26,-10,-28,-10,-29,-14,-29,-16,-31,-17,-28,-20,-24,-20,-26,-23,-22,-24,-25,-25,-20,-24,-22,-24,-21,-25,-23,-25,-24,-23,-22,-23,-25,-23,-23,-20,-22,-22,-23,-22,-23,-22,-24,-21,-25,-23,-26,-23,-27,-22,-26,-25,-24,-26,0,0,-27,-27,-26,-25,-25,-22,-26,-24,-23,-21,-25,-22,-22,-23,-20,-21,-23,-20,-27,-20,-25,-18,-23,-18,-26,-17,-23,-15,-25,-16,-23,-14,-26,-15,-23,-17,-24,-17,-21,-18,-22,-20,-22,-19,-20,-21,-20,-19,-17,-22,-15,-21,-12,-19,-12,-21,0,0,0,0,0,0]"
CSI_DATA,4472106,1a:00:00:00:00:00,-55,11,-95,4,43,6,4472106,47,0,128,0,"[0,0,0,0,0,0,0,0,-29,8,-28,5,-30,5,-31,4,-34,0,-34,0,-33,-4,-34,-4,-34,-5,-32,-6,-31,-6,-31,-6,-33,-5,-34,-4,-33,-3,-32,-3,-30,-4,-35,-1,-31,-1,-31,-2,-32,-1,-33,1,-32,2,-33,-1,-36,4,-34,6,-35,5,-33,1,0,0,-34,6,-36,2,-34,4,-34,4,-32,4,-33,7,-31,7,-29,6,-28,7,-28,10,-30,11,-27,11,-27,11,-25,12,-25,13,-25,13,-27,14,-26,14,-27,15,-25,12,-26,15,-26,10,-27,11,-26,11,-25,9,-24,7,-24,3,-23,3,0,0,0,0,0,0]"
CSI_DATA,4476106,1a:00:00:00:00:00,-55,11,-95,4,43,6,4476106,47,0,128,0,"[0,0,0,0,0,0,0,0,19,23,17,24,17,25,17,27,15,30,16,32,14,32,11,29,11,33,10,31,10,32,11,32,12,32,13,31,14,29,15,30,14,28,16,31,16,28,15,26,19,27,19,27,20,28,21,26,23,27,26,26,27,26,24,25,0,0,27,26,26,24,25,23,27,23,24,20,27,21,25,20,24,19,25,16,30,13,29,13,28,10,28,10,27,9,27,9,27,7,29,7,29,8,29,7,27,8,29,9,27,8,28,7,28,8,26,10,22,11,20,12,21,11,0,0,0,0,0,0]"
CSI_DATA,4480106,1a:00:00:00:00:00,-55,11,-95,4,43,6,4480106,47,0,128,0,"[0,0,0,0,0,0,0,0,11,-29,12,-26,13,-28,14,-27,17,-29,18,-30,19,-29,19,-27,20,-29,19,-25,20,-28,19,-28,18,-28,19,-30,16,-29,15,-29,12,-27,13,-32,12,-30,10,-30,8,-32,7,-32,5,-33,6,-32,4,-35,1,-35,1,-37,0,-34,0,0,-3,-36,-1,-35,-2,-33,-4,-37,-4,-31,-7,-34,-6,-30,-8,-29,-8,-30,-13,-32,-14,-30,-14,-26,-16,-27,-15,-23,-15,-25,-17,-23,-19,-23,-19,-23,-20,-22,-18,-23,-20,-22,-18,-21,-18,-22,-17,-21,-16,-21,-15,-21,-11,-20,-12,-20,0,0,0,0,0,0]"
CSI_DATA,4486106,1a:00:00:00:00:00,-54,11,-95,4,43,6,4486106,47,0,128,0,"[0,0,0,0,0,0,0,0,6,29,5,29,5,31,2,32,0,34,1,35,-1,33,-4,33,-4,36,-6,32,-4,34,-4,34,-4,34,-3,33,-1,32,0,34,0,32,1,36,1,32,1,33,5,32,5,34,6,32,6,33,7,35,11,34,10,37,11,34,0,0,11,36,13,35,11,33,13,34,12,29,13,32,13,30,13,27,14,26,17,27,19,26,18,23,19,24,18,21,20,23,20,21,22,22,21,20,21,23,20,22,21,22,20,20,19,22,21,22,15,22,14,22,12,21,11,19,0,0,0,0,0,0]"
CSI_DATA,4488106,1a:00:00:00:00:00,-54,11,-95,4,43,6,4488106,47,0,128,0,"[0,0,0,0,0,0,0,0,30,-7,28,-5,31,-5,31,-3,34,0,36,2,35,5,32,5,36,7,31,9,32,10,33,11,33,10,33,10,31,10,32,10,31,8,35,9,30,9,31,10,32,8,34,8,32,6,33,9,36,7,37,8,37,8,34,8,0,0,35,8,38,12,35,9,37,8,32,8,34,8,33,8,29,7,31,6,33,3,32,4,29,3,30,3,28,1,30,3,29,3,32,2,29,3,31,3,28,5,30,5,28,6,28,7,28,8,24,10,23,10,20,13,20,14,0,0,0,0,0,0]"
CSI_DATA,4492106,1a:00:00:00:00:00,-54,11,-95,4,43,6,4492106,47,0,128,0,"[0,0,0,0,0,0,0,0,-18,-23,-15,-24,-17,-27,-15,-29,-14,-30,-14,-33,-11,-33,-10,-33,-10,-33,-7,-31,-8,-33,-6,-34,-7,-33,-7,-34,-7,-32,-8,-33,-9,-32,-10,-35,-10,-32,-9,-30,-10,-32,-13,-31,-15,-30,-13,-30,-14,-33,-14,-33,-15,-35,-13,-33,0,0,-19,-35,-16,-34,-14,-33,-14,-32,-15,-30,-17,-31,-17,-28,-16,-26,-16,-27,-18,-27,-18,-28,-18,-25,-19,-25,-20,-23,-18,-24,-19,-23,-21,-23,-20,-23,-21,-23,-17,-23,-20,-23,-17,-22,-17,-24,-14,-24,-12,-25,-11,-25,-8,-22,-7,-22,0,0,0,0,0,0]"
CSI_DATA,4498106,1a:00:00:00:00:00,-54,11,-95,4,43,6,4498106,47,0,128,0,"[0,0,0,0,0,0,0,0,30,9,27,10,28,13,29,15,29,20,29,21,28,22,25,21,26,25,23,24,23,26,21,25,21,28,22,28,23,26,22,26,22,25,24,27,21,25,20,24,22,25,23,24,25,24,25,26,26,27,25,27,26,28,23,28,0,0,26,28,25,28,24,28,22,28,22,25,23,28,22,25,22,23,21,23,24,22,23,23,23,21,23,22,23,19,22,21,22,20,24,20,23,21,23,21,20,21,21,22,18,23,18,25,16,24,14,24,12,24,8,23,8,23,0,0,0,0,0,0]"
CSI_DATA,4502106,1a:00:00:00:00:00,-54,11,-95,4,43,6,4502106,47,0,128,0,"[0,0,0,0,0,0,0,0,-4,-30,-1,-29,1,-32,1,-33,4,-33,4,-37,7,-32,11,-34,9,-34,11,-32,10,-33,13,-30,13,-32,14,-32,12,-31,10,-32,10,-31,10,-35,9,-34,9,-30,8,-33,8,-33,6,-34,6,-34,7,-34,7,-36,7,-37,9,-35,0,0,7,-41,7,-38,6,-37,6,-35,6,-33,3,-35,3,-33,3,-31,3,-32,1,-35,0,-33,-1,-31,0,-32,-2,-29,-2,-30,-2,-32,-4,-29,-2,-32,-2,-32,-1,-30,-1,-31,0,-30,2,-29,4,-28,6,-27,7,-27,7,-22,8,-22,0,0,0,0,0,0]"
CSI_DATA,4508106,1a:00:00:00:00:00,-54,11,-95,4,43,6,4508106,47,0,128,0,"[0,0,0,0,0,0,0,0,22,20,19,21,19,26,18,27,17,31,16,32,14,33,9,31,10,35,7,33,7,34,7,34,7,35,6,34,7,33,8,33,7,33,7,37,6,33,5,33,8,33,7,35,9,33,8,34,10,37,9,35,8,36,6,36,0,0,8,38,6,38,5,37,6,36,5,34,7,36,5,34,6,33,4,31,7,33,7,33,8,30,8,31,9,28,7,31,7,29,10,30,7,30,6,31,4,28,5,31,3,29,3,31,1,29,-3,28,-4,27,-6,23,-7,23,0,0,0,0,0,0]"
CSI_DATA,4514106,1a:00:00:00:00:00,-54,11,-95,4,43,6,4514106,47,0,128,0,"[0,0,0,0,0,0,0,0,-30,-2,-28,-7,-30,-8,-31,-11,-30,-11,-32,-15,-29,-16,-28,-20,-28,-22,-23,-24,-25,-25,-20,-25,-23,-25,-22,-28,-23,-26,-23,-26,-21,-27,-25,-26,-23,-25,-20,-24,-22,-26,-22,-26,-21,-26,-23,-28,-20,-29,-23,-29,-22,-31,-18,-29,0,0,-20,-35,-20,-32,-20,-34,-17,-31,-16,-33,-16,-33,-14,-29,-13,-28,-13,-30,-15,-31,-15,-30,-14,-28,-14,-29,-15,-27,-14,-26,-14,-28,-15,-28,-13,-29,-11,-30,-9,-29,-9,-30,-6,-29,-4,-29,-4,-28,0,-28,2,-29,4,-24,4,-24,0,0,0,0,0,0]"
CSI_DATA,4520106,1a:00:00:00:00:00,-54,11,-95,4,43,6,4520106,47,0,128,0,"[0,0,0,0,0,0,0,0,18,24,15,25,16,26,16,29,15,30,16,34,12,32,11,32,12,33,10,32,11,33,9,32,12,34,11,35,12,32,15,32,15,31,17,31,17,30,15,28,19,30,21,28,22,26,23,28,23,27,25,27,26,29,24,27,0,0,29,28,29,26,27,27,28,24,26,23,29,22,28,19,26,19,27,17,28,15,29,14,28,12,30,14,29,10,28,10,30,9,31,8,31,8,31,8,29,8,31,8,30,8,29,9,28,10,26,12,26,12,21,13,21,12,0,0,0,0,0,0]"
CSI_DATA,4524106,1a:00:00:00:00:00,-54,11,-95,4,43,6,4524106,47,0,128,0,"[0,0,0,0,0,0,0,0,12,-27,12,-26,14,-28,16,-28,15,-28,16,-31,18,-30,19,-28,19,-29,22,-26,20,-29,19,-27,19,-29,20,-29,16,-29,15,-32,13,-31,11,-35,10,-32,12,-31,8,-32,7,-33,6,-34,4,-33,6,-36,1,-37,2,-36,3,-38,0,0,-2,-38,-3,-38,-6,-36,-5,-37,-5,-34,-8,-34,-8,-32,-8,-31,-11,-31,-16,-32,-15,-30,-16,-26,-17,-27,-16,-24,-19,-24,-19,-24,-22,-24,-20,-24,-21,-24,-20,-23,-21,-24,-20,-22,-18,-24,-19,-22,-18,-23,-16,-23,-13,-20,-13,-20,0,0,0,0,0,0]"
CSI_DATA,4530106,1a:00:00:00:00:00,-54,11,-95,4,43,6,4530106,47,0,128,0,"[0,0,0,0,0,0,0,0,2,29,0,28,-1,31,-1,32,-3,33,-4,35,-5,35,-8,32,-7,34,-9,31,-8,34,-10,32,-9,33,-9,33,-6,32,-5,34,-4,32,-3,36,-2,32,-1,32,0,33,1,34,1,34,3,35,3,37,6,34,4,38,5,37,0,0,8,39,9,38,7,36,9,37,8,33,11,33,10,31,10,29,12,30,13,31,16,29,16,28,17,27,17,25,18,25,20,24,22,24,19,24,21,25,17,24,19,25,18,24,17,26,16,23,14,25,14,24,10,23,9,22,0,0,0,0,0,0]"
CSI_DATA,4534106,1a:00:00:00:00:00,-54,11,-95,4,43,6,4534106,47,0,128,0,"[0,0,0,0,0,0,0,0,25,-13,25,-13,29,-13,29,-14,29,-11,32,-13,32,-10,33,-10,34,-9,31,-6,32,-10,31,-8,32,-11,33,-11,30,-12,31,-14,28,-15,30,-18,28,-20,26,-18,27,-20,26,-20,26,-20,26,-22,27,-24,24,-25,24,-28,24,-26,0,0,23,-32,21,-31,20,-29,19,-32,18,-28,17,-30,15,-29,15,-28,11,-31,9,-32,7,-31,8,-30,5,-31,3,-30,2,-32,0,-31,0,-31,1,-31,1,-32,1,-31,0,-32,1,-30,2,-29,1,-29,3,-29,4,-28,6,-24,4,-24,0,0,0,0,0,0]"
CSI_DATA,4538106,1a:00:00:00:00:00,-54,11,-95,4,43,6,4538106,47,0,128,0,"[0,0,0,0,0,0,0,0,-18,23,-19,20,-22,22,-22,21,-26,19,-27,19,-30,17,-28,15,-32,13,-30,10,-32,11,-31,8,-32,9,-33,8,-31,7,-33,8,-31,7,-33,11,-30,9,-30,8,-31,8,-33,7,-32,6,-33,8,-35,8,-34,8,-37,7,-35,5,0,0,-35,8,-38,5,-36,5,-37,6,-32,3,-35,5,-32,3,-33,2,-32,3,-34,6,-33,6,-30,4,-32,5,-29,6,-31,7,-29,6,-30,7,-30,4,-31,5,-31,2,-33,1,-30,-2,-30,-3,-28,-2,-29,-6,-26,-6,-21,-10,-22,-10,0,0,0,0,0,0]"
CSI_DATA,4545419,1a:00:00:00:00:00,-54,11,-95,4,43,6,4545419,47,0,128,0,"[0,0,0,0,0,0,0,0,8,28,6,28,5,29,5,31,3,32,3,34,0,33,-1,33,-2,34,-2,32,-3,33,-4,32,-4,35,-4,34,-1,32,-1,32,0,31,1,35,0,32,1,30,4,32,7,32,7,33,7,33,7,35,7,35,9,36,10,34,0,0,10,36,9,35,10,35,10,35,10,31,13,33,12,29,11,28,13,30,16,29,16,29,14,27,16,26,17,24,18,26,18,24,19,23,19,25,19,25,18,24,19,25,16,24,16,24,14,26,12,26,11,25,9,23,7,23,0,0,0,0,0,0]"
CSI_DATA,4550106,1a:00:00:00:00:00,-54,11,-95,4,43,6,4550106,47,0,128,0,"[0,0,0,0,0,0,0,0,-20,20,-20,18,-23,20,-24,19,-26,17,-26,19,-28,18,-28,15,-30,17,-29,11,-30,15,-30,11,-30,14,-32,13,-28,13,-28,17,-28,15,-26,20,-25,18,-24,19,-25,18,-25,21,-25,20,-26,21,-27,24,-24,24,-26,26,-27,23,0,0,-23,28,-24,27,-22,27,-23,29,-20,26,-21,28,-20,26,-19,24,-16,27,-16,31,-13,29,-13,26,-12,29,-10,26,-9,30,-7,28,-8,30,-9,29,-8,30,-10,28,-9,29,-11,27,-12,27,-12,27,-13,25,-14,24,-14,21,-13,19,0,0,0,0,0,0]"
CSI_DATA,4554106,1a:00:00:00:00:00,-55,11,-95,4,43,6,4554106,47,0,128,0,"[0,0,0,0,0,0,0,0,27,8,26,10,27,11,29,11,28,13,31,14,29,15,28,15,29,17,26,18,30,16,26,17,28,18,29,16,29,15,29,14,28,12,33,9,30,8,30,7,32,7,32,7,32,4,33,5,33,4,35,2,36,1,35,2,0,0,36,-5,36,-1,36,-4,35,-4,33,-5,34,-7,31,-5,31,-7,28,-7,30,-10,29,-12,28,-13,28,-14,25,-16,26,-16,24,-18,24,-20,25,-19,25,-19,24,-16,25,-17,23,-16,25,-15,24,-17,23,-14,25,-13,20,-10,22,-10,0,0,0,0,0,0]"
CSI_DATA,4558106,1a:00:00:00:00:00,-55,11,-95,4,43,6,4558106,47,0,128,0,"[0,0,0,0,0,0,0,0,-29,0,-26,-1,-28,-3,-29,-7,-30,-9,-31,-10,-31,-14,-27,-15,-29,-18,-23,-19,-26,-20,-23,-22,-25,-21,-25,-23,-24,-20,-26,-21,-22,-20,-27,-22,-24,-19,-21,-21,-24,-20,-25,-21,-23,-22,-25,-23,-25,-24,-26,-23,-26,-24,-24,-26,0,0,-26,-27,-25,-29,-22,-25,-24,-29,-19,-24,-21,-25,-19,-27,-18,-25,-18,-24,-22,-24,-20,-22,-19,-22,-20,-23,-18,-21,-20,-23,-18,-21,-21,-23,-18,-24,-18,-24,-15,-24,-15,-26,-14,-25,-12,-26,-12,-26,-7,-26,-5,-26,-2,-24,-2,-24,0,0,0,0,0,0]"
CSI_DATA,4564106,1a:00:00:00:00:00,-55,11,-95,4,43,6,4564106,47,0,128,0,"[0,0,0,0,0,0,0,0,21,21,18,20,19,21,20,22,20,26,20,26,19,28,16,27,18,28,13,28,17,28,14,28,16,29,17,29,19,26,21,26,18,24,23,25,20,22,21,21,23,22,24,22,24,21,27,21,28,21,30,18,31,19,29,19,0,0,30,18,32,15,31,14,33,15,29,13,32,14,29,12,29,10,28,9,33,8,31,5,30,3,30,2,27,1,30,0,29,-1,31,-2,29,-1,31,-3,28,-1,29,-1,28,0,29,0,28,-1,27,1,25,2,23,4,23,4,0,0,0,0,0,0]"
CSI_DATA,4570928,1a:00:00:00:00:00,-55,11,-95,4,43,6,4570928,47,0,128,0,"[0,0,0,0,0,0,0,0,-7,-26,-5,-27,-4,-30,-2,-31,-1,-31,-1,-33,3,-31,4,-31,5,-33,8,-31,7,-32,8,-29,7,-32,8,-32,8,-30,5,-32,5,-30,3,-33,4,-30,5,-29,4,-32,3,-32,2,-33,2,-32,4,-33,2,-33,2,-36,4,-34,0,0,2,-36,0,-35,-1,-35,2,-35,2,-32,0,-34,1,-31,0,-30,0,-30,-2,-32,-4,-31,-4,-27,-5,-30,-6,-26,-6,-28,-7,-29,-8,-29,-5,-30,-5,-29,-3,-28,-3,-30,-3,-28,-1,-27,-1,-28,2,-27,3,-26,4,-22,3,-22,0,0,0,0,0,0]"
CSI_DATA,4574106,1a:00:00:00:00:00,-55,11,-95,4,43,6,4574106,47,0,128,0,"[0,0,0,0,0,0,0,0,9,27,8,26,6,30,6,31,5,31,5,33,2,32,1,31,0,33,-2,30,1,33,-1,31,1,34,0,33,4,32,5,32,5,31,7,32,6,29,7,28,9,29,9,31,10,30,12,29,12,32,15,31,16,32,15,32,0,0,17,32,18,30,17,28,19,30,19,26,20,27,19,24,16,24,20,22,24,22,24,20,23,17,25,17,23,15,25,16,26,15,26,14,25,16,25,16,25,16,25,15,24,15,23,15,24,15,20,15,19,16,16,16,16,15,0,0,0,0,0,0]"
CSI_DATA,4580107,1a:00:00:00:00:00,-55,11,-95,4,43,6,4580107,47,0,128,0,"[0,0,0,0,0,0,0,0,-20,-21,-17,-21,-19,-22,-18,-24,-17,-27,-17,-29,-16,-29,-14,-29,-14,-31,-9,-29,-11,-30,-10,-30,-12,-31,-10,-29,-12,-30,-14,-30,-12,-26,-17,-29,-16,-26,-13,-26,-17,-27,-17,-27,-17,-26,-19,-27,-19,-28,-22,-27,-22,-27,-19,-26,0,0,-23,-27,-24,-28,-21,-26,-23,-28,-21,-23,-21,-25,-21,-23,-21,-22,-20,-20,-23,-20,-24,-19,-22,-17,-24,-18,-23,-14,-25,-15,-23,-15,-27,-16,-24,-16,-25,-16,-23,-15,-24,-17,-23,-15,-23,-17,-22,-16,-19,-18,-18,-18,-15,-17,-14,-16,0,0,0,0,0,0]"
CSI_DATA,4584107,1a:00:00:00:00:00,-55,11,-95,4,43,6,4584107,47,0,128,0,"[0,0,0,0,0,0,0,0,-8,27,-9,26,-9,28,-12,29,-13,29,-15,29,-16,29,-16,28,-17,28,-20,24,-18,27,-19,25,-18,28,-19,29,-15,28,-14,29,-14,26,-13,32,-12,28,-12,28,-10,29,-9,31,-10,30,-7,31,-8,33,-5,35,-6,34,-6,35,0,0,-3,37,-4,36,-2,34,-3,35,0,30,0,33,0,30,-1,29,3,30,6,30,7,31,7,29,8,27,9,26,10,28,11,27,12,27,11,27,12,28,11,27,11,29,10,27,9,27,9,26,6,26,5,25,4,23,4,23,0,0,0,0,0,0]"
CSI_DATA,4590107,1a:00:00:00:00:00,-55,11,-95,4,43,6,4590107,47,0,128,0,"[0,0,0,0,0,0,0,0,-9,-27,-7,-26,-6,-29,-4,-30,-1,-32,-1,-33,1,-33,2,-32,3,-33,6,-31,5,-31,4,-32,4,-31,4,-33,2,-30,2,-32,2,-30,0,-34,1,-30,2,-31,-1,-32,0,-32,-1,-32,-1,-32,-4,-34,-4,-33,-5,-35,-4,-35,0,0,-4,-37,-5,-34,-5,-33,-5,-35,-4,-31,-5,-33,-6,-30,-6,-29,-5,-30,-9,-30,-10,-29,-12,-27,-12,-28,-13,-25,-12,-28,-12,-25,-13,-26,-13,-27,-12,-26,-10,-26,-13,-27,-11,-26,-10,-26,-9,-26,-6,-26,-5,-25,-3,-23,-1,-23,0,0,0,0,0,0]"
CSI_DATA,4594107,1a:00:00:00:00:00,-55,11,-95,4,43,6,4594107,47,0,128,0,"[0,0,0,0,0,0,0,0,-20,19,-22,17,-23,18,-26,19,-27,17,-30,17,-29,15,-30,15,-30,15,-30,13,-30,14,-28,12,-30,14,-30,15,-28,14,-27,16,-27,16,-27,19,-25,18,-24,18,-24,19,-24,21,-24,20,-24,22,-25,24,-24,26,-25,28,-23,26,0,0,-23,29,-22,28,-22,25,-22,27,-19,25,-20,27,-18,25,-17,25,-15,25,-11,27,-12,29,-9,27,-11,28,-9,26,-9,29,-7,28,-6,28,-7,29,-6,29,-6,27,-8,29,-8,26,-7,26,-8,27,-10,25,-11,23,-11,20,-11,19,0,0,0,0,0,0]"
CSI_DATA,4600107,1a:00:00:00:00:00,-55,11,-95,4,43,6,4600107,47,0,128,0,"[0,0,0,0,0,0,0,0,7,-28,9,-26,10,-29,14,-28,14,-29,16,-29,18,-27,19,-27,21,-27,21,-23,20,-26,21,-23,22,-26,22,-26,20,-25,20,-26,18,-23,19,-29,19,-25,18,-25,16,-27,18,-27,15,-28,17,-28,17,-31,16,-29,18,-31,17,-30,0,0,18,-35,17,-33,4,-46,14,-33,16,-29,14,-31,14,-28,11,-27,12,-29,10,-32,10,-31,7,-28,7,-29,5,-27,6,-29,5,-28,5,-29,6,-28,6,-30,9,-28,6,-29,8,-26,8,-27,9,-26,11,-26,12,-22,11,-19,13,-19,0,0,0,0,0,0]"
CSI_DATA,4604107,1a:00:00:00:00:00,-55,11,-95,4,43,6,4604107,47,0,128,0,"[0,0,0,0,0,0,0,0,-29,4,-28,3,-30,2,-31,1,-33,-2,-35,-3,-32,-6,-32,-6,-34,-5,-30,-7,-32,-7,-31,-7,-32,-6,-33,-6,-31,-5,-33,-4,-30,-3,-34,-2,-31,-2,-29,-1,-32,-2,-33,0,-33,3,-32,3,-35,4,-35,6,-35,6,-33,7,0,0,-36,7,-36,5,-34,5,-34,9,-30,6,-32,9,-30,8,-30,9,-28,9,-27,14,-27,14,-26,14,-27,16,-24,15,-25,16,-23,17,-24,17,-24,18,-25,18,-23,16,-24,18,-24,14,-25,15,-25,14,-23,11,-23,11,-21,8,-22,7,0,0,0,0,0,0]"
CSI_DATA,4610107,1a:00:00:00:00:00,-55,11,-95,4,43,6,4610107,47,0,128,0,"[0,0,0,0,0,0,0,0,25,-15,25,-13,27,-15,28,-13,31,-10,33,-10,33,-7,32,-8,34,-8,32,-3,31,-5,32,-3,33,-4,33,-3,31,-4,32,-4,30,-3,34,-8,30,-5,30,-5,32,-8,31,-7,32,-10,32,-8,33,-12,34,-8,34,-12,31,-10,0,0,33,-13,35,-9,34,-10,33,-11,31,-9,32,-13,29,-11,28,-11,29,-13,29,-16,28,-16,26,-13,26,-14,23,-15,26,-15,24,-16,24,-16,25,-16,25,-17,24,-14,25,-16,25,-13,27,-12,26,-10,25,-9,25,-7,23,-3,24,-3,0,0,0,0,0,0]"
